id,apiname,url,title,summary,published,imageurl,source,score,adverb_count,adjective_count,noun_count,pronoun_count,verb_count
1,Newsdata,https://www.khaskhabar.com/local/gujarat/ahmedabad-news/crime-news-anti-corruption-bureau-action-2-officers-of-ahmedabad-municipal-corporation-arrested-while-taking-bribe-news-hindi-1-658514-KKN.html,"एंटी करप्शन ब्यूरो की कार्रवाई, अहमदाबाद नगर निगम के 2 अधिकारियों को घूस लेते हुए किया गिरफ्तार",गुजरात में एंटी करप्शन ब्यूरो (एसीबी) ने अहमदाबाद नगर निगम (एएमसी) के दो रिश्वतखोर अधिकारियों को रंगे हाथों गिरफ्तार किया। शिकायत के आधार पर एसीबी ने छापा मार कर इन दोनों में से एक के घर से लाखों रुपए बरामद किए।,2024-08-02 04:50:27,https://www.khaskhabar.com/s3-storage/khaskhabar/khaskhabarimages/smallimg/img100/5-75-1722574227-658514-khaskhabar.jpg,khaskhabar,0.9999999999999962,0,0,0,0,0
2,Newsdata,https://www.tv9marathi.com/crime/pune-crime/pune-police-ai-system-action-against-traffic-rule-violators-marathi-news-1244739.html,"पुण्यात वाहतूक नियम मोडल्यास पाच मिनिटांत पावती, दादा, भाऊ...काहीच चालणार नाही...पुणे पोलिसांनी आणली...",Pune Police: पुणे पोलिसांकडून प्रायोगिक तत्त्वावर सर्वेक्षणास सुरुवात झाली आहे. सल्लागाराची ही नेमणूक करण्यात येणार आहे. पुण्यातल्या चौका चौकात आधुनिक कॅमेऱ्याद्वारे पुणे पोलिसांची यंत्रणा राबणार आहे. एआय तंत्रज्ञानामुळे कोणी वाहतुकाचा नियम मोडला तर लगेच पुणे पोलिसांना कळणार आहे,2024-08-02 04:47:21,https://images.tv9marathi.com/wp-content/uploads/2024/08/Pune-police.jpg,tv9marathi,0.9999999999999962,0,0,0,0,0
3,Newsdata,https://www.opindia.com/2024/08/mp-youth-congress-leader-kuldeep-stabs-girlfriend-seven-times-with-knife-after-accusing-her-of-betrayal/,MP: Youth Congress leader Kuldeep Verma stabs girlfriend seven times with knife after accusing her of ‘betrayal’,"In the video, the victim woman is seen lying in a pool of blood while the 23-year-old Youth Congress leader Kuldeep Verma accuses her of cheating. ""She cheated me."" These girls simply want money. How many boyfriends have you? ""Ayan, Ryan, Azad, Harshit.""",2024-08-02 04:40:37,https://i0.wp.com/www.opindia.com/wp-content/uploads/2023/06/sodapdf-converted.jpg?fit=696%2C398&ssl=1,opindia,0.024707373574953128,15,17,132,15,59
4,Newsdata,https://punjabi.abplive.com/videos/news/politics-raja-warring-on-bharat-bhushan-ashu-812970,"Raja Warring| ਆਸ਼ੂ ਦੇ ਹੱਕ 'ਚ ਆਏ ਵੜਿੰਗ, ਈਡੀ ਦੀ ਕਾਰਵਾਈ 'ਤੇ ਚੁੱਕੇ ਸਵਾਲ","Raja Warring| ਆਸ਼ੂ ਦੇ ਹੱਕ 'ਚ ਆਏ ਵੜਿੰਗ, ਈਡੀ ਦੀ ਕਾਰਵਾਈ 'ਤੇ ਚੁੱਕੇ ਸਵਾਲ#RajaWarring #BharatBhushanAshu #ed #Congress #PunjabCongress #BhagwantMann #cmmann #ABPSanjha #ABPLIVE ਪੰਜਾਬ ਕਾਂਗਰਸ ਪ੍ਰਧਾਨ ਅਮਰਿੰਦਰ ਸਿੰਘ ਰਾਜਾ ਵੜਿੰਗ ਨੇ ਸਾਬਕਾ ਮੰਤਰੀ ਭਾਰਤ ਭੂਸ਼ਣ ਆਸ਼ੂ ਦੀ ਗ੍ਰਿਫ਼ਤਾਰੀ ਨੂੰ ਬਦਲਾਖੋਰੀ ਦੀ ਰਾਜਨੀਤੀ ਦੱਸਿਐ, ਪਿਛਲੇ ਦਿਨੀਂ ਈਡੀ ਨੇ ਸਾਬਕਾ ਮੰਤਰੀ ਭਾਰਤ ਭੂਸ਼ਣ ਆਸ਼ੂ ਨੂੰ ਗ੍ਰਿਫ਼ਤਾਰ ਕੀਤਾ ਸੀ, ਪੰਜਾਬ ਦੀਆਂ ਮੰਡੀਆਂ ’ਚ ਲੇਬਰ ਤੇ ਟਰਾਂਸਪੋਰਟੇਸ਼ਨ ਦੇ ਟੈਂਡਰਾਂ ਵਿੱਚ ਕਰੋੜਾਂ ਰੁਪਏ ਦੇ ਘਪਲੇ ਦਾ ਇਲਜ਼ਾਮ ਐ, ਰਾਜਾ ਵੜਿੰਗ ਨੇ ਸੋਸ਼ਲ ਮੀਡੀਆ ਪਲੇਟਫੌਮ ਐਕਸ ਰਾਹੀਂ ਕਿਹਾ ਕਿ ਉਹ ਗ੍ਰਿਫ਼ਤਾਰੀ ਦੀ ਨਿਖੇਧੀ ਕਰਦੇ ਨੇ, ਭਰੋਸਾ ਦਿੱਤਾ ਕਿ ਉਹ ਇਸ ਘੜੀ ਵਿੱਚ ਉਨ੍ਹਾਂ ਦੇ ਨਾਲ ਖੜੇ ਨੇ, ਰਾਜਾ ਵੜਿੰਗ ਨੇ ਕਿਹਾ ਕਿ ਇਹ ਬਦਲਾਖੋਰੀ ਦੀ ਰਾਜਨੀਤੀ ਸੱਚ ਅਤੇ ਨਿਆਂ ਲਈ ਲੜਨ ਤੋਂ ਨਹੀਂ ਰੋਕ ਸਕੇਗੀ, ਸਾਬਕਾ ਮੰਤਰੀ ਭਾਰਤ ਭੂਸ਼ਣ ਆਸ਼ੂ ਨੂੰ ਈਡੀ ਨੇ ਜਲੰਧਰ ਦਫ਼ਤਰ ਵਿੱਚ ਪੁੱਛਗਿੱਛ ਤੋਂ ਬਾਅਦ ਗ੍ਰਿਫ਼ਤਾਰ ਕਰ ਲਿਆ ਸੀ, ਕਿਹਾ ਗਿਐ ਕਿ ਆਸ਼ੂ ਖ਼ਿਲਾਫ਼ ਮਨੀ ਲਾਂਡਰਿੰਗ ਐਕਟ ਤਹਿਤ ਕਾਰਵਾਈ ਕੀਤੀ ਜਾ ਰਹੀ ਐ, ਭਾਰਤ ਭੂਸ਼ਣ ਆਸ਼ੂ ਜਦੋਂ ਖੁਰਾਕ ਅਤੇ ਸਿਵਲ ਸਪਲਾਈ ਮੰਤਰੀ ਸਨ ਤਾਂ ਉਨ੍ਹਾਂ ’ਤੇ ਕਰੋੜਾਂ ਰੁਪਏ ਦੇ ਟੈਂਡਰਾਂ ’ਚ ਘਪਲੇ ਦੇ ਇਲਜ਼ਾਮ ਲੱਗੇ ਸਨ, ਇਹ ਮਾਮਲਾ ਸਭ ਤੋਂ ਪਹਿਲਾਂ ਪੰਜਾਬ ਵਿਜੀਲੈਂਸ ਬਿਊਰੋ ਨੇ ਚੁੱਕਿਆ ਸੀ, ਇਸ ਤੋਂ ਬਾਅਦ ਈਡੀ ਨੇ ਇਸ ਮਾਮਲੇ ਨਾਲ ਸਬੰਧਤ ਦਸਤਾਵੇਜ਼ ਮੰਗੇ ਸਨ ਅਤੇ ਆਪਣੇ ਪੱਧਰ ’ਤੇ ਮਾਮਲੇ ਦੀ ਜਾਂਚ ਸ਼ੁਰੂ ਕਰ ਦਿੱਤੀ ਸੀ,ਨੋਟ: ਪੰਜਾਬ ਤੇ ਪੰਜਾਬੀਅਤ ਨਾਲ ਜੁੜੀਆਂ ਖ਼ਬਰਾਂ ਪੜ੍ਹਨ ਲਈ ਤੁਸੀਂ ਸਾਡੇ ਐਪ ਨੂੰ ਡਾਊਨਲੋਡ ਕਰ ਸਕਦੇ ਹੋ। ਜੇ ਤੁਸੀਂ ਵੀਡੀਓ ਵੇਖਣਾ ਚਾਹੁੰਦੇ ਹੋ ਤਾਂ ABP ਸਾਂਝਾ ਦੇ YouTube ਚੈਨਲ ਨੂੰ Subscribe ਕਰ ਸਕਦੇ ਹੋ। ਤੁਹਾਨੂੰ ਹਰ ਵੇਲੇ ਅਪਡੇਟ ਰੱਖਣ ਲਈ ABP ਸਾਂਝਾ ਸਾਰੇ ਸੋਸ਼ਲ ਮੀਡੀਆ ਪਲੇਟਫਾਰਮਾਂ ਤੇ ਉਪਲੱਬਧ ਹੈ। ਤੁਸੀਂ ਸਾਨੂੰ ਫੇਸਬੁੱਕ, ਟਵਿੱਟਰ, ਸ਼ੇਅਰਚੈੱਟ ਤੇ ਡੇਲੀਹੰਟ 'ਤੇ ਵੀ ਫੋਲੋ ਕਰ ਸਕਦੇ ਹੋ।ABP Sanjha Website: abpsanjhaਏਬੀਪੀ ਸਾਂਝਾ ਬੇਬਾਕ ਤੇ ਨਿਰਪੱਖ ਡਿਜ਼ੀਟਲ ਪਲੇਟਫਾਰਮ ਹੈ। ਏਬੀਪੀ ਸਾਂਝਾ ਪੰਜਾਬ ਤੇ ਪੰਜਾਬੀਅਤ ਨਾਲ ਜੁੜੇ ਹਰ ਮਸਲੇ ਨੂੰ ਇਮਾਨਦਾਰੀ ਤੇ ਥੜੱਲੇ ਨਾਲ ਉਠਾਉਂਦਾ ਹੈ। ਏਬੀਪੀ ਸਾਂਝਾ ਦੇਸ਼-ਵਿਦੇਸ਼ ਦੀਆਂ ਸਿਆਸੀ ਸਰਗਰਮੀਆਂ ਤੋਂ ਇਲਾਵਾ ਮਨੋਰੰਜਨ, ਕਾਰੋਬਾਰ, ਸਿਹਤ ਤੇ ਖੇਤੀਬਾੜੀ ਨਾਲ ਜੁੜੀਆਂ ਖਬਰਾਂ ਤੇ ਹਰ ਜਾਣਕਾਰੀ ਨਾਲ ਪੰਜਾਬੀਆਂ ਨੂੰ ਅਪਡੇਟ ਰੱਖਦਾ ਹੈ।",2024-08-02 04:17:49,https://feeds.abplive.com/onecms/images/uploaded-images/2024/08/02/b677efe6a6c6ecad23a5717be84dc9f01722572253772804_original.jpg,abplive,0.9999999999999962,0,0,0,0,0
5,Newsdata,https://www.madhyamam.com/kerala/local-news/kannur/koothuparamba/gang-of-four-arrested-for-kidnapping-and-beating-youth-1315347,യുവാവിനെ തട്ടിക്കൊണ്ടുപോയി മർദിച്ച നാലംഗ സംഘം പിടിയിൽ,,2024-08-02 04:12:42,https://www.madhyamam.com/h-upload/2024/08/02/2343558-untitled-1.gif,madhyamam,0.9999999998701896,0,1,5,1,0
6,Newsdata,https://www.madhyamam.com/crime/notorious-thief-arrested-1315345,കുപ്രസിദ്ധ മോഷ്ടാവ് പിടിയിൽ,,2024-08-02 04:10:27,https://www.madhyamam.com/h-upload/2024/08/02/2343555-untitled-1.webp,madhyamam,0.9999999998701896,0,1,5,1,0
7,Newsdata,https://www.madhyamam.com/kerala/local-news/kannur/pappinisseri/attempt-to-assassinate-si-two-people-who-prepared-a-hideout-were-arrested-1315343,എസ്.ഐയെ വധിക്കാൻ ശ്രമം; ഒളിത്താവളമൊരുക്കിയ രണ്ടുപേർ അറസ്റ്റിൽ,,2024-08-02 04:10:13,https://www.madhyamam.com/h-upload/2024/08/02/2343554-untitled-1.gif,madhyamam,0.9999999998701896,0,1,5,1,0
8,Newsdata,https://www.madhyamam.com/crime/west-bengal-native-was-arrested-with-seven-kilos-of-ganja-1315342,ഏഴുകിലോ കഞ്ചാവുമായി പശ്ചിമ ബംഗാള്‍ സ്വദേശി പിടിയില്‍,,2024-08-02 04:08:16,https://www.madhyamam.com/h-upload/2024/08/02/2343550-untitled-1.webp,madhyamam,0.9999999998701896,0,1,5,1,0
9,Newsdata,https://www.madhyamam.com/crime/sale-of-cannabis-six-people-were-arrested-1315339,കഞ്ചാവ് വിൽപന; ആറുപേർ പിടിയിൽ,കച്ചവടം ഓൺലൈൻ ഭക്ഷണ വിതരണത്തിന്‍റെ മറവിൽ,2024-08-02 04:04:37,https://www.madhyamam.com/h-upload/2024/08/02/2343542-untitled-1.webp,madhyamam,0.9999999998701896,0,1,5,1,0
10,Newsdata,https://www.madhyamam.com/kerala/local-news/kasarkode/kanhangad/cannabis-in-ksrtc-youth-under-arrest-1315332,കെ.​എ​സ്.​ആ​ർ.​ടി.​സി​യി​ൽ ക​ഞ്ചാ​വ്​; യു​വാ​വ് അ​റ​സ്റ്റി​ൽ,,2024-08-02 03:51:44,https://www.madhyamam.com/h-upload/2024/08/02/2343533-untitled-1.gif,madhyamam,0.9999999998701896,0,1,5,1,0
45,Newsdata,https://timesofindia.indiatimes.com/city/surat/economic-relief-package-demand-for-diamond-artisans-in-gujarat/articleshow/112388891.cms,Package sought for artisans,,2024-08-08 23:59:29,"https://static.toiimg.com/photo/msid-112388891,imgsize-.cms",toi,1.3282705248591568e-25,3,28,136,5,39
11,Newsdata,https://www.aajtak.in/short-videos/video/maharashtra-yashashree-shinde-murder-case-reason-of-murder-will-surprise-you-1998984-2024-08-02,हैरान कर देगी यशश्री के कत्ल की ये वजह,"महाराष्ट्र के नवी मुंबई में हुई 20 साल की यशश्री शिंदे के कत्ल की इस वारदात के पीछे ऐसी अजीब और चौंकाने वाली कहानी सामने आएगी, ये खुद पुलिस वालों ने भी नहीं सोचा था. देखें वीडियो.",2024-08-02 14:35:58,https://akm-img-a-in.tosshub.com/aajtak/images/video/202408/66acedf881f5b-yashashree-shinde-murder-case-023223250-16x9.jpg,aajtak,0.9999999999999962,0,0,0,0,0
12,Newsdata,https://assam.news18.com/news/crime/guwahati-doctors-in-danger-after-investing-money-in-the-stock-market-tv-deepankar-kd-398734.html,শ্বেয়াৰ মাৰ্কেটত ধন বিনিয়োগ কৰি বিপদত চিকিৎসক! হেৰুৱালে ২ কোটি জমা ধন,টেলিগ্ৰাম এপৰ জৰিয়তে পৰামৰ্শ লৈছিল শ্বেয়াৰ মাৰ্কেটত ধন বিনিয়োগৰ। কথা মতেই অনুসৰণ কৰি যোৱা ক্ষণতে ঘটি গৈছিল ভয়ানক ঘটনাটো।,2024-08-02 14:30:26,https://images.news18.com/assam/uploads/2024/08/guwahati-13-2024-08-3469846905bd2448ee8405b841b7cf18-3x2.jpg,assam_news18,0.9999999999999962,0,0,0,0,0
13,Newsdata,https://www.aajtak.in/crime/police-and-intelligence/story/sikkim-gangtok-domestic-quarrel-heated-argument-attack-wife-murder-police-station-surrender-case-crime-pvzs-1998971-2024-08-02,"घरेलू झगड़ा, तीखी बहस और हैवानियत... ज़रा सी बात पर कर दिया पत्नी का मर्डर","पुलिस अधिकारी ने आगे बताया कि आरोपी की पहचान भीम कुमार राय के तौर पर हुई है. उसकी पत्नी का नाम स्मृता राय था. दोनों के बीच घरेलू मुद्दों को लेकर तीखी बहस हुई, जिसके दौरान भीम ने गुरुवार-शुक्रवार की दरम्यानी रात करीब 1 बजे अपनी पत्नी की हत्या कर दी.",2024-08-02 14:26:19,https://akm-img-a-in.tosshub.com/aajtak/images/story/202408/66acec23c189c-murder-with-knife-022434554-16x9.jpg,aajtak,0.9999999999999962,0,0,0,0,0
14,Newsdata,https://www.aajtak.in/india/news/video/faizabad-mp-remained-silent-on-photo-with-ayodhya-rape-accused-moin-he-was-seen-avoiding-questions-frvd-1998914-2024-08-02,"अयोध्या रेप केस: आरोपी संग फोटो पर सांसद की चुप्पी, दिया ऐसा रिएक्शन",अयोध्या में बच्ची के साथ हुई दरिंदगी के मामले में फैजाबाद सांसद अवधेश प्रसाद का करीबी मोइन मुख्य आरोपी है. वह सांसद के साथ कई फोटोज और वीडियोज में दिखा है. जब सांसद अवधेश प्रसाद से इस बारे में सवाल पूछा गया तो उन्होंने मीडिया से बचने की कोशिश की. सवाल को टालते नजर आए.,2024-08-02 14:21:53,https://akm-img-a-in.tosshub.com/aajtak/images/video/202408/66aceab214203-awadesh-prasad-on-ayodhya-rape-case-021825179-16x9.png,aajtak,0.9999999999999962,0,0,0,0,0
15,Newsdata,https://tv9telugu.com/national/mumbai-man-gets-two-year-rigorous-imprisonment-for-holding-hand-and-saying-i-love-you-to-minor-girl-1317702.html,మైనర్ బాలిక చేయి పట్టుకొని ‘ఐ లవ్ యూ’ చెప్పిన ఆకతాయి.. రెండేళ్ల జైలు శిక్ష విధించిన కోర్టు,దుఖాణానికి వెళ్తున్న 14 ఏళ్ల బాలిక చేయి పట్టుకుని 19 ఏళ్ల యువకుడు 'ఐ లవ్‌ యూ' అని చెప్పినందుకు పోక్సో కోర్టు రెండేళ్ల జైలు శిక్ష విధించింది. ఈ ఘటన ముంబైలో చోటు చేసుకుంది. ప్రాసిక్యూషన్ తెలిపిన వివరాల ప్రకారం.. ముంబైకి చెందిన మైనర్ బాలిక తల్లి సకినాకా పోలీస్ స్టేషన్‌లో ఫిర్యాదు చేయడంతో సెప్టెంబర్ 2019లో కేసు నమోదైంది. 14 ఏళ్ల బాలిక టీ పొడి కొనేందుకు సమీపంలోని దుకాణానికి వెళ్లింది..,2024-08-02 14:03:59,https://images.tv9telugu.com/wp-content/uploads/2024/08/mumbai-man-gets-two-year-imprisonment.jpg,tv9telugu,0.9999999999999962,0,0,0,0,0
16,Newsdata,https://tv9kannada.com/trending/thane-shocker-14-year-old-boy-was-living-with-mothers-dead-body-for-4-days-aks-876780.html,"ಅನಾರೋಗ್ಯದಿಂದ ತಾಯಿ ಸಾವು, ಯಾರಿಗೂ ಹೇಳದೆ ಮೃತದೇಹದೊಂದಿಗೆ 4 ದಿನ ಕಳೆದ 14 ವರ್ಷದ ಮಗ","ಕೊಳೆತ ವಾಸನೆ ತಾಳಲಾರದೇ ಸ್ಥಳೀಯರು ಹುಡುಕಾಟ ಪ್ರಾರಂಭಿಸಿದ್ದು, ಈ ವೇಳೆ ಪಕ್ಕದ ಮನೆಯಲ್ಲೇ ಮಹಿಳೆಯೊಬ್ಬರು 4 ದಿನಗಳ ಹಿಂದೆ ಸತ್ತಿರುವುದು ಬೆಳಕಿಗೆ ಬಂದಿದೆ. ಸ್ವಂತ ಅಮ್ಮ ಸತ್ತಿದ್ದರೂ ಮಗ ಯಾರಿಗೂ ಏನನ್ನೂ ಹೇಳದೆ ಕಳೆದ ನಾಲ್ಕು ದಿನಗಳಿಂದ ತಾಯಿಯ ಶವದ ಬಳಿಯೇ ಕುಳಿತಿದ್ದುದನ್ನು ಕಂಡು ನೆರೆಹೊರೆಯವರು ಶಾಕ್​​ ಆಗಿದ್ದು, ಬಳಿಕ ಪೊಲೀಸರಿಗೆ ಮಾಹಿತಿ ನೀಡಿದ್ದಾರೆ.",2024-08-02 13:11:03,https://images.tv9kannada.com/wp-content/uploads/2024/08/thane-shocker_-14-year-old-boy-was-living-with-mothers-dead-body-for-4-days.jpg,tv9kannada,0.9999999999999962,0,0,0,0,0
44,Newsdata,https://timesofindia.indiatimes.com/city/surat/smc-health-dept-collects-flour-samples-for-testing/articleshow/112389013.cms,SMC health dept collects flour samples for testing,,2024-08-09 00:07:27,"https://static.toiimg.com/photo/msid-112389012,imgsize-150030.cms",toi,1.8228804897989029e-37,7,35,163,6,87
46,Newsdata,https://timesofindia.indiatimes.com/city/surat/poachers-kill-2-antelopes-in-vansda-national-park-amid-heavy-rain/articleshow/112388750.cms,Poachers battled heavy rain to kill 2 antelopes in Vansda,,2024-08-08 23:50:02,"https://static.toiimg.com/photo/msid-112388749,imgsize-90524.cms",toi,8.186894472757731e-06,11,35,151,15,67
17,Newsdata,https://www.aajtak.in/india/news/video/how-did-27-children-died-in-last-seven-months-in-delhi-asha-kiran-shelter-home-police-says-post-mortem-report-will-reveal-exact-reason-frvd-1998820-2024-08-02,आशा किरण शेल्टर में बच्चों की मौत कैसे हुई? देखें पुलिस ने क्या कहा,"दिल्ली के रोहिणी के SDM मनीष चंद्र वर्मा ने आशा किरण शेल्टर होम की घटना पर कहा कि बच्चों की मृत्यु दर में भारी बढ़ोतरी हुई है. डिप्टी डायरेक्टर ने भी इसको स्वीकार किया है. हालांकि, बच्चों के पोस्टमॉर्टम रिपोर्ट अभी तक नहीं आई हैं, जिससे मृत्यु के सटीक कारण का पता नहीं चल पाया है.",2024-08-02 12:55:09,https://akm-img-a-in.tosshub.com/aajtak/images/video/202408/66acd6c73592e-police-on-asha-kiran-shelter-home-025326378-16x9.png,aajtak,0.9999999999999962,0,0,0,0,0
18,Newsdata,https://www.aajtak.in/india/news/video/asha-kiran-shelter-home-employee-told-atleast-26-children-suffering-from-tuberculosis-disease-frvd-1998819-2024-08-02,शेल्टर होम में कैसी है बच्चों की हालत? देखें कर्मचारी ने क्या बताया,दिल्ली के आशा किरण शेल्टर होम में 27 बच्चों की मौत का खुलासा हुआ है. इसके बाद शेल्टर होम की महिला कर्मचारी ने कबूला कि बच्चों की स्थिति बेहद खराब है. उन्हें पर्याप्त पोषण नहीं मिल रहा है. बच्चे कमजोर हो रहे हैं और टीबी से पीड़ित हो रहे हैं. करीब 25 से 26 बच्चे टीबी से पीड़ित हैं.,2024-08-02 12:41:20,https://akm-img-a-in.tosshub.com/aajtak/images/video/202408/66acd38eda6a9-asha-kiran-shelter-employee-statement-023941977-16x9.png,aajtak,0.9999999999999962,0,0,0,0,0
19,Newsdata,https://tv9gujarati.com/gujarat/ahmedabad/in-the-frenzy-of-rolling-on-insta-it-became-difficult-to-make-reels-with-cars-and-jewelry-the-youth-was-kidnapped-video-1069694.html,"ઈન્સ્ટા પર રોલો મારવાની ઘેલછામાં કાર અને ઘરેણા સાથે રિલ્સ બનાવવી નબીરાને ભારે પડી, યુવકનું થયુ અપહરણ- Video",અમદાવાદના એક યુવકે ઈન્સ્ટાગ્રામ પર છવાઈ જવાની ઘેલછામાં રોલો પાડતી રિલ્સ બનાવી. આ રિલમાં યુવકે સોનાના દાગીના પહેર્યા અને કાર સાથે રિલ્સ બનાવી ઈન્સ્ટા પર મુકી. કેટલાક યુવકોએ વધુ પૈસા હોવાનું અનુમાન લગાડી તેની રેકી કરી અપહરણ કર્યુ અને યુવકના પિતા પાસે ખંડણી માગી.,2024-08-02 12:35:19,https://images.tv9gujarati.com/wp-content/uploads/2024/08/Kidnapping-1.jpg,tv9gujarati,0.9999999999999962,0,0,0,0,0
20,Newsdata,https://www.aajtak.in/india/news/video/delhi-govt-orders-investigation-into-asha-kiran-shelter-home-children-death-ncw-sent-fact-finding-committee-frvd-1998811-2024-08-02,"आशा किरण होम में मौतों के मामले में एक्शन, LG ने दिया जांच का आदेश",दिल्ली के आशा किरण होम शेल्टर में पिछले सात महीने में 27 बच्चों की मौत का खुलासा हुआ है. जुलाई में 20 दिन के अंदर 13 बच्चों की रहस्यमयी मौत हो गई. इस खुलासे के बाद LG ने जांच के आदेश दे दिए हैं. महिला आयोग की अध्यक्ष ने भी फॅक्ट फाइंडिंग टीम भेजी है.,2024-08-02 12:28:20,https://akm-img-a-in.tosshub.com/aajtak/images/video/202408/66accf9ca4c03-asha-kiran-shelter-home-case-022251887-16x9.png,aajtak,0.9999999999999962,0,0,0,0,0
21,Newsdata,https://www.aajtak.in/india/news/video/how-did-14-children-died-in-twenty-days-in-asha-kiran-shelter-home-delhi-watch-ground-report-1999137-2024-08-02,आशा किरण शेल्टर होम क्यों बना यातना केंद्र? देखें ग्राउंड रिपोर्ट,"दिल्ली के आशा किरण शेल्टर होम को लेकर बड़ा खुलासा हुआ है. जानकारी के मुताबिक, यहां जुलाई के महीने में 20 दिन के अंदर 14 बच्चों की मौत हो गई है. जुलाई में मृत्युदर बढ़ गई है. इसको लेकर दिल्ली सरकार ने जांच के आदेश दिए हैं और दोषियों पर कार्रवाई का आश्वासन दिया है. देखिए ग्राउंड रिपोर्ट.",2024-08-02 17:30:06,https://akm-img-a-in.tosshub.com/aajtak/images/video/202408/66ad175e609a3-asha-kiran-shelter-home-report-022900752-16x9.png,aajtak,0.9999999999999962,0,0,0,0,0
22,Newsdata,https://www.madhyamam.com/kerala/book-debate-against-amritanandamayi-case-against-journalists-quashed-1315584,അമൃതാനന്ദമയിക്കെതിരായ പുസ്തക ചർച്ച: മാധ്യമപ്രവർത്തകർക്കെതിരായ കേസ് റദ്ദാക്കി,,2024-08-02 17:20:58,https://www.madhyamam.com/h-upload/2024/08/02/2344442-holy-hell-gail-tredwell.webp,madhyamam,0.9999999998701896,0,1,5,1,0
29,Newsdata,https://tv9telugu.com/human-interest/girls-head-stuck-in-exhibition-looms-in-old-city-of-hyderabad-1317798.html,సరదా అనేది ఒక పరిమితి వరకు మంచిదే.. అది హద్దులు దాటితే ఇలా ఉంటది..!,ముఖ్యంగా చిన్నపిల్లల విషయంలో ఇలాంటి విషయాలలో మరీ మరీ జాగ్రత్తలు వ్యవహరించాల్సిందే..! లేదంటే ప్రాణాలకే ముప్పు వాటిల్లే సంఘటనలు ఇదివరకు ఎన్నో చూశాం. అలాంటి మరో ఘటనే తాజాగా హైదరాబాద్ మహానగరంలో చోటు చేసుకుంది.,2024-08-02 16:10:28,https://images.tv9telugu.com/wp-content/uploads/2024/08/girls-head-stuck.jpg,tv9telugu,0.9999999999999962,0,0,0,0,0
23,Newsdata,https://www.aajtak.in/crime/cyber-crime/story/police-arrested-four-men-alleged-involvement-in-separate-cases-of-cyber-fraud-in-gurugram-lclk-1999126-2024-08-02,"गुरुग्राम: निवेश पर ज्यादा रिटर्न और क्यूआर कोड के जरिए गिफ्ट कार्ड के नाम पर ठगी, चार गिरफ्तार",गुरुग्राम में पुलिस ने लोगों से ठगी करने वाले चार साइबर फ्रॉड को गिरफ्तार किया है. ठगी के दो अलग-अलग मामलों में इन्हें पकड़ा गया है. 2 आरोपी निवेश पर ज्यादा रिटर्न के नाम पर लोगों को चूना लगाते थे जबकि अन्य दो आरोपी क्यूआर कोड के जरिए गिफ्ट कार्ड देने के नाम पर लोगों से पैसों की ठगी कर लेते थे.,2024-08-02 17:11:29,https://akm-img-a-in.tosshub.com/aajtak/images/story/202408/66ad10ffe162c-cyber-fraud-283106957-16x9.jpg,aajtak,0.9999999999999962,0,0,0,0,0
24,Newsdata,https://tv9telugu.com/andhra-pradesh/visakhapatnam-an-auto-driver-with-a-gas-cylinder-and-a-lighter-entered-the-petrol-station-in-simhachelam-1317817.html,"Andhra Pradesh: గ్యాస్ సిలిండర్, లైటర్‌తో పెట్రోల్ బంకులోకి దూరిన వ్యక్తి.. పరుగో పరుగు..!",విశాఖ సింహాచలంలో ఓ యువకుడు కలకలం సృష్టించాడు.. ఓ వ్యక్తి ఆటోతో పెట్రోల్ బంక్ లోకి వచ్చాడు. అందరూ పెట్రోల్ డీజిల్ కొట్టించుకుంటాడులే అనుకున్నారు. అప్పుడే 20వేల లీటర్ల ట్యాంకర్ అదే పెట్రోల్ బంక్ లో అన్‌లోడ్ అవుతుంది.,2024-08-02 16:49:29,https://images.tv9telugu.com/wp-content/uploads/2024/08/auto-driver.jpg,tv9telugu,0.9999999999999962,0,0,0,0,0
25,Newsdata,https://tv9kannada.com/karnataka/vijayapura/thieves-who-came-to-the-hospital-with-toothache-talking-to-the-doctor-stole-a-gold-chain-and-escaped-taja-suddi-ggs-876939.html,ಹಲ್ಲು ನೋವೆಂದು ಆಸ್ಪತ್ರೆಗೆ ಬಂದ ಕಳ್ಳರು: ವೈದ್ಯೆಯೊಂದಿಗೆ ಮಾತನಾಡುತ್ತ ಚಿನ್ನದ ಸರ ಕದ್ದು ಪರಾರಿ,"ಜುಲೈ 30ರಂದು ವಿಜಯಪುರದ ಕಾಳಿಕಾನಗರದ ಪಾಟೀಲ್ ಕ್ಲಿನಿಕ್​ನಲ್ಲಿ ರೋಗಿ ನೆಪದಲ್ಲಿ ಆಸ್ಪತ್ರೆಗೆ ಬಂದು ವೈದ್ಯೆಯ 11 ಗ್ರಾಂ ಚಿನ್ನದ ಮಾಂಗಲ್ಯ ಸರ ಎಗರಿಸಿ ಖದೀಮರು ಪರಾರಿಯಾಗಿರುವಂತಹ ಘಟನೆ ನಡೆದಿದ್ದು, ತಡವಾಗಿ ಬೆಳಕಿಗೆ ಬಂದಿದೆ. ಆದರ್ಶನಗರ ಪೊಲೀಸ್ ಠಾಣಾ ವ್ಯಾಪ್ತಿಯಲ್ಲಿ ಪ್ರಕರಣ ನಡೆದಿದೆ.",2024-08-02 16:48:42,https://images.tv9kannada.com/wp-content/uploads/2024/08/doctorgoldtheft.jpg,tv9kannada,0.9999999999999962,0,0,0,0,0
26,Newsdata,https://www.aajtak.in/short-videos/video/those-five-allegations-due-to-which-pooja-khedkar-was-removed-from-office-1999083-2024-08-02,वो पांच आरोप जिनकी वजह से गई पूजा खेडकर की अफसरी,"यूपीएससी ने पूजा खेडकर की अफसरी छीन ली और उसे पैदल कर दिया. यही नहीं, उसे आगे भी इस तरह की किसी भी परीक्षा में बैठने पर रोक लगा दी गई है. अब बात करते हैं पूजा खेडकर पर लगे धांधलीबाज़ी के आरोपों की. जिन्हें जानकर हर कोई हैरान है. देखें वीडियो.",2024-08-02 16:28:57,https://akm-img-a-in.tosshub.com/aajtak/images/video/202408/66ad08db6ac0b-pooja-khedkar-case-02270652-16x9.jpg,aajtak,0.9999999999999962,0,0,0,0,0
27,Newsdata,https://www.mid-day.com/mumbai/mumbai-crime-news/article/mumbai-mla-zeeshan-siddique-among-8-booked-for-obstructing-govt-officials-in-survey-work-in-bandra-23371058,MLA Zeeshan Siddique among 8 booked for obstructing govt officials in Bandra,The police have registered a case against Congress MLA Zeeshan Siddique and seven others for obstructing Slum Rehabilitation Authority (SRA) officials,2024-08-02 16:28:24,https://images.mid-day.com/images/images/2024/aug/zeeshan-siddique-x_d.jpg,mid_day,7.379679579968565e-05,8,18,152,16,64
28,Newsdata,https://tv9kannada.com/crime/wife-horrific-killing-of-his-husband-in-kalaburagi-kannada-news-krn-876909.html,ಕಲಬುರಗಿಯಲ್ಲಿ ಪತ್ನಿಯಿಂದಲೇ ಪತಿಯ ಭೀಕರ ಹತ್ಯೆ; ಕಾರಣವೇನು ಗೊತ್ತಾ?,"ಆತ ತನ್ನ ಅತ್ತೆ ಮಗಳನ್ನೆ ಪ್ರೀತಿಸಿ ಮದುವೆ ಆಗಿದ್ದನು. ಆಟೋ ಓಡಿಸಿಕೊಂಡು ಪತ್ನಿ-ತಾಯಿಯೊಂದಿಗೆ ಸುಂದರ ಸಂಸಾರ ನಡೆಸ್ತಿದ್ದ. ಆದ್ರೆ, ಅದೇನಾಯ್ತೋ ಗೊತ್ತಿಲ್ಲ. ಕಳೆದ ಕೆಲದಿನಗಳ ಹಿಂದೆ ಗಂಡನೊಂದಿಗೆ ಜಗಳವಾಡಿ ಪತ್ನಿ ತವರು ಮನೆ ಸೇರಿದ್ದಳು. ಕೆಲ ತಿಂಗಳ ಬಳಿಕ ಪತ್ನಿ ಹಾಗೂ ಮಗನನ್ನ ನೋಡಿಕೊಂಡು ಬರಲು ಅಂತ ಆಕೆಯ ತವರು ಮನೆಗೆ ಹೋಗಿದ್ದಾನೆ. ಅಲ್ಲಿ ಮತ್ತೆ ಇಬ್ಬರ ಮಧ್ಯ ಜಗಳವಾಗಿದೆ. ಜಗಳ ವಿಕೋಪಕ್ಕೆ ಹೋಗಿ ತನ್ನ ಗಂಡನನ್ನೆ ಪತ್ನಿ ತನ್ನ ತಾಯಿಯೊಂದಿಗೆ ಸೇರಿ ಕೊಲೆ ಮಾಡಿದ್ದಾಳೆ. ಅಷ್ಟಕ್ಕೂ ಈ ಸುಂದರ ಸಂಸಾರದಲ್ಲಿ ನಡೆದಿದ್ದಾದರೂ ಏನು? ಈ ಸ್ಟೋರಿ ಓದಿ.",2024-08-02 16:15:04,https://images.tv9kannada.com/wp-content/uploads/2024/08/wife-horrific-killing-of-his-husband-in-kalaburagi.jpg,tv9kannada,0.9999999999999962,0,0,0,0,0
43,Newsdata,https://www.opindia.com/2024/08/boilers-bill-introduced-in-parliament-to-replace-century-old-law/,"Boilers Bill introduced in parliament to replace century-old law on boiler safety, some criminal penalties replaced with monetary fines for ease of doing business","The Boilers Bill, 2024 was introduced in Rajya Sabha today by Union Minister for Commerce and Industry Piyush Goyal. It repeals the Boilers Act, 1923 (5 of 1923)",2024-08-08 16:19:24,https://i0.wp.com/www.opindia.com/wp-content/uploads/2024/08/boiler-2024-08-08-21-46-10.jpg?fit=696%2C413&ssl=1,opindia,1.914219991909308e-116,18,51,259,4,146
30,Newsdata,https://tv9kannada.com/crime/shocking-news-husband-murders-wife-after-she-refuses-to-share-mobile-wifi-hotspot-kannada-news-sct-876933.html,Crime News: ಮೊಬೈಲ್ ಹಾಟ್​ಸ್ಪಾಟ್ ಆನ್ ಮಾಡದ ಹೆಂಡತಿಯನ್ನು ಕೊಂದ ಗಂಡ!,"Murder News Today: ಹರಿಯಾಣದಲ್ಲಿ ಆಘಾತಕಾರಿ ಘಟನೆಯೊಂದು ನಡೆದಿದ್ದು, ರೋಹ್ಟಕ್‌ನಲ್ಲಿ ಮೊಬೈಲ್ ಹಾಟ್‌ಸ್ಪಾಟ್ ಹಂಚಿಕೊಳ್ಳಲು ನಿರಾಕರಿಸಿದ ಹಿನ್ನೆಲೆಯಲ್ಲಿ ಗಂಡನೊಬ್ಬ ತನ್ನ ಪತ್ನಿಯನ್ನು ಚೂಪಾದ ಆಯುಧದಿಂದ ಇರಿದು ಕೊಂದಿದ್ದಾನೆ. ಈ ಅಮಾನವೀಯ ಘಟನೆ ತಡವಾಗಿ ಬೆಳಕಿಗೆ ಬಂದಿದೆ.",2024-08-02 16:03:16,https://images.tv9kannada.com/wp-content/uploads/2024/08/mobile-hotspot.jpg,tv9kannada,0.9999999999999962,0,0,0,0,0
31,Newsdata,https://anweshanam.com/814388/former-cpm-local-secretarys-death-sentence-quashed-in-cherthala-congress-leaders-murder-case-by-highcourt/,ചേര്‍ത്തലയിൽ കോണ്‍ഗ്രസ് നേതാവിനെ കൊലപ്പെടുത്തിയ കേസ്; മുൻ സിപിഎം ലോക്കല്‍ സെക്രട്ടറിയുടെ വധശിക്ഷ റദ്ദാക്കി,ആലപ്പുഴ: ആലപ്പുഴ ചേർത്തലയിൽ പ്രാദേശിക കോൺഗ്രസ് നേതാവിനെ കൊലപ്പെടുത്തിയ കേസിൽ പ്രതികളുടെ ശിക്ഷയിൽ ഇളവ് നൽകി ഹൈകോടതി. കേസില്‍ പ്രതിയായ മുൻ സിപിഎം ലോക്കൽ സെക്രട്ടറി ആർ ബിജുവിന്‍റെ വധശിക്ഷ ഹൈക്കോടതി റദ്ദാക്കി. ചേര്‍ത്തലയിലെ കോൺഗ്രസ് നേതാവ് കൊച്ചുപറമ്പിൽ കെ.എസ്. ദിവാകരനെ കൊലപ്പെടുത്തിയ കേസിലാണ് ഉത്തരവ്. ആറാം പ്രതിയായ ആർ.ബൈജുവിന്‍റെ വധശിക്ഷ ഹൈക്കോടതി 10 വർഷമാക്കി കുറച്ചു. ഇതിനുപുറമെ കേസിലെ ഒന്ന് മുതൽ നാലുവരെയുള്ള പ്രതികളുടെ ജീവപര്യന്തം തടവ് ശിക്ഷയും ഹൈക്കോടതി 10 വർഷമായും കുറച്ചു. ആലപ്പുഴ [...],2024-08-02 16:43:28,https://anweshanam.com/wp-content/uploads/2024/06/election-cpm-jpg.webp,anweshanam,0.9999999999999962,0,0,0,0,0
32,Newsdata,https://www.mid-day.com/mumbai/mumbai-crime-news/article/mumbai-19-year-old-mechanic-held-for-stealing-3-sports-bikes-23371116,Mumbai: 19-year-old mechanic held for stealing 3 sports bikes,"Accused, a racing enthusiast, repainted vehicles, stashed them at hospital parking lot; CCTV footage led to arrest",2024-08-03 02:46:55,https://images.mid-day.com/images/images/2024/aug/Faridin-Noor_d.jpg,mid_day,0.990848432285524,15,15,143,24,80
33,Newsdata,https://www.greaterkashmir.com/national/jks-carpet-industry-calls-for-government-action-against-rising-imports-duty-evasion/,"J&K’s carpet industry calls for Government action against rising imports, duty evasion","The letter draws parallels between this current situation and past issues with trade through Pakistan-occupied Kashmir, which was curtailed due to links with terrorism fundingThe post J&K’s carpet industry calls for Government action against rising imports, duty evasion appeared first on Greater Kashmir.",2024-08-03 01:51:10,https://www-greaterkashmir-com.imagibyte.sortdcdn.net/wp-content/uploads/2023/08/carpet.jpg?quality=80&type=webp,greaterkashmir,3.0086218339594302e-155,11,22,128,1,46
34,Newsdata,https://www.greaterkashmir.com/pir-panjal/goc-in-c-northern-command-reviews-operational-situation-in-rajouri/,GOC-in-C Northern Command reviews operational situation in Rajouri,Visits Ace of Spades DivisionThe post GOC-in-C Northern Command reviews operational situation in Rajouri appeared first on Greater Kashmir.,2024-08-03 01:48:43,https://www-greaterkashmir-com.imagibyte.sortdcdn.net/wp-content/uploads/2024/08/Screenshot-419.png?quality=80&type=webp,greaterkashmir,7.8056415588544945e-59,7,10,118,2,13
35,Newsdata,https://timesofindia.indiatimes.com/city/surat/diamond-trader-under-ed-scanner-for-pmla-violation/articleshow/112236496.cms,Diamond trader under ED scanner for PMLA violation,,2024-08-02 23:42:41,"https://static.toiimg.com/photo/msid-112236496,imgsize-.cms",toi,1.3248824721741943e-62,5,25,178,4,57
36,Newsdata,https://timesofindia.indiatimes.com/city/surat/con-call-centre-scam-busted-in-surat/articleshow/112236000.cms,‘Con call centre’ preying on jobseekers busted,,2024-08-02 23:16:20,"https://static.toiimg.com/photo/msid-112235997,imgsize-547628.cms",toi,0.06395529294714464,14,26,229,29,117
37,Newsdata,https://www.opindia.com/2024/08/dilshad-and-azeem-booked-for-recording-obscene-videos-in-ancient-hindu-temple-in-amroha/,"Uttar Pradesh: Dilshad and Azeem record obscene videos in an ancient Hindu temple dedicated to Lord Krishna in Amroha, booked",FIR registered against Amroha-based YouTubers namely Dilshad and Azeem for recording obscene videos in Hindu temples,2024-08-03 14:42:09,https://i0.wp.com/www.opindia.com/wp-content/uploads/2024/08/Untitled-design-4.jpg?fit=696%2C398&ssl=1,opindia,1.6220324952739206e-07,16,33,216,20,100
38,Newsdata,https://timesofindia.indiatimes.com/city/surat/teacher-loses-88000-to-cyber-fraud/articleshow/112330972.cms,"Teacher loses ₹88,000 to cyber fraud",,2024-08-06 23:21:34,"https://static.toiimg.com/photo/msid-112330972,imgsize-.cms",toi,0.9999422328761056,8,20,142,23,75
39,Newsdata,https://timesofindia.indiatimes.com/city/surat/textile-sector-in-surat-faces-100-crore-monthly-loss-due-to-bangladesh-turmoil/articleshow/112330826.cms,Textile sector staring at ₹100cr monthly loss of business,,2024-08-06 23:18:04,"https://static.toiimg.com/photo/msid-112330823,imgsize-153498.cms",toi,1.1342251469265936e-46,18,49,195,4,74
40,Newsdata,https://timesofindia.indiatimes.com/city/surat/surat-airport-fails-to-provide-shops-and-food-options-for-international-fliers/articleshow/112330806.cms,"353cr spent but no shops, food options for fliers",,2024-08-06 23:17:22,"https://static.toiimg.com/photo/msid-112330803,imgsize-63398.cms",toi,1.1764575129925982e-10,20,27,149,11,64
41,Newsdata,https://timesofindia.indiatimes.com/city/surat/spice-trader-cheated-of-10l-in-visa-scam/articleshow/112330713.cms,Spice trader seeking visa loses ₹10L,,2024-08-06 23:15:16,"https://static.toiimg.com/photo/msid-112330709,imgsize-32034.cms",toi,0.46399519633103414,12,23,146,16,67
42,Newsdata,https://www.opindia.com/2024/08/maulvi-mulla-haroon-arrested-for-sexually-assaulting-and-threatening-to-kill-two-minor-sisters/,"Uttar Pradesh: Maulvi Mulla Haroon sexually assault and threaten to kill two minor sisters who came for religious education classes, arrested",The accused Maulvi has been booked under serious charges including under POCSO Act.,2024-08-07 15:39:57,https://i0.wp.com/www.opindia.com/wp-content/uploads/2024/08/Untitled-design-18.jpg?fit=696%2C398&ssl=1,opindia,0.9997091026190442,16,25,109,28,78
47,Newsdata,https://www.opindia.com/2024/08/muslim-mob-hurls-casteist-abuses-and-assault-dalits-with-sharp-weapons/,"‘S**e, C***ar, you will stop us’: Muslim mob hurls casteist abuses and assault Dalits with sharp weapons; incident from native area of Chandrashekhar ‘Ravan’","The accused started hurling abuses at Rishipal and when he tried to stop them, they hurled casteist slurs and said, “S**e, C**m*r, you will stop us?” and brutally assaulted him.",2024-08-11 16:01:18,https://i0.wp.com/www.opindia.com/wp-content/uploads/2024/08/Untitled-design-29.jpg?fit=696%2C398&ssl=1,opindia,0.999999775746592,16,6,186,31,91
48,Newsdata,https://tv9gujarati.com/crime/kolkata-rg-kar-medical-college-rape-and-murder-case-on-junior-doctor-bjp-tmc-junior-doctors-to-strike-1075075.html,"કોલકાતામાં ડૉક્ટર પર રેપ-મર્ડર પર ગુસ્સો, કેન્દ્રને અપીલ, આજે દેશભરમાં ડોક્ટરો કરશે હડતાળ",Kolkata Murder Junior Doctor rape case : કોલકાતાની આરજી કાર મેડિકલ કોલેજ અને હોસ્પિટલમાં જુનિયર ડોક્ટર પર રેપ અને મર્ડરનો મામલો ગરમાયો છે. કોલકાતાના ડોકટરોએ રેપ અને હત્યાના વિરોધમાં દિવસભર વિરોધ પ્રદર્શન કર્યું. જેના કારણે પશ્ચિમ બંગાળમાં આરોગ્ય વ્યવસ્થા ભાંગી પડી છે.,2024-08-12 01:43:23,https://images.tv9gujarati.com/wp-content/uploads/2024/08/kolkata-junior-dr-protest-1.webp,tv9gujarati,2.0278390115886337e-299,2,48,621,2,11
49,Newsdata,https://timesofindia.indiatimes.com/city/surat/4-booked-for-abetting-pune-mans-suicide/articleshow/112452647.cms,4 booked for abetting Pune man’s suicide,,2024-08-11 23:20:16,"https://static.toiimg.com/photo/msid-112452646,imgsize-6000.cms",toi,0.05738138418302059,13,28,170,22,85
50,Newsdata,https://timesofindia.indiatimes.com/city/surat/surge-in-calls-to-suicide-helpline-in-surat/articleshow/112452274.cms,"In 20 days, 1,500 call suicide helpline",,2024-08-11 23:09:48,"https://static.toiimg.com/photo/msid-112452272,imgsize-61202.cms",toi,7.817350974376494e-05,15,42,191,21,80
51,Newsdata,https://www.mid-day.com/mumbai/mumbai-crime-news/article/mumbai-garment-factory-worker-killed-over-rs-25-auto-fare-dispute-in-kurla-23374831,Mumbai: Garment factory worker killed over Rs 25 auto fare dispute in Kurla,"According to the police, the altercation broke out while the deceased and the accused, identified as Saif Zahid Ali, were travelling together in an auto-rickshaw.",2024-08-12 19:00:15,https://images.mid-day.com/images/images/2024/aug/Death-rep-image_d.jpg,mid_day,2.6552332075638662e-204,7,23,135,1,59
52,Newsdata,https://www.mid-day.com/mumbai/mumbai-crime-news/article/mumbai-woman-arrested-for-cheating-couple-23374832,Mumbai: Woman arrested for cheating couple,The woman had allegedly lured the couple and their friends to invest in her non-existent garment and supermarket business promising a monthly return of seven to eight per cent,2024-08-12 19:00:13,https://images.mid-day.com/images/images/2024/aug/Arrest_d_d.jpg,mid_day,0.9994276030409772,19,19,155,28,81
53,Newsdata,https://www.mid-day.com/mumbai/mumbai-crime-news/article/mumbai-crime-branch-nabs-accused-who-duped-500-investors-of-rs-170-crore-23375175,Mumbai Crime Branch nabs accused who duped 500 investors of Rs 170 crore,"Manikkam Velayutham Udgair (40), a resident of Versova in Andheri, was arrested as part of the continuing investigation.",2024-08-13 16:14:22,https://images.mid-day.com/images/images/2024/aug/Arrested-9-iStock_d.jpg,mid_day,1.1433820198247954e-36,3,7,107,4,38
54,Newsdata,https://timesofindia.indiatimes.com/city/surat/diamond-smuggling-tactics-revealed-in-recent-seizure/articleshow/112507147.cms,₹2cr roughs seizure unveils tactics to minimize losses,,2024-08-13 22:59:44,"https://static.toiimg.com/photo/msid-112507146,imgsize-14460.cms",toi,0.0010709076688109277,23,42,190,21,103
55,Newsdata,https://timesofindia.indiatimes.com/city/surat/plane-grounded-after-tail-strike/articleshow/112507114.cms,Plane grounded after tail strike,,2024-08-13 22:58:43,"https://static.toiimg.com/photo/msid-112507114,imgsize-.cms",toi,1.118793261085548e-76,9,16,109,2,40
56,Newsdata,https://www.opindia.com/2024/08/mamata-banerjee-blames-bjp-and-left-for-mob-attack-on-rg-kar-hospital/,‘Conspiracy of Ram and Bam to create unrest’: Mamata Banerjee accuses BJP and Left of orchestrating mob attack on RG Kar Medical College Hospital,West Bengal CM Mamata Banerjee alleged that the Left is in connivance with the Ram (the Bharatiya Janata party) to create unrest in West Bengal,2024-08-15 15:11:44,https://i0.wp.com/www.opindia.com/wp-content/uploads/2024/08/mamata-banerjee-ram-bam-hospital-attack.jpg?fit=696%2C392&ssl=1,opindia,0.9629131301205126,15,20,145,23,99
57,Newsdata,https://www.opindia.com/2024/08/west-bengal-22-year-old-found-dead-with-slit-throat-in-shaktigarh/,"West Bengal: 22-year-old found dead with slit throat in Shaktigarh, had come home for vacation from Bengaluru",The case came to light while West Bengal is witnessing protests over the brutal murder of a junior doctor in a state-run hospital in Kolkata on August 12. The Kolkata Police arrested one man in the case.,2024-08-15 13:09:22,https://i0.wp.com/www.opindia.com/wp-content/uploads/2024/08/BeFunky-collage-2024-08-15T182504.005.jpg?fit=696%2C398&ssl=1,opindia,0.9999985712599535,10,11,98,22,61
58,Newsdata,https://www.opindia.com/2024/08/puja-khedkar-not-from-obc-community-more-people-involved-in-fake-identity-fraud-delhi-police/,"Puja Khedkar not from OBC community, more people involved in fake identity fraud: Delhi Police and UPSC oppose anticipatory bail to former trainee IAS officer, High court extends bail","On Wednesday (21st August), the Delhi High Court extended anticipatory bail (interim protection from arrest) of former trainee IAS officer Puja Khedkar",2024-08-21 13:06:58,https://i0.wp.com/www.opindia.com/wp-content/uploads/2024/08/Untitled-design-19-1.jpg?fit=696%2C398&ssl=1,opindia,0.03239177688306642,37,75,311,33,160
59,Newsdata,https://www.opindia.com/2024/08/love-jihad-ziaul-haq-traps-rapes-girl-in-lucknow-by-claiming-to-be-hindu/,"Love Jihad: Ziaul Haq pretends to be Hindu to befriend a girl, rapes and blackmails her, assaults and issues death threats after she refuses to convert to Islam",He snapped her objectionable pictures and videos and demanded Rs 1 lakh to delete them. He also sent them to her relatives.,2024-08-21 10:57:58,https://i0.wp.com/www.opindia.com/wp-content/uploads/2024/08/image-700x400-11-4.png?fit=696%2C398&ssl=1,opindia,0.9999993369002207,30,23,121,53,79
60,Newsdata,https://www.opindia.com/2024/08/earring-seller-zubair-shah-arrested-for-molesting-an-eight-year-old-girl-in-mumbai/,"Mumbai: Eight-year-old girl molested in the Nagpada area, earring seller Zubair arrested","An earring seller has been arrested for allegedly molesting an eight-year-old girl in the Nagpada area of Mumbai on Wednesday, police said",2024-08-21 08:44:44,https://i0.wp.com/www.opindia.com/wp-content/uploads/2024/08/child-molestor-zubair-arrested-AI-illustration.jpg?fit=696%2C398&ssl=1,opindia,5.2191799102946966e-52,11,14,129,4,70
61,Newsdata,https://www.washingtontimes.com/news/2024/aug/21/rand-paul-questions-tsa-for-allegedly-targeting-tu/,"Sen. Rand Paul questions TSA for allegedly targeting Tulsi Gabbard, others for their political views",Sen. Rand Paul is raising concerns that the Transportation Security Administration may be improperly using watchlists and screening procedures to target individuals for their political views.,2024-08-21 17:05:55,https://twt-thumbs.washtimes.com/media/image/2024/02/29/Congress_Ukraine_02967_s1440x960.jpg,washingtontimes,0.037542425226923526,14,30,153,17,79
62,Newsdata,https://www.mid-day.com/mumbai/mumbai-crime-news/article/badlapur-sexual-assault-kalyan-bar-association-urges-lawyers-not-to-defend-accused-23378413,Badlapur sexual assault: Kalyan Bar Assn urges lawyers not to defend accused,The Badlapur sexual assault case is concerned with the arrest of a school employee who was charged with sexually abusing two kindergarten students.,2024-08-21 16:16:01,https://images.mid-day.com/images/images/2024/aug/rail-roko-protest-abedi-news-india-news-mumbai_d.jpg,mid_day,1.0856872287166673e-35,13,38,191,7,102
63,Newsdata,https://www.opindia.com/2024/08/former-rg-kar-official-makes-several-serious-allegations-against-ex-principal-sandip-ghosh/,"Sold unclaimed dead bodies, trafficked biomedical waste, corruption, and more: Former RG Kar Hospital official makes serious allegations against Ex-Principal Sandip Ghosh","According to the allegations, Sandip Ghosh was selling unclaimed dead bodies, trafficking biomedical waste to Bangladeshi contacts, taking 20% commission in every tender, and deliberately failing students to extort money from them.",2024-08-21 18:10:18,https://i0.wp.com/www.opindia.com/wp-content/uploads/2024/08/Untitled-design-22-1.jpg?fit=696%2C398&ssl=1,opindia,0.7118630075807784,48,66,380,54,174
64,Newsdata,https://www.mid-day.com/mumbai/mumbai-crime-news/article/mumbai-thief-who-broke-into-police-quarters-arrested-23378541,Mumbai: Thief who broke into police quarters arrested,Tells the police he was unaware that he was robbing cops,2024-08-22 02:42:20,https://images.mid-day.com/images/images/2024/aug/Thief_d.jpg,mid_day,0.9986303026795317,7,14,102,20,65
65,Newsdata,https://www.mid-day.com/mumbai/mumbai-crime-news/article/badlapur-sexual-assault-house-of-alleged-accused-vandalised-23378537,Badlapur sexual assault: House of alleged accused vandalised,"This sparked an angry reaction among the crowd, leading to a mob gathering near the accused’s house",2024-08-22 02:42:19,https://images.mid-day.com/images/images/2024/aug/Badlapur-sexual_d.jpg,mid_day,0.999999999872182,7,13,70,0,36
66,Newsdata,https://timesofindia.indiatimes.com/city/surat/doctor-duped-out-of-23l-by-crooks-posing-as-mumbai-cops/articleshow/112695040.cms,Doctor duped out of ₹2.3L by crooks posing as Mumbai cops,,2024-08-21 23:47:09,"https://static.toiimg.com/photo/msid-112695040,imgsize-.cms",toi,0.4282397743916078,8,22,194,30,112
67,Newsdata,https://timesofindia.indiatimes.com/city/surat/trader-loses-rs-6950-lakh-in-share-market-investment-scam/articleshow/112694813.cms,"Enticed by massive returns, trader loses 70L",,2024-08-21 23:32:03,"https://static.toiimg.com/photo/msid-112694813,imgsize-.cms",toi,0.10863696562778541,17,28,173,20,106
68,Newsdata,https://timesofindia.indiatimes.com/city/surat/brothers-held-for-theft-4-of-family-attempt-suicide/articleshow/112694672.cms,"Brothers held for theft, 4 of family attempt suicide",,2024-08-21 23:28:04,"https://static.toiimg.com/photo/msid-112694672,imgsize-.cms",toi,0.1802981767207162,8,21,169,20,61
69,Newsdata,https://www.opindia.com/2024/08/kolkata-rape-and-murder-cbi-says-crime-scene-was-altered-body-cremated-before-registering-fir/,"Kolkata Rape and Murder: CBI says crime scene was altered, body cremated before registering FIR, Supreme Court questions lapses by Police including long delay in recording the case",The CBI has made several shocking revelations in its status report on the rape and murder of a trainee doctor at RG Kar Medical College and Hospital in Kolkata,2024-08-22 08:25:07,https://i0.wp.com/www.opindia.com/wp-content/uploads/2024/08/RG-Kar-supreme-court-hearing.jpg?fit=696%2C403&ssl=1,opindia,4.215547821369803e-13,32,52,288,18,167
70,Newsdata,https://tv9telugu.com/national/watch-video-road-rage-ends-in-handcuffs-bengaluru-police-arrest-man-who-harassed-family-smashed-cars-windshield-1332275.html,"Viral Video: నడిరోడ్డుపై రెచ్చిపోయిన మందుబాబు.. కారు అద్దం పగలగొట్టి, దుర్భాషలాడుతూ హల్ చల్!","మద్యం మత్తులో ఉన్న ఓ బందుబాబు నడిరోడ్డుపై రెచ్చిపోయాడు. కారులో కుటుంబంతోపాటు వెళ్తున్న ఓ వ్యక్తిని ఆపి నానాయాగి చేశాడు. కారు విండో అద్దాలు పగలగొట్టి, కారులోని వ్యక్తిని దుర్భాషలాడాడు. ఈ ఘటన మంగళవారం బెంగళూరులో చోటు చేసుకుంది. ఇందుకు సంబంధించిన వీడియో సోషల్‌ మీడియాలో వైరల్‌గా మారడంతో..",2024-08-22 07:37:56,https://images.tv9telugu.com/wp-content/uploads/2024/08/biker-harassed-family-in-bengaluru.jpg,tv9telugu,4.440132316811469e-170,1,19,183,1,9
71,Newsdata,https://www.opindia.com/2024/08/gurdaspur-punjab-woman-accuses-congress-sarpanch-kulbir-singh-of-rape-at-gunpoint/,Punjab police arrest Congress Sarpanch Kulbir Singh after woman alleges he raped and threatened her at gunpoint,The victim alleged that she had gone to the Congress Sarpanch's office to seek help where he raped and threatened her at gunpoint,2024-08-22 05:45:32,https://i0.wp.com/www.opindia.com/wp-content/uploads/2022/09/Crime-e1669015966982.jpeg?fit=696%2C482&ssl=1,opindia,0.9968146825619607,2,6,91,13,42
72,Newsdata,https://www.tv9marathi.com/maharashtra/pune/a-college-student-ended-his-life-by-jumping-into-khadakwasla-dam-in-pune-1256385.html,"कॉलेज तरुणाने धरणाजवळ सेल्फी काढला,अन् धरणात झेप घेत स्वत:ला संपविले",स्वतःचा फोटो काढून तो व्हॉट्सअपवर नातेवाईकांना पाठवून एका महाविद्यालयीन युवकाने धरणात उडी मारुन स्वत:ला संपविण्याची धक्कादायक घटना गुरुवारी उघडकीस आली आहे...,2024-08-22 15:38:07,https://images.tv9marathi.com/wp-content/uploads/2024/08/New-Project-2024-08-22T210619.381.jpg,tv9marathi,2.2560688718189855e-120,0,21,241,2,4
73,Newsdata,https://www.opindia.com/2024/08/media-across-the-world-identifies-us-based-sexual-predator-dr-oumair-aejaz-as-indian/,"The grooming gang conundrum: Why for the media, Muslim perpetrators preying on young non-Muslim girls abroad always become ‘Indian’ and ‘Asian’","Ironically, Muslims who overtly assert their religiosity in anything and everything do not want the criminals and terrorists carrying out religiously motivated attacks on non-Muslims to be associated with Islam. However, these very people prioritise Islam over the country as was recently said by an Islamist maulana on national television.",2024-08-22 14:33:56,https://i0.wp.com/www.opindia.com/wp-content/uploads/2024/08/oumair-aejaz-media.jpg?fit=696%2C398&ssl=1,opindia,5.590481512565898e-05,94,175,587,50,276
74,Newsdata,https://www.opindia.com/2024/08/cbi-seeks-courts-permission-for-polygraph-test-on-rg-kar-medical-colleges-ex-principal-sandip-ghosh/,RG Kar Hospital rape-murder case: CBI seeks High Court’s permission for polygraph test on ex-Principal Sandip Ghosh & 4 other doctors,"The Central Bureau of Investigation on Thursday approached Kolkata High Court for permission to conduct a polygraph test on RG Kar Medical College and Hospital's ex-principal, Dr Sandip Ghosh, and four doctors",2024-08-22 14:10:44,https://i0.wp.com/www.opindia.com/wp-content/uploads/2024/08/sandip-ghosh-cbi-polygraph.jpg?fit=696%2C411&ssl=1,opindia,9.46084817710953e-07,9,22,169,13,65
75,Newsdata,https://www.mid-day.com/mumbai/mumbai-crime-news/article/badlapur-sexual-assault-case-maharashtra-nine-year-old-girl-sexually-assaulted-in-ambernath-one-held-23378879,"Nine-year-old girl raped in Ambernath, one held","The police said, the incident took place when the minor girl went to a public toilet in the area",2024-08-22 12:43:18,https://images.mid-day.com/images/images/2024/aug/accused-minor-rape-navneet_d.jpg,mid_day,2.963873403757369e-06,8,13,71,6,42
76,Newsdata,https://www.opindia.com/2024/08/madhya-pradesh-bulldozer-action-mob-pelted-stones-at-chhatarpur-police-during-protest-against-ramgiri-maharaj/,Madhya Pradesh: Bulldozer action against accused from Muslim mob that pelted stones at Chhatarpur police during protest against Ramgiri Maharaj,The police registered a case against 150 people involved in the ruckus after the orders were issued by CM Mohan Yadav. The FIR includes 50 named and 100 other people who pelted stones at the police station injuring two officers.,2024-08-22 11:25:50,https://i0.wp.com/www.opindia.com/wp-content/uploads/2024/08/BeFunky-collage-2024-08-22T152003.994.jpg?fit=696%2C398&ssl=1,opindia,1.0645993680031325e-08,14,38,202,16,92
77,Newsdata,https://www.mid-day.com/mumbai/mumbai-crime-news/article/thane-crime-four-booked-for-molesting-woman-assaulting-her-male-friends-23378750,"Thane crime: Four booked for molesting woman, assaulting her male friends","The incident took place around 12.30 am on Wednesday when the complainant was travelling in a car with her two male friends, the official said",2024-08-22 09:47:42,https://images.mid-day.com/images/images/2024/aug/Booked_d.jpg,mid_day,0.9870342794685304,21,15,149,24,95
78,Newsdata,https://www.mid-day.com/mumbai/mumbai-crime-news/article/badlapur-sexual-assault-case-shocking-cannot-compromise-on-safety-security-of-girls-bombay-hc-23378737,Badlapur sexual assault case shocking; can`t compromise on safety of girls: HC,The court had taken suo motu cognisance of the incident where two four-year-old girls were sexually assaulted inside the school`s washroom at Badlapur in Thane district by a male attendant on August 12 and 13. The FIR in the Badlapur sexual assault case was registered only on August 16 and the accused was arrested a day later,2024-08-22 09:12:04,https://images.mid-day.com/images/images/2024/aug/PTI08_20_2024_000287B_d.jpg,mid_day,1.5349999331709557e-15,57,48,278,21,204
79,Newsdata,https://timesofindia.indiatimes.com/city/surat/crane-collapses-on-bungalow-in-surat-metro-project-accident/articleshow/112723578.cms,Crane from metro project crashes down on bungalow,,2024-08-22 23:18:29,"https://static.toiimg.com/photo/msid-112723576,imgsize-131662.cms",toi,8.898954637326484e-82,12,22,160,3,68
80,Newsdata,https://timesofindia.indiatimes.com/city/surat/man-faces-4th-fir-for-harassing-woman/articleshow/112723003.cms,Man faces 4th FIR for harassing woman,,2024-08-22 23:04:04,"https://static.toiimg.com/photo/msid-112722998,imgsize-5090.cms",toi,0.9999531310263843,26,18,150,30,92
81,Newsdata,https://www.mid-day.com/mumbai/mumbai-crime-news/article/mumbai-auto-driver-assaulted-by-local-thugs-with-beer-bottle-in-juhu-23379287,Mumbai: Auto driver assaulted by local thugs with beer bottle in Juhu,"The victim a 41-year-old auto driver from Goregaon, had come to Vile Parle West with his wife to visit his sister",2024-08-23 04:24:25,https://images.mid-day.com/images/images/2024/aug/AssualtNewRepiStock_d.jpg,mid_day,0.9999730807861124,18,16,125,28,77
82,Newsdata,https://www.opindia.com/2024/08/assam-massive-protests-erupt-in-dhing-after-three-men-gang-rape-a-minor-girl/,"Assam: Massive protests erupt in Dhing after three men gang-rape a minor girl, dump her naked and unconscious on the road, one accused Tafazzul Islam arrested","A 14-yerar-old girl was gang-raped by three men on Thursday evening in Dhing in Nagaon district, one accused Tafazzul Islam arrested",2024-08-23 08:25:54,https://i0.wp.com/www.opindia.com/wp-content/uploads/2024/08/Dhing-gang-rape-assam-2024-08-23-13-45-05.jpg?fit=696%2C377&ssl=1,opindia,0.31689762732036025,17,32,141,21,90
83,Newsdata,https://www.opindia.com/2024/08/badlapur-assault-case-sit-registers-fir-against-school-authorities/,Badlapur sexual assault case: SIT registers FIR against school authorities for not complying with POCSO norms,"The special investigation team (SIT) for Badlapur sexual assault against minors has registered an FIR against the school authorities, for not complying with the provisions of section 19 of the POCSO Ac",2024-08-23 07:41:49,https://i0.wp.com/www.opindia.com/wp-content/uploads/2024/08/badlapur-school-assault.jpg?fit=668%2C349&ssl=1,opindia,5.377667149982924e-70,18,17,140,3,64
84,Newsdata,https://tv9telugu.com/national/nepal-bus-accident-40-indians-died-in-the-bus-that-fell-into-the-marsyangdi-river-in-tanahun-district-1332999.html,Nepal Bus Accident: నేపాల్‌లో ఘోర ప్రమాదం.. నదిలో పడిపోయిన బస్సు.. 40మంది భారతీయుల గల్లంతు!,నేపాల్‌లో ఘోర ప్రమాదం జరిగింది. 40 మంది భారతీయులతో వెళ్తున్న బస్సు నదిలో పడిపోయింది. స్థానికుల సమాచారం మేరకు ఘటనాస్థలానికి చేరుకున్న అధికారులు సహాయక చర్యలు చేపట్టారు.,2024-08-23 07:19:46,https://images.tv9telugu.com/wp-content/uploads/2024/08/nepal-bus-accident.jpg,tv9telugu,0.999999902706107,1,12,108,0,9
85,Newsdata,https://www.opindia.com/2024/08/delhi-excise-policy-case-cbi-obtains-sanction-to-prosecute-cm-arvind-kejriwal/,"CBI obtains sanction to prosecute Delhi CM Arvind Kejriwal in Excise Policy case, says he is politically sensationalising the case",The Central Bureau of Investigation (CBI) has obtained the required sanction to prosecute Delhi Chief Minister Arvind Kejriwal in the Delhi Excise policy case,2024-08-23 14:28:59,https://i0.wp.com/www.opindia.com/wp-content/uploads/2024/08/Kejriwal-CBI-Sanction-prosecute.jpg?fit=696%2C392&ssl=1,opindia,2.643315668875001e-11,13,21,197,16,95
86,Newsdata,https://www.opindia.com/2024/08/badlapur-sexual-abuse-two-minors-assaulted-multiple-times-in-last-15-days-preliminary-report/,"Badlapur sexual abuse: Two minors were assaulted multiple times in last 15 days, preliminary report reveals",The preliminary report in the Badlapur sexual abuse found that the two minors were assaulted multiple times over the last 15 days.,2024-08-23 12:18:47,https://i0.wp.com/www.opindia.com/wp-content/uploads/2024/08/Small-teen-child-stand-against-discrimination-or-school-abuse-1642x900-1.jpg?fit=696%2C382&ssl=1,opindia,6.727045441979085e-12,10,25,100,7,52
87,Newsdata,https://www.mid-day.com/mumbai/mumbai-crime-news/article/mumbai-mother-catches-31-year-old-trying-to-rape-her-two-year-old-daughter-23379890,Mumbai: Mother catches 31-year-old trying to rape her two-year-old daughter,Nirbhaya squad encourages woman to file FIR against predator who is a known sexual offender in Kandivli,2024-08-24 02:34:48,https://images.mid-day.com/images/images/2024/aug/Mother-catches_d.jpg,mid_day,1.1564592230148778e-05,13,24,198,22,102
88,Newsdata,https://timesofindia.indiatimes.com/city/surat/21-year-old-woman-gang-raped-under-guise-of-ritual/articleshow/112752440.cms,21-year-old gang-raped under guise of ritual,,2024-08-23 23:49:08,"https://static.toiimg.com/photo/msid-112752440,imgsize-.cms",toi,0.9384922349489033,19,32,142,21,96
89,Newsdata,https://timesofindia.indiatimes.com/city/surat/demand-for-state-textile-policy-in-surat/articleshow/112752313.cms,Demand for state textile policy grows louder in city,,2024-08-23 23:39:11,"https://static.toiimg.com/photo/msid-112752311,imgsize-208844.cms",toi,4.748654930574175e-09,24,36,175,14,88
90,Newsdata,https://timesofindia.indiatimes.com/city/surat/surat-girl-secures-air-1-in-cma-intermediate-exam/articleshow/112752117.cms,Surat girl secures AIR 1 in CMA intermediate exam,,2024-08-23 23:25:19,"https://static.toiimg.com/photo/msid-112752113,imgsize-49030.cms",toi,4.73576685132344e-42,6,19,155,4,45
91,Newsdata,https://timesofindia.indiatimes.com/city/surat/man-loses-75k-to-honeytrap-gang/articleshow/112751900.cms,Man loses ₹75k to honeytrap gang,,2024-08-23 23:19:40,"https://static.toiimg.com/photo/msid-112751897,imgsize-6476.cms",toi,0.9997140371569259,16,20,154,29,82
92,Newsdata,https://timesofindia.indiatimes.com/city/surat/tribal-blockade-disrupts-vehicle-movements-to-nashik/articleshow/112751665.cms,Tribal blockade hits vehicle movements to Nashik,,2024-08-23 23:13:54,"https://static.toiimg.com/photo/msid-112751664,imgsize-60398.cms",toi,4.8914334573096534e-08,6,15,91,8,47
93,Newsdata,https://malayalam.news18.com/news/crime/sivaraman-who-organises-fake-ncc-camp-where-he-raped-minor-girls-ends-life-rv-686087.html,വ്യാജ എൻസിസി ക്യാമ്പ് സംഘടിപ്പിച്ച് പെണ്‍കുട്ടികളെ ലൈംഗികാതിക്രമത്തിനിരയാക്കിയ കേസില്‍ മുഖ്യപ്രതി മരിച്ചനിലയില്‍,ഇതിനിടെ ശിവരാമന്റെ അച്ഛൻ വ്യാഴാഴ്ച രാത്രി റോഡപകടത്തിൽ മരിച്ചിരുന്നു. മദ്യപിച്ച് ഇരുചക്രവാഹനം ഓടിച്ച് അപകടത്തിൽപെടുകയായിരുന്നുവെന്ന് പൊലീസ് പറഞ്ഞു,2024-08-23 16:33:02,https://images.news18.com/malayalam/uploads//2024/08/sivaraman-2024-08-cc1bf76c29d6fac646a6eb009c42305e-3x2.jpg,malayalam_news18,6.660589275144221e-69,1,18,156,2,10
94,Newsdata,https://www.mid-day.com/mumbai/mumbai-crime-news/article/bhiwandi-court-sets-aside-mans-conviction-in-abetment-to-suicide-case-23380035,Bhiwandi court sets aside man`s conviction in abetment to suicide case,The Bhiwandi court set aside the Thane sessions court`s 2015 order convicting Bhaskar Dhavalu Gavit (40) and sentencing him to four years of rigorous imprisonment for abetting a man`s suicide,2024-08-24 09:39:47,https://images.mid-day.com/images/images/2024/aug/Judgement-2_d.jpg,mid_day,7.461857219363276e-20,11,18,162,11,94
95,Newsdata,https://tv9gujarati.com/mumbai/mumbai-dating-scam-crime-andheri-west-the-godfather-club-in-mumbai-dating-app-fraud-61000-rupees-were-robbed-from-the-men-1080980.html,"Mumbai Dating Scam : મુંબઈમાં ચાલી રહ્યું છે ડેટિંગ સ્કેમ, મહિલાઓ ડેટિંગ માટે આમંત્રણ આપે છે, બિલના નામે પુરૂષો પાસેથી 61000 રૂપિયાની લૂંટ",Mumbai Dating Scam : ડેટિંગના નામે પુરુષોને લૂંટવામાં આવી રહ્યા છે. આ સ્ટોરી એક ફિલ્મ જેવી છે. મહિલાઓ ડેટિંગ એપ દ્વારા પુરુષોને ડેટ માટે ક્લબમાં આમંત્રિત કરે છે. તે મોંઘો દારૂ મંગાવે છે અને પુરૂષોને આખું બિલ ચૂકવવા માટે મજબૂર કરે છે. આ સમગ્ર મામલો મુંબઈના અંધેરી વેસ્ટમાં સ્થિત 'ધ ગોડફાધર ક્લબ'નો છે. જે તાજેતરમાં ડેટિંગ એપ કૌભાંડના આરોપોને કારણે તપાસ હેઠળ આવી છે.,2024-08-24 08:07:04,https://images.tv9gujarati.com/wp-content/uploads/2024/08/Mumbai-Dating-Scam.jpg,tv9gujarati,0.9999999998990352,0,16,183,0,6
96,Newsdata,https://timesofindia.indiatimes.com/city/surat/rapier-jacquard-weavers-association-to-publish-list-of-defaulters/articleshow/112773255.cms,Rapier Jacquard weavers to publish list of defaulters,,2024-08-24 23:35:15,"https://static.toiimg.com/photo/msid-112773254,imgsize-274030.cms",toi,2.483714629271667e-07,13,42,181,18,93
97,Newsdata,https://timesofindia.indiatimes.com/city/surat/heavy-rainfall-and-water-discharge-alert-in-surat/articleshow/112773151.cms,"1.23L cusecs being released from Ukai, Surat on alert",,2024-08-24 23:27:31,"https://static.toiimg.com/photo/msid-112773150,imgsize-28618.cms",toi,5.048940737680639e-93,10,27,187,3,76
98,Newsdata,https://timesofindia.indiatimes.com/city/surat/sgcci-raises-concerns-about-issues-at-surat-international-airport/articleshow/112772482.cms,SGCCI raises concerns about issues at city airport,,2024-08-24 23:06:22,"https://static.toiimg.com/photo/msid-112772478,imgsize-50008.cms",toi,3.710248195603782e-29,18,37,194,8,91
99,Newsdata,https://www.opindia.com/2024/08/punjab-2-assailants-open-fire-at-nri-in-front-of-his-wife-and-kids-at-his-amritsars-residence/,Punjab: 2 assailants open fire at NRI in front of his wife and kids at his Amritsar’s residence; incident caught on CCTV cameras,"In the video which is going viral on social media, Singh’s family members including his wife and two children from his first marriage can be seen pleading before the assailants to spare Singh’s life.",2024-08-24 15:33:48,https://i0.wp.com/www.opindia.com/wp-content/uploads/2024/08/Untitled-design-27-1.jpg?fit=696%2C398&ssl=1,opindia,0.7435179915688443,30,46,446,50,162
100,Newsdata,https://www.mid-day.com/mumbai/mumbai-crime-news/article/maharashtra-7-year-old-girl-sexually-assaulted-by-canteen-boy-at-private-school-in-palghar-suspect-held-23380217,Minor girl sexually assaulted by canteen boy at school in Palghar,"The headmaster of the school intimated the Naigaon police and a case was registered against the suspect, an official said",2024-08-24 14:45:05,https://images.mid-day.com/images/images/2024/aug/Police-rep-iStock_d.jpg,mid_day,1.0860614319325827e-06,14,24,166,15,81
143,Newsdata,https://timesofindia.indiatimes.com/city/surat/man-arrested-for-raping-friends-3-yr-old-daughter/articleshow/112880338.cms,Man arrested for raping friend’s 3-yr-old daughter,,2024-08-28 23:44:53,"https://static.toiimg.com/photo/msid-112880336,imgsize-102220.cms",toi,0.0009167793150993037,15,33,172,23,101
101,Newsdata,https://www.mid-day.com/mumbai/mumbai-crime-news/article/maharashtra-51-year-old-man-found-murdered-in-his-house-in-palghar-district-23380224,"Palghar: 51-year-old man found killed in his house, cops launch probe","The murder case came to light after one of the sons called him and got no response, an official said",2024-08-24 14:45:04,https://images.mid-day.com/images/images/2024/aug/crime-scene_d.jpg,mid_day,0.9708366889449257,6,12,120,21,77
102,Newsdata,https://www.opindia.com/2024/08/nia-chargesheets-social-media-influencer-bobby-kataria-in-human-trafficking-case-involving-chinese-companies/,NIA chargesheets social media influencer Bobby Kataria and his associate in human trafficking case involving Chinese companies that forced victims into cybercrime,"The National Investigation Agency (NIA) on Saturday chargesheeted two accused including bodybuilder and social media influencer Bobby Kataria, in an organised human trafficking case involving Chinese companies",2024-08-24 14:25:39,https://i0.wp.com/www.opindia.com/wp-content/uploads/2024/08/Bobby-Kataria-chargesheet-NIA-human-trafficing.jpg?fit=696%2C370&ssl=1,opindia,2.0712023675236963e-06,16,29,159,15,90
103,Newsdata,https://malayalam.news18.com/news/crime/kolkata-woman-doctor-murder-case-accused-sanjay-roy-cctv-footage-out-rv-686297.html,ഡോക്ടറുടെ ബലാത്സംഗക്കൊല: ആശുപത്രിയിൽ വരുന്നതിനുമുൻപ് പ്രതി മദ്യപിച്ചു; അനാശാസ്യകേന്ദ്രങ്ങളിലെത്തി,പുലർച്ചെ 1.30നാണ് പ്രതി ആശുപത്രിയിൽ എത്തുന്നത്. അതിനു മുൻപ് കൊൽക്കത്തയിലെ രണ്ട് അനാശാസ്യ കേന്ദ്രങ്ങളിൽ പ്രതി പോയിരുന്നു.,2024-08-24 12:49:40,https://images.news18.com/malayalam/uploads//2024/08/kolkata-woman-doctor-murder-accused-2024-08-b99b3a69f94f775ce2c9392b285b2991-3x2.jpg,malayalam_news18,2.2558622315221792e-07,3,18,148,0,6
104,Newsdata,https://www.opindia.com/2024/08/30-organisations-issue-deadline-to-miya-muslims-to-leave-upper-assam-within-7-days/,"30 organisations issue deadline to Miya Muslims to leave upper Assam within 7 days after the Dhing rape case, Congress MLA challenges them","Following the horrific rape of a minor girl in Dhing in Assam by three youths from the Muslim community, several organisations have issued ultimatum to Miya Muslims to leave Upper Assam in 7 days",2024-08-25 09:10:53,https://i0.wp.com/www.opindia.com/wp-content/uploads/2024/08/Sivasagar-miya-muslims-7-day.jpg?fit=696%2C356&ssl=1,opindia,5.632425281264893e-09,13,29,144,14,66
105,Newsdata,https://malayalam.news18.com/news/crime/woman-attempts-to-sell-stolen-gold-chain-in-another-place-gets-caught-mm-686407.html,മൂന്നാറിൽ നിന്നും മോഷ്‌ടിച്ച സ്വർണമാല അടിമാലിയില്‍ വിൽക്കാൻ ശ്രമം; ട്വിസ്റ്റ്,മോഷ്ടിച്ച മാല മറ്റൊരിടത്ത് വില്‍പ്പന നടത്തുകയെന്ന ലക്ഷ്യത്തോടെ പ്രതി അടിമാലിയില്‍ എത്തി. ടൗണിലെ ഒരു സ്വര്‍ണ്ണ വ്യാപാരശാലയില്‍ എത്തി...,2024-08-25 09:32:06,https://images.news18.com/malayalam/uploads//2024/08/jewellery-2024-08-525fe66ccdac378f74e332e2ceb84df0-3x2.jpg,malayalam_news18,3.681150431084616e-128,0,15,140,1,5
106,Newsdata,https://www.opindia.com/2024/08/kolkata-rape-and-murder-case-prime-suspect-takes-u-turn-before-sanjay-roy-takes-u-turn-before-polygraph-test-claims-innocence-in-rg-kar-rape-and-murder-case-test/,"Kolkata rape and murder case: Prime suspect Sanjoy Roy takes U-turn before polygraph test, claims he has been framed","Sanjay Roy initially confessed to the crime after his arrest. However, hours before the scheduled polygraph test, he reversed his stance, claiming innocence in the case. He is currently held in solitary confinement under tight security with CCTV surveillance. Roy has asserted that he was framed in the case.",2024-08-25 11:39:13,https://i0.wp.com/www.opindia.com/wp-content/uploads/2024/08/kar.jpg?fit=696%2C398&ssl=1,opindia,0.005136449842487237,14,37,150,19,70
107,Newsdata,https://www.siasat.com/boiler-blast-in-jalna-steel-factory-one-of-22-injured-workers-dies-in-hospital-3084793/,Boiler blast in Jalna steel factory: One of 22 injured workers dies in hospital,"Jalna: One of the 22 workers injured in a boiler blast in a steel factory in Jalna in Maharashtra succumbed to burn wounds at a private hospital in Chhatrapati Sambhajinagar on Sunday, an official said. The blast took place in Gaj Kesari Steel Factory in Jalna’s MIDC area on Saturday afternoon, leaving 22 workers injured, ...Get the latest updates in Hyderabad City News, Technology, Entertainment, Sports, Politics and Top Stories on WhatsApp & Telegram by subscribing to our channels. You can also download our app for Android and iOS.",2024-08-25 13:29:59,https://cdn.siasat.com/wp-content/uploads/2022/09/Blast-1.jpg,siasat,8.798505719277128e-14,7,10,116,7,40
108,Newsdata,https://www.opindia.com/2024/08/over-300-islamist-booked-for-raising-sar-tan-se-juda-slogans-against-ramgiri-maharaj/,Maharashtra: Pune Police book over 300 individuals after an Islamist mob gheraoed Collector’s office and raised ‘Sar Tan Se Juda’ slogans against Ramgiri Maharaj,"During the march, the Islamist protestors demanded Sar tan se Juda [beheading] punishment for Ramgiri Maharaj for his recent remarks during a sermon in Nashik’s Sinnar region.",2024-08-25 15:31:10,https://i0.wp.com/www.opindia.com/wp-content/uploads/2024/08/Pune-Muslims-protests-FIR.jpg?fit=696%2C406&ssl=1,opindia,1.2763533214142164e-16,14,25,194,10,62
109,Newsdata,https://www.opindia.com/2024/08/tripura-temple-desecrated-idol-vandalised-communal-tension-prevails/,"Idol of Goddess Kali found beheaded: Tripura witnesses communal violence over temple desecration, houses and vehicles set on fire","In the meantime, the local administration has imposed a 48-hour curfew under Section 163 of the Bharatiya Nagarik Suraksha Sanhita (BNSS).",2024-08-26 11:55:47,https://i0.wp.com/www.opindia.com/wp-content/uploads/2024/08/tripura-idol-desecration-vandalism.jpg?fit=696%2C398&ssl=1,opindia,3.1890610131799337e-158,6,17,117,1,38
132,Newsdata,https://www.siasat.com/hyderabad-hotel-owner-booked-for-installing-hidden-cameras-in-oyo-rooms-3086219/,Hyderabad OYO hotel owner booked for installing hidden cameras,"Hyderabad: A 30-year-old hotel owner was arrested on charges of spying, blackmailing and extorting money from young couples by threatening to expose their intimate videos. According to Rajiv Gandhi International Airport circle inspector K Balraju, the incident occurred in Hotel Sita Grand, which is affiliated with OYO rooms. Police said the accused Pothuri Ganesh installed ...Get the latest updates in Hyderabad City News, Technology, Entertainment, Sports, Politics and Top Stories on WhatsApp & Telegram by subscribing to our channels. You can also download our app for Android and iOS.",2024-08-28 11:04:00,https://cdn.siasat.com/wp-content/uploads/2024/08/Untitled-design-58.jpg,siasat,2.152819359791536e-25,8,26,130,6,71
144,Newsdata,https://timesofindia.indiatimes.com/city/surat/transporter-defrauds-bank-sells-off-pledged-properties/articleshow/112879352.cms,"Transporter defrauds bank, sells off pledged properties",,2024-08-28 23:09:23,"https://static.toiimg.com/photo/msid-112879350,imgsize-28034.cms",toi,1.1674378855261572e-09,11,15,162,13,81
110,Newsdata,https://tv9telugu.com/national/three-people-died-after-a-truck-ran-over-a-footpath-in-the-shastri-park-area-delhi-1335074.html,అతివేగంతో అదుపు తప్పిన ట్రక్కు.. ఫుట్‌పాత్‌పై నిద్రిస్తున్న వారిని బలితీసుకుంది.. డ్రైవర్‌ పరార్,సమాచారం అందుకున్న స్థానిక పోలీసులు పోస్టుమార్టం నిమిత్తం ఆసుపత్రికి తరలించారు. క్షతగాత్రులను చికిత్స కోసం తరలించారు. ఈ మేరకు కేసు నమోదు చేసి దర్యాప్తు చేపట్టినట్లు పోలీసులు వెల్లడించారు. మృతులను గుర్తిస్తున్నట్లు పోలీసు అధికారి తెలిపారు. నిందితుడి గాలిస్తున్నట్టుగా చెప్పారు. పరిసర ప్రాంతాల్లోని సీసీటీవీ ఫుటేజీలను పరిశీలిస్తున్నారు.,2024-08-26 07:02:35,https://images.tv9telugu.com/wp-content/uploads/2024/08/shastri-park-road-accident.jpg,tv9telugu,0.9364780264438781,2,18,149,0,9
111,Newsdata,https://www.mid-day.com/mumbai/mumbai-crime-news/article/mumbai-2-held-for-stealing-phone-worth-rs-70000-23381222,"Mumbai: 2 held for stealing phone worth Rs 70,000",The theft came to light when Pankaj Devrey (21) approached the police station on August 21 and stated that his phone had been stolen.,2024-08-26 15:29:00,https://images.mid-day.com/images/images/2024/aug/phone-theft-accused_d.jpg,mid_day,4.5064548718803905e-11,7,2,102,8,66
112,Newsdata,https://www.mid-day.com/mumbai/mumbai-crime-news/article/thane-1-chain-snatcher-arrested-10-cases-solved-23381336,"Thane: 1 chain snatcher arrested, 10 cases solved",The habitual criminal has been booked in 45 cases of chain snatching in and outside the state,2024-08-26 18:48:22,https://images.mid-day.com/images/images/2024/aug/thane-police-chain-snatching_d.jpg,mid_day,1.0928161343481496e-15,8,22,151,11,84
113,Newsdata,https://www.mid-day.com/mumbai/mumbai-crime-news/article/mumbai-27-year-old-man-arrested-for-stealing-sports-bikes-23381342,Mumbai: 27-year-old man arrested for stealing sports bikes,The accused learnt how to unlock a bike without using keys and would target sellers on apps like OLX,2024-08-26 18:48:21,https://images.mid-day.com/images/images/2024/aug/arrest2_d.jpg,mid_day,0.5453546910668363,10,10,95,16,59
114,Newsdata,https://www.mid-day.com/mumbai/mumbai-crime-news/article/mumbai-how-human-intelligence-cracked-mystery-of-body-in-bag-23381343,Mumbai: How human intelligence cracked mystery of body in bag,"According to police, Mankhurd woman was killed by her husband, brother-in-law and lover",2024-08-26 18:48:21,https://images.mid-day.com/images/images/2024/aug/police-team-mankhurd-murder_d.jpg,mid_day,0.9801468839849101,27,29,233,36,125
115,Newsdata,https://www.opindia.com/2024/08/conspiracy-to-derail-vande-bharat-express-in-rajasthans-pali-miscreants-placed-cement-block-on-track/,"Conspiracy to derail Vande Bharat Express in Rajasthan’s Pali: Miscreants placed cement block on track, case registered to probe sabotage attempt",The CPRO emphasised that the cement block was deliberately placed on the track to cause an accident.,2024-08-27 04:59:24,https://i0.wp.com/www.opindia.com/wp-content/uploads/2024/08/Untitled-design-42-1.jpg?fit=696%2C398&ssl=1,opindia,3.364804339019628e-31,28,40,278,10,129
116,Newsdata,https://www.mid-day.com/mumbai/mumbai-crime-news/article/corruption-case-hc-division-bench-recuses-from-hearing-mumbai-excop-sachin-wazes-bail-plea-23381552,HC bench recuses from hearing Mumbai ex-cop Sachin Waze`s bail plea,"The division bench had heard the petition earlier this month. At that time, they indicated they would consider the request for interim bail before proceeding to a final hearing on the petition. However, during Tuesday’s proceedings, one of the judges announced her recusal from the case, citing the involvement of Anil Deshmukh in it",2024-08-27 09:11:54,https://images.mid-day.com/images/images/2024/aug/Sachin-Waze-file_d_d_d_d_d.jpg,mid_day,8.149927607399705e-05,19,30,181,18,84
117,Newsdata,https://www.mid-day.com/mumbai/mumbai-crime-news/article/maharashtra-16-year-old-girl-raped-by-father-multiple-times-in-badlapur-accused-on-the-run-23381615,Teenage girl raped by father in Badlapur; accused on the run,"The accused used to beat up his minor daughter frequently and raped her several times. An operation has been launched to trace and nab him, an official said",2024-08-27 10:57:45,https://images.mid-day.com/images/images/2024/aug/Police-rep-iStock_d.jpg,mid_day,0.015661380745095686,11,22,132,18,76
118,Newsdata,https://www.opindia.com/2024/08/uttarakhand-police-warns-against-fake-news-about-death-of-alleged-beef-smuggler/,"Death of beef smuggler painted as ‘lynching by a Hindu mob’, Uttarakhand Police warns against spreading fake news",Three people have alredy been booked by the Uttarakhand Police for spredaing fake news over the incident.,2024-08-27 08:22:14,https://i0.wp.com/www.opindia.com/wp-content/uploads/2024/08/image-700x400-27.png?fit=696%2C398&ssl=1,opindia,0.00013458532748608212,20,35,254,23,115
119,Newsdata,https://tv9telugu.com/trending/parking-dispute-between-2-families-turns-violent-in-noida-sector-72-6-held-watch-viral-vedeo-1336363.html,Watch: కారు పార్కింగ్ కోసం పెద్ద యుద్ధమే చేశారు.. మరీ ఇంత అవసరమా.. వైరల్ వీడియో,సోషల్ మీడియాలో ప్రతిరోజూ ఎన్నో వీడియోలు వైరల్ అవుతుంటాయి.. తాజాగా.. రెండు కుటుంబాల గొడవకు సంబంధించిన వీడియో వైరల్ అవుతోంది.. దీనిలో కారు పార్కింగ్ విషయంలో రెండు కుటుంబాలు ఘర్షణ పడ్డాయి.. చూస్తుండగానే ఈ వివాదం హింసాత్మకంగా మారింది.,2024-08-27 14:33:30,https://images.tv9telugu.com/wp-content/uploads/2024/08/viral-video-57.jpg,tv9telugu,1.2990574868332414e-25,3,12,134,4,11
142,Newsdata,https://malayalam.news18.com/news/crime/young-man-complains-of-sexual-harassment-against-director-ranjith-mm-687046.html,സംവിധായകൻ രഞ്ജിത്തിനെതിരെ യുവാവിന്റെ ലൈംഗികാതിക്രമണ പരാതി,2012ൽ ബംഗളൂരുവിലെ ഒരു പഞ്ചനക്ഷത്ര ഹോട്ടലിൽ വച്ച് രഞ്ജിത്ത് തന്നെ ലൈംഗികമായി ചൂഷണം ചെയ്‌തെന്ന് യുവാവ്,2024-08-29 01:25:06,https://images.news18.com/malayalam/uploads//2024/08/ranjith-2024-08-707026a21007698c5fe6c0315e4e4019-3x2.jpg,malayalam_news18,2.934075985843746e-104,3,27,226,2,7
145,Newsdata,https://timesofindia.indiatimes.com/city/surat/man-held-for-raping-friends-3-yr-old-daughter/articleshow/112872887.cms,Man held for raping friend’s 3-yr-old daughter,,2024-08-28 15:31:00,"https://static.toiimg.com/photo/msid-112872887,imgsize-.cms",toi,0.9587695794042427,11,24,110,22,65
120,Newsdata,https://tv9telugu.com/national/over-120-people-hospitalised-in-mathura-after-eating-food-made-of-buckwheat-flour-on-janmashtami-1336368.html,Janmashtami: కృష్ణాష్టమి పండక్కి వడలు తిని 120 మందికిపైగా అస్వస్థత.. 5 గ్రామాల ప్రజలు ఆస్పత్రిపాలు,"శ్రీ కృష్ణ జన్మాష్టమిని పురస్కరించుకొని పర్ఖామ్‌ గ్రామస్థులు స్థానిక దుకాణంలో బక్‌వీట్‌ అనే గోదుమలను పోలిన గింజల పిండిని కొనుగోలు చేశారు. ఆ పిండితో వడలు తయారు చేసుకొని తిన్నారు. వాటిని తిన్న కాసేపటికే చిన్నారులు, మహిళలు సహా సుమారు 120 మందికిపైగా తీవ్ర అస్వస్థతకు గురయ్యారు. వాంతులు, కడుపులో మంటతో ఇబ్బంది పడ్డారు. వెంటనే చికిత్స నిమిత్తం స్థానిక ఆసుపత్రుల్లో..",2024-08-27 14:32:26,https://images.tv9telugu.com/wp-content/uploads/2024/08/food-poisoning-1.jpg,tv9telugu,8.510598381398509e-145,1,16,160,1,5
121,Newsdata,https://www.mid-day.com/mumbai/mumbai-crime-news/article/badlapur-sexual-assault-case-sit-to-conduct-identification-parade-of-accused-23381819,Badlapur sexual assault case: SIT to conduct identification parade of accused,"The parade of the Badlapur sexual assault case assault will be conducted in the presence of the Executive Magistrate, where the survivors would be identifying the accused. After the identification of the accused, SIT has will prepare his psychological profile, which would help in further investigation",2024-08-27 15:37:10,https://images.mid-day.com/images/images/2024/aug/rape_d_d.jpg,mid_day,3.36504244662708e-25,11,30,147,7,70
122,Newsdata,https://www.mid-day.com/mumbai/mumbai-crime-news/article/nh48-murder-petrol-pump-owner-believed-missing-suspect-had-reformed-23381988,NH48 murder: Petrol pump owner believed missing suspect had reformed,"Driver Mukesh Khubchandani has a string of cases against him, from hoax calls to smuggling from 2011 to 2023",2024-08-28 02:01:57,https://images.mid-day.com/images/images/2024/aug/Petrol-pump-woner_d.jpg,mid_day,0.03453125062039923,10,23,192,24,90
123,Newsdata,https://www.mid-day.com/mumbai/mumbai-crime-news/article/mumbai-man-loses-rs-51-lakh-to-stock-market-fraud-23381989,Mumbai: Man loses Rs 51 lakh to stock market fraud,Complainant was lured by advertisements on social media that promised substantial profits on investments through tips shared in WhatsApp group,2024-08-28 02:01:54,https://images.mid-day.com/images/images/2024/aug/Man-loses-stock_d.jpg,mid_day,0.02480584154719186,10,19,145,16,81
124,Newsdata,https://www.mid-day.com/mumbai/mumbai-crime-news/article/ex-top-cop-sanjay-pandey-six-others-booked-in-thane-23381986,"Ex-top cop Sanjay Pandey, six others booked in Thane","The complaint was filed by Sanjay Punamia, a 58-year-old businessman from Marine Drive. According to Punamia, the alleged incidents occurred between May 2021 and June 2024 across Thane and other locations in Mumbai",2024-08-28 02:01:54,https://images.mid-day.com/images/images/2024/aug/pandy-poice_d.jpg,mid_day,5.560145110857603e-11,0,18,94,7,32
125,Newsdata,https://timesofindia.indiatimes.com/city/surat/two-doctors-defrauded-of-6-crore-in-ambulance-contract-scam/articleshow/112849757.cms,Two doctors lose ₹6cr to contract fraud,,2024-08-27 23:18:13,"https://static.toiimg.com/photo/msid-112849754,imgsize-5938.cms",toi,8.496718494383211e-07,9,30,221,22,106
126,Newsdata,https://timesofindia.indiatimes.com/city/surat/300-arrested-for-gambling-in-raids-at-48-places/articleshow/112849480.cms,300 arrested for gambling in raids at 48 places,,2024-08-27 23:11:00,"https://static.toiimg.com/photo/msid-112849478,imgsize-118916.cms",toi,4.178910345415417e-64,6,24,132,3,58
127,Newsdata,https://timesofindia.indiatimes.com/city/surat/women-create-five-tier-dahi-handi-tower-at-bhagal-surat/articleshow/112849444.cms,Women pull off five-tier Dahi Handi tower at Bhagal,,2024-08-27 23:09:55,"https://static.toiimg.com/photo/msid-112849442,imgsize-211156.cms",toi,1.6068241702306286e-27,13,48,211,8,91
128,Newsdata,https://www.washingtontimes.com/news/2024/aug/27/unit-in-south-africa-investigating-alleged-corrupt/,South Africa is investigating alleged corruption of more than $7B at top state-owned companies,"South Africa has active investigations into alleged corruption totaling more than $7 billion at some of its top state-owned companies, according to a report published Tuesday by the national anti-graft unit.",2024-08-27 17:43:53,https://twt-thumbs.washtimes.com/media/image/2024/08/27/South_Africa_Corruption_Inquiry_51970_s1440x1011.jpg,washingtontimes,2.0268633463321267e-14,13,55,195,10,73
129,Newsdata,https://www.opindia.com/2024/08/jodhpur-minor-girl-gangraped-at-mg-hospital-two-apprehended/,"Jodhpur horror: 15-year-old girl gang-raped in Mahatma Gandhi hospital, 4th such incident in the district within 24 hours",The two accused misled the girl and took her to an isolated area in the hospital after initiating a conversation with her.,2024-08-28 08:14:14,https://i0.wp.com/www.opindia.com/wp-content/uploads/2024/08/image-700x400-17.png?fit=696%2C398&ssl=1,opindia,0.9974815157792815,20,32,245,41,142
130,Newsdata,https://malayalam.news18.com/news/crime/female-actor-raised-groping-complaint-on-jayasurya-mm-686897.html,ഷൂട്ടിംഗ് സെറ്റിൽ വച്ച് കടന്നുപിടിച്ചു; ജയസൂര്യക്കെതിരെ വീണ്ടും പരാതി,തിരുവനന്തപുരം സ്വദേശിനിയായ യുവ നടി പ്രത്യേക അന്വേഷണ സംഘത്തിന് മുൻപാകെ പരാതി നൽകി,2024-08-28 06:06:17,https://images.news18.com/malayalam/uploads//2024/08/jayasurya-3-2024-08-60ec8df2ae4e7dd1daf669dd486d2099-3x2.jpg,malayalam_news18,4.18441535167181e-58,2,11,139,2,6
131,Newsdata,https://tv9kannada.com/crime/shocking-news-in-kannada-ratnagiri-auto-driver-rapes-nursing-student-after-giving-her-spiked-water-sct-891765.html,Crime News: ಆಟೋ ಹತ್ತಿದ ನರ್ಸಿಂಗ್ ವಿದ್ಯಾರ್ಥಿನಿಗೆ ಅಮಲು ಬರುವ ನೀರು ಕುಡಿಸಿ ಅತ್ಯಾಚಾರವೆಸಗಿದ ಚಾಲಕ,Shocking News: ದೇಶಾದ್ಯಂತ ದಿನದಿಂದ ದಿನಕ್ಕೆ ಅತ್ಯಾಚಾರ ಪ್ರಕರಣಗಳು ಹೆಚ್ಚಾಗುತ್ತಲೇ ಇವೆ. ಪಶ್ಚಿಮ ಬಂಗಾಳದಲ್ಲಿ ನಡೆದಿರುವ ವೈದ್ಯೆ ಮೇಲಿನ ಅತ್ಯಾಚಾರ ಪ್ರಕರಣವನ್ನು ವಿರೋಧಿಸಿ ದೇಶಾದ್ಯಂತ ಪ್ರತಿಭಟನೆ ನಡೆಯುತ್ತಿವೆ. ಇದರ ಬೆನ್ನಲ್ಲೇ ಮಹಾರಾಷ್ಟ್ರದ ರತ್ನಗಿರಿಯಲ್ಲಿ ಮತ್ತೊಂದು ಭಯಾನಕ ಅತ್ಯಾಚಾರ ಪ್ರಕರಣ ಬೆಳಕಿಗೆ ಬಂದಿದೆ.,2024-08-28 10:32:20,https://images.tv9kannada.com/wp-content/uploads/2024/08/auto-driver.jpg,tv9kannada,3.699833253852043e-20,1,14,136,4,13
133,Newsdata,https://tv9kannada.com/trending/bihar-woman-arrested-in-bihar-for-killing-3-year-old-daughter-to-marry-lover-kannada-news-mda-891802.html,Viral: ಪ್ರಿಯಕರನಿಗಾಗಿ ಹೆತ್ತ ಕಂದಮ್ಮನನ್ನೇ ಕೊಂದು ಮೃತದೇಹವನ್ನು ಸೂಟ್‌ಕೇಸ್‌ನಲ್ಲಿ ತುಂಬಿ ಪೊದೆಗೆ ಎಸೆದ ಪಾಪಿ ತಾಯಿ,"ಈ ಪ್ರಪಂಚದಲ್ಲಿ ಕೆಟ್ಟ ಮಕ್ಕಳು ಇರ್ಬೋದು ಆದ್ರೆ ಆದ್ರೆ ಕೆಟ್ಟ ತಾಯಿ ಇರಲು ಸಾಧ್ಯವೇ ಇಲ್ಲ ಎಂದು ಹೇಳ್ತಾರೆ. ಆದ್ರೆ ಇಲ್ಲೊಂದು ಇದಕ್ಕೆ ತದ್ವಿರುದ್ಧವಾದ ಘಟನೆ ನಡೆದಿದ್ದು, ಪ್ರಿಯಕರನೊಂದಿಗೆ ಕಾಲ ಕಳೆಯಲು ಮಗು ಅಡ್ಡಿಯಾಗುತ್ತೆ ಎಂಬ ಕಾರಣಕ್ಕೆ ಪಾಪಿ ತಾಯಿ ತನ್ನ ಪ್ರಿಯಕರನೊಂದಿಗೆ ಸೇರಿ ಕರುಳ ಕುಡಿಯನ್ನೇ ಕೊಂದು, ಮೃತ ದೇಹವನ್ನು ಸೂಟ್‌ಕೇಸ್‌ನಲ್ಲಿ ತುಂಬಿ ಪೊದೆಗೆ ಎಸೆದಿದ್ದಾಳೆ. ಈ ಆಘಾತಕಾರಿ ಪ್ರಕರಣದ ಸುದ್ದಿ ಇದೀಗ ಎಲ್ಲೆಡೆ ವೈರಲ್‌ ಆಗುತ್ತಿದೆ.",2024-08-28 11:03:40,https://images.tv9kannada.com/wp-content/uploads/2024/08/viral-video-in-kannada-5.jpg,tv9kannada,6.793353655721246e-122,0,14,130,1,6
134,Newsdata,https://punjabi.abplive.com/news/world/the-husband-kept-poisoning-his-wife-to-marry-his-daughter-he-did-this-12-times-post-goes-viral-816809,"Shocking: ਧੀ ਨਾਲ ਵਿਆਹ ਕਰਨ ਲਈ ਪਤਨੀ ਨੂੰ ਜ਼ਹਿਰ ਦਿੰਦਾ ਰਿਹਾ ਪਤੀ, 12 ਵਾਰ ਕੀਤੀ ਅਜਿਹੀ ਕਰਤੂਤ","Latest News: ਸੋਸ਼ਲ ਮੀਡੀਆ ਤੇ ਇੱਕ ਹੈਰਾਨ ਕਰਨ ਵਾਲੀ ਖਬਰ ਤੇਜ਼ੀ ਨਾਲ ਵਾਇਰਲ ਹੋ ਰਹੀ ਹੈ। ਜਿਸ ਨੇ ਇੰਟਰਨੈੱਟ ਉੱਪਰ ਤਰਥੱਲੀ ਮਚਾ ਦਿੱਤੀ ਹੈ। ਦਰਅਸਲ, ਇਹ ਖਬਰ ਅਮਰੀਕਾ ਦੇ ਇੰਡੀਆਨਾ ਸੂਬੇ ਤੋਂ ਸਾਹਮਣੇ ਆਈ ਹੈ। ਜਿੱਥੇ ਇੱਕ ਵਿਅਕਤੀ ਆਪਣੀ ਮਤਰੇਈ ਧੀ ਨਾਲ ਵਿਆਹ ਕਰਵਾਉਣ ਦੇ ਸੁਪਨੇ ਦੇਖ ਰਿਹਾ ਸੀ। ਇਸ ਦੇ ਲਈ ਉਹ ਆਪਣੀ ਪਤਨੀ ਨੂੰ ਰਸਤੇ ਤੋਂ ਹਟਾਉਣਾ ਚਾਹੁੰਦਾ ਸੀ। ਉਸਨੇ ਆਪਣੀ ਪਤਨੀ ਨੂੰ ਮਾਰਨ ਲਈ ਕਈ ਤਰੀਕੇ ਅਜ਼ਮਾਏ। ਪਰ ਉਸ ਨੂੰ ਸਫਲਤਾ ਨਹੀਂ ਮਿਲੀ। ਅਸਲ ਵਿੱਚ ਉਸ ਸ਼ਖਸ਼ ਨੇ ਕੋਕ/ਸ਼ਰਾਬ ਵਿਚ ਕੋਕੀਨ, MDMA (ਗੈਰ-ਕਾਨੂੰਨੀ ਤੌਰ 'ਤੇ ਨਿਰਮਿਤ ਡਰੱਗ) ਮਿਲਾ ਕੇ ਪਤਨੀ ਨੂੰ ਜ਼ਹਿਰ ਦਿੰਦਾ ਸੀ। ਉਸ ਦਾ ਮਨੋਰਥ ਆਪਣੀ ਪਤਨੀ ਦੀ ਧੀ ਨਾਲ ਵਿਆਹ ਕਰਵਾਉਣਾ ਸੀ। ਇਕ ਰਿਪੋਰਟ ਮੁਤਾਬਕ ਦੋਸ਼ੀ ਨੇ ਬੇਟੀ ਨੂੰ ਲੈ ਕੇ ਭੱਜਣ ਦੀ ਯੋਜਨਾ ਵੀ ਬਣਾਈ ਸੀ। ਦੋਸ਼ੀ ਦਾ ਨਾਂ ਅਲਫਰੇਡ ਡਬਲਿਊ ਰੁਫ ਹੈ। ਜਿਸਦੀ ਉਮਰ 71 ਸਾਲ ਹੈ।ਧੀ ਅਤੇ ਸਹੇਲੀ ਨੇ ਦਿੱਤਾ ਡਰੱਗਜ਼ਦੋਸ਼ੀ ਨੇ ਮੰਨਿਆ ਹੈ ਕਿ 2021 ਦੇ ਅੰਤ 'ਚ ਉਸ ਨੇ ਆਪਣੀ ਪਤਨੀ ਨੂੰ ਕਰੀਬ 12 ਵਾਰ ਜ਼ਹਿਰ ਦੇ ਕੇ ਮਾਰਨ ਦੀ ਕੋਸ਼ਿਸ਼ ਕੀਤੀ ਸੀ। ਰੂਫ ਨੇ ਸੋਮਵਾਰ ਨੂੰ ਯੂਐਸ ਦੀ ਵੇਨ ਕਾਉਂਟੀ ਕੋਰਟ ਵਿੱਚ ਆਪਣਾ ਗੁਨਾਹ ਕਬੂਲ ਕੀਤਾ। ਰੂਫ ਦੇ ਅਨੁਸਾਰ, ਮਤਰੇਈ ਧੀ ਅਤੇ ਉਸਦਾ ਇੱਕ ਦੋਸਤ ਸਾਜ਼ਿਸ਼ ਵਿੱਚ ਸ਼ਾਮਲ ਸੀ।An Indiana man reportedly poisoned his wife's Coke with cocaine, MDMA and benzos, trying to kill the woman so he could marry her daughter.Now, 71-year-old Alfred Ruf will spend the next 4 years behind bars.@FOX59 | @CBS4Indy https://t.co/wL1bwhreSf— joe schroeder (@joeboxd) August 26, 2024 ਜਿਸ ਨੇ ਆਪਣੀ ਪਤਨੀ ਦੇ ਡਰਿੰਕ 'ਚ ਨਸ਼ੀਲੇ ਪਦਾਰਥ ਮਿਲਾਉਣ ਲਈ ਮੁਹੱਈਆ ਕਰਵਾਏ ਸਨ। ਧੀ ਚਾਹੁੰਦੀ ਸੀ ਕਿ ਉਸਦੀ ਮਾਂ ਮਰ ਜਾਵੇ ਤਾਂ ਜੋ ਉਹ ਰੂਫ ਨਾਲ ਵਿਆਹ ਕਰ ਸਕੇ ਅਤੇ ਆਪਣੀ ਮਾਂ ਦੀ ਜੀਵਨ ਬੀਮਾ ਪਾਲਿਸੀ ਦੇ ਪੈਸੇ ਹੜੱਪ ਕਰ ਸਕੇ।ਰੂਫ ਨੇ ਮੰਨਿਆ ਹੈ ਕਿ ਉਹ ਜਾਣਦਾ ਸੀ ਕਿ ਨਸ਼ੇ ਅਤੇ ਹੌਲੀ ਜ਼ਹਿਰ ਉਸਦੀ ਪਤਨੀ ਨੂੰ ਮਾਰ ਦਏਗਾ। ਔਰਤ ਨੇ ਜਿਵੇਂ ਹੀ ਜ਼ਹਿਰੀਲਾ ਪਦਾਰਥ ਪੀਤਾ, ਉਹ 13 ਘੰਟੇ ਤੱਕ ਬੇਹੋਸ਼ ਹੋ ਗਈ। ਜਿਸ ਤੋਂ ਬਾਅਦ ਬੇਟੀ ਅਤੇ ਉਸਦੀ ਸਹੇਲੀ ਘਰ ਆ ਜਾਂਦੀਆਂ ਹਨ। ਉਹ ਇਕੱਠੇ ਸੈਕਸ ਕਰਦੇ ਸਨ, ਪਤਨੀ ਨੂੰ ਸ਼ੁਰੂ ਵਿੱਚ ਪਤਾ ਨਹੀਂ ਸੀ। ਪਰ ਜਦੋਂ ਉਸ ਨੂੰ 6 ਕੋਕ ਪੀ ਕੇ ਹਸਪਤਾਲ ਦਾਖਲ ਕਰਵਾਇਆ ਗਿਆ ਤਾਂ ਉਸ ਨੇ ਪੁਲਿਸ ਨੂੰ ਬੁਲਾ ਲਿਆ। ਕਿਉਂਕਿ ਡਾਕਟਰਾਂ ਦੀਆਂ ਰਿਪੋਰਟਾਂ ਵਿੱਚ ਦਵਾਈਆਂ ਦਾ ਖੁਲਾਸਾ ਹੋਇਆ ਸੀ। ਉਸ ਨੇ ਉਹ ਦਵਾਈਆਂ ਨਹੀਂ ਲਈਆਂ ਸਨ। ਸ਼ਰਾਬ ਦੇ ਗਲਾਸ ਵਿੱਚ ਮਿਲਿਆ ਸੀ ਜ਼ਹਿਰ ਔਰਤ ਨੂੰ ਬਿਨਾਂ ਕਿਸੇ ਕਾਰਨ ਸਿਰ ਦਰਦ, ਇਨਸੌਮਨੀਆ, ਡਾਇਰੀਆ ਆਦਿ ਸਮੱਸਿਆਵਾਂ ਸਨ। ਜਿਸ ਤੋਂ ਬਾਅਦ ਜਾਂਚ 'ਚ ਪਤਾ ਲੱਗਾ ਕਿ ਉਸ ਦੇ ਸਰੀਰ 'ਚ ਕੋਕੀਨ ਅਤੇ ਜ਼ਹਿਰ ਮਿਲਿਆ ਹੈ। ਜਿਸ ਨੂੰ ਔਰਤ ਨੇ ਸੇਵਨ ਨਹੀਂ ਕੀਤਾ। ਬਾਅਦ ਵਿੱਚ ਔਰਤ ਨੇ ਪੁਲਿਸ ਨੂੰ ਉਹ ਗਲਾਸ ਮੁਹੱਈਆ ਕਰਵਾਇਆ ਜਿਸ ਵਿੱਚ ਉਸਨੇ ਸ਼ਰਾਬ ਪੀਤੀ ਹੋਈ ਸੀ। ਜਿਸ ਵਿੱਚ ਪੁਲਿਸ ਨੂੰ ਜ਼ਹਿਰ ਮਿਲਿਆ ਹੈ। ਇਸ ਤੋਂ ਬਾਅਦ ਪਤੀ ਨੂੰ ਸ਼ੱਕ ਦੇ ਆਧਾਰ 'ਤੇ ਗ੍ਰਿਫਤਾਰ ਕਰ ਲਿਆ ਗਿਆ। ਪੁਲਿਸ ਨੇ ਦੱਸਿਆ ਕਿ ਮਤਰੇਈ ਧੀ ਅਤੇ ਉਸ ਦੇ ਦੋਸਤ ਨੂੰ ਗ੍ਰਿਫਤਾਰ ਨਹੀਂ ਕੀਤਾ ਗਿਆ ਹੈ। ਉਸ ਖਿਲਾਫ ਜਾਂਚ ਕੀਤੀ ਜਾ ਰਹੀ ਹੈ। ਇਸ ਦੌਰਾਨ ਰੂਫ ਨੂੰ ਚਾਰ ਸਾਲ ਦੀ ਸਜ਼ਾ ਸੁਣਾਈ ਗਈ ਹੈ। ਮੁਲਜ਼ਮਾਂ ਖ਼ਿਲਾਫ਼ ਜਾਨ ਨੂੰ ਖ਼ਤਰਾ ਪੈਦਾ ਕਰਨ ਵਾਲੀਆਂ ਗੰਭੀਰ ਧਾਰਾਵਾਂ ਤਹਿਤ ਕੇਸ ਦਰਜ ਕੀਤਾ ਗਿਆ ਸੀ।",2024-08-28 12:43:09,https://feeds.abplive.com/onecms/images/uploaded-images/2024/08/28/2f00ddf094f5ac013c911aacbda6610b1724848923790709_original.jpg,abplive,8.723066285063813e-53,2,6,138,3,10
135,Newsdata,https://tv9telugu.com/trending/pakistani-woman-smiles-in-video-after-crushing-2-people-under-suv-you-dont-know-who-my-father-is-1337106.html,Natasha Danish Ali: ‘ఏయ్.. మా నాన్న ఎవరో తెలుసా?’ కారుతో ఢీకొట్టి ఇద్దరిని చంపిన యువతి వింత ప్రవ‌ర్తన చూశారా.. వీడియో,పాకిస్థాన్‌ రాజధాని కరాచీలో ఓ మ‌హిళ త‌న కారుతో బీభ‌త్సం సృష్టించింది. ఆగస్టు 19న క‌ర్సాజ్ రోడ్డులో టొయోటా ల్యాండ్ క్రూయిర్ కారులో వెళ్తూ పలు వాహ‌నాల‌ను ఢీకొట్టింది. ఈ ఘ‌ట‌న‌లో బైక్‌పై వెళ్తున్న తండ్రీకూతుళ్లు అక్కడికక్కడే మృతి చెందారు. ప‌లువురు గాయ‌ప‌డ్డారు. అనేక వాహ‌నాలు ధ్వంసం అయ్యాయి. ఇందీంతో కారుతో వీరంగం సృష్టించిన సదరు పాకిస్థాన్ మ‌హిళ‌ ఏ మాత్రం పశ్చాతాపపడకుండా.. నవ్వుతూ వీడియోలకు ఫోజు..,2024-08-28 12:41:25,https://images.tv9telugu.com/wp-content/uploads/2024/08/natasha-danish-ali-car-accident-case.jpg,tv9telugu,2.3283902653882407e-84,4,36,272,3,10
136,Newsdata,https://www.opindia.com/2024/08/adil-became-aman-on-instagram-to-trap-a-hindu-girl-converted-her-to-islam-threatened-to-kill/,"‘Will slaughter you like an animal’: Amroha’s Adil became Aman on Instagram to trap a Hindu girl, converted her to Islam, sexually abused her with brothers and threatened to kill","A young woman from Baghpat has accused a man, identified as Adil from Alipur, of trapping her in a romantic relationship under false pretences, coercing her into religious conversion, and subjecting her to prolonged sexual abuse",2024-08-28 14:00:11,https://i0.wp.com/www.opindia.com/wp-content/uploads/2024/08/Amroh-love-jihad-Adil-Aman.jpg?fit=696%2C396&ssl=1,opindia,0.9999918834363092,21,24,180,37,107
137,Newsdata,https://timesofindia.indiatimes.com/city/surat/surat-transporter-defrauds-bank-sells-off-mortgaged-properties/articleshow/112871079.cms,"Surat transporter defrauds bank, sells off mortgaged properties",,2024-08-28 13:54:58,"https://static.toiimg.com/photo/msid-112871079,imgsize-.cms",toi,6.724177886467537e-13,4,5,90,7,39
138,Newsdata,https://malayalam.news18.com/news/crime/case-registered-against-maniyanpillai-raju-and-edavela-babu-mm-687055.html,നടിയുടെ പരാതിയിൽ നടൻ മണിയൻപിള്ള രാജുവിനും ഇടവേള ബാബുവിനുമെതിരെ കൊച്ചി പോലീസ് കേസ് എടുത്തു,"നടന്മാരായ മുകേഷ്, ഇടവേള ബാബു, മണിയൻപിള്ള രാജു, ജയസൂര്യ, അഭിഭാഷകനായ വി.എസ്. ചന്ദ്രശേഖരൻ എന്നിവർക്കെതിരെ ബലാത്സംഗ കുറ്റവും ചുമത്തിയിട്ടുണ്ട്",2024-08-29 03:06:24,https://images.news18.com/malayalam/uploads//2024/08/maniyanpillai-raju-edavela-babu-2024-08-8aab8ad2971937b1c9cb312d55507f11-3x2.jpg,malayalam_news18,3.6827598916995704e-88,2,21,184,2,5
139,Newsdata,https://malayalam.news18.com/news/crime/statement-of-victim-who-complained-against-siddique-to-be-recorded-today-mm-687045.html,സിദ്ദിഖിന് എതിരായ പരാതിയിൽ യുവനടിയുടെ രഹസ്യ മൊഴി തിരുവനന്തപുരത്ത് രേഖപ്പെടുത്തും,ക്രൂരമായ ബലാത്സംഗ വിവരങ്ങള്‍ മൊഴിയില്‍ ഉൾപ്പെട്ടിട്ടുണ്ട്. നടിയുടെ വൈദ്യ പരിശോധന കഴിഞ്ഞദിവസം നടത്തി,2024-08-29 02:37:49,https://images.news18.com/malayalam/uploads//2024/08/Siddique-2024-08-99b1087c1586feb3658ed77d9a3213d5-3x2.jpg,malayalam_news18,1.5749322617872034e-59,1,18,135,2,12
140,Newsdata,https://www.mid-day.com/mumbai/mumbai-crime-news/article/mumbai-virar-tutorial-owner-held-for-molesting-girl-in-class-23382631,Mumbai: Virar tutorial owner held for molesting girl in class,"After allegations spread, mob thrashes teacher, parades him naked to police station",2024-08-29 02:15:17,https://images.mid-day.com/images/images/2024/aug/virar-molested-pic-a_d.jpg,mid_day,0.9999226013643377,21,17,104,27,73
141,Newsdata,https://www.mid-day.com/mumbai/mumbai-crime-news/article/mumbai-grp-catches-thief-who-only-stole-from-women-23382635,Mumbai: GRP catches thief who only stole from women,"22-year-old Buldhana mother-of-two, would travel to city only to steal valuables from women’s purses and handbags to cover her family’s food and other expenses",2024-08-29 02:15:16,https://images.mid-day.com/images/images/2024/aug/thieft-isrock_d.jpg,mid_day,9.73283569132227e-10,8,22,169,13,66
146,Newsdata,https://www.opindia.com/2024/08/uttar-pradesh-prayagraj-fake-currency-racket-madarsa-maulvi-three-students-arrested/,"Fake currency racket busted in Madarsa, Prayagraj police arrest Maulvi Mohammad Tafseerul, mastermind Zahir Khan and 2 others","The printing of counterfeit currencies were being carried out in Jamia Habibiya Madarsa in Prayagraj, Uttar Pradesh",2024-08-29 03:42:03,https://i0.wp.com/www.opindia.com/wp-content/uploads/2024/08/Fake-currency.jpg?fit=696%2C416&ssl=1,opindia,1.3736302028331024e-176,4,15,121,1,40
147,Newsdata,https://timesofindia.indiatimes.com/city/surat/six-teens-murder-24-year-old-plumber-in-surat/articleshow/112879724.cms,Six teens kill 24-year-old plumber,,2024-08-28 23:20:05,"https://static.toiimg.com/photo/msid-112879721,imgsize-4196.cms",toi,0.0004942425921681908,10,27,122,18,83
148,Newsdata,https://timesofindia.indiatimes.com/city/surat/locals-protest-against-sexual-assault-demand-stringent-action/articleshow/112879709.cms,Locals stage protest urging stringent action,,2024-08-28 23:19:38,"https://static.toiimg.com/photo/msid-112879709,imgsize-.cms",toi,1.5775591212392051e-18,3,22,107,6,46
149,Newsdata,https://timesofindia.indiatimes.com/city/surat/doctor-swindled-of-50l-by-woman-on-matrimonial-site/articleshow/112909483.cms,Woman from matrimonial site swindles doctor of 50L,,2024-08-29 23:42:12,"https://static.toiimg.com/photo/msid-112909482,imgsize-37148.cms",toi,0.9996757450688574,5,20,140,27,77
150,Newsdata,https://timesofindia.indiatimes.com/city/surat/asi-caught-taking-1l-bribe-in-surat/articleshow/112909234.cms,"ASI, conduit caught taking 1L bribe",,2024-08-29 23:27:52,"https://static.toiimg.com/photo/msid-112909234,imgsize-.cms",toi,1.0373140269060108e-12,7,16,145,11,64
151,Newsdata,https://timesofindia.indiatimes.com/city/surat/ahmedabad-gym-trainer-arrested-for-abetment-to-suicide-in-bharuch-double-suicide-case/articleshow/112908943.cms,Gym trainer arrested in Bharuch double suicide case,,2024-08-29 23:20:16,"https://static.toiimg.com/photo/msid-112908941,imgsize-3160.cms",toi,0.2659001525889111,10,31,160,22,79
152,Newsdata,https://timesofindia.indiatimes.com/city/surat/accused-addicted-to-child-pornography-in-umargam-sexual-assault-case/articleshow/112908604.cms,‘Accused used to watch child porn’,,2024-08-29 23:11:40,"https://static.toiimg.com/photo/msid-112908604,imgsize-.cms",toi,4.977307856007936e-12,7,36,123,10,86
153,Newsdata,https://timesofindia.indiatimes.com/city/surat/diamond-trader-scammed-of-rs-6869-lakh-in-cryptocurrency-fraud/articleshow/112908118.cms,Diamantaire loses 69L to crypto fraud,,2024-08-29 22:59:25,"https://static.toiimg.com/photo/msid-112908116,imgsize-38744.cms",toi,0.9994427912301133,10,20,157,26,92
154,Newsdata,https://www.mid-day.com/mumbai/mumbai-crime-news/article/speeding-car-kills-24-year-old-biker-after-crashing-into-mumbais-goregaon-two-including-minor-held-23383244,"Speeding car kills biker after crashing into him in Goregaon, two held",The accident occurred when an SUV was allegedly traveling at a high speed and collided with the motorbike,2024-08-29 17:03:29,https://images.mid-day.com/images/images/2024/aug/accident-mumbai_d.jpg,mid_day,8.25499254618341e-33,8,10,67,3,38
155,Newsdata,https://timesofindia.indiatimes.com/city/surat/accused-watched-child-pornography-on-phone/articleshow/112903560.cms,‘Accused watched child pornography on phone’,,2024-08-29 16:31:16,"https://static.toiimg.com/photo/msid-112903560,imgsize-.cms",toi,4.93659042004451e-10,6,30,86,7,64
156,Newsdata,https://timesofindia.indiatimes.com/city/surat/smc-teams-join-rescue-relief-in-vadodara/articleshow/112901925.cms,"SMC teams join rescue, relief in Vadodara",,2024-08-29 14:37:05,"https://static.toiimg.com/photo/msid-112901925,imgsize-.cms",toi,1.1882132957782868e-69,4,15,109,2,32
157,Newsdata,https://timesofindia.indiatimes.com/city/surat/smc-teams-join-relief-work-in-vadodara/articleshow/112901924.cms,SMC teams join relief work in Vadodara,,2024-08-29 14:36:58,"https://static.toiimg.com/photo/msid-112901924,imgsize-.cms",toi,9.129646522139278e-71,8,29,220,4,65
158,Newsdata,https://www.mid-day.com/mumbai/mumbai-crime-news/article/mumbai-man-arrested-for-killing-12-year-old-wadala-boy-23383420,Mumbai: Man arrested for killing 12-year-old Wadala boy,"Accused was on the run for five months, and travelled across the country to evade arrest",2024-08-30 05:41:37,https://images.mid-day.com/images/images/2024/aug/Arrested-10-iStock_d_d_d.jpg,mid_day,0.7985634611683031,26,28,228,40,150
159,Newsdata,https://www.opindia.com/2024/08/bangladeshi-illegals-running-organ-transplant-racket-in-india-delhi-police-files-7000-page-charge-sheet/,Bangladeshi illegals running organ transplant racket in India: Delhi police files 7000-page charge sheet,"In July, the Delhi Police Crime Branch imprisoned seven people in connection with the case, including a 50-year-old lady doctor from Delhi and three Bangladeshi citizens. The police further have named ten people as accused in the 7,112-page charge sheet submitted last week in a local court.",2024-08-30 05:39:05,https://i0.wp.com/www.opindia.com/wp-content/uploads/2024/07/orgran-racket.jpg?fit=696%2C398&ssl=1,opindia,2.1511601967019114e-08,9,20,164,13,70
160,Newsdata,https://www.opindia.com/2024/08/nashik-minor-girl-dies-harassment-by-kalam-mansuri-10-persons-including-jahangir-laden-anjum-booked-as-family-says-forced-to-drink-poison/,"Nashik: 15-year-old girl dies under suspicious conditions after harassment by Kalam Mansuri and others, 10 persons booked as family says ‘forced to drink poison’. Exclusive details","However, on 25th August, the family of the girl checked the CCTV footage close to Anjum Sayyed's house. In the CCTV footage, the family saw that Anjum and Sahil took the girl on their scooter to the hospital. However, they claimed that they had found the girl unconscious on the road near the bridge, after which they took her to the hospital. On suspicion, the girl's parents have also booked the two.",2024-08-30 08:25:49,https://i0.wp.com/www.opindia.com/wp-content/uploads/2024/08/BeFunky-collage-2024-08-30T115334.942.jpg?fit=696%2C398&ssl=1,opindia,0.9995381632987066,31,37,282,59,180
161,Newsdata,https://www.mid-day.com/mumbai/mumbai-crime-news/article/five-relatives-including-husband-held-for-assaulting-pregnant-nurse-in-maharashtras-thane-district-23383625,"Five relatives, including husband, held for assaulting pregnant nurse in Thane","The pregnant nurse`s husband kicked her in the stomach and face, the police said. Her mother-in-law and sisters-in-law also joined him and when the complainant`s mother tried to intervene, she was also attacked by the family accused in the case, the police in Bhiwandi in Thane district, said",2024-08-30 11:32:38,https://images.mid-day.com/images/images/2024/aug/Arrested-1-iStock_d_d.jpg,mid_day,0.16092598692620366,20,16,131,20,77
186,Newsdata,https://www.opindia.com/2024/09/gujarat-9-year-old-girl-molested-school-teacher-akhtar-ali-kathlal/,"Gujarat: 9-year-old girl molested in school by teacher Akhtar Ali in Kathlal, accused arrested under POCSO","In Gujarat, teacher Akhtar Ali allegedly called the girl into a room for cleaning and then took her to a corner and physically molested her after taking off her clothes.",2024-09-02 07:03:49,https://i0.wp.com/www.opindia.com/wp-content/uploads/2024/09/BeFunky-collage-2024-09-02T092113.523.jpg?fit=696%2C398&ssl=1,opindia,1.5301603994857748e-05,15,18,110,11,68
162,Newsdata,https://tv9telugu.com/national/viral-video-rajat-dalal-hits-biker-while-overspeeding-on-busy-faridabad-road-responds-after-outrage-1338775.html,Watch Video: రీల్స్‌ మోజులో వెర్రి చేష్టలు.. అతివేగంగా కారునడిపి బైక్‌ను ఢీకొట్టిన సోషల్ మీడియా ఇన్‌ఫ్లుయెన్సర్!,"సోషల్‌ మీడియా ఇన్‌ఫ్లుయెన్సర్ల ఓవరాక్షన్‌కి అడ్డూఅదుపూ లేకుండా పోతుంది. పిచ్చి చేష్టతో తమ ప్రాణాలను రిస్క్‌లో పెట్టడంతోపాటు.. చుట్టుపక్కల వారి జీవితాలతోనూ ఆటలాడుతున్నారు. వ్యూస్‌, కామెంట్ల కోసం ప్రమాదకర వీడియోలు తీసి సమాజాన్ని భయభ్రాంతులకు గురి చేస్తున్నారు. తాజాగా ప్రముఖ ఫిట్‌నెస్ ఇన్‌ఫ్లుయెన్సర్ రజత్ దలాల్ ఇలాంటి వెదవపనే చేసి అందరితో చివాట్లు తింటున్నాడు. కారులో కెమెరాతో షూట్ చేస్తూ..",2024-08-30 14:09:08,https://images.tv9telugu.com/wp-content/uploads/2024/08/fitness-influencer.jpg,tv9telugu,2.8823775651965327e-13,0,24,252,0,3
163,Newsdata,https://www.tv9marathi.com/crime/cameras-found-in-girls-hostel-more-than-300-videos-found-in-laptops-1261076.html,"मुलींच्या वसतिगृहात सापडले छुपे कॅमेरे, लॅपटॉपमध्ये 300 हून अधिक व्हिडिओ","एका अभियांत्रिकी महाविद्यालयाच्या मुलींच्या वसतिगृहात छुपा कॅमेरा मिळाल्याने एकच खळबळ उडाली आहे. तपास सुरू होताच पोलीस चक्रावून गेले, कारण तपासादरम्यानच त्यांनी याच अभियांत्रिकी महाविद्यालयाच्या बॉईज हॉस्टेलमधील एका मुलाच्या लॅपटॉपमधून 300 अश्लील व्हिडिओ जप्त केले आहेत.",2024-08-30 16:27:00,https://images.tv9marathi.com/wp-content/uploads/2024/08/hostel.jpg,tv9marathi,3.726231480256672e-141,2,27,308,2,8
164,Newsdata,https://www.mid-day.com/mumbai/mumbai-crime-news/article/mumbai-8-year-old-boy-dies-suddenly-during-pt-hours-at-school-23383850,Mumbai: 8-year-old boy dies suddenly during PT hours at school,"During PT hours in the afternoon, he was playing with his classmates when he suddenly fell to the carpet. His collapse was noticed by the other children and the teacher present. The teacher immediately took Shivansh to a nearby private hospital, where doctors unfortunately declared him dead.",2024-08-30 16:15:17,https://images.mid-day.com/images/images/2024/aug/dead_d.jpg,mid_day,0.7032662960463346,16,21,96,16,49
165,Newsdata,https://www.opindia.com/2024/08/plea-in-delhi-hc-alleges-patanjali-divya-dant-manjan-contains-non-veg-ingredients-despite-being-labelled-as-veg/,"Fresh trouble for Patanjali: Petition filed at Delhi HC claiming its herbal tooth powder with veg label contains non-veg ingredients, notices issued","The Delhi HC issued notices to Baba Ramdev and Patanjali's Divya Pharmacy in response to a petition alleging that the herbal tooth powder Divya Dant Manjan contains non-vegetarian ingredients, despite being labelled as vegetarian.",2024-08-30 16:00:34,https://i0.wp.com/www.opindia.com/wp-content/uploads/2024/08/patanjali-tooth-powder-non-veg-PIL.jpg?fit=696%2C382&ssl=1,opindia,3.769974064119472e-09,12,37,133,10,69
166,Newsdata,https://timesofindia.indiatimes.com/city/surat/son-forges-cheques-to-steal-13-crore-from-nri/articleshow/112937141.cms,Son forged cheques to steal 1.3cr from NRI,,2024-08-30 23:07:24,"https://static.toiimg.com/photo/msid-112937141,imgsize-.cms",toi,0.9981496638977864,11,38,161,22,77
167,Newsdata,https://timesofindia.indiatimes.com/city/surat/catch-the-rain-paatil-urges-rainwater-conservation/articleshow/112936756.cms,‘Catch the Rain’: Paatil urges people to conserve each drop,,2024-08-30 22:57:01,"https://static.toiimg.com/photo/msid-112936751,imgsize-140584.cms",toi,1.1840768623501619e-20,8,25,155,8,73
168,Newsdata,https://timesofindia.indiatimes.com/city/surat/four-rioting-cases-filed-over-umargam-violence/articleshow/112936721.cms,Four rioting cases filed over Umargam violence,,2024-08-30 22:56:15,"https://static.toiimg.com/photo/msid-112936721,imgsize-.cms",toi,3.787387567017065e-06,12,31,166,17,85
169,Newsdata,https://timesofindia.indiatimes.com/city/surat/bjp-mla-raises-concerns-about-potholes-on-city-roads-in-surat/articleshow/112936553.cms,BJP MLA says ‘potholes reign’ on city roads,,2024-08-30 22:52:06,"https://static.toiimg.com/photo/msid-112936548,imgsize-50276.cms",toi,1.9375029277928575e-08,14,34,149,13,70
170,Newsdata,https://malayalam.news18.com/news/crime/case-against-director-ranjith-for-complaint-on-unnatural-rape-mm-687469.html,Ranjith | സംവിധായകൻ രഞ്ജിത്തിനെതിരെ പ്രകൃതി വിരുദ്ധ പീഡനത്തിന് കേസെടുത്തു,പ്രകൃതിവിരുദ്ധ ലൈംഗിക ബന്ധത്തിൽ ഏർപ്പെട്ടുവെന്ന കുറ്റാരോപണത്തിലാണ് കേസെടുത്തിരിക്കുന്നത്,2024-08-31 06:16:31,https://images.news18.com/malayalam/uploads//2024/08/Ranjith-2024-08-8904de483cdf3126163656015305c9e4-3x2.jpg,malayalam_news18,6.980019152328161e-135,2,14,146,1,8
171,Newsdata,https://www.mid-day.com/mumbai/mumbai-crime-news/article/mumbai-police-probe-alleged-misconduct-by-officers-caught-planting-drugs-in-cctv-footage-watch-video-23384109,Mumbai Police probe alleged misconduct by officers caught planting drugs in CCTV,"In the footage, one officer is seen planting an object in the person`s pocket before detaining him for possession of 20 grams of mephedrone",2024-08-31 07:27:27,https://images.mid-day.com/images/images/2024/aug/Police-Rep-iStock2_d.jpg,mid_day,0.05711539967012553,8,15,149,21,98
172,Newsdata,https://www.mid-day.com/mumbai/mumbai-crime-news/article/four-mumbai-police-officials-suspended-for-planting-drugs-on-kalina-man-say-cops-23384348,Mumbai: Four police officials suspended for `planting` drugs on Kalina man,"We took cognizance of the video that had surfaced online and had initiated a probe in the matter, a senior Mumbai Police officer said",2024-08-31 15:37:25,https://images.mid-day.com/images/images/2024/aug/cctv-grab-mumbai_d.jpg,mid_day,0.02687249741605827,11,22,167,24,109
187,Newsdata,https://www.mid-day.com/mumbai/mumbai-crime-news/article/maharashtra-four-held-for-killing-25-year-old-man-in-thane-giving-wrong-information-to-police-23385290,"Thane: Four held for killing man, giving wrong information to police","The deceased was allegedly assaulted in a 23rd floor room of a MMRDA rental building on September 1, after which one of the four accused called up police and gave wrong information",2024-09-02 11:32:13,https://images.mid-day.com/images/images/2024/sep/arrest-cuffs_d.jpg,mid_day,3.086288498297776e-08,12,30,156,15,81
173,Newsdata,https://www.ntnews.com/national/muslim-elderly-man-assaulted-in-nashik-train-on-suspicion-of-carrying-beef-1712312,elderly man assaulted in train | గొడ్డు మాంసం తీసుకెళ్తున్నాడన్న అనుమానంతో.. రైలులో వృద్ధుడిపై దాడి,elderly man assaulted in train | రైలులో ప్రయాణించిన ముస్లిం వృద్ధుడిపై కొందరు వ్యక్తులు దాడి చేశారు. గొడ్డు మాంసం తీసుకెళ్తున్నాడన్న అనుమానంతో అతడ్ని కొట్టారు. ఈ వీడియో క్లిప్‌ సోషల్‌ మీడియాలో వైరల్‌ అయ్యింది. దీంతో ఆ వృద్ధుడ్ని కొట్టిన వ్యక్తుల్లో కొందరిని గుర్తించినట్లు రైల్వే పోలీసులు తెలిపారు.,2024-08-31 13:40:58,https://d2e1hu1ktur9ur.cloudfront.net/wp-content/uploads/2024/08/Man-Beaten-Inside-Train-1024x576.jpg,ntnews_in,2.2017432311570924e-58,1,15,132,2,8
174,Newsdata,https://www.mid-day.com/mumbai/mumbai-crime-news/article/maharashtra-man-arrested-for-kidnapping-sexually-abusing-2-year-old-neighbour-in-thane-23384268,"Thane man arrested for kidnapping, sexually abusing 2-year-old neighbour","A case has been registered under BNS and POCSO Act provisions against the 35-year-old man, an official said",2024-08-31 13:17:42,https://images.mid-day.com/images/images/2024/aug/Arrested-rep_d.jpg,mid_day,0.03160072968412007,14,23,146,19,81
175,Newsdata,https://www.mid-day.com/mumbai/mumbai-crime-news/article/mumbai-train-updates-elderly-man-brutally-beaten-inside-train-on-suspicion-of-carrying-beef-probe-launched-after-video-goes-viral-23384246,Elderly man brutally beaten inside train on suspicion of carrying beef,"The GRP has initiated a probe after a video of the alleged incident, which took place earlier this week, surfaced on social media, an official said",2024-08-31 12:07:25,https://images.mid-day.com/images/images/2024/aug/man-beef-train-rep_d.jpg,mid_day,1.3049662175295708e-07,22,13,127,9,65
176,Newsdata,https://tv9telugu.com/national/haryana-cm-naib-singh-saini-respond-on-charkha-dadri-murder-case-this-is-unfortunate-1339323.html,హర్యానాలో దారుణం.. బీఫ్‌ తిన్నాడన్న అనుమానంతో వలస కూలీపై దాష్టీకం..!,హర్యానాలో గో రక్షాదళ్‌ కార్యకర్తలు మరోసారి రెచ్చిపోయారు. బీఫ్‌ తిన్నాడన్న అనుమానంతో బెంగాల్‌కు చెందిన వలస కార్మికుడిని కొట్టిచంపారు. చర్కీ దాద్రీ జిల్లా బాంద్రా గ్రామంలో ఈ ఘటన జరిగింది. సాబీర్‌ మాలిక్‌పై దాడికి పాల్పడ్డ ఏడుగురు నిందితులను పోలీసులు అరెస్ట్‌ చేశారు.,2024-08-31 11:54:26,https://images.tv9telugu.com/wp-content/uploads/2024/08/charkha-dadri-murder-case.jpg,tv9telugu,0.002079589980107902,1,21,143,0,11
177,Newsdata,https://www.opindia.com/2024/08/recorded-obscene-videos-of-actresses-using-hidden-cameras-in-vanity-vans-radhika-sarathkumar/,"Actresses changing clothes in vanity vans recorded using hidden cameras, they had folders with names of actresses: actress Radhika Sarathkumar amidst findings of Hema Committee report","Amidst the shocking findings of the Justice Hema Committee report on rampant sexual misconduct in the Malayalam film industry, popular South Indian actress Radhika Sarathkumar has made startling allegations",2024-08-31 10:27:28,https://i0.wp.com/www.opindia.com/wp-content/uploads/2024/08/Untitled-design-56.jpg?fit=696%2C398&ssl=1,opindia,0.9999602060416426,30,53,230,74,169
178,Newsdata,https://timesofindia.indiatimes.com/city/surat/father-sentenced-to-life-for-raping-minor/articleshow/112959946.cms,Father gets life for raping minor,,2024-08-31 23:14:30,"https://static.toiimg.com/photo/msid-112959944,imgsize-124444.cms",toi,0.4761479085714254,19,43,173,28,115
179,Newsdata,https://timesofindia.indiatimes.com/city/surat/surat-municipal-corporation-to-develop-19-ponds-for-ganesha-immersion/articleshow/112959835.cms,19 ponds to be made for Ganesha immersion,,2024-08-31 23:11:36,"https://static.toiimg.com/photo/msid-112959834,imgsize-179022.cms",toi,1.7455562899046403e-39,8,19,133,5,67
180,Newsdata,https://timesofindia.indiatimes.com/city/surat/smc-groundwater-recharge-plan-expansion-and-rate-approval/articleshow/112959511.cms,"SMC expands groundwater recharge plan, approves rates",,2024-08-31 23:03:39,"https://static.toiimg.com/photo/msid-112959510,imgsize-205964.cms",toi,1.2139541851632132e-08,10,19,176,15,77
181,Newsdata,https://timesofindia.indiatimes.com/city/surat/girl-ends-life-after-father-refuses-to-fund-her-science-stream-education/articleshow/112977520.cms,Girl ends life after father says to study gen stream,,2024-09-01 23:10:53,"https://static.toiimg.com/photo/msid-112977520,imgsize-.cms",toi,0.9986880871161333,11,30,147,23,61
182,Newsdata,https://timesofindia.indiatimes.com/city/surat/minors-raped-in-separate-incidents/articleshow/112977088.cms,2 minors raped in 2 different incidents,,2024-09-01 23:00:13,"https://static.toiimg.com/photo/msid-112977088,imgsize-.cms",toi,0.7814193334484897,14,32,127,18,84
183,Newsdata,https://www.mid-day.com/mumbai/mumbai-crime-news/article/mumbai-resident-files-plaint-against-malad-cafe-after-finding-cockroach-in-coffee-23384936,Mumbai youth files plaint against Malad cafe after finding cockroach in coffee,"The complainant Prateek Rawat, on Friday, had gone to the coffee shop in Solitaire Building on Link Road with his friends.",2024-09-01 17:56:46,https://images.mid-day.com/images/images/2024/sep/booked_d.jpg,mid_day,0.045764306339868784,7,12,100,13,47
184,Newsdata,https://www.mid-day.com/mumbai/mumbai-crime-news/article/they-threatened-to-throw-me-off-moving-train-says-mumbai-man-beaten-by-mob-23384955,"‘They threatened to throw me off moving train,` says Mumbai man beaten by mob",Senior citizen thrashed over allegations of carrying beef was also bobbed by group,2024-09-01 17:56:43,https://images.mid-day.com/images/images/2024/sep/Ashraf-Ali-Sayed_d.jpg,mid_day,0.9999824483278713,28,34,214,62,166
185,Newsdata,https://www.opindia.com/2024/09/haryana-one-more-arrested-in-charkhi-dadri-mob-lynching-case-total-arrests-at-8/,"Haryana: One more person arrested in Charkhi Dadri mob lynching case, total arrests at 8","""The victim, a resident of North 24 Parganas in West Bengal, worked as a ragpicker here. We have deployed a company of SSB and state police and are continuously monitoring social media,"" Bhushan said.",2024-09-02 03:48:50,https://i0.wp.com/www.opindia.com/wp-content/uploads/2024/09/Charkhi-Dadri-.png?fit=696%2C398&ssl=1,opindia,7.671732507551912e-20,9,18,118,9,92
218,Newsdata,https://www.mid-day.com/mumbai/mumbai-crime-news/article/mumbai-battery-chor-on-the-prowl-in-mahim-23398046,Mumbai: Battery chor on the prowl in Mahim,Not even a single FIR registered while thief has been repeatedly targeting vehicles parked a stone’s throw away from Mahim police quarters,2024-09-23 02:45:25,https://images.mid-day.com/images/images/2024/sep/Battery-chor-2_d.jpg,mid_day,0.9999937266101047,35,34,258,53,135
188,Newsdata,https://www.opindia.com/2024/09/how-can-house-be-demolished-just-because-he-is-an-accused-supreme-court-on-bulldozer-action/,"‘How can house be demolished just because he is an accused, can’t demolish even if he is a convict’: Supreme Court on bulldozer action",The Supreme Court decided to propose to lay down guidelines on the demolition as it strongly opposed the bulldozer action.,2024-09-02 12:12:17,https://i0.wp.com/www.opindia.com/wp-content/uploads/2024/04/preme-court-of-india.jpg?fit=696%2C398&ssl=1,opindia,0.0001477834389746876,38,48,278,38,199
189,Newsdata,https://www.mid-day.com/mumbai/mumbai-crime-news/article/maharashtra-two-teenage-boys-killed-in-accident-as-truck-hits-their-scooter-in-thane-district-23385314,Two teenage riders killed as truck hits their scooter in Thane,The deceased teenagers were returning to Bhiwandi city in Maharashtra after celebrating Dahi Handi feat when the accident occurred near Vadape village at around 4:30 am,2024-09-02 12:07:12,https://images.mid-day.com/images/images/2024/sep/Accident-rep_d.jpg,mid_day,2.152498907485489e-48,8,12,149,4,72
190,Newsdata,https://www.mid-day.com/mumbai/mumbai-crime-news/article/mumbai-photographer-booked-for-flying-drone-without-permission-during-ganesh-idol-procession-23385409,Mumbai: Photographer booked for flying drone sans permission during Ganesh idol,"A professional photographer was booked for allegedly flying a drone without permission during the arrival procession of the `Umarkhadicha Raja` Ganesh idol in Parel in central Mumbai, a police officer said on Monday",2024-09-02 13:52:54,https://images.mid-day.com/images/images/2024/sep/Drone-iStock_d_d.jpg,mid_day,0.0003244129326592143,3,18,99,13,51
191,Newsdata,https://timesofindia.indiatimes.com/city/surat/south-gujarat-floods-rivers-overflow-in-tapi-navsari-and-bharuch-districts/articleshow/113006926.cms,South Gujarat gets swamped as rivers overflow,,2024-09-02 23:29:39,"https://static.toiimg.com/photo/msid-113006922,imgsize-37444.cms",toi,1.3626223294826e-18,13,39,217,11,96
192,Newsdata,https://timesofindia.indiatimes.com/city/surat/hazira-residents-demand-repair-of-nh-53-and-construction-of-new-rob/articleshow/113006746.cms,"Repair NH-53, build new ROB: Hazira residents",,2024-09-02 23:24:45,"https://static.toiimg.com/photo/msid-113006741,imgsize-64984.cms",toi,2.76238066269437e-20,11,45,204,9,69
193,Newsdata,https://timesofindia.indiatimes.com/city/surat/ukai-dam-discharge-reaches-185l-cusecs-surat-on-high-alert/articleshow/113006668.cms,"Discharge from Ukai to hit 1.85L cusecs, city on alert",,2024-09-02 23:23:05,"https://static.toiimg.com/photo/msid-113006665,imgsize-61038.cms",toi,1.0220964855820158e-41,6,46,208,6,87
194,Newsdata,https://timesofindia.indiatimes.com/city/surat/diamond-broker-booked-for-raping-college-friend/articleshow/113006219.cms,Diamond broker booked for raping college friend,,2024-09-02 23:12:01,"https://static.toiimg.com/photo/msid-113006219,imgsize-.cms",toi,0.9999991698508982,16,25,125,42,92
195,Newsdata,https://timesofindia.indiatimes.com/city/surat/bharuch-flooded-by-161mm-in-four-hours/articleshow/113005836.cms,Bharuch flooded by 161mm in four hours,,2024-09-02 23:02:20,"https://static.toiimg.com/photo/msid-113005832,imgsize-51764.cms",toi,1.785974077497116e-59,7,36,143,3,68
196,Newsdata,https://timesofindia.indiatimes.com/city/surat/torrential-rain-swamps-s-gujarat-rivers-overflow-evacuations-begin/articleshow/113001237.cms,"Torrential rain swamps S Gujarat; rivers overflow, evacuations begin",,2024-09-02 16:46:00,"https://static.toiimg.com/photo/msid-113001237,imgsize-.cms",toi,1.706087128248725e-11,23,43,276,18,115
197,Newsdata,https://timesofindia.indiatimes.com/city/surat/torrential-rains-swamp-s-gujarat-rivers-overflow-evacuations-begin/articleshow/113001010.cms,"Torrential rains swamp S Gujarat; rivers overflow, evacuations begin",,2024-09-02 16:28:03,"https://static.toiimg.com/photo/msid-113001010,imgsize-.cms",toi,1.5363414128062245e-12,13,23,146,9,60
198,Newsdata,https://timesofindia.indiatimes.com/city/surat/1-85l-cusecs-discharged-from-ukai-dam-city-on-alert/articleshow/113001007.cms,"1.85L cusecs discharged from Ukai dam, city on alert",,2024-09-02 16:27:58,"https://static.toiimg.com/photo/msid-113001007,imgsize-.cms",toi,1.8569615730302693e-53,5,28,130,3,52
199,Newsdata,https://www.opindia.com/2024/09/bangladesh-gopalganj-hindus-suffer-after-local-goon-sohail-harza-builds-house-middle-of-road/,‘How will we go to the hospital’: Lives of 25 Hindu families in Bangladesh come to a standstill after Sohail builds house in the middle of road,"After the Hindu families objected to the blockade, Sohail threatened them with physical harm. The Hindu community in Bandal village is now living in a state of fear.",2024-09-03 07:18:38,https://i0.wp.com/www.opindia.com/wp-content/uploads/2024/09/bangladesh-gopalganj-case.jpg?fit=696%2C398&ssl=1,opindia,0.9978168944631229,17,19,126,28,89
200,Newsdata,https://www.opindia.com/2024/09/ahmedabad-gay-men-lured-through-dating-apps-looted-assaulted-and-threatened-in-multiple-incidents/,"Ahmedabad: Gay men lured through dating apps, looted, assaulted and threatened in multiple incidents","On August 21st, a 32-year-old living in the Satellite area of the city reported to the Satellite Police station saying that he was robbed by a man who posed to belong to the LGBTQ+ community.",2024-09-03 06:03:23,https://i0.wp.com/www.opindia.com/wp-content/uploads/2024/09/BeFunky-collage-2024-09-03T104727.008.jpg?fit=696%2C398&ssl=1,opindia,0.8022581305600711,28,55,187,40,145
201,Newsdata,https://odishatv.in/news/crime/talcher-deputy-director-of-mines-arrested-vigilance-detects-da-worth-rs-5-crore-243226,Talcher Deputy Director of Mines arrested; Vigilance detects DA worth Rs 5 crore,Senior Vigilance officials said that the total disproportionate assets of the government official is over 500 percent of his known sources of income.,2024-09-03 07:17:36,https://images.odishatv.in/uploadimage/library/16_9/16_9_4/default.svg,odishatv,3.2386254068952103e-49,3,6,57,1,7
202,Newsdata,https://www.opindia.com/2024/09/haryana-12th-class-student-killed-in-faridabad-on-suspicion-cow-smuggling-five-arrested/,"Haryana: 12th class student killed in Faridabad on suspicion of smuggling cows, five arrested",A 19-year-old man was shot dead in Faridabad on suspicion of being a cow smuggler.,2024-09-03 08:36:55,https://i0.wp.com/www.opindia.com/wp-content/uploads/2024/09/image-700x400-27.png?fit=696%2C398&ssl=1,opindia,0.9989983391938817,17,21,241,40,116
203,Newsdata,https://www.opindia.com/2024/09/minor-hindu-girl-swarna-das-killed-by-bgb-body-recovered-by-bsf/,"Border Guard Bangladesh kills minor Hindu girl while she was trying to flee to India with her parents, BSF recovers dead body","The minor victim has been identified as Swarna Das, a Bangladeshi Hindu who is said to be in the age range of 14-16 years.",2024-09-03 10:06:55,https://i0.wp.com/www.opindia.com/wp-content/uploads/2024/09/Untitled-design-70.jpg?fit=696%2C398&ssl=1,opindia,0.08205531666423704,14,31,211,28,97
217,Newsdata,https://www.mid-day.com/mumbai/mumbai-crime-news/article/mumbai-tc-suspended-over-controversial-remarks-audio-goes-viral-western-railway-launches-inquiry-23397973,Mumbai: TC suspended over controversial remarks audio goes viral,"In an official statement posted on X, the Divisional Railway Manager (DRM) of Mumbai Central-Western Railway, stated that the incident is being taken very seriously. The statement confirmed that the staff member has been suspended pending an investigation",2024-09-22 17:25:59,https://images.mid-day.com/images/images/2024/sep/Suspend-rep-image-istock_d.jpg,mid_day,0.31099231667397714,20,36,178,29,114
204,Newsdata,https://www.siasat.com/telangana-man-beaten-to-death-over-suspicion-of-practising-witchcraft-3089635/,Telangana: Man beaten to death over suspicion of practising witchcraft,"Hyderabad: Even in this modern age of technological advancements, sorcery and superstitions are not only rampant in parts of Telangana, but continue to claim lives. In another shocking incident highlighting the deep-rooted menace, a man was allegedly beaten to death by villagers in Gollagudem, Medak District, over suspicion of practising witchcraft. The incident occurred in ...Get the latest updates in Hyderabad City News, Technology, Entertainment, Sports, Politics and Top Stories on WhatsApp & Telegram by subscribing to our channels. You can also download our app for Android and iOS.",2024-09-03 12:49:57,https://cdn.siasat.com/wp-content/uploads/2024/09/Untitled-design-2024-09-03T162843.368.jpg,siasat,3.210475696846977e-33,7,6,47,2,28
205,Newsdata,https://www.mid-day.com/mumbai/mumbai-crime-news/article/court-cancels-bail-of-accused-trio-who-attacked-mumbai-man-on-train-over-beef-suspicion-23385850,Court cancels bail of accused trio who attacked Mumbai man on train,"Akash Awhad (30), Nitesh Ahire (30), and Jayesh Mohite (21) were first detained on August 28 for attacking Ashraf Ali Sayyed Hussain on the Dhule-Mumbai CSMT Express.",2024-09-03 12:09:01,https://images.mid-day.com/images/images/2024/sep/Ashraf-Ali-Sayed_d.jpg,mid_day,0.9999258987940888,17,17,181,39,126
206,Newsdata,https://www.washingtontimes.com/news/2024/sep/18/oig-report-suspension-of-security-clearance-for-ir/,"Suspension of security clearance for Iran envoy did not follow protocol, watchdog says",The State Department's internal watchdog concluded Wednesday that officials did not follow proper protocol when handling the security clearance suspension of the U.S. special envoy for Iran following allegations last year that he may have mishandled classified information.,2024-09-18 14:40:19,https://twt-thumbs.washtimes.com/media/image/2023/06/29/United_States_Iran_Envoy_43881_s1440x960.jpg,washingtontimes,3.652372894306687e-17,8,25,93,6,62
207,Newsdata,https://timesofindia.indiatimes.com/city/surat/64-year-old-rapes-his-five-year-old-niece-in-surat/articleshow/113508002.cms,64-year-old rapes his five-year-old niece in Surat,Kapodra police have apprehended a 64-year-old man for allegedly raping his five-year-old niece on Sep 13. The crime was revealed when the child's mother returned from Uttar Pradesh and consulted a doctor. The accused is charged under the Bharatiya Nyaya Sanhita and Pocso Act.,2024-09-20 03:01:36,"https://static.toiimg.com/thumb/msid-113511655,imgsize-35946,width-400,height-225,resizemode-72/113511655.jpg",toi,0.9999341171596602,10,7,56,13,46
208,Newsdata,https://timesofindia.indiatimes.com/city/surat/con-artist-held-for-posing-as-customs-inspector-in-surat/articleshow/113507979.cms,Con artist held for posing as customs inspector in Surat,"Himanshu Rai, a 25-year-old aviation diploma holder from Bihar, was arrested in Surat for impersonating a customs inspector and scamming people with fake job offers. Over nine months, he defrauded individuals from Surat, Delhi, and Goa of Rs 12.75 lakh. Police seized various items used in his deception.",2024-09-20 03:01:21,"https://static.toiimg.com/thumb/msid-113508511,imgsize-593353,width-400,height-225,resizemode-72/113508511.jpg",toi,0.992648458297913,7,12,96,13,46
209,Newsdata,https://www.mid-day.com/mumbai/mumbai-crime-news/article/badlapur-sexual-assault-case-sit-files-two-chargesheets-in-two-different-cases-23396340,Badlapur sexual assault case: SIT files two chargesheets in two different cases,"The chargesheet was filed against the individuals accused of sexually assaulting the girl, including the headmaster and two staff members from the school",2024-09-20 04:30:44,https://images.mid-day.com/images/images/2024/sep/Police-Rep-iStock_d.jpg,mid_day,5.5723004643513974e-52,10,20,110,3,55
210,Newsdata,https://www.opindia.com/2024/09/uttarakhand-clashes-erupt-between-complainants-and-supporters-of-rape-accused-maulvi-shabbir-raza/,Uttarakhand: Clashes erupt between complainants and supporters of Maulvi Shabbir Raza who was arrested for raping minor girls in an illegal madarsa in Rudrapur,"As reported earlier, The accused Maulvi, Shabbir Raza, was arrested on 18th August from Malsi village in Uttarakhand's Rudrapur. Raza arrived in Malsi only two months before his arrest as he was earlier living in Rampur Shahbad. The heinous crime came to the fore when one of the minors narrated her ordeal to her family members on 16th August.",2024-09-20 04:54:21,https://i0.wp.com/www.opindia.com/wp-content/uploads/2024/09/rudrapur-maulvi-.jpg?fit=696%2C398&ssl=1,opindia,0.0033752786686406717,13,30,148,18,83
211,Newsdata,https://timesofindia.indiatimes.com/city/surat/brutal-lynching-of-diamond-worker-in-surat-six-arrested-two-minors-involved/articleshow/113530471.cms,"Six men, two minors held for lynching diamond worker in Surat",,2024-09-20 14:48:45,"https://static.toiimg.com/thumb/msid-47529300,imgsize-110164,width-400,height-225,resizemode-72/47529300.jpg",toi,0.7743437461115247,11,9,104,13,57
212,Newsdata,https://timesofindia.indiatimes.com/city/surat/eight-arrested-for-lynching-diamond-artisan-over-alleged-theft-in-surat/articleshow/113530469.cms,Eight held for lynching diamond artisan over alleged theft,,2024-09-20 14:48:38,"https://static.toiimg.com/thumb/msid-47529300,imgsize-110164,width-400,height-225,resizemode-72/47529300.jpg",toi,0.7249001437956241,21,18,210,26,114
213,Newsdata,https://timesofindia.indiatimes.com/city/surat/lynching-of-diamond-artisan-in-surat-six-arrested-two-minors-involved/articleshow/113530325.cms,"Six men, two minors held for lynching diamond artisan in Surat",,2024-09-20 14:39:41,"https://static.toiimg.com/thumb/msid-47529300,imgsize-110164,width-400,height-225,resizemode-72/47529300.jpg",toi,0.7743437461115247,11,9,104,13,57
214,Newsdata,https://www.opindia.com/2024/09/iskp-asks-kashmiri-muslims-to-take-up-arms-against-india-amid-assembly-polls/,"As elections start peacefully in Kashmir, ISKP urges Kashmiri Muslims to wage Jihad against India, asks them to turn the state into ‘jannat where no infidel can step in’",ISKP stated that Kashmiri youths have to slaughter non-Muslims especially Hindus to raise the flag of Islam in the valley.,2024-09-20 14:14:40,https://i0.wp.com/www.opindia.com/wp-content/uploads/2024/09/image-700x400-11-3.png?fit=696%2C398&ssl=1,opindia,0.0002558841964945183,116,179,953,94,463
215,Newsdata,https://www.mid-day.com/mumbai/mumbai-crime-news/article/maharashtra-55-year-old-woman-killed-in-hit-and-run-on-manpada-bridge-in-thane-23396725,Woman killed in hit-and-run on Manpada bridge in Thane,"A search was on to trace the vehicle and its driver involved in the crash, a police official said",2024-09-20 13:57:38,https://images.mid-day.com/images/images/2024/sep/accident-thane_d.jpg,mid_day,1.5527462364102512e-05,3,5,74,8,38
216,Newsdata,https://www.mid-day.com/mumbai/mumbai-crime-news/article/three-held-by-mumbai-airport-authorities-with-smuggled-gold-diamonds-23397489,"Three held by Mumbai airport authorities with smuggled gold, diamonds","On the intervening night of September 20 and 21, the Airport Commissionerate in Mumbai seized gold weighing 2.286 kg, which is valued around Rs 1.58 crore as well as diamonds worth Rs 1.54 crore in two cases",2024-09-21 17:26:08,https://images.mid-day.com/images/images/2024/sep/arrest-cuffs_d_d.jpg,mid_day,4.4345326681679145e-17,5,18,81,6,54
219,Newsdata,https://www.mid-day.com/mumbai/mumbai-crime-news/article/maharashtra-29-year-old-woman-kills-2-year-old-daughter-before-hanging-self-in-dombivli-23398421,Mother kills 2-year-old daughter before hanging self in Dombivli,"An official said that the exact reason behind the mother’s extreme step is yet not known, but police officials are conducting further inquiries to understand the circumstances that led to the incident",2024-09-23 13:21:46,https://images.mid-day.com/images/images/2024/sep/crime-scene_d.jpg,mid_day,0.006918447514639188,11,19,80,11,40
220,Newsdata,https://www.mid-day.com/mumbai/mumbai-crime-news/article/badlapur-sexual-assault-case-accused-akshay-shinde-dead-says-hospital-23398549,Accused Akshay Shinde dead: Hospital,"Shinde was rushed to the hospital after being injured in a firing incident, the police sources said",2024-09-23 15:42:55,https://images.mid-day.com/images/images/2024/sep/Thane-rajesh_d.jpg,mid_day,0.0008233324027879452,7,15,133,15,70
221,Newsdata,https://www.mid-day.com/mumbai/mumbai-crime-news/article/badlapur-sexual-assault-case-akshay-shindes-family-alleges-murder-after-his-death-in-police-custody-refuses-to-take-body-23398641,Akshay Shinde`s family alleges murder after his death in police custody,"Shinde`s family claimed that he would never have fired at the police, citing his unfamiliarity with firearms and his hands to would shake if he held a pistol",2024-09-23 18:02:43,https://images.mid-day.com/images/images/2024/sep/akshay-fam-faizan_d.jpg,mid_day,0.9983481762029485,20,27,181,29,105
222,Newsdata,https://www.opindia.com/2024/09/maharashtra-woman-dies-after-botched-abortion-at-home-husband-in-laws-arrested/,"Maharashtra: Woman dies after botched abortion at home, husband, father-in-law arrested, mother-in-law booked too","According to the police, the investigation revealed that the four-month-old foetus was buried in the family's farm.",2024-09-25 04:19:44,https://i0.wp.com/www.opindia.com/wp-content/uploads/2024/09/Woman-dead.png?fit=696%2C399&ssl=1,opindia,3.1441483677740965e-16,5,13,80,5,49
223,Newsdata,https://www.opindia.com/2024/09/love-jihad-chhattisgarh-riyaz-poses-as-gulshan-marries-hindu-woman-in-temple-conversion-islam/,"Chhattisgarh: Riyaz poses as Gulshan and marries Hindu woman in a temple, starts torturing and threatening her to convert to Islam after having a child","The love jihad victim said in her statement that, about 4 years ago, Riyaz befriended her on social media pretending to be Gulshan Manhas.",2024-09-25 05:13:34,https://i0.wp.com/www.opindia.com/wp-content/uploads/2024/03/Untitled-design-2024-03-16T232358.348.jpg?fit=696%2C398&ssl=1,opindia,0.9999999519012192,38,23,157,55,114
224,Newsdata,https://www.siasat.com/2-women-extort-money-from-restaurants-in-hyderabad-posing-as-govt-officals-held-3102811/,"2 women extort money from restaurants in Hyderabad posing as govt officals, held","Hyderabad: Two women posing as officials from the food safety department and human rights organisations have been caught extorting money from various restaurants and eateries in Hyderabad. The women targeted restaurants around areas of Alwal and Quthbullapur. Having received information about the two women visiting restaurants on Monday, September 23, the food safety wing of ...Get the latest updates in Hyderabad City News, Technology, Entertainment, Sports, Politics and Top Stories on WhatsApp & Telegram by subscribing to our channels. You can also download our app for Android and iOS.",2024-09-25 14:35:22,https://cdn.siasat.com/wp-content/uploads/2024/09/women-dupe-restaurants-in-Hyderabad-posing-as-food-safety-officials.jpg,siasat,1.276113419957147e-46,7,19,133,4,59
225,Newsdata,https://www.opindia.com/2024/09/give-funds-fight-for-us-convert-to-islam-or-leave-ultimatum-of-islamic-terror-group-to-christians-in-mali/,"Mali: Islamic terror outfit Jama’at Nusrat al-Islam wal Muslimeen gives ‘ultimatum’ to Christians to either give funds, fight for them, convert to Islam or flee their homes","In the West African country Mali, the Islamist terrorists have given an ‘ultimatum’ to the Christian inhabitants to either support their terror activities against the military power or leave their homes",2024-09-25 13:34:24,https://i0.wp.com/www.opindia.com/wp-content/uploads/2024/09/mali-christians-islamic-terror-groups.jpg?fit=696%2C398&ssl=1,opindia,4.834567483626821e-06,26,40,230,17,104
226,Newsdata,https://www.opindia.com/2024/09/medical-journal-retracts-paper-on-covaxin-bharat-biotech-sues-the-authors-from-bhu/,"BHU professor’s controversial paper on Covaxin adverse effects retracted by journal, Bharat Biotech slaps Rs 5 crore defamation on all authors","On 24th September, the journal Drug Safety retracted a paper it had published in May 2024 regarding the safety of Covaxin made by Bharat Biotech",2024-09-25 14:58:32,https://i0.wp.com/www.opindia.com/wp-content/uploads/2024/09/bharat-biotech-covaxin-bhu-research-paper-withdrawn.jpg?fit=696%2C387&ssl=1,opindia,3.1930357707571883e-16,26,64,300,19,150
227,Newsdata,https://www.opindia.com/2024/09/delhi-police-ifso-unit-busts-digital-arrest-fraud-three-arrested/,"Delhi Police Special Cell’s IFSO unit busts “Digital Arrest” fraud, three arrested for using mule and fake bank accounts","Delhi Police Special Cell's IFSO Unit have arrested three suspects for their alleged involvement in a module responsible for providing, handling, and using mule/fake bank accounts in connection in ""Digital Arrest fraud""",2024-09-25 16:19:04,https://i0.wp.com/www.opindia.com/wp-content/uploads/2024/09/Delhi-police-arrest-digital-arrest-fraud.jpg?fit=696%2C392&ssl=1,opindia,4.5152369662607034e-07,8,32,184,16,99
228,Newsdata,https://www.mid-day.com/mumbai/mumbai-crime-news/article/mumbai-man-held-for-assisting-in-cyber-fraud-targeting-elderly-share-investor%20-23399990,Man held for assisting in cyber fraud targeting elderly share investor,"The accused had provided his bank account to the cyber fraudsters for the transaction of a fraudulent amount, an official said",2024-09-25 18:02:45,https://images.mid-day.com/images/images/2024/sep/arrest-cuffs_d.jpg,mid_day,7.1692800428535695e-28,31,71,325,14,165
229,Newsdata,https://www.mid-day.com/mumbai/mumbai-crime-news/article/mcoca-court-grants-bail-to-chhota-shakeel-aide-salim-fruit-in-extortion-case-23399999,Court grants bail to Chhota Shakeel aide Salim Fruit in extortion case,"While Fruit has been granted bail in the extortion case, he will remain in jail as his bail plea in the NIA case is still pending before the High Court",2024-09-25 18:37:57,https://images.mid-day.com/images/images/2024/sep/salim-fruit_d.jpg,mid_day,7.722992572517736e-08,5,10,87,7,38
230,Newsdata,https://timesofindia.indiatimes.com/city/surat/licence-issued-after-death-payment-of-15l-accident-claim-ordered/articleshow/113705991.cms,Licence issued after death: Payment of 15L accident claim ordered,,2024-09-26 13:57:41,"https://static.toiimg.com/thumb/msid-47529300,imgsize-110164,width-400,height-225,resizemode-72/47529300.jpg",toi,1.1774832075622518e-07,11,22,105,11,65
231,Newsdata,https://timesofindia.indiatimes.com/city/surat/athwalines-psi-arrested-for-rs-1-lakh-bribe-at-surat-railway-station/articleshow/113710230.cms,Athwalines PSI caught taking 1L bribe,,2024-09-26 16:27:38,"https://static.toiimg.com/thumb/msid-47529300,imgsize-110164,width-400,height-225,resizemode-72/47529300.jpg",toi,0.0006878477739294375,4,8,117,15,60
232,Newsdata,https://timesofindia.indiatimes.com/city/surat/chennai-engineer-arrested-for-rs-189-crore-extortion-scheme-targeting-nri-doctor/articleshow/113709539.cms,Engineer nabbed for Rs 1.89cr extortion,,2024-09-26 16:03:49,"https://static.toiimg.com/thumb/msid-47529300,imgsize-110164,width-400,height-225,resizemode-72/47529300.jpg",toi,0.9979967936103386,12,28,114,31,83
233,Newsdata,https://timesofindia.indiatimes.com/city/surat/tragic-fire-in-illegal-unit-claims-one-life-and-injures-eight-in-surat/articleshow/113709452.cms,"Fire breaks out in illegal unit; one dead, 8 injured",,2024-09-26 16:01:00,"https://static.toiimg.com/thumb/msid-47529300,imgsize-110164,width-400,height-225,resizemode-72/47529300.jpg",toi,1.392625129422058e-32,5,16,72,3,41
234,Newsdata,https://timesofindia.indiatimes.com/city/surat/athwalines-psi-caught-taking-rs-one-lakh-bribe/articleshow/113709426.cms,Athwalines PSI caught taking Rs one lakh bribe,,2024-09-26 16:00:42,"https://static.toiimg.com/thumb/msid-47529300,imgsize-110164,width-400,height-225,resizemode-72/47529300.jpg",toi,3.5268770670845216e-06,1,4,59,7,31
235,Newsdata,https://timesofindia.indiatimes.com/city/surat/rajkot-cop-killed-in-road-accident/articleshow/113713718.cms,Rajkot cop killed in road accident,,2024-09-26 18:24:49,"https://static.toiimg.com/thumb/msid-47529300,imgsize-110164,width-400,height-225,resizemode-72/47529300.jpg",toi,5.829803533284711e-14,1,5,46,4,21
236,Newsdata,https://timesofindia.indiatimes.com/city/surat/sgcci-launches-textile-task-force-to-boost-surats-textile-industry/articleshow/113714374.cms,SGCCI sets up task force to address textile sector issues,,2024-09-26 18:36:41,"https://static.toiimg.com/photo/msid-113714374,imgsize-.cms",toi,7.944075326626361e-30,6,17,125,5,48
237,Newsdata,https://www.mid-day.com/mumbai/mumbai-crime-news/article/mumbai-police-on-high-alert-23401365,Mumbai Police on high alert,"Even as the police have been bolstering security in the city, all religious sites have been instructed to remain vigilant and report any suspicious activity",2024-09-27 17:27:51,https://images.mid-day.com/images/images/2024/sep/security-raje_d.jpg,mid_day,5.366548711585205e-64,5,31,100,2,61
238,Newsdata,https://www.siasat.com/hyderabad-2-held-for-stealing-items-worth-rs-2l-from-dy-cms-residence-3103917/,Hyderabad: 2 held for stealing items worth Rs 2L from Dy CM’s residence,"Hyderabad: Police have arrested two individuals for allegedly stealing valuables from the residence of deputy chief minister Mallu Bhatti Vikramarka in Banjara Hills. Officials recovered Rs 2.2 lakh in cash, a 100-gram gold coin, silver items, and foreign currency. The suspects, identified as Roshan Kumar Mandal and Uday Kumar Thakur, are both from Bihar. According ...Get the latest updates in Hyderabad City News, Technology, Entertainment, Sports, Politics and Top Stories on WhatsApp & Telegram by subscribing to our channels. You can also download our app for Android and iOS.",2024-09-27 15:33:15,https://cdn.siasat.com/wp-content/uploads/2024/02/Mallu-Bhatti-Vikramarka.jpg,siasat,1.231236483712214e-11,4,9,56,4,24
239,Newsdata,https://www.siasat.com/man-held-for-providing-on-demand-hookah-services-in-hyderabad-3103877/,Man held for providing on-demand hookah services in Hyderabad,"Hyderabad: A man was arrested for allegedly providing illegal hookah services to private customers in a raid by the Central Task Force and Khairtabad police on Friday, September 27. The state currently has a ban on hookah bars. The accused has been identified as Raju Nagaraju, 29, a native of the Trichy district of Tamil ...Get the latest updates in Hyderabad City News, Technology, Entertainment, Sports, Politics and Top Stories on WhatsApp & Telegram by subscribing to our channels. You can also download our app for Android and iOS.",2024-09-27 15:13:35,https://cdn.siasat.com/wp-content/uploads/2024/07/Untitled-design-2024-07-05T181404.618.jpg,siasat,1.81017929097228e-08,6,10,69,6,32
240,Newsdata,https://www.mid-day.com/mumbai/mumbai-crime-news/article/mumbai-woman-vandalises-mantralaya-cops-to-probe-breach-23401445,"Mumbai: Woman vandalises Mantralaya, cops to probe breach",She broke DyCM Fadnavis’s nameplate; FIR not filed yet,2024-09-28 02:43:49,https://images.mid-day.com/images/images/2024/sep/Mantralaya-a_d.jpg,mid_day,0.9940570340106032,20,18,103,22,64
241,Newsdata,https://www.mid-day.com/mumbai/mumbai-crime-news/article/two-passengers-arrested-at-mumbai-airport-for-smuggling-five-baby-crocodiles-23401778,Two passengers arrested at Mumbai airport for smuggling five baby crocodiles,"These crocodiles were concealed inside a rectangular box, which had been placed in one of the passenger’s trolley bags at Mumbai airport, customs officers said",2024-09-28 13:55:50,https://images.mid-day.com/images/images/2024/sep/crocodiles_d.jpg,mid_day,1.3039686766931899e-49,6,3,53,2,29
242,Newsdata,https://timesofindia.indiatimes.com/city/surat/cyber-fraud-engineer-duped-of-rs-1862-lakhs-in-tether-scam/articleshow/113793211.cms,Engineer loses Rs. 18.62 lakhs to cyber fraudsters,,2024-09-29 18:48:50,"https://static.toiimg.com/thumb/msid-47529300,imgsize-110164,width-400,height-225,resizemode-72/47529300.jpg",toi,0.7468338519414124,5,21,86,11,44
243,Newsdata,https://timesofindia.indiatimes.com/city/surat/miracle-of-life-6-day-old-girls-organs-save-four-lives/articleshow/113793179.cms,6-day-old girl gives new lease of life to 4 others,,2024-09-29 18:45:49,"https://static.toiimg.com/thumb/msid-47529300,imgsize-110164,width-400,height-225,resizemode-72/47529300.jpg",toi,0.16637745403117518,13,30,147,19,72
244,Newsdata,https://www.greaterkashmir.com/kashmir/security-preparedness-briefing-session-held-in-bandipora/,"Security preparedness, briefing session held in Bandipora","A statement of J&K Police issued here said that the session was attended by officers from the Army, Central Armed Police Forces (CAPF), and J&K Police from Bandipora district in preparation for the third phase of the J&K assembly pollsThe post Security preparedness, briefing session held in Bandipora appeared first on Greater Kashmir.",2024-09-30 01:04:22,https://greaterkashmir.imagibyte.sortdcdn.net/wp-content/uploads/2024/09/Screenshot-2024-09-23-at-7.35.38-AM.png?quality=80&type=webp,greaterkashmir,9.016758607938892e-48,5,14,83,2,27
245,Newsdata,https://www.washingtontimes.com/news/2024/sep/30/fbi-to-pay-22-million-to-settle-claims-of-sexual-d/,FBI to pay $22M to settle claims of sexual discrimination at training academy,"The FBI has agreed to pay more than $22 million to settle a class-action lawsuit alleging female recruits were singled out for dismissal in training and routinely harassed by instructors with sexually charged comments about their breast size, false allegations of infidelity and the need to take contraception ""to control their moods.""",2024-09-30 14:26:35,https://twt-thumbs.washtimes.com/media/image/2024/09/30/FBI_Sexual_Harassment_Settlement_75369_s1440x960.jpg,washingtontimes,4.8307387413936465e-05,20,48,169,17,104
246,Newsdata,https://www.mid-day.com/mumbai/mumbai-crime-news/article/mumbai-police-recover-26-vehicles-sold-by-21-year-old-conman-23403265,Mumbai Police recover 26 vehicles sold by 21-year-old conman,"An FIR was registered against the conman on September 7, by a 24-year-old victim who resides in the Chikuwadi Malvani area.",2024-10-01 05:11:28,https://images.mid-day.com/images/images/2024/oct/akash-singh-police_d.jpg,mid_day,0.30674522553910083,18,19,181,23,87
247,Newsdata,https://www.siasat.com/hyderabad-cops-seize-adulterated-food-worth-over-rs-24k-3106001/,Hyderabad: Cops seize adulterated food worth over Rs 24k,"Hyderabad: The RGIA police and a Special Operations Team (SOT) of the Shamshabad police raided a facility near Balaji Industry in Satamrai on Tuesday, October 1 around 1:00 pm uncovering adulterated and expired food items. Acting on credible information, authorities seized expired and adulterated food products including synthetic colours (Red: 250 grams, Green: 400 grams, ...Get the latest updates in Hyderabad City News, Technology, Entertainment, Sports, Politics and Top Stories on WhatsApp & Telegram by subscribing to our channels. You can also download our app for Android and iOS.",2024-10-01 15:59:25,https://cdn.siasat.com/wp-content/uploads/2024/10/Untitled-design-2024-10-01T201633.224.jpg,siasat,1.4849497646446823e-118,2,25,98,1,40
248,Newsdata,https://timesofindia.indiatimes.com/city/surat/bus-passenger-drugging-suspect-arrested-a-27-year-crime-spree-ends/articleshow/113858881.cms,"Man drugging bus passengers, stealing their valuables caught",,2024-10-01 15:54:42,"https://static.toiimg.com/thumb/msid-47529300,imgsize-110164,width-400,height-225,resizemode-72/47529300.jpg",toi,2.8610397311659717e-07,6,23,132,13,69
249,Newsdata,https://timesofindia.indiatimes.com/city/surat/diamond-manager-steals-60l-worth-of-natural-gems-swaps-with-lab-grown-counterparts/articleshow/113858652.cms,Manager swaps natural diamonds worth 60L with lab grown ones,,2024-10-01 15:45:40,"https://static.toiimg.com/thumb/msid-47529300,imgsize-110164,width-400,height-225,resizemode-72/47529300.jpg",toi,0.23851995009045934,4,19,91,15,54
250,Newsdata,https://timesofindia.indiatimes.com/city/surat/ukai-dam-reaches-maximum-water-level-for-sixth-consecutive-year-a-milestone-for-surat/articleshow/113860146.cms,Ukai hits full reservoir level of 345 feet for sixth straight year,,2024-10-01 17:18:41,"https://static.toiimg.com/thumb/msid-47529300,imgsize-110164,width-400,height-225,resizemode-72/47529300.jpg",toi,2.3583870241148684e-94,8,22,114,2,66
251,Newsdata,https://timesofindia.indiatimes.com/city/surat/experience-navratri-like-never-before-in-ac-domes-a-new-era-for-surats-festivities/articleshow/113861357.cms,Uninterrupted Navratri in AC Domes for Surtis,,2024-10-01 18:33:41,"https://static.toiimg.com/thumb/msid-47529300,imgsize-110164,width-400,height-225,resizemode-72/47529300.jpg",toi,4.975739545249511e-35,11,31,100,3,55
252,Newsdata,https://timesofindia.indiatimes.com/city/surat/three-arrested-in-surprising-foil-of-jewelry-store-heist/articleshow/113860846.cms,Three would-be robbers held with firearms,,2024-10-01 18:12:58,"https://static.toiimg.com/thumb/msid-47529300,imgsize-110164,width-400,height-225,resizemode-72/47529300.jpg",toi,2.9091886700209074e-09,7,15,85,7,37
253,Newsdata,https://timesofindia.indiatimes.com/city/surat/aap-protests-for-increased-school-sanitation-allowance-in-surat/articleshow/113860363.cms,AAP demands raise in school sanitation allowance,,2024-10-01 17:36:40,"https://static.toiimg.com/thumb/msid-47529300,imgsize-110164,width-400,height-225,resizemode-72/47529300.jpg",toi,1.030831155559614e-05,11,21,107,11,48
254,Newsdata,https://timesofindia.indiatimes.com/city/surat/fraudulent-legal-notice-by-consultant-attempts-to-extort-rs-4-crore-using-salman-khans-name/articleshow/113881635.cms,Consultant uses fake Salman Khan notice in bid to extort 4cr,,2024-10-02 15:12:40,"https://static.toiimg.com/thumb/msid-47529300,imgsize-110164,width-400,height-225,resizemode-72/47529300.jpg",toi,0.9954798520327454,1,11,85,14,44
255,Newsdata,https://timesofindia.indiatimes.com/city/surat/indian-diamond-traders-in-israel-assure-safety-amid-missile-attacks/articleshow/113882776.cms,"In Israel, Indian diamond traders say they are safe",,2024-10-02 16:24:41,"https://static.toiimg.com/thumb/msid-47529300,imgsize-110164,width-400,height-225,resizemode-72/47529300.jpg",toi,0.9570394407527842,14,28,133,24,64
256,Newsdata,https://timesofindia.indiatimes.com/city/surat/tragic-incident-in-navsari-leopard-cub-found-dead-after-attack-on-young-girls/articleshow/113882730.cms,"One leopard cub caged, another found dead in Navsari",,2024-10-02 16:21:41,"https://static.toiimg.com/thumb/msid-47529300,imgsize-110164,width-400,height-225,resizemode-72/47529300.jpg",toi,0.11467980557989729,13,24,110,18,75
257,Newsdata,https://www.mid-day.com/mumbai/mumbai-crime-news/article/maharashtra-charas-worth-rs-35-lakh-seized-in-maharashtras-palghar-district-one-held-23404346,"Charas worth Rs 35 lakh seized in Palghar, one held",The action was taken by the crime detection unit of Pelhar police station in Palghar,2024-10-02 16:20:27,https://images.mid-day.com/images/images/2024/oct/Arrested-rep_d.jpg,mid_day,3.031979482809027e-18,6,15,132,8,64
258,Newsdata,https://timesofindia.indiatimes.com/city/surat/class-ii-officer-and-father-arrested-for-forgery-in-gujarat-government-job-scam/articleshow/113882693.cms,"Class II officer, her father held for forging documents",,2024-10-02 16:18:40,"https://static.toiimg.com/thumb/msid-47529300,imgsize-110164,width-400,height-225,resizemode-72/47529300.jpg",toi,0.0004655674604928374,6,11,134,13,56
259,Newsdata,https://timesofindia.indiatimes.com/city/surat/chennai-man-cheated-nine-women-of-53-lakh-in-online-dating-scam/articleshow/113882938.cms,Chennai’s serial online dater cheated nine woman of Rs 53 lakh,,2024-10-02 16:36:40,"https://static.toiimg.com/thumb/msid-47529300,imgsize-110164,width-400,height-225,resizemode-72/47529300.jpg",toi,0.36373614113687497,5,19,87,10,38
260,Newsdata,https://timesofindia.indiatimes.com/city/surat/massive-cleaning-drive-at-dumas-beach-collects-over-1800kg-of-waste/articleshow/113883950.cms,Over 1800kg waste collected at Dumas Beach,,2024-10-02 17:48:41,"https://static.toiimg.com/thumb/msid-47529300,imgsize-110164,width-400,height-225,resizemode-72/47529300.jpg",toi,5.629060410629806e-28,1,14,73,2,26
261,Newsdata,https://timesofindia.indiatimes.com/city/surat/ahmedabad-businessman-dies-by-suicide-in-dumas-hotel-amid-financial-distress/articleshow/113915440.cms,Ahmedabad businessman hangs to death in Dumas hotel,,2024-10-03 16:27:40,"https://static.toiimg.com/thumb/msid-47529300,imgsize-110164,width-400,height-225,resizemode-72/47529300.jpg",toi,0.9638505067715677,6,22,72,12,42
262,Newsdata,https://timesofindia.indiatimes.com/city/surat/ukais-monsoon-power-generation-soars-to-274-mu-revenue-hits-rs-961-crore/articleshow/113915157.cms,Ukai produced 274 MU of power this monsoon,,2024-10-03 16:09:41,"https://static.toiimg.com/thumb/msid-47529300,imgsize-110164,width-400,height-225,resizemode-72/47529300.jpg",toi,6.837786595631328e-83,7,18,101,2,46
263,Newsdata,https://www.mid-day.com/mumbai/mumbai-crime-news/article/bookmyshow-files-fir-in-mumbai-over-black-marketing-of-coldplay-concert-tickets-23404953,Coldplay concert: BookMyShow files FIR over ticket black marketing,"The FIR was filed with the Mumbai Police on October 2, regarding the alleged resale of tickets for British rock band Coldplay`s Music Of The Spheres World Tour 2025 in India, an official statement said",2024-10-03 15:42:29,https://images.mid-day.com/images/images/2024/oct/coldplay-file-AFP_d.jpg,mid_day,9.623858812583366e-09,11,43,163,14,81
264,Newsdata,https://timesofindia.indiatimes.com/city/surat/13-year-old-girl-pregnant-after-incestuous-rape-by-brother/articleshow/113914636.cms,Class 8 girl pregnant after repeated rape by teen brother,,2024-10-03 15:39:48,"https://static.toiimg.com/thumb/msid-47529300,imgsize-110164,width-400,height-225,resizemode-72/47529300.jpg",toi,0.9995296284227227,10,21,82,20,53
265,Newsdata,https://timesofindia.indiatimes.com/city/surat/couples-deceit-woman-falsely-accuses-beauty-salon-owner-of-rape-for-revenge/articleshow/113917194.cms,Woman tries to fix her boyfriend’s ex-lover in rape case,,2024-10-03 18:24:40,"https://static.toiimg.com/thumb/msid-47529300,imgsize-110164,width-400,height-225,resizemode-72/47529300.jpg",toi,0.9999360832128507,3,15,59,16,38
266,Newsdata,https://timesofindia.indiatimes.com/city/surat/massive-20-crore-online-shopping-scam-busted-six-arrested-in-surat/articleshow/113915765.cms,Six held for 20 crore online shopping scam,,2024-10-03 16:57:40,"https://static.toiimg.com/thumb/msid-47529300,imgsize-110164,width-400,height-225,resizemode-72/47529300.jpg",toi,4.973842765728287e-14,12,31,126,9,72
267,Newsdata,https://timesofindia.indiatimes.com/city/surat/surat-municipal-corporation-employees-stage-garba-protest-for-promotion-and-salary-demands/articleshow/113918129.cms,Employees perform garba in protest at SMC HQ,,2024-10-03 19:06:40,"https://static.toiimg.com/thumb/msid-47529300,imgsize-110164,width-400,height-225,resizemode-72/47529300.jpg",toi,0.006606339886720505,7,18,96,11,48
268,Newsdata,https://odishatv.in/news/crime/pcr-constable-stabbed-following-tiff-over-honking-in-bhubaneswar-245713,PCR constable stabbed following tiff over honking in Bhubaneswar,One can easily gauge the state of affairs of the law and order situation after a PCR constable was allegedly stabbed following a tiff over honking.,2024-10-04 06:29:31,https://images.odishatv.in/uploadimage/library/16_9/16_9_4/default.svg,odishatv,4.693087175354251e-16,14,19,105,8,69
269,Newsdata,https://timesofindia.indiatimes.com/city/surat/van-driver-arrested-for-molesting-class-12-girl-in-school-van/articleshow/113945335.cms,Van driver molests class 12 girl returning from school garba,,2024-10-04 14:57:40,"https://static.toiimg.com/thumb/msid-47529300,imgsize-110164,width-400,height-225,resizemode-72/47529300.jpg",toi,0.9999999809870649,15,7,82,20,45
270,Newsdata,https://www.mid-day.com/mumbai/mumbai-crime-news/article/mumbai-cops-arrest-36-people-for-running-fake-call-centres-in-the-jogeshwari-goregaon-duping-foreigners-23405568,"Mumbai cops arrest 36 people for running fake call centres, duping foreigners","The gangs targeted foreign nationals by selling banned medicines such as Viagra, Tramadol, Cialis, and Levitra. Some members of the gang also duped Indian nationals by offering fake loans and promising to improve their CIBIL scores, stated Mumbai Police",2024-10-04 14:31:44,https://images.mid-day.com/images/images/2024/oct/arrest-cuffs_d_d.jpg,mid_day,6.855476204164236e-31,9,23,100,3,39
271,Newsdata,https://timesofindia.indiatimes.com/city/surat/surat-doctor-swindled-of-rs-22-lakh-in-high-stakes-investment-scam/articleshow/113947020.cms,Doctor losts Rs 22 lakh in investment scam,,2024-10-04 16:27:46,"https://static.toiimg.com/thumb/msid-47529300,imgsize-110164,width-400,height-225,resizemode-72/47529300.jpg",toi,0.9614057856404721,8,15,89,13,50
272,Newsdata,https://timesofindia.indiatimes.com/city/surat/surat-doctor-duped-of-rs-22-lakh-in-investment-scam-a-cautionary-tale/articleshow/113947017.cms,Doctor lost Rs 22 lakh in investment scam,,2024-10-04 16:27:40,"https://static.toiimg.com/thumb/msid-47529300,imgsize-110164,width-400,height-225,resizemode-72/47529300.jpg",toi,0.9628324190473055,16,30,177,27,101
273,Newsdata,https://timesofindia.indiatimes.com/city/surat/urgent-efforts-by-surat-diamond-bourse-to-boost-operational-trading/articleshow/113947486.cms,SDB makes another bid to make complex operational,,2024-10-04 17:06:47,"https://static.toiimg.com/thumb/msid-47529300,imgsize-110164,width-400,height-225,resizemode-72/47529300.jpg",toi,0.00026977443181074143,14,17,119,13,67
274,Newsdata,https://timesofindia.indiatimes.com/city/surat/tragic-accident-claims-life-of-14-year-old-boy-in-surat-falling-plaster-incident/articleshow/113947483.cms,14-year-old boy killed by chunk of falling plaster,,2024-10-04 17:06:40,"https://static.toiimg.com/thumb/msid-47529300,imgsize-110164,width-400,height-225,resizemode-72/47529300.jpg",toi,1.204991970339355e-06,3,5,50,5,21
275,Newsdata,https://timesofindia.indiatimes.com/city/surat/gym-partners-in-bitter-feud-over-stolen-equipment-worth-rs-125-lakh/articleshow/113947182.cms,Partners battle it out over Rander gym,,2024-10-04 16:42:59,"https://static.toiimg.com/thumb/msid-47529300,imgsize-110164,width-400,height-225,resizemode-72/47529300.jpg",toi,0.9984434995471552,10,13,120,18,43
276,Newsdata,https://timesofindia.indiatimes.com/city/surat/push-to-rename-outer-ring-road-after-keshubhai-patel-gains-momentum-in-surat/articleshow/113948297.cms,Demand to name road after Keshubhai,,2024-10-04 18:06:41,"https://static.toiimg.com/thumb/msid-47529300,imgsize-110164,width-400,height-225,resizemode-72/47529300.jpg",toi,0.6695380598969668,3,8,55,8,30
277,Newsdata,https://www.opindia.com/2024/10/violence-and-clashes-disrupt-haryana-assembly-elections/,Haryana Assembly Elections: Clashes reported in Nuh and other districts,"Clashes and violence marred the Haryana Assembly Elections, with incidents of stone pelting, scuffles, and damaged polling booths reported in Nuh, Hisar, and Meham districts.",2024-10-05 13:31:38,https://i0.wp.com/www.opindia.com/wp-content/uploads/2024/10/nuh-violence.jpg?fit=696%2C398&ssl=1,opindia,3.717497431442282e-12,6,20,188,10,55
278,Newsdata,https://www.opindia.com/2024/10/shimla-court-orders-demolition-of-3-floors-of-sanjauli-mosque-within-2-months/,"Shimla Court orders Masjid Committee, Waqf Board to demolish top three floors of Sanjauli Mosque within two months",The Shimla Municipal Commissioner Court on Saturday ordered the demolition of three floors of the Sanjauli Mosque in Himachal Pradesh.,2024-10-05 12:45:14,https://i0.wp.com/www.opindia.com/wp-content/uploads/2024/10/Sanjauli-Mosque-court.jpg?fit=696%2C391&ssl=1,opindia,1.196725644671468e-13,7,22,124,9,63
279,Newsdata,https://timesofindia.indiatimes.com/city/surat/desperate-times-diamond-artisan-turns-to-motorcycle-theft-after-job-loss/articleshow/113970301.cms,"Jobless for four months, diamond artisan takes to vehicle theft",,2024-10-05 16:15:40,"https://static.toiimg.com/thumb/msid-47529300,imgsize-110164,width-400,height-225,resizemode-72/47529300.jpg",toi,0.8569677228010927,13,18,100,14,66
280,Newsdata,https://timesofindia.indiatimes.com/city/surat/union-minister-inaugurates-two-beautifully-redeveloped-gardens-in-surat/articleshow/113970588.cms,Two redeveloped gardens inaugurated,,2024-10-05 16:39:49,"https://static.toiimg.com/thumb/msid-47529300,imgsize-110164,width-400,height-225,resizemode-72/47529300.jpg",toi,4.924410095767669e-82,0,11,65,1,21
281,Newsdata,https://timesofindia.indiatimes.com/city/surat/diamond-workers-strike-pay-cuts-and-missing-diwali-bonuses-spark-outrage-in-surat/articleshow/113970565.cms,Diamond workers go on flash strike over pay cut,,2024-10-05 16:36:53,"https://static.toiimg.com/thumb/msid-47529300,imgsize-110164,width-400,height-225,resizemode-72/47529300.jpg",toi,0.9966395373352545,14,21,102,21,71
282,Newsdata,https://www.mid-day.com/mumbai/mumbai-crime-news/article/maharashtra-16-year-old-boy-dies-after-falling-from-8th-floor-of-building-in-thane-23406223,Teen boy dies after falling from 8th floor of building in Thane,"The teenager was standing at the window of the complex in Wagle Estate when the incident took place, an official said",2024-10-05 18:01:16,https://images.mid-day.com/images/images/2024/oct/Police-iStock-rep_d.jpg,mid_day,0.9858904151718931,9,14,125,21,82
283,Newsdata,https://timesofindia.indiatimes.com/city/surat/global-experts-gather-in-surat-to-champion-inclusive-education/articleshow/113971433.cms,Experts deliberate on inclusive education,,2024-10-05 17:42:57,"https://static.toiimg.com/thumb/msid-47529300,imgsize-110164,width-400,height-225,resizemode-72/47529300.jpg",toi,0.9999999999828306,1,9,80,0,12
284,Newsdata,https://timesofindia.indiatimes.com/city/surat/lgd-association-meeting-at-sdb-paving-the-way-for-growth-in-lab-grown-diamond-trade/articleshow/113971431.cms,LGD association holds meeting at SDB,,2024-10-05 17:42:49,"https://static.toiimg.com/thumb/msid-47529300,imgsize-110164,width-400,height-225,resizemode-72/47529300.jpg",toi,0.8889764578003703,5,6,51,8,33
285,Newsdata,https://www.opindia.com/2024/10/stone-pelted-at-police-station-in-saharanpur-over-comments-of-yati-narasimhanand/,"Violence erupts in Saharanpur during protests by Muslims over comments of Yati Narasimhanand, stones pelted at police station",A mob pelted stones at the Sheikhpura police post in the Sadar Bazar police station area in Saharanpur during a protest against Yati Narasimhanand,2024-10-06 13:24:49,https://i0.wp.com/www.opindia.com/wp-content/uploads/2024/10/Saharanpur-Yati-protest-stone-pelting.jpg?fit=696%2C384&ssl=1,opindia,9.582429340998964e-11,18,21,233,19,110
286,Newsdata,https://timesofindia.indiatimes.com/city/surat/surat-police-uncover-major-online-fraud-syndicate-scamming-unemployed-individuals/articleshow/113993105.cms,SOG busts online fraud syndicate,,2024-10-06 18:45:42,"https://static.toiimg.com/thumb/msid-47529300,imgsize-110164,width-400,height-225,resizemode-72/47529300.jpg",toi,1.5511089237081646e-12,6,19,113,6,61
287,Newsdata,https://timesofindia.indiatimes.com/city/surat/suspected-drug-supplier-arrested-after-19-years-in-major-ndps-case/articleshow/113993104.cms,Drug supplier held in 19-year-old case,,2024-10-06 18:45:40,"https://static.toiimg.com/thumb/msid-47529300,imgsize-110164,width-400,height-225,resizemode-72/47529300.jpg",toi,3.5581007634085813e-17,9,12,109,7,51
288,Newsdata,https://www.mid-day.com/mumbai/mumbai-crime-news/article/ncp-ajit-pawar-faction-leader-stabbed-to-death-in-mumbais-byculla-three-held-23406670,"NCP-Ajit Pawar faction leader stabbed to death in Mumbai`s Byculla, three held",The police said that personal enmity was the motive behind the murder,2024-10-07 02:10:19,https://images.mid-day.com/images/images/2024/oct/Kurmi_d.jpg,mid_day,2.8949131824251984e-15,3,18,100,6,50
289,Newsdata,https://timesofindia.indiatimes.com/city/surat/rickshaw-driver-arrested-for-rape-under-false-marriage-promise-in-surat/articleshow/114019752.cms,Man arrested for raping woman with false marriage promise,,2024-10-07 15:42:40,"https://static.toiimg.com/thumb/msid-47529300,imgsize-110164,width-400,height-225,resizemode-72/47529300.jpg",toi,0.9998759493851095,7,13,79,17,51
290,Newsdata,https://www.mid-day.com/mumbai/mumbai-crime-news/article/cheating-case-mumbai-cops-record-statement-of-netflixs-hindi-film-licensing-head-23407231,Cheating case: Mumbai cops take statement of Netflix`s senior executive,"The enquiry was initiated following a complaint by a private production house alleging breach of trust and cheating against Netflix over a content distribution licensing agreement, Mumbai Police sources said",2024-10-07 17:26:50,https://images.mid-day.com/images/images/2024/oct/netflix_d_d_d.jpg,mid_day,4.244603317958018e-17,6,17,109,6,55
291,Newsdata,https://timesofindia.indiatimes.com/city/surat/engineer-duped-in-cyber-fraud-while-booking-garba-pass-loses-rs-2-lakhs/articleshow/114022632.cms,Woman loses 2L to cyberfraud while trying to book garba pass,,2024-10-07 18:45:41,"https://static.toiimg.com/thumb/msid-47529300,imgsize-110164,width-400,height-225,resizemode-72/47529300.jpg",toi,0.8709525384607769,3,11,82,13,51
292,Newsdata,https://timesofindia.indiatimes.com/city/surat/major-counterfeit-currency-bust-two-arrested-with-1592-fake-500-rupee-notes-in-surat/articleshow/114022630.cms,"Man held with 1,592 counterfeit 500-rupee notes",,2024-10-07 18:45:40,"https://static.toiimg.com/thumb/msid-47529300,imgsize-110164,width-400,height-225,resizemode-72/47529300.jpg",toi,0.04255092154376245,9,11,75,11,41
293,Newsdata,https://timesofindia.indiatimes.com/city/surat/principal-of-ashram-shala-arrested-for-sexual-assault-on-students-shocking-revelations/articleshow/114022815.cms,Ashram Shala principal remanded in police custody for three days,,2024-10-07 18:48:52,"https://static.toiimg.com/thumb/msid-47529300,imgsize-110164,width-400,height-225,resizemode-72/47529300.jpg",toi,8.674023415378274e-06,5,16,100,12,47
294,Newsdata,https://www.opindia.com/2024/10/up-60-year-old-nisar-qureshi-arrested-for-raping-hindu-child-in-siddharthnagar-muslims-pelt-stones-at-protesting-hindus/,"UP: 60-year-old Nisar Qureshi arrested for raping minor Hindu child in Siddharthnagar, Muslims pelt stones at protesting Hindus","Notably, the 60-year-old accused has been arrested after a case was registered against him under POCSO and other relevant BNS sections.",2024-10-08 05:13:33,https://i0.wp.com/www.opindia.com/wp-content/uploads/2024/10/siddharthnagar.jpg?fit=696%2C398&ssl=1,opindia,1.8705448771991747e-45,10,20,174,6,90
295,Newsdata,https://timesofindia.indiatimes.com/city/surat/slingshot-gang-busted-21-thefts-solved-in-major-police-operation/articleshow/114055260.cms,"Five of ‘slingshot gang’ nabbed, 21 theft cases detected",,2024-10-08 16:21:40,"https://static.toiimg.com/thumb/msid-47529300,imgsize-110164,width-400,height-225,resizemode-72/47529300.jpg",toi,9.020772135720632e-10,10,13,115,9,49
296,Newsdata,https://www.mid-day.com/mumbai/mumbai-crime-news/article/navratri-2024-six-held-for-selling-fake-passes-of-rang-rass-garba-event-in-borivali-23407751,Six held for selling fake passes of Rang Rass Garba event in Borivali,"The matter came to light when the QR codes on the passes failed to scan, prompting the organisers to approach the police, an official said",2024-10-08 15:07:30,https://images.mid-day.com/images/images/2024/oct/passes-shirish_d.jpg,mid_day,9.663334728114216e-16,9,14,138,11,82
297,Newsdata,https://timesofindia.indiatimes.com/city/surat/bjp-councillors-shocking-extortion-complaint-against-creditor-in-surat/articleshow/114056105.cms,BJP councillor files extortion complaint against creditor,,2024-10-08 17:21:48,"https://static.toiimg.com/thumb/msid-47529300,imgsize-110164,width-400,height-225,resizemode-72/47529300.jpg",toi,0.9989086845951733,6,14,68,13,38
298,Newsdata,https://timesofindia.indiatimes.com/city/surat/mystery-unfolds-18-year-old-girls-suicide-on-gujarat-queen-train-amid-allegations-of-gang-rape/articleshow/114056101.cms,Girl’s suicide aboard Gujarat Queen train remains a mystery,,2024-10-08 17:21:41,"https://static.toiimg.com/thumb/msid-47529300,imgsize-110164,width-400,height-225,resizemode-72/47529300.jpg",toi,0.9214848979463098,9,16,98,15,58
299,Newsdata,https://timesofindia.indiatimes.com/city/surat/surat-man-arrested-with-rs-35-lakh-mephedrone-as-drug-trade-surges/articleshow/114056100.cms,Man held in Surat with mephedrone worth 35L,,2024-10-08 17:21:40,"https://static.toiimg.com/thumb/msid-47529300,imgsize-110164,width-400,height-225,resizemode-72/47529300.jpg",toi,0.9999996379124872,6,8,82,24,53
300,Newsdata,https://timesofindia.indiatimes.com/city/surat/77-year-old-accident-victim-transforms-lives-through-organ-donation/articleshow/114056099.cms,Accident victim gives new life to four,,2024-10-08 17:21:40,"https://static.toiimg.com/thumb/msid-47529300,imgsize-110164,width-400,height-225,resizemode-72/47529300.jpg",toi,0.006474545863788892,5,9,61,8,31
301,Newsdata,https://timesofindia.indiatimes.com/city/surat/cybercrime-police-arrest-two-for-forging-bank-documents-for-visa-scams/articleshow/114056446.cms,Two arrested for making fake bank documents for visa,,2024-10-08 17:45:49,"https://static.toiimg.com/thumb/msid-47529300,imgsize-110164,width-400,height-225,resizemode-72/47529300.jpg",toi,8.135832735996244e-87,4,15,124,2,32
302,Newsdata,https://timesofindia.indiatimes.com/city/surat/tragic-suicide-of-diamond-artisan-driven-by-financial-struggles/articleshow/114056442.cms,Diamond artisan kills self over financial crisis,,2024-10-08 17:45:40,"https://static.toiimg.com/thumb/msid-47529300,imgsize-110164,width-400,height-225,resizemode-72/47529300.jpg",toi,0.9808365262434786,15,30,93,22,57
303,Newsdata,https://www.opindia.com/2024/10/afghanistan-citizen-residing-in-us-isis-attack-election-day-justice-department/,"Afghanistan citizen, Nasir Ahmad Tawhedi, residing in US, was planning ISIS attack on Election Day, had liquidated family assets: What Justice Dept said","The United States Justice Department on Tuesday (local time) announced charges against a citizen of Afghanistan residing in Oklahoma City, Oklahoma, for conspiring to conduct an Election Day ISIS terrorist attack in the United States",2024-10-09 04:54:26,https://i0.wp.com/www.opindia.com/wp-content/uploads/2024/10/Kamala-trump.jpg?fit=696%2C447&ssl=1,opindia,7.903087587044332e-08,16,54,326,24,149
304,Newsdata,https://timesofindia.indiatimes.com/city/surat/teen-girl-gang-raped-in-surat-shocking-incident-highlights-rising-crime-against-women/articleshow/114089811.cms,17-year-old out with her male friend gangraped by three near Surat,,2024-10-09 15:30:40,"https://static.toiimg.com/thumb/msid-47529300,imgsize-110164,width-400,height-225,resizemode-72/47529300.jpg",toi,0.9579303457391215,19,21,140,24,85
305,Newsdata,https://www.mid-day.com/mumbai/mumbai-crime-news/article/maharashtra-32-year-old-man-kills-wife-during-fight-in-thane-cops-form-teams-to-nab-accused-23408356,"Man kills wife during fight in Thane, cops search to nab accused","The couple often fought over domestic issues, an official said",2024-10-09 15:06:50,https://images.mid-day.com/images/images/2024/oct/crime-scene_d.jpg,mid_day,0.8462876918238436,13,16,149,21,72
306,Newsdata,https://www.opindia.com/2024/10/teacher-md-ziauddin-tells-students-in-begusarai-that-lord-ram-hanuman-were-originally-muslims/,"Bihar: Teacher Md Ziauddin tells students in Begusarai that Lord Ram, Hanuman were originally Muslims and used to offer Namaz, Hindus demand action","In Begusarai in Bihar, a teacher named Md Ziauddin taught students that Lord Ram and Hanuman were originally Muslims who used to offer Namaz",2024-10-09 14:58:52,https://i0.wp.com/www.opindia.com/wp-content/uploads/2024/10/Teacher-Ziauddin-Ram-Hanuman-Muslim.jpg?fit=696%2C387&ssl=1,opindia,0.007475048077474366,15,23,201,24,88
307,Newsdata,https://www.mid-day.com/mumbai/mumbai-crime-news/article/mumbai-former-customs-official-gets-one-year-in-jail-in-rs-14-crore-cheating-case-23408416,Mumbai: Ex-customs official gets one year in jail in Rs 14-crore cheating case,A special CBI court in Mumbai convicted a former superintendent of the Customs and Central Excise department and two others in a 2009 case concerning forgery of exports-related documents and duty evasion of about Rs 14 crore,2024-10-09 16:22:08,https://images.mid-day.com/images/images/2024/oct/HC_d.jpg,mid_day,5.150498429940538e-20,2,26,123,6,39
308,Newsdata,https://timesofindia.indiatimes.com/city/surat/gang-rape-of-17-year-old-girl-near-surat-two-arrested-manhunt-for-third-suspect/articleshow/114091434.cms,17-year-old out with her male friend gang-raped by three near Surat,,2024-10-09 16:09:38,"https://static.toiimg.com/thumb/msid-47529300,imgsize-110164,width-400,height-225,resizemode-72/47529300.jpg",toi,0.9798695386681513,39,42,283,48,171
309,Newsdata,https://timesofindia.indiatimes.com/city/surat/woman-reports-sexual-harassment-by-neighbours-in-surat-housing-society/articleshow/114094636.cms,Woman alleges sexual harassment by four neighbours,,2024-10-09 17:48:40,"https://static.toiimg.com/thumb/msid-47529300,imgsize-110164,width-400,height-225,resizemode-72/47529300.jpg",toi,0.20177467611196379,6,5,55,7,33
310,Newsdata,https://timesofindia.indiatimes.com/city/surat/major-mephedrone-lab-raided-in-umargam-gidc-17kg-seized-worth-25-crore/articleshow/114094637.cms,Mephedrone lab busted in Umargam GIDC,,2024-10-09 17:48:40,"https://static.toiimg.com/thumb/msid-47529300,imgsize-110164,width-400,height-225,resizemode-72/47529300.jpg",toi,2.7590125959892178e-93,1,11,69,1,23
311,Newsdata,https://timesofindia.indiatimes.com/city/surat/mob-burns-car-after-driver-collides-with-garba-speaker-in-surat/articleshow/114095889.cms,Mob sets car on fire after driver collides with garba speaker,,2024-10-09 18:42:44,"https://static.toiimg.com/thumb/msid-47529300,imgsize-110164,width-400,height-225,resizemode-72/47529300.jpg",toi,0.9983363641624111,13,8,126,18,63
312,Newsdata,https://www.mid-day.com/mumbai/mumbai-crime-news/article/maharashtra-30-year-old-man-sets-his-motorcycle-on-fire-after-being-caught-in-drink-and-drive-in-vasai-23408950,Man sets his motorcycle on fire after being caught in drink and drive in Palghar,The cops claimed that he was allegedly riding his bike in an inebriated condition following which officials clamped the rear wheel of his vehicle and asked him to produce the papers of the bike,2024-10-10 13:56:24,https://images.mid-day.com/images/images/2024/oct/fire-fire-hanif_d.jpg,mid_day,0.9999269686598491,2,8,94,16,43
313,Newsdata,https://timesofindia.indiatimes.com/city/surat/gang-rape-arrest-leads-to-tragic-custodial-death-of-45-year-old/articleshow/114127505.cms,45-year-old dies hours after his arrest for minor girl’s gang rape,,2024-10-10 16:30:41,"https://static.toiimg.com/thumb/msid-114128061,imgsize-61190,width-400,height-225,resizemode-72/114128061.jpg",toi,0.9923930948367126,16,20,157,28,85
314,Newsdata,https://timesofindia.indiatimes.com/city/surat/ex-employee-flees-with-stolen-diamonds-and-gold-worth-45-lakhs-from-surat-jeweller/articleshow/114128620.cms,Former employee steals 45L from jeweller,,2024-10-10 17:51:58,"https://static.toiimg.com/thumb/msid-47529300,imgsize-110164,width-400,height-225,resizemode-72/47529300.jpg",toi,0.30633720790888236,6,9,73,11,40
315,Newsdata,https://timesofindia.indiatimes.com/city/surat/fraud-alert-man-posing-as-surat-municipal-official-swindles-rs-53-lakh-from-victims/articleshow/114128614.cms,Man held for posing as SMC official to swindle 53L from seven,,2024-10-10 17:51:49,"https://static.toiimg.com/thumb/msid-47529300,imgsize-110164,width-400,height-225,resizemode-72/47529300.jpg",toi,0.7211624572434651,5,7,62,10,34
316,Newsdata,https://timesofindia.indiatimes.com/city/surat/third-gang-rape-accused-identified-major-criminal-history-uncovered/articleshow/114129282.cms,Third gang rape accused also a history-sheeter,,2024-10-10 18:46:06,"https://static.toiimg.com/thumb/msid-47529300,imgsize-110164,width-400,height-225,resizemode-72/47529300.jpg",toi,0.4352804230081337,4,8,67,11,38
317,Newsdata,https://www.mid-day.com/mumbai/mumbai-crime-news/article/mumbai-thief-who-stole-expensive-shoes-from-santacruz-building-arrested-23409135,Mumbai thief who stole expensive shoes from Santacruz building arrested,"Man targeted multiple areas, including Kurla and Santacruz; selling stolen footwear in local markets",2024-10-11 03:21:40,https://images.mid-day.com/images/images/2024/oct/Shoe-a_d.jpg,mid_day,2.947248162075298e-06,18,23,133,14,76
318,Newsdata,https://timesofindia.indiatimes.com/city/surat/doctor-scammed-of-495-crore-by-trio-in-fake-property-deal/articleshow/114156801.cms,Trio dupe doctor out of 4.95cr in property deal,,2024-10-11 17:24:40,"https://static.toiimg.com/thumb/msid-47529300,imgsize-110164,width-400,height-225,resizemode-72/47529300.jpg",toi,2.2695725144799935e-06,0,11,95,9,42
319,Newsdata,https://timesofindia.indiatimes.com/city/surat/22-year-old-delivery-worker-arrested-for-raping-11-year-old-girl-in-surat/articleshow/114156802.cms,Delivery worker rapes 11-year-old girl,,2024-10-11 17:24:40,"https://static.toiimg.com/thumb/msid-47529300,imgsize-110164,width-400,height-225,resizemode-72/47529300.jpg",toi,0.4875696698429321,6,10,66,10,40
320,Newsdata,https://www.washingtontimes.com/news/2024/oct/11/fema-still-spending-heavily-on-covid-and-decades-o/,FEMA still spending heavily on COVID and decades-old storms,"While the Federal Emergency Management Agency clamors for more money to deal with hurricanes and floods, it is spending a significant portion of its disaster relief fund to help communities and individuals deal with COVID-19 as well as natural disasters that occurred years and even decades ago.",2024-10-11 20:43:47,https://twt-thumbs.washtimes.com/media/image/2024/10/04/Election_2024_Harris_55631_s1440x961.jpg,washingtontimes,3.092138017733376e-17,37,77,453,25,191
321,Newsdata,https://timesofindia.indiatimes.com/city/surat/massive-seizure-of-counterfeit-ghee-71-containers-confiscated-in-surat/articleshow/114157937.cms,71 containers of spurious ghee seized,,2024-10-11 18:51:40,"https://static.toiimg.com/thumb/msid-47529300,imgsize-110164,width-400,height-225,resizemode-72/47529300.jpg",toi,6.442262669823093e-42,1,15,76,3,47
322,Newsdata,https://timesofindia.indiatimes.com/city/surat/arrest-of-third-suspect-in-mota-borsara-gang-rape-case-uncovered/articleshow/114157867.cms,Third accused in gang rape case arrested,,2024-10-11 18:48:44,"https://static.toiimg.com/thumb/msid-47529300,imgsize-110164,width-400,height-225,resizemode-72/47529300.jpg",toi,0.02246110414853633,6,12,107,13,55
323,Newsdata,https://www.mid-day.com/mumbai/mumbai-crime-news/article/mumbai-police-arrests-10-cyber-fraudsters-in-different-cases-of-online-scams-23409988,Mumbai Police arrests 10 cyber fraudsters in different cases of online scams,"The city cyber crime cells nabbed the suspects who were allegedly involved in different types of cyber frauds, an official said",2024-10-12 16:21:46,https://images.mid-day.com/images/images/2024/oct/hacking-file_d.jpg,mid_day,5.758612753686758e-05,4,7,81,8,30
324,Newsdata,https://www.opindia.com/2024/10/bangladesh-four-arrested-over-theft-of-maa-kali-crown-gifted-by-indian-pm-modi/,"Bangladesh: 4 suspects arrested over theft of Maa Kali crown in Jeshoreshwari Shakti Peeth, the crown gifted PM Modi yet to be recovered","Four persons have been arrested over the theft of the crown of goddess Kali at the Jeshoreshwari Temple in Shyamnagar, Satkhira in Bangladesh.",2024-10-12 16:05:09,https://i0.wp.com/www.opindia.com/wp-content/uploads/2024/10/Bangladesh-temple-crown-maa-kali-theft-4-arrested.jpg?fit=696%2C392&ssl=1,opindia,9.226052409401964e-23,14,18,168,8,67
325,Newsdata,https://www.mid-day.com/mumbai/mumbai-crime-news/article/former-bandra-mla-baba-siddiqui-rushed-to-hospital-after-three-men-shoot-at-him-in-nirmal-nagar-area-of-mumbai-23410016,Baba Siddique rushed to hospital after three men shoot at him in Nirmal Nagar,"Three unidentified bike-borne assailants opened fire on Baba Siddiqui near the Kherwadi junction, official sources said",2024-10-12 17:27:17,https://images.mid-day.com/images/images/2024/oct/baba-siddique-file_d.jpg,mid_day,1.2966957300021148e-21,5,15,95,4,39
326,Newsdata,https://timesofindia.indiatimes.com/city/surat/gang-rape-accused-arrested-police-secure-five-day-custody-for-voice-analysis/articleshow/114177058.cms,Police get five-day custody of gang rape accused,,2024-10-12 17:57:48,"https://static.toiimg.com/thumb/msid-47529300,imgsize-110164,width-400,height-225,resizemode-72/47529300.jpg",toi,0.9965458904814168,9,12,101,17,54
327,Newsdata,https://timesofindia.indiatimes.com/city/surat/surat-diamond-bourse-welcomes-40-new-traders-amid-dussehra-celebrations/articleshow/114177052.cms,40 traders start operations at SDB,,2024-10-12 17:57:41,"https://static.toiimg.com/thumb/msid-47529300,imgsize-110164,width-400,height-225,resizemode-72/47529300.jpg",toi,8.878843334734442e-05,4,2,42,4,18
328,Newsdata,https://www.mid-day.com/mumbai/mumbai-crime-news/article/baba-siddique-shot-dead-in-mumbai-two-shooters-from-haryana-up-held-cops-on-lookout-for-third-23410078,"Baba Siddique shot dead: Two shooters from Haryana, UP held, say cops",The Mumbai Police confirmed that the assailants shot at Baba Siddiqui from close range,2024-10-12 19:11:54,https://images.mid-day.com/images/images/2024/oct/congress-baba-raje_d.jpg,mid_day,3.3994356114775715e-13,4,13,95,6,42
329,Newsdata,https://timesofindia.indiatimes.com/city/surat/chief-ministers-unite-for-groundbreaking-water-harvesting-initiative-in-surat/articleshow/114177832.cms,Three CMs in city for water harvesting event,,2024-10-12 19:06:41,"https://static.toiimg.com/thumb/msid-47529300,imgsize-110164,width-400,height-225,resizemode-72/47529300.jpg",toi,2.593826695863705e-185,7,9,114,1,39
330,Newsdata,https://www.mid-day.com/mumbai/mumbai-crime-news/article/firing-on-baba-siddique-former-maharashtra-minister-and-ncp-mla-baba-siddique-shot-dead-in-mumbai-ajit-pawar-praful-patel-express-grief-23410057,"Baba Siddique shot dead in Mumbai; Ajit Pawar, Praful Patel express grief","Baba Siddique was rushed to Lilavati Hospital following the incident where he was declared dead, sources said",2024-10-12 18:36:23,https://images.mid-day.com/images/images/2024/oct/baba-spot-raje_d.jpg,mid_day,0.0014600839214091248,18,41,297,31,106
331,Newsdata,https://timesofindia.indiatimes.com/city/surat/surat-nurse-assaulted-21-year-old-victim-harassed-by-former-employee-inside-hospital/articleshow/114194354.cms,Nurse sexually harassed inside hospital premises,,2024-10-13 16:21:40,"https://static.toiimg.com/thumb/msid-47529300,imgsize-110164,width-400,height-225,resizemode-72/47529300.jpg",toi,0.9999988120647575,8,10,66,17,57
378,Newsdata,https://timesofindia.indiatimes.com/city/surat/brutal-clash-in-surat-man-loses-hand-over-molestation-allegations/articleshow/114475842.cms,Man’s hand chopped off in group clash,,2024-10-22 18:24:45,"https://static.toiimg.com/thumb/msid-47529300,imgsize-110164,width-400,height-225,resizemode-72/47529300.jpg",toi,0.0024603243290964943,7,15,112,14,63
332,Newsdata,https://www.opindia.com/2024/10/jharkhand-violence-erupts-after-police-didnt-allow-devi-durga-immersion-procession-through-muslim-area/,"Jharkhand: Violence erupts after police didn’t allow Devi Durga immersion procession through Muslim area, second such incident in Garhwa district","At Madgadi village in Garhwa district of Jharkhand, violence erupted after the Hindus refused to change the route of idol immersion that goes through a Myslim area.",2024-10-13 15:27:06,https://i0.wp.com/www.opindia.com/wp-content/uploads/2024/10/Jharkhand-idol-immersion-protests.jpg?fit=696%2C398&ssl=1,opindia,1.8672656010439062e-17,9,27,141,9,77
333,Newsdata,https://timesofindia.indiatimes.com/city/surat/murder-triggered-by-social-media-abuse-in-surat-jigar-patel-killed/articleshow/114194884.cms,Abuse over WA post culminates in man’s murder,,2024-10-13 17:24:49,"https://static.toiimg.com/thumb/msid-47529300,imgsize-110164,width-400,height-225,resizemode-72/47529300.jpg",toi,0.9999662184355382,6,8,81,16,43
334,Newsdata,https://timesofindia.indiatimes.com/city/surat/surge-in-public-participation-for-indias-water-harvesting-campaign-paatil/articleshow/114194879.cms,People joining water harvesting campaign in big way: Paatil,,2024-10-13 17:24:40,"https://static.toiimg.com/thumb/msid-47529300,imgsize-110164,width-400,height-225,resizemode-72/47529300.jpg",toi,0.004341385551204493,11,11,93,9,47
335,Newsdata,https://www.opindia.com/2024/10/ram-gopal-mishra-killed-islamist-mob-bahraich-married-2-months-belonged-poor-family/,"Bahraich: Ram Gopal Mishra, who was killed by Islamist mob, was married just 2 months ago, belonged to a poor family; accused connected to Nepal madrasa","Some people feared that Abdul Hamid, at whose residence Ram Gopal Mishra was murdered, and his family already crossed over to Nepal following the murder in Bahraich.",2024-10-14 12:57:48,https://i0.wp.com/www.opindia.com/wp-content/uploads/2024/10/image-700x400-36.png?fit=696%2C398&ssl=1,opindia,0.5756231980929155,36,40,297,50,189
336,Newsdata,https://www.mid-day.com/mumbai/mumbai-crime-news/article/mumbai-police-increases-comedian-and-bigg-boss-17-winner-munawar-faruquis-security-after-threat-perception-23410940,Police increases comedian Munawar Faruqui`s security after `threat perception`,The Delhi Police’s Special Cell had received specific inputs about a plan to attack Munawar at an event in the national capital following which he was flow to Mumbai and his security was enhanced thereafter,2024-10-14 15:06:48,https://images.mid-day.com/images/images/2024/oct/munawar-faruqui-file_d.jpg,mid_day,2.1165631414483305e-06,8,13,94,11,56
337,Newsdata,https://timesofindia.indiatimes.com/city/surat/cousin-arrested-for-raping-nine-year-old-girl-in-surat/articleshow/114224270.cms,"Nine-year-old girl raped by first cousin, 19-year-old accused arrested",,2024-10-14 15:45:41,"https://static.toiimg.com/thumb/msid-47529300,imgsize-110164,width-400,height-225,resizemode-72/47529300.jpg",toi,0.9999887812004515,12,20,114,32,62
338,Newsdata,https://www.mid-day.com/mumbai/mumbai-crime-news/article/nine-arrested-for-beating-biker-to-death-23411078,Nine arrested for beating biker to death,Altercation broke out in Malad after the biker confronted an auto driver who overtook him,2024-10-15 02:45:58,https://images.mid-day.com/images/images/2024/oct/Maeen-a_d.jpg,mid_day,0.9950088773306713,12,7,133,15,68
339,Newsdata,https://www.mid-day.com/mumbai/mumbai-crime-news/article/baba-siddique-murder-third-accused-remanded-in-custody-till-october-21-23411081,Baba Siddique murder: Third accused remanded in custody till October 21,Cops plan to take all suspects to multiple states for investigation,2024-10-15 02:45:56,https://images.mid-day.com/images/images/2024/oct/Pravin-Lonkar-a_d.jpg,mid_day,1.971735694535411e-20,8,15,175,11,89
340,Newsdata,https://www.mid-day.com/mumbai/mumbai-crime-news/article/passenger-from-bangkok-held-at-mumbai-airport-with-3-kg-of-marijuana-worth-rs-3-46-crore-23411621,Passenger from Bangkok held at Mumbai airport with marijuana worth Rs 3.4 crore,"In another case, a passenger who had arrived from Dubai was intercepted at Mumbai airport for possession of 24-Kt smuggled Gold Bars, collectively weighing 525 gram",2024-10-15 16:23:02,https://images.mid-day.com/images/images/2024/oct/gold_d.jpg,mid_day,1.093729696523889e-23,2,9,66,4,38
341,Newsdata,https://timesofindia.indiatimes.com/city/surat/sikligar-gang-members-arrested-in-major-surat-jewellery-heist/articleshow/114259017.cms,Three of Sikligar gang nabbed in jewellery theft case,,2024-10-15 16:21:40,"https://static.toiimg.com/thumb/msid-47529300,imgsize-110164,width-400,height-225,resizemode-72/47529300.jpg",toi,2.7622889870521804e-07,3,16,130,13,58
342,Newsdata,https://timesofindia.indiatimes.com/city/surat/22-year-old-diamond-worker-arrested-for-raping-14-year-old-during-navratri-celebrations/articleshow/114259602.cms,Diamond worker raped 14-year-old during Navratri,,2024-10-15 17:00:40,"https://static.toiimg.com/thumb/msid-47529300,imgsize-110164,width-400,height-225,resizemode-72/47529300.jpg",toi,0.9999292574170316,9,10,80,13,47
343,Newsdata,https://timesofindia.indiatimes.com/city/surat/anaesthetist-couple-balances-work-and-family-amidst-challenges/articleshow/114260951.cms,Anaesthetist couples strike work-life balance,,2024-10-15 18:27:56,"https://static.toiimg.com/thumb/msid-47529300,imgsize-110164,width-400,height-225,resizemode-72/47529300.jpg",toi,0.9996045621913375,17,19,100,22,38
344,Newsdata,https://timesofindia.indiatimes.com/city/surat/surat-kids-shine-11-year-olds-win-gold-in-global-reading-challenge/articleshow/114260892.cms,Surat’s 11-year-olds win gold at international reading challenge,,2024-10-15 18:24:58,"https://static.toiimg.com/thumb/msid-47529300,imgsize-110164,width-400,height-225,resizemode-72/47529300.jpg",toi,0.22431813648497625,5,22,83,13,54
345,Newsdata,https://timesofindia.indiatimes.com/city/surat/surats-man-made-fibre-sector-receives-major-boost-from-new-textile-policy/articleshow/114261565.cms,Boost for Surat’s man-made fibre sector,,2024-10-15 18:46:09,"https://static.toiimg.com/thumb/msid-47529300,imgsize-110164,width-400,height-225,resizemode-72/47529300.jpg",toi,1.558001957024035e-56,5,19,108,3,55
346,Newsdata,https://www.mid-day.com/mumbai/mumbai-crime-news/article/mumbai-man-accused-of-sexual-abuse-ends-life-amidst-arrest-fears-23411855,Mumbai: Man accused of sexual abuse ends life amidst arrest fears,"According to sources, the accused had been absconding after being accused of sexually abusing his girlfriend`s daughter. On Sunday morning, he arrived at his girlfriend`s house, but she alerted the police",2024-10-16 05:12:20,https://images.mid-day.com/images/images/2024/oct/dead_d.jpg,mid_day,0.9999960239280367,7,5,46,11,35
347,Newsdata,https://www.opindia.com/2024/10/mp-high-court-orders-faizal-accused-of-chanting-pakistan-zinabad-slogans-to-say-bharat-mata-ki-jai-21-times-as-bail-condition/,Salute national flag and chant ‘Bharat Mata ki Jai’ 21 times: MP High Court’s bail condition for Faizal accused of chanting ‘Pakistan Zindabad Hindustan Murdabad’,"The Madhya Pradesh High Court on Tuesday granted bail to a man accused of chanting 'Pakistan Zindabad Hindustan Murdabad' slogans on the condition that he will salute the national flag and chant ‘Bharat Mata ki Jai’ 21 times, twice a month.",2024-10-16 15:23:02,https://i0.wp.com/www.opindia.com/wp-content/uploads/2024/10/faizal-bail-bharat-mata-ki-jai-21-time-MP-HC.jpg?fit=696%2C406&ssl=1,opindia,0.23972626264544475,14,18,163,20,93
348,Newsdata,https://www.siasat.com/telangana-seven-of-family-killed-after-car-falls-into-stream-3114260/,Telangana: Seven of family killed after car falls into stream,"Hyderabad: Seven members of a family, including three girls, were killed and another person was injured after a car they were travelling in fell into a stream in Medak district of Telangana on Wednesday, police said. While two people died of injuries sustained in the accident, the others drowned, they said based on preliminary investigation. ...Get the latest updates in Hyderabad City News, Technology, Entertainment, Sports, Politics and Top Stories on WhatsApp & Telegram by subscribing to our channels. You can also download our app for Android and iOS.",2024-10-16 14:53:06,https://cdn.siasat.com/wp-content/uploads/2024/05/Untitled-design-53-2.jpg,siasat,7.95247112094847e-09,2,7,54,6,35
349,Newsdata,https://www.opindia.com/2024/10/abhaya-anjaneya-swamy-temple-in-chittoor-damaged-in-attack/,Andhra Pradesh: Abhaya Anjaneya Swamy temple demolished by unknown miscreants in Chittoor,"The Abhaya Anjaneya Swamy temple in Chittoor district, Andhra Pradesh, was vandalised by unknown miscreants, damaging its structure, idols, and shed. An investigation is ongoing.",2024-10-16 13:36:23,https://i0.wp.com/www.opindia.com/wp-content/uploads/2024/10/temple-vandalised.jpg?fit=696%2C400&ssl=1,opindia,2.0197453148845732e-09,14,18,152,13,96
350,Newsdata,https://www.mid-day.com/mumbai/mumbai-crime-news/article/mumbai-duo-booked-for-duping-with-fake-letters-promising-jobs-at-city-hospital-23412288,Duo booked for duping with fake letters promising jobs at hospital,"Two people, on different occasions reached the private hospital with offer letters which turned out to be fake, an official said",2024-10-16 16:13:59,https://images.mid-day.com/images/images/2024/oct/Police-iStock-rep_d.jpg,mid_day,0.002904403802923676,12,18,131,19,81
351,Newsdata,https://timesofindia.indiatimes.com/city/surat/notorious-criminal-arrested-with-firearms-recovered-from-tapi-river/articleshow/114291349.cms,History-sheeter caught with firearms he fished out from Tapi River,,2024-10-16 16:39:40,"https://static.toiimg.com/thumb/msid-47529300,imgsize-110164,width-400,height-225,resizemode-72/47529300.jpg",toi,0.9980582935973186,9,12,95,17,47
352,Newsdata,https://timesofindia.indiatimes.com/city/surat/binaa-patels-vibrant-warli-art-exhibition-kicks-off-in-surat/articleshow/114356012.cms,Three-day exhibition on Warli art begins,,2024-10-18 15:21:41,"https://static.toiimg.com/thumb/msid-47529300,imgsize-110164,width-400,height-225,resizemode-72/47529300.jpg",toi,1.3734324712390486e-07,5,7,73,5,26
353,Newsdata,https://www.opindia.com/2024/10/hindu-devotees-attacked-with-knives-during-sharad-purnima-celebrations-in-jaipur-10-rss-workers-injured/,"Hindu devotees attacked with knives during Sharad Purnima celebrations in Jaipur’s Karni Vihar, 10 RSS workers injured, 2 arrested","In Jaipur, a Sharad Purnima celebration organized by the RSS at a temple in Karni Vihar was attacked with knives on Thursday, injuring 10",2024-10-18 14:28:59,https://i0.wp.com/www.opindia.com/wp-content/uploads/2024/10/Jaipur-RSS-knife-attack-2024-10-18-19-54-53.jpg?fit=696%2C393&ssl=1,opindia,6.356156484888233e-20,12,27,194,11,90
354,Newsdata,https://www.opindia.com/2024/10/sc-lifts-hc-stay-on-2015-sacrilege-cases-against-dera-saccha-sauda-head-gurmeet-ram-rahim-singh/,"SC lifts stay on trial of Ram Rahim in ‘sacrilege of Guru Granth Sahib’ case, different bench with same Justice Gavai had stayed action against SP leader for insulting Ramcharitmanas",The Supreme Court on Friday lifted the Punjab and Haryana High Court's stay on hearings against Gurmeet Ram Rahim Singh in three separate sacrilege cases,2024-10-18 13:16:34,https://i0.wp.com/www.opindia.com/wp-content/uploads/2024/10/Justice-BR-Gavai-Swami-Prasad-Maurya-Gurmeet-Ram-Rahim-Singh.jpg?fit=696%2C411&ssl=1,opindia,2.719741958994522e-23,21,35,324,15,119
355,Newsdata,https://www.opindia.com/2024/10/eyewitnesses-reveal-announcements-were-made-from-mosques-to-attack-hindus-in-bahraich/,Jo dikhe usey kaat do: Eyewitnesses reveal announcements were made from mosques to attack Hindus during Durga Visarjan procession in Bahraich,"The injured brothers said that “Jo dikhe usey kaat do [Slaughter whoever you see]” announcements were being made from the mosques. Consequently, Muslim mobs came out on the streets with swords and sticks.",2024-10-18 11:57:51,https://i0.wp.com/www.opindia.com/wp-content/uploads/2024/10/bahraich-.jpg?fit=696%2C398&ssl=1,opindia,2.4781300669261243e-05,19,19,129,16,90
356,Newsdata,https://timesofindia.indiatimes.com/city/surat/minister-mukesh-patel-addresses-traffic-woes-at-ichhapore-cross-road/articleshow/114359539.cms,MoS visits Ichhapore to understand traffic issues,,2024-10-18 18:45:54,"https://static.toiimg.com/thumb/msid-47529300,imgsize-110164,width-400,height-225,resizemode-72/47529300.jpg",toi,1.4809527959473882e-14,12,23,137,8,47
357,Newsdata,https://timesofindia.indiatimes.com/city/surat/naming-trends-in-the-textile-industry-from-rasgulla-to-baramulla/articleshow/114359480.cms,It’s the 6 Yards That Matter Most: From Rasgulla to Baramulla!,,2024-10-18 18:42:40,"https://static.toiimg.com/thumb/msid-47529300,imgsize-110164,width-400,height-225,resizemode-72/47529300.jpg",toi,0.999869442391903,16,22,138,30,78
358,Newsdata,https://timesofindia.indiatimes.com/city/surat/job-scam-turns-hostage-horror-indian-man-held-on-thailand-myanmar-border/articleshow/114359479.cms,Man taken hostage on Thailand-Myanmar border,,2024-10-18 18:42:40,"https://static.toiimg.com/thumb/msid-47529300,imgsize-110164,width-400,height-225,resizemode-72/47529300.jpg",toi,0.9992566383471223,6,10,145,25,76
359,Newsdata,https://www.mid-day.com/mumbai/mumbai-crime-news/article/three-clean-up-marshals-pose-as-mumbai-cops-ask-student-for-rs50-000-fine-for-smoking-e-cigarette-23413575,"3 held for posing as Mumbai cops, asking student for Rs 50,000-fine","When the student said she could not pay such a huge amount, they asked her to call a friend and send them Rs 10,000. The student contacted her brother, who asked her to take a video of the accused. The trio fled when the woman began recording them, Mumbai Police said",2024-10-18 17:17:21,https://images.mid-day.com/images/images/2024/oct/Powai_d.jpg,mid_day,0.999989130895765,15,14,139,35,91
360,Newsdata,https://www.mid-day.com/mumbai/mumbai-crime-news/article/maharashtra-small-time-actress-held-for-kidnapping-toddler-in-revenge-plot-palghar-cops-rescue-child-23414090,Actress held for kidnapping toddler in revenge plot; Palghar cops rescue child,"The actress works in film and television daily soap operas, an official said and wanted to take revenge as the child`s father was against her relationship with the boy;s uncle, an official said",2024-10-19 15:34:43,https://images.mid-day.com/images/images/2024/oct/child-kidnapping-hanif_d.jpg,mid_day,0.9944930927828362,9,10,122,21,74
361,Newsdata,https://www.mid-day.com/mumbai/mumbai-crime-news/article/maharashtra-two-year-old-boy-killed-in-hit-and-run-in-palghar-district-cops-launch-manhunt-to-trace-driver-23414046,Maharashtra: Two-year-old boy killed in hit-and-run in Palghar,"The Wada Police in Palghar district have registered a case under the Bharatiya Nyaya Sanhita (BNS) and Motor Vehicles Act, an official said",2024-10-19 14:54:15,https://images.mid-day.com/images/images/2024/oct/Accident-rep_d.jpg,mid_day,8.328681857952031e-11,8,12,158,14,73
362,Newsdata,https://www.opindia.com/2024/10/police-carry-lathi-charge-hindus-protesting-against-vandalism-of-muthyalamma-temple-in-secunderabad/,"Police carry out lathi charge against Hindus protesting against vandalism of Muthyalamma temple in Secunderabad, several injured","The tension caused by the desecration of Muthyalamma temple in Telangana’s Secunderabad continues, and on Saturday it led to a confrontation between protesting Hindus and the police",2024-10-19 14:02:53,https://i0.wp.com/www.opindia.com/wp-content/uploads/2024/10/Secunderabad-temple-vandalism-protest-police-lathicharge.jpg?fit=696%2C365&ssl=1,opindia,0.016171819092724023,24,36,215,27,112
363,Newsdata,https://timesofindia.indiatimes.com/city/surat/surat-establishes-new-fire-prevention-wing-to-enhance-safety/articleshow/114381347.cms,New fire prevention wing being set up in city,,2024-10-19 17:33:40,"https://static.toiimg.com/thumb/msid-47529300,imgsize-110164,width-400,height-225,resizemode-72/47529300.jpg",toi,5.091151373472587e-77,8,23,102,2,55
364,Newsdata,https://www.mid-day.com/mumbai/mumbai-crime-news/article/ghatkopar-hoarding-collapse-mumbai-court-grants-bail-to-prime-accused-bhavesh-bhinde-23414156,Ghatkopar hoarding collapse: Bhavesh Bhinde gets bail,"Mumbai, Oct 19 (PTI) A court here on Saturday granted bail to advertising firm director Bhavesh Bhinde, a prime accused in the Ghatkopar hoarding collapse case.",2024-10-19 17:32:22,https://images.mid-day.com/images/images/2024/oct/bhavesh-bhinde-file-PTI_d.jpg,mid_day,9.729561020145536e-13,15,31,167,11,66
365,Newsdata,https://www.opindia.com/2024/10/bcas-holds-meeting-of-airlines-after-hoax-bomb-threats/,Bureau of Civil Aviation Security holds meeting of airlines after dozens of flights receive hoax bomb threats,"After a series of hoax bomb threats received by all Indian airlines in the last four days, the Director General of Bureau of Civil Aviation Security (BCAS) held a meeting of the airlines on Saturday",2024-10-19 16:42:32,https://i0.wp.com/www.opindia.com/wp-content/uploads/2024/10/BCAS-airlines-meeting-hoax-threats.jpg?fit=696%2C398&ssl=1,opindia,7.1858112260877314e-34,7,22,131,5,61
366,Newsdata,https://timesofindia.indiatimes.com/city/surat/congress-organizes-janmanch-to-support-diamond-artisans-amid-industry-crisis/articleshow/114381551.cms,Cong holds ‘janmanch’ to address issues of diamond artisans,,2024-10-19 17:54:40,"https://static.toiimg.com/thumb/msid-47529300,imgsize-110164,width-400,height-225,resizemode-72/47529300.jpg",toi,0.16489281993535101,8,11,114,14,56
367,Newsdata,https://timesofindia.indiatimes.com/city/surat/surat-man-arrested-for-rapist-ruse-promised-marriage-to-35-year-old-woman/articleshow/114404444.cms,Man booked for raping 35-yr-old on pretext of marriage,,2024-10-20 18:39:59,"https://static.toiimg.com/thumb/msid-47529300,imgsize-110164,width-400,height-225,resizemode-72/47529300.jpg",toi,0.00011081772310254767,3,5,31,3,18
368,Newsdata,https://timesofindia.indiatimes.com/city/surat/drunk-drivers-reckless-actions-garment-trader-killed-in-fatal-crash/articleshow/114403173.cms,Garment trader becomes victim of repeat rash driving offender,,2024-10-20 17:33:40,"https://static.toiimg.com/thumb/msid-47529300,imgsize-110164,width-400,height-225,resizemode-72/47529300.jpg",toi,0.4497833937818039,21,30,179,22,94
369,Newsdata,https://odishatv.in/news/national/blast-near-crpf-school-at-prashant-vihar-in-delhi-city-on-high-alert-nia-nsg-teams-on-spot-246988,"Blast near CRPF school at Prashant Vihar in Delhi: City on high alert; NIA, NSG teams on spot","A low-intensity IED exploded at the CRPF school in Rohini\'s Prashant Vihar area, causing significant damage but no injuries. The Delhi Police is investigating a potential Khalistani link following claims of retaliation against Indian agents targeting separatists. The National Investigation Agency, along with other agencies, has cordoned off the site for further examination.",2024-10-21 02:15:31,https://images.odishatv.in/uploadimage/library/16_9/16_9_4/default.svg,odishatv,0.06138578073551322,25,46,270,32,133
370,Newsdata,https://www.mid-day.com/mumbai/mumbai-crime-news/article/maharashtra-21-year-old-man-killed-in-hit-and-run-in-thane-manhunt-to-nab-driver-launched-23415126,"Man killed in hit-and-run in Thane, manhunt to nab driver launched by cops","The incident took place at Nitin Junction in Thane when a speeding car struck the motorcycle of the victim, causing fatal injuries, an official said",2024-10-21 15:44:24,https://images.mid-day.com/images/images/2024/oct/Accident-rep_d.jpg,mid_day,3.784781734928418e-22,8,8,114,6,59
371,Newsdata,https://timesofindia.indiatimes.com/city/surat/major-rave-party-raid-in-surat-14-arrested-including-9-women/articleshow/114437612.cms,"14, including 9 women, arrested from rave party",,2024-10-21 18:33:49,"https://static.toiimg.com/thumb/msid-47529300,imgsize-110164,width-400,height-225,resizemode-72/47529300.jpg",toi,0.012893901538109114,5,15,100,12,42
372,Newsdata,https://timesofindia.indiatimes.com/city/surat/diamond-units-to-resume-after-21-days-amid-economic-slowdown-what-it-means-for-the-industry/articleshow/114437963.cms,Vacation amid slowdown: Leading diamond units to start work after 21 days,,2024-10-21 18:48:52,"https://static.toiimg.com/thumb/msid-47529300,imgsize-110164,width-400,height-225,resizemode-72/47529300.jpg",toi,7.049297453146233e-55,6,31,126,3,64
373,Newsdata,https://timesofindia.indiatimes.com/city/surat/surat-rain-disrupts-diwali-preparations/articleshow/114437807.cms,Rain affects pre-Diwali activities,,2024-10-21 18:36:48,"https://static.toiimg.com/thumb/msid-47529300,imgsize-110164,width-400,height-225,resizemode-72/47529300.jpg",toi,0.9999999911304042,4,14,50,0,28
374,Newsdata,https://timesofindia.indiatimes.com/city/surat/massive-drug-bust-mephedrone-factory-raided-in-ankleshwar-gidc/articleshow/114437802.cms,Another factory making drugs busted in Ankleshwar GIDC,,2024-10-21 18:36:41,"https://static.toiimg.com/thumb/msid-47529300,imgsize-110164,width-400,height-225,resizemode-72/47529300.jpg",toi,0.016108200468339988,4,23,175,22,78
375,Newsdata,https://www.opindia.com/2024/10/love-jihad-in-kutch-ziyad-claims-to-be-jigar-to-trap-and-rape-underage-dalit-girl/,"Love jihad in Kutch: Ziyad introduces himself as Jigar to minor Dalit girl, rapes and assaults her; accused was in contact with 28 non-Muslim girls","A Dalit girl has filed a complaint against a man named Ziyad who is from Pune, Maharashtra, after which he was taken into custody by the Gujarat Police and was subsequently sent to a three-day remand by the court.",2024-10-22 15:48:33,https://i0.wp.com/www.opindia.com/wp-content/uploads/2024/10/image-700x400-4-3.png?fit=696%2C398&ssl=1,opindia,0.9999535688924586,25,22,139,30,77
376,Newsdata,https://timesofindia.indiatimes.com/city/surat/devastating-rainfall-causes-agricultural-crisis-in-south-gujarat/articleshow/114475875.cms,Four months of rain precipitate agrarian distress,,2024-10-22 18:25:24,"https://static.toiimg.com/thumb/msid-47529300,imgsize-110164,width-400,height-225,resizemode-72/47529300.jpg",toi,1.6176184679292848e-28,10,29,123,5,57
377,Newsdata,https://timesofindia.indiatimes.com/city/surat/surat-municipal-corporation-wins-best-urban-local-body-at-national-water-awards/articleshow/114475858.cms,City gets first place in National Water Awards,,2024-10-22 18:25:01,"https://static.toiimg.com/thumb/msid-47529300,imgsize-110164,width-400,height-225,resizemode-72/47529300.jpg",toi,6.925118711716264e-18,4,31,134,5,36
379,Newsdata,https://www.mid-day.com/mumbai/mumbai-crime-news/article/mumbai-19-year-old-student-kills-herself-after-jumping-off-22nd-floor-of-building-in-malad-23415936,Mumbai: Student kills herself after jumping off 22nd floor of building,"The Malad police have registered an Accidental Death Report in the matter and is further investigating the case, an official said",2024-10-22 18:03:30,https://images.mid-day.com/images/images/2024/oct/dead_d.jpg,mid_day,1.1898164277505917e-09,4,8,51,5,27
380,Newsdata,https://www.mid-day.com/mumbai/mumbai-crime-news/article/mumbai-10-year-old-girl-battles-for-life-after-being-slapped-by-tutor-23415996,Mumbai: 10-year-old girl battles for life after being slapped by tutor,"Poor primary treatment worsened child’s tetanus infection, which occured due to injury caused by earring after she was struck; coaching class teacher booked",2024-10-23 02:12:46,https://images.mid-day.com/images/images/2024/oct/Tutor-slapped_d.jpg,mid_day,0.996896927146449,19,31,149,32,96
381,Newsdata,https://www.mid-day.com/mumbai/mumbai-crime-news/article/naupada-hit-and-run-police-arrest-28-year-old-merc-driver-23415994,Naupada hit-and-run: Police arrest 28-year-old Merc driver,Police said accused surrendered 24 hours after incident that killed biker,2024-10-23 02:12:44,https://images.mid-day.com/images/images/2024/oct/Naupada_d.jpg,mid_day,0.0001807032898291263,6,6,76,11,55
382,Newsdata,https://www.mid-day.com/mumbai/mumbai-crime-news/article/baba-siddique-murder-shooters-were-in-direct-contact-with-anmol-bishnoi-23415993,Baba Siddique murder: ‘Shooters were in direct contact with Anmol Bishnoi’,Crime Branch sources tell mid-day that gangster Lawrence’s brother pulled the strings from abroad,2024-10-23 01:37:23,https://images.mid-day.com/images/images/2024/oct/Siddique-murder-a_d.jpg,mid_day,2.494330992525697e-07,17,44,243,22,121
383,Newsdata,https://www.mid-day.com/mumbai/mumbai-crime-news/article/maharashtra-cops-arrest-army-man-for-drishyam-style-murder-of-his-girlfriend-23415985,Maharashtra: Cops arrest army man for ‘Drishyam’ style murder of his girlfriend,"Accused meticulously planned the woman’s murder and covered the body in cement to eliminate all clues and detection, the police have said",2024-10-23 03:22:27,https://images.mid-day.com/images/images/2024/oct/Indian-army_d.jpg,mid_day,0.9851408939578038,20,33,245,38,134
384,Newsdata,https://www.opindia.com/2024/10/bihar-bengal-tmc-leader-ashok-ojha-along-with-4-arrested-for-alleged-smuggling-of-elephant-tusks/,"Bihar: Bengal TMC leader Ashok Ojha arrested along with 4 others for alleged smuggling of elephant tusks, expelled from party",BJP's Suvendu Adhikari took cognizance of the event and commented on X criticizing TMC for allegedly being a 'general store of crimes'. He indicated that the party leaders had been involved in all types of scams and were now not even sparing the wildlife.,2024-10-23 07:20:48,https://i0.wp.com/www.opindia.com/wp-content/uploads/2024/10/TMC-leader-elephant-tusk-2024-10-23-12-48-15.jpg?fit=696%2C440&ssl=1,opindia,3.4443250968275096e-17,17,28,207,11,84
385,Newsdata,https://timesofindia.indiatimes.com/city/surat/students-punished-for-unpaid-annual-function-fees-at-surat-school/articleshow/114516034.cms,Students made to stand outside class for not paying annual function fees,,2024-10-23 17:12:47,"https://static.toiimg.com/thumb/msid-47529300,imgsize-110164,width-400,height-225,resizemode-72/47529300.jpg",toi,0.9988008901362793,7,14,86,21,57
386,Newsdata,https://timesofindia.indiatimes.com/city/surat/cleaning-couple-steals-valuables-worth-rs-14-lakh-in-surat-bungalow-heist/articleshow/114518112.cms,"Hired couple clean out bungalow, steal 14L",,2024-10-23 18:42:59,"https://static.toiimg.com/thumb/msid-47529300,imgsize-110164,width-400,height-225,resizemode-72/47529300.jpg",toi,0.999971852933739,5,6,59,12,28
387,Newsdata,https://timesofindia.indiatimes.com/city/surat/surat-textile-trade-thrives-this-diwali-with-record-orders-and-high-demand/articleshow/114518091.cms,Textile trade sees good business this Diwali,,2024-10-23 18:42:40,"https://static.toiimg.com/thumb/msid-47529300,imgsize-110164,width-400,height-225,resizemode-72/47529300.jpg",toi,1.09895798026545e-32,8,26,113,4,50
388,Newsdata,https://timesofindia.indiatimes.com/city/surat/major-drug-bust-in-ankleshwar-employee-arrested-with-links-to-murder-case/articleshow/114517731.cms,1 more in Ankleshwar drugs seizure case,,2024-10-23 18:36:41,"https://static.toiimg.com/thumb/msid-47529300,imgsize-110164,width-400,height-225,resizemode-72/47529300.jpg",toi,0.9085615024631732,4,12,116,18,51
389,Newsdata,https://www.greaterkashmir.com/kashmir/admin-directs-enhancing-surveillance-strengthening-security-across-ganderbal-district/,"Admin directs enhancing surveillance, strengthening security across Ganderbal district","In this regard, The Deputy Commissioner (DC) Ganderbal, Shyambir on Thursday convened a high-level meeting here to review and discuss the security situation in the districtThe post Admin directs enhancing surveillance, strengthening security across Ganderbal district appeared first on Greater Kashmir.",2024-10-24 18:30:45,https://greaterkashmir.imagibyte.sortdcdn.net/wp-content/uploads/2024/10/Screenshot-2024-10-24-at-11.28.59-PM.png?quality=80&type=webp,greaterkashmir,2.541350632601337e-22,7,24,126,6,56
390,Newsdata,https://timesofindia.indiatimes.com/city/surat/surat-jewellers-thrive-despite-rising-gold-prices-during-pushya-nakshatra/articleshow/114557087.cms,"Despite high price, gold rush strong on Pushya Nakshatra",,2024-10-24 17:39:40,"https://static.toiimg.com/thumb/msid-47529300,imgsize-110164,width-400,height-225,resizemode-72/47529300.jpg",toi,1.7129715657874863e-19,10,17,86,5,48
391,Newsdata,https://timesofindia.indiatimes.com/city/surat/persistent-stench-from-rivulets-plagues-surat-residents-year-round/articleshow/114556718.cms,Rivulets raise year-round stink for residents,,2024-10-24 17:21:48,"https://static.toiimg.com/thumb/msid-47529300,imgsize-110164,width-400,height-225,resizemode-72/47529300.jpg",toi,0.0002701288364923902,24,32,141,14,57
392,Newsdata,https://timesofindia.indiatimes.com/city/surat/parents-protest-principals-punishment-over-school-fees-in-surat/articleshow/114556618.cms,Ruckus over fees: DEO to take action against school,,2024-10-24 17:15:49,"https://static.toiimg.com/thumb/msid-47529300,imgsize-110164,width-400,height-225,resizemode-72/47529300.jpg",toi,4.940132723354728e-10,3,10,71,6,29
393,Newsdata,https://timesofindia.indiatimes.com/city/surat/mob-attacks-60-year-old-for-allegedly-molesting-18-year-old-in-surat/articleshow/114556360.cms,Mob beats senior citizen for molesting 18-yr-old,,2024-10-24 16:57:40,"https://static.toiimg.com/thumb/msid-47529300,imgsize-110164,width-400,height-225,resizemode-72/47529300.jpg",toi,0.9999996120855165,8,9,64,24,46
394,Newsdata,https://www.mid-day.com/mumbai/mumbai-crime-news/article/mumbai-4-unidentified-assailants-brutally-kill-ulhasnagar-resident-booked-23417485,Mumbai: Ulhasnagar resident brutally killed; cops book 4 unidentified persons,"Police said that a resident of the area, Bharat Duseja, was attacked by four to five unidentified men when he was travelling with a friend on a two-wheeler",2024-10-25 04:33:13,https://images.mid-day.com/images/images/2024/oct/Bharat-Duseja-Ulhasnagar-murder_d.jpg,mid_day,5.577064850590719e-05,7,19,86,10,40
395,Newsdata,https://www.mid-day.com/mumbai/mumbai-crime-news/article/fda-authorities-have-seized-24-lakh-kg-of-adulterated-mawa-ghee-dry-fruits-since-august-23419651,"Maharashtra: 24 lakh kg of adulterated mawa, ghee, dry fruits seized since Aug","Nagpur, Thane and Pune account for highest number of food items confiscated by FDA",2024-10-29 02:56:52,https://images.mid-day.com/images/images/2024/oct/Mawa-ghee_d.jpg,mid_day,2.8792487150676427e-21,15,53,176,9,102
396,Newsdata,https://www.siasat.com/hyderabad-senior-woman-saves-herself-from-digital-arrest-3122981/,Hyderabad: Senior woman saves herself from ‘digital arrest’,"Hyderabad: A 67-year-old government employee from Hyderabad saved herself from fraudulent ‘digital arrest’ by staying vigilant and reporting the fraudsters’ attempt to the police. According to the police, the woman received a call from the fraudster claiming to be from the Telecom Regulatory Authority of India (TRAI). The call then got ‘transferred’ to a representative ...Get the latest updates in Hyderabad City News, Technology, Entertainment, Sports, Politics and Top Stories on WhatsApp & Telegram by subscribing to our channels. You can also download our app for Android and iOS.",2024-10-30 16:39:09,https://cdn.siasat.com/wp-content/uploads/2023/12/Cybercrime.jpg,siasat,0.0001091965116898092,8,16,111,12,63
397,Newsdata,https://www.mid-day.com/mumbai/mumbai-crime-news/article/56-year-old-bandra-resident-held-for-sending-salman-khan-zeeshan-siddique-death-threats-23420765,"56-year-old Bandra man held for sending Salman Khan, Zeeshan Siddique threats","The Mumbai Traffic Police received the first threat message on Tuesday at 10.09 am from an anonymous sender. According to the police, the sender had said that Salman Khan and Zeeshan Siddique will be shot dead on October 31 like Baba Siddique if they failed to pay Rs 2 crore",2024-10-30 15:26:17,https://images.mid-day.com/images/images/2024/oct/Sakmanandzeeshansa_d_d.jpg,mid_day,2.026561279163133e-17,7,18,109,6,56
398,Newsdata,https://www.opindia.com/2024/10/chhattisgarh-hc-divorce-hindu-man-christian-wife-abuse-customs-deities-details/,"Chhattisgarh HC upholds divorce granted to Hindu man from Christian wife who used to abuse Hindu customs, deities: Details",The Chhattisgarh HC upheld divorce granted to Hindu Husband from his Christian wife who used to mock his religious beliefs,2024-10-31 03:49:53,https://i0.wp.com/www.opindia.com/wp-content/uploads/2024/10/109742768.jpg?fit=696%2C392&ssl=1,opindia,0.001484542005309733,14,16,100,13,63
399,Newsdata,https://www.greaterkashmir.com/kashmir/area-domination-by-troops-in-vital-areas-continues/,Area domination by troops in vital areas continues,"“Following the attacks, we cannot rule out the movement of militants. We are taking additional care,” a top Police official saidThe post Area domination by troops in vital areas continues appeared first on Greater Kashmir.",2024-10-31 19:02:08,https://greaterkashmir.imagibyte.sortdcdn.net/wp-content/uploads/2024/08/ARMY-4-e1723654819302.webp?quality=80&type=webp,greaterkashmir,5.437856813207806e-42,9,22,122,4,63
400,Newsdata,https://www.mid-day.com/mumbai/mumbai-crime-news/article/anmol-bishnoi-extradition-case-under-established-procedures-action-will-be-taken-says-mea-23422226,Under established procedures action will be taken: MEA on Anmol Bishnoi case,"Anmol Bishnoi has been named as an accused in some high-profile crimes, including the Baba Siddique murder case and Salman Khan house firing case",2024-11-02 17:01:50,https://images.mid-day.com/images/images/2024/nov/Anmol-Bishnoi-NIA_d.jpg,mid_day,1.2909347989556126e-27,8,21,211,10,89
401,Newsdata,https://www.opindia.com/2024/11/charges-filed-against-main-accused-sanjay-roy-in-rg-kar-medical-college-rape-and-murder-case/,RG Kar Medical College: Charges filed against main accused Sanjay Roy in Junior Doctor rape and murder case,The Sealdah Court in West Bengal on Monday framed charges against Sanjay Roy in connection with the rape and murder case at RG Kar Medical College and Hospital.,2024-11-04 15:29:18,https://i0.wp.com/www.opindia.com/wp-content/uploads/2024/08/kar.jpg?fit=696%2C398&ssl=1,opindia,5.376198748579135e-13,9,21,107,8,60
402,Newsdata,https://www.siasat.com/hyderabad-man-held-for-manufacturing-selling-adulterated-chilli-powder-3126278/,"Hyderabad: Man held for manufacturing, selling adulterated chilli powder","Hyderabad: A 39-year-old was arrested for allegedly manufacturing and selling adulterated chilli powder. Police officials seized over 35 kilograms of adulterated chilli powder, 30 kilograms of substandard dry red chillies, fake Swastik brand packaging sachets, a flour mill, weighing scales, and a sealing and packing machine. Police also found hazardous substances such as polysol red ...Get the latest updates in Hyderabad City News, Technology, Entertainment, Sports, Politics and Top Stories on WhatsApp & Telegram by subscribing to our channels. You can also download our app for Android and iOS.",2024-11-05 13:30:09,https://cdn.siasat.com/wp-content/uploads/2024/07/Untitled-design-2024-07-05T181404.618.jpg,siasat,7.63063823853055e-10,7,20,69,5,35
403,Newsdata,https://www.siasat.com/woman-duped-of-rs-9-lakh-in-part-time-job-scam-in-hyderabad-3126314/,Woman duped of Rs 9 lakh in part-time job scam in Hyderabad,"Hyderabad: A 23-year-old private employee was cheated of Rs 9 lakh after being lured by a WhatsApp message from unknown individuals offering part-time jobs in Hyderabad. According to reports, the woman, seeking extra income, received a message offering a part-time job in Hyderabad that involved YouTube. The message led her to subscribe to a YouTube ...Get the latest updates in Hyderabad City News, Technology, Entertainment, Sports, Politics and Top Stories on WhatsApp & Telegram by subscribing to our channels. You can also download our app for Android and iOS.",2024-11-05 13:17:12,https://cdn.siasat.com/wp-content/uploads/2024/08/SCAM-1.jpeg,siasat,0.08350769452745628,15,25,118,15,73
404,Newsdata,https://timesofindia.indiatimes.com/city/surat/surge-in-fire-incidents-during-diwali-celebrations-emergency-services-report/articleshow/114989831.cms,Sharp rise in fires during Diwali festivities,,2024-11-05 17:30:58,"https://static.toiimg.com/thumb/msid-47529300,imgsize-110164,width-400,height-225,resizemode-72/47529300.jpg",toi,4.531873330377929e-14,9,15,74,4,32
405,Newsdata,https://timesofindia.indiatimes.com/city/surat/fatal-leopard-attack-in-valsad-victim-identified-and-predator-captured/articleshow/114989821.cms,Leopard that killed Valsad woman captured,,2024-11-05 17:30:40,"https://static.toiimg.com/thumb/msid-47529300,imgsize-110164,width-400,height-225,resizemode-72/47529300.jpg",toi,4.7547832421228623e-07,11,22,107,11,70
406,Newsdata,https://timesofindia.indiatimes.com/city/surat/tragic-suicide-of-young-doctor-at-surat-health-centre-highlights-mental-health-crisis/articleshow/114989098.cms,Doctor of SMC health centre ends life in Mindhola River,,2024-11-05 16:57:40,"https://static.toiimg.com/thumb/msid-47529300,imgsize-110164,width-400,height-225,resizemode-72/47529300.jpg",toi,0.9999317654739959,8,13,93,19,51
423,Newsdata,https://timesofindia.indiatimes.com/city/surat/massive-fire-erupts-at-umargam-gidc-plastic-unit-no-casualties-reported/articleshow/115150836.cms,"Major fire at plastic unit at Umargam GIDC, no casualties",,2024-11-10 18:27:40,"https://static.toiimg.com/thumb/msid-47529300,width-1070,height-580,imgsize-110164,resizemode-75,overlay-toi_sw,pt-32,y_pad-40/photo.jpg",toi,3.4930214001933244e-15,5,16,79,5,31
407,Newsdata,https://www.greaterkashmir.com/front-page-2/terrorist-killed-2-security-personnel-injured-in-bandipora-encounter/,"Terrorist killed, 2 security personnel injured in Bandipora encounter","A top official said that the encounter started after a joint operation was launched by Assam Rifles, J&K Police, and CRPF in the Kaitson areaThe post Terrorist killed, 2 security personnel injured in Bandipora encounter appeared first on Greater Kashmir.",2024-11-05 19:18:41,https://greaterkashmir.imagibyte.sortdcdn.net/wp-content/uploads/2024/11/Poonch_Gunfight-1536x1024-1.webp?quality=80&type=webp,greaterkashmir,2.2170091699944014e-65,3,18,84,2,50
408,Newsdata,https://timesofindia.indiatimes.com/city/surat/jewellery-sector-braces-for-major-changes-in-wastage-norms-starting-january-2025/articleshow/114991230.cms,Jewellery sector preps for new wastage norms from Jan,,2024-11-05 18:36:48,"https://static.toiimg.com/thumb/msid-47529300,imgsize-110164,width-400,height-225,resizemode-72/47529300.jpg",toi,1.1185056368757416e-42,8,29,121,3,54
409,Newsdata,https://timesofindia.indiatimes.com/city/surat/tragic-fire-at-city-light-spa-claims-lives-of-two-women-employees/articleshow/115026796.cms,Fire in City Light spa leaves two women employees dead,,2024-11-06 17:19:09,"https://static.toiimg.com/thumb/msid-47529300,imgsize-110164,width-400,height-225,resizemode-72/47529300.jpg",toi,7.655852765119386e-12,11,30,136,10,69
410,Newsdata,https://timesofindia.indiatimes.com/city/surat/causeway-closure-due-to-overflow-a-129-day-traffic-halt-in-surat/articleshow/115028449.cms,Overflow keeps key causeway closed for 129 days,,2024-11-06 18:30:57,"https://static.toiimg.com/thumb/msid-47529300,imgsize-110164,width-400,height-225,resizemode-72/47529300.jpg",toi,1.5578737962623303e-24,8,26,81,3,42
411,Newsdata,https://timesofindia.indiatimes.com/city/surat/marriage-fraud-unemployed-diamond-artisan-scammed-of-175-lakh/articleshow/115028360.cms,Unemployed diamond artisan falls victim to marriage fraud,,2024-11-06 18:28:05,"https://static.toiimg.com/thumb/msid-47529300,imgsize-110164,width-400,height-225,resizemode-72/47529300.jpg",toi,0.9999344928644905,29,24,136,29,92
412,Newsdata,https://www.greaterkashmir.com/latest-news/centre-to-formulate-national-counter-terrorism-policy-strategy-soon-to-fight-terrorism-its-ecosystem-amit-shah/,"Centre to formulate National Counter-terrorism Policy & Strategy soon to fight terrorism, its ecosystem: Amit Shah","Addresses inaugural session of two-day “Anti-Terrorism Conference-2024” in New Delhi todayThe post Centre to formulate National Counter-terrorism Policy & Strategy soon to fight terrorism, its ecosystem: Amit Shah appeared first on Greater Kashmir.",2024-11-07 12:58:00,https://greaterkashmir.imagibyte.sortdcdn.net/wp-content/uploads/2024/11/Amit-Shah.jpg?quality=80&type=webp,greaterkashmir,2.932799245511336e-08,38,83,404,38,218
413,Newsdata,https://www.mid-day.com/mumbai/mumbai-crime-news/article/maharashtra-man-booked-for-molesting-17-year-old-girl-from-mumbai-defrauding-her-of-rs-7-lakh-on-job-pretext-23425108,"Man booked for molesting teen girl, defrauding her of Rs 7 lakh on job pretext","The teenager recently filed a police complaint following which the suspect was booked for molestation, fraud and under the Protection of Children from Sexual Offences (POCSO) Act, an official said",2024-11-07 16:43:14,https://images.mid-day.com/images/images/2024/nov/cop-rep_d.jpg,mid_day,0.16080881270865097,15,11,149,16,67
414,Newsdata,https://timesofindia.indiatimes.com/city/surat/deadly-fire-at-city-light-spa-sparks-investigation-into-safety-violations/articleshow/115061796.cms,Probe launched into fire at City Light spa,,2024-11-07 17:42:56,"https://static.toiimg.com/thumb/msid-47529300,imgsize-110164,width-400,height-225,resizemode-72/47529300.jpg",toi,3.4520883017725244e-20,7,20,133,8,70
415,Newsdata,https://timesofindia.indiatimes.com/city/surat/tapi-district-enforces-48-hour-liquor-ban-ahead-of-maharashtra-assembly-elections/articleshow/115061791.cms,Dry Day notified in Tapi district of dry Gujarat,,2024-11-07 17:42:49,"https://static.toiimg.com/thumb/msid-47529300,imgsize-110164,width-400,height-225,resizemode-72/47529300.jpg",toi,2.2818312979192717e-40,4,15,67,2,29
416,Newsdata,https://timesofindia.indiatimes.com/city/surat/fire-incident-at-richter-themis-medicare-seven-injured-in-vapi/articleshow/115062878.cms,Seven injured in fire at pharma company in Vapi,,2024-11-07 18:52:17,"https://static.toiimg.com/thumb/msid-47529300,imgsize-110164,width-400,height-225,resizemode-72/47529300.jpg",toi,5.383295164923634e-38,1,9,48,2,30
417,Newsdata,https://www.siasat.com/hyderabad-police-busts-international-human-trafficking-ring-rescue-3-women-3128645/,"Hyderabad police busts international human trafficking ring, rescue 3 women","Hyderabad: An international human trafficking ring operated by Bangladeshi nationals was busted on Saturday, November 9 by the Anti-Human Trafficking Unit (AHTU) of the Hyderabad police. The officials also seized 11 mobile phones, 3 used condoms, a DVR, and a small amount of ganja The accused have been identified as Saleem Mondal, his wife Maria ...Get the latest updates in Hyderabad City News, Technology, Entertainment, Sports, Politics and Top Stories on WhatsApp & Telegram by subscribing to our channels. You can also download our app for Android and iOS.",2024-11-09 14:37:58,https://cdn.siasat.com/wp-content/uploads/2019/12/Humantrafficking-1.jpg,siasat,5.185716708801584e-14,4,10,74,5,33
418,Newsdata,https://timesofindia.indiatimes.com/city/surat/owner-arrested-after-20-women-suffocate-in-surat-basement-hall-incident/articleshow/115122088.cms,Surat basement hall owner arrested in suffocation incident,,2024-11-09 17:15:40,"https://static.toiimg.com/thumb/msid-47529300,imgsize-110164,width-400,height-225,resizemode-72/47529300.jpg",toi,9.3161059555528e-09,5,10,56,5,26
419,Newsdata,https://timesofindia.indiatimes.com/city/surat/tragic-warehouse-fire-in-navsari-three-dead-four-injured/articleshow/115122031.cms,"Navsari warehouse blaze claims three lives, injures four",,2024-11-09 17:12:40,"https://static.toiimg.com/thumb/msid-47529300,imgsize-110164,width-400,height-225,resizemode-72/47529300.jpg",toi,0.9999999999999793,3,5,49,0,27
420,Newsdata,https://timesofindia.indiatimes.com/city/surat/gold-worth-rs-5-crore-hidden-in-underwear-seized-at-surat-airport/articleshow/115122030.cms,Rs5 cr worth gold concealed in underwear seized at Surat airport,,2024-11-09 17:12:40,"https://static.toiimg.com/thumb/msid-47529300,imgsize-110164,width-400,height-225,resizemode-72/47529300.jpg",toi,5.96130945006707e-07,6,10,85,9,47
421,Newsdata,https://timesofindia.indiatimes.com/city/surat/shocking-crime-crpf-constable-kidnaps-and-murders-8-year-old-neighbor/articleshow/115121977.cms,"CRPF constable kidnaps, kills neighbour’s 8-year-old son",,2024-11-09 17:09:40,"https://static.toiimg.com/thumb/msid-47529300,imgsize-110164,width-400,height-225,resizemode-72/47529300.jpg",toi,0.06540942276950847,9,16,121,18,77
422,Newsdata,https://timesofindia.indiatimes.com/city/surat/family-demands-justice-after-20-year-old-girl-found-dead-in-surat/articleshow/115149874.cms,"Seeking justice, family brings girl’s body to police station",,2024-11-10 17:30:50,"https://static.toiimg.com/thumb/msid-47529300,imgsize-110164,width-400,height-225,resizemode-72/47529300.jpg",toi,0.9954401280534468,14,25,139,27,75
424,Newsdata,https://www.mid-day.com/mumbai/mumbai-crime-news/article/investigation-reveals-contract-killers-trained-in-jharkhand-for-baba-siddiques-murder-23426754,Backup shooters trained in Jharkhand linked to Baba Siddique’s murder plot,"The Mumbai Crime Branch’s investigation into the murder of NCP leader Baba Siddique reveals contract killers trained in Maoist areas of Jharkhand. With Shubham Lonkar as the key conspirator, the plan involved multiple backup shooters and weapons smuggling.",2024-11-11 03:21:40,https://images.mid-day.com/images/images/2024/nov/Backup-shooters-u_d.jpg,mid_day,9.590479072409909e-10,29,44,349,28,166
425,Newsdata,https://timesofindia.indiatimes.com/city/surat/major-international-cybercrime-ring-busted-in-surat-200-fraud-cases-exposed/articleshow/115188232.cms,Int’l cybercrime ring busted in Surat; 200 frauds detected in one go,,2024-11-11 16:09:52,"https://static.toiimg.com/thumb/msid-47529300,imgsize-110164,width-400,height-225,resizemode-72/47529300.jpg",toi,2.5226766045148212e-14,17,37,216,13,90
426,Newsdata,https://timesofindia.indiatimes.com/city/surat/paroled-rapist-arrested-for-horrific-sexual-assault-on-five-year-old-girl/articleshow/115189046.cms,Rape convict on parole sexually assaults five-year-old,,2024-11-11 17:03:41,"https://static.toiimg.com/thumb/msid-47529300,imgsize-110164,width-400,height-225,resizemode-72/47529300.jpg",toi,0.0872438850205081,5,9,72,10,44
427,Newsdata,https://www.greaterkashmir.com/kashmir/army-recruitment-rallies-in-parts-of-jk-evoke-warm-response/,Army recruitment rallies in parts of J&K evoke warm response,Young men are gathering to get appointed for various posts in the ArmyThe post Army recruitment rallies in parts of J&K evoke warm response appeared first on Greater Kashmir.,2024-11-11 18:22:36,https://greaterkashmir.imagibyte.sortdcdn.net/wp-content/uploads/2024/08/din.webp?quality=80&type=webp,greaterkashmir,4.312356314284312e-22,1,23,124,4,50
428,Newsdata,https://www.opindia.com/2024/11/rajasthan-police-arrests-rafiq-for-sexually-exploiting-women-media-calls-him-tantrik/,"Rajasthan police arrests Rafiq for sexually exploiting women by scaring them with ghosts, media defames Hindus by calling him ‘Tantrik’","Notably, while our report mentions that the man accused of violating women is Rafiq alias Ali Khan, the media, in reporting on this case, refers to him as a 'Tantrik' and uses terms like tantra-mantra. Apart from that, it has written Bengali Baba in the headline leaving the readers in the impression that the arrested accused is a Hindu 'baba' and conveniently covering up his Muslim identity.",2024-11-12 04:28:12,https://i0.wp.com/www.opindia.com/wp-content/uploads/2024/11/muslim-alim-.jpg?fit=696%2C398&ssl=1,opindia,0.0035091342126776785,17,16,121,13,65
429,Newsdata,https://www.washingtontimes.com/news/2024/nov/12/jack-teixeira-military-leaker-faces-sentencing-pos/,"Military leaker Jack Teixeira faces sentencing, possibly 17 years behind bars",A former member of the Massachusetts Air National Guard who admitted to leaking highly classified military information about the war in Ukraine is expected to be sentenced Tuesday and could serve nearly 17 years in prison.,2024-11-12 16:24:01,https://twt-thumbs.washtimes.com/media/image/2024/09/08/Leaked_Documents_Investigation_51713_s1440x809.jpg,washingtontimes,0.779465663498678,12,54,231,32,124
430,Newsdata,https://www.washingtontimes.com/news/2024/nov/12/jack-teixeira-pentagon-leaker-sentenced-15-years-p/,Pentagon leaker Jack Teixeira sentenced to 15 years in prison for putting classified data online,"Jack Douglas Teixeira, 23, pleaded guilty in March 2024 to six counts of ""willful retention and transmission of national defense information."" His defense team asked for an 11-year prison sentence while federal prosecutors in Boston pushed for him to spend 16 years behind bars.",2024-11-12 16:24:01,https://twt-thumbs.washtimes.com/media/image/2024/09/08/Leaked_Documents_Investigation_51713_s1440x809.jpg,washingtontimes,0.779465663498678,12,54,231,32,124
431,Newsdata,https://www.mid-day.com/mumbai/mumbai-crime-news/article/threat-to-salman-khan-mumbai-police-nabs-man-who-threatened-salman-khan-and-demanded-rs-5-crore-had-used-another-persons-phone-say-cops-23427902,Man uses another person`s phone to threaten actor Salman Khan; held,"The accused is suspected to have sent the extortion messages to the Mumbai Traffic Helpline using someone else`s number, an official said",2024-11-12 15:44:40,https://images.mid-day.com/images/images/2024/nov/Salman-Khan-AFP_d.jpg,mid_day,5.695350740815109e-13,12,13,157,11,77
432,Newsdata,https://timesofindia.indiatimes.com/city/surat/panic-on-pashchim-express-smoke-erupts-in-general-coach/articleshow/115228573.cms,Smoke on Pashchim Express causes alarm,,2024-11-12 18:27:58,"https://static.toiimg.com/photo/msid-115228573,imgsize-.cms",toi,4.5040627783051256e-15,3,5,41,3,32
433,Newsdata,https://timesofindia.indiatimes.com/city/surat/insurance-company-ordered-to-pay-denied-claim-after-delay-controversy/articleshow/115228569.cms,Insurer told to pay claim denied over filing delay,,2024-11-12 18:27:50,"https://static.toiimg.com/photo/msid-115228569,imgsize-.cms",toi,9.039530708356519e-09,16,13,152,12,62
434,Newsdata,https://timesofindia.indiatimes.com/city/surat/notorious-criminal-tries-to-kill-policemen-in-surat-suv-attack-on-police-control-room/articleshow/115228567.cms,History-sheeter booked for trying to kill policemen,,2024-11-12 18:27:41,"https://static.toiimg.com/photo/msid-115228567,imgsize-.cms",toi,0.028988587752478506,10,14,87,12,45
435,Newsdata,https://timesofindia.indiatimes.com/city/surat/horrifying-case-of-rape-and-blackmail-by-neighbour-in-surat/articleshow/115228503.cms,"Neighbour rapes, blackmails woman in Surat",,2024-11-12 18:24:41,"https://static.toiimg.com/photo/msid-115228503,imgsize-.cms",toi,0.999999995337898,11,12,78,29,57
436,Newsdata,https://www.greaterkashmir.com/jammu/security-forces-conduct-mock-drill-at-worlds-highest-railway-bridge/,Security forces conduct mock drill at world’s highest railway bridge,"At world's highest railway bridge at Kouri in Reasi, District Police Reasi conducted this successful mock drillThe post Security forces conduct mock drill at world’s highest railway bridge appeared first on Greater Kashmir.",2024-11-12 18:13:56,https://greaterkashmir.imagibyte.sortdcdn.net/wp-content/uploads/2024/11/Screenshot-2024-11-12-at-11.39.34-PM.png?quality=80&type=webp,greaterkashmir,7.52738290905377e-50,6,19,104,2,25
437,Newsdata,https://www.greaterkashmir.com/jammu/bsf-fully-alert-to-foil-infiltration-threat-by-terrorists-ig-bsf/,BSF fully alert to foil infiltration threat by terrorists: IG BSF,He added that a strong border security grid is in place to foil nefarious designs by terrorists. The IG BSF was addressing a press conference in Rajouri on the sidelines of his visitThe post BSF fully alert to foil infiltration threat by terrorists: IG BSF appeared first on Greater Kashmir.,2024-11-13 18:11:18,https://greaterkashmir.imagibyte.sortdcdn.net/wp-content/uploads/2024/11/Screenshot-2024-11-13-at-11.39.13-PM.png?quality=80&type=webp,greaterkashmir,3.3464687153759725e-05,16,25,107,13,62
438,Newsdata,https://timesofindia.indiatimes.com/city/surat/urgent-action-needed-sgcci-demands-repair-of-nh-48-and-restoration-of-andheri-stoppage/articleshow/115265661.cms,"Repair NH-48, restore Andheri stoppage: SGCCI",,2024-11-13 17:39:44,"https://static.toiimg.com/thumb/msid-47529300,imgsize-110164,width-400,height-225,resizemode-72/47529300.jpg",toi,1.0819325270352196e-20,12,32,158,6,54
439,Newsdata,https://timesofindia.indiatimes.com/city/surat/diamond-industry-adapts-vacation-period-amidst-market-turmoil/articleshow/115265658.cms,Market conditions force units change vacation period,,2024-11-13 17:39:41,"https://static.toiimg.com/thumb/msid-47529300,imgsize-110164,width-400,height-225,resizemode-72/47529300.jpg",toi,3.061312731441096e-57,13,33,133,3,74
440,Newsdata,https://timesofindia.indiatimes.com/city/surat/major-gst-evasion-racket-busted-in-surat-one-arrested/articleshow/115265551.cms,"One held, GST evasion racket busted",,2024-11-13 17:34:07,"https://static.toiimg.com/thumb/msid-47529300,width-1070,height-580,imgsize-110164,resizemode-75,overlay-toi_sw,pt-32,y_pad-40/photo.jpg",toi,1.7505140081718866e-94,5,9,62,1,24
441,Newsdata,https://timesofindia.indiatimes.com/city/surat/arrest-made-in-shocking-rape-and-suicide-case-of-20-year-old-woman/articleshow/115265485.cms,"Man held for rape of 20-year-old woman, abetting her suicide",,2024-11-13 17:30:49,"https://static.toiimg.com/thumb/msid-47529300,imgsize-110164,width-400,height-225,resizemode-72/47529300.jpg",toi,0.9999987180321249,8,10,98,30,77
442,Newsdata,https://timesofindia.indiatimes.com/city/surat/high-end-cars-stolen-by-cheats-in-surat-shocking-incidents-reported/articleshow/115310240.cms,Three people lose high-end cars to cheats,,2024-11-14 18:36:49,"https://static.toiimg.com/thumb/msid-47529300,imgsize-110164,width-400,height-225,resizemode-72/47529300.jpg",toi,0.9999510157733785,20,8,130,20,70
443,Newsdata,https://timesofindia.indiatimes.com/city/surat/enforcement-directorate-raids-businessman-linked-to-politician-in-surat/articleshow/115309884.cms,ED conducts searches at Mandvi bizman’s premises,,2024-11-14 18:30:43,"https://static.toiimg.com/thumb/msid-115309880,imgsize-32868,width-400,height-225,resizemode-72/115309880.jpg",toi,1.2928695254531708e-22,15,13,157,9,85
444,Newsdata,https://timesofindia.indiatimes.com/city/surat/surat-communities-unite-for-blood-donation-amid-diwali-shortages/articleshow/115309820.cms,Surat communities rally to combat vacation blood shortage,,2024-11-14 18:27:57,"https://static.toiimg.com/thumb/msid-115309815,imgsize-79942,width-400,height-225,resizemode-72/115309815.jpg",toi,0.0003467543865188715,38,50,281,30,118
445,Newsdata,https://timesofindia.indiatimes.com/city/surat/couple-loses-rs-13-lakh-in-uk-visa-fraud-scheme/articleshow/115309311.cms,Singanpor couple cheated of Rs 13 lakh in visa fraud,,2024-11-14 18:06:41,"https://static.toiimg.com/thumb/msid-47529300,imgsize-110164,width-400,height-225,resizemode-72/47529300.jpg",toi,0.9994434078221454,8,18,112,21,48
446,Newsdata,https://timesofindia.indiatimes.com/city/surat/surat-spa-fire-investigation-who-really-owns-the-building/articleshow/115308618.cms,Spa fire: Police yet to find out who is actual owner,,2024-11-14 17:33:53,"https://static.toiimg.com/thumb/msid-47529300,imgsize-110164,width-400,height-225,resizemode-72/47529300.jpg",toi,8.626223244674776e-05,7,13,97,10,38
447,Newsdata,https://timesofindia.indiatimes.com/city/surat/tragic-drowning-incident-at-shuklatirth-fair-claims-three-lives/articleshow/115340794.cms,Three drown in Shuklatirth fair,,2024-11-15 16:36:40,"https://static.toiimg.com/thumb/msid-47529300,imgsize-110164,width-400,height-225,resizemode-72/47529300.jpg",toi,2.6030270270124325e-06,1,8,40,3,16
448,Newsdata,https://timesofindia.indiatimes.com/city/surat/drunk-municipal-engineer-crashes-suv-and-flees-the-scene-in-surat-incident/articleshow/115340796.cms,"Drunk municipal engineer crashes SUV into cars, flees",,2024-11-15 16:36:40,"https://static.toiimg.com/thumb/msid-47529300,imgsize-110164,width-400,height-225,resizemode-72/47529300.jpg",toi,0.5785212727394835,11,8,81,11,43
449,Newsdata,https://timesofindia.indiatimes.com/city/surat/police-inspector-arrested-for-accepting-iphone-bribe-in-surat/articleshow/115339943.cms,Cop caught taking iPhone as bribe,,2024-11-15 15:48:41,"https://static.toiimg.com/thumb/msid-47529300,width-1070,height-580,imgsize-110164,resizemode-75,overlay-toi_sw,pt-32,y_pad-40/photo.jpg",toi,0.9999961692572324,3,4,56,9,23
450,Newsdata,https://timesofindia.indiatimes.com/city/surat/revolutionary-ai-based-traffic-management-system-developed-by-svnit-scholar/articleshow/115343131.cms,SVNIT scholar develops AI-based traffic mgmt tech,,2024-11-15 18:39:56,"https://static.toiimg.com/thumb/msid-115343129,imgsize-147058,width-400,height-225,resizemode-72/115343129.jpg",toi,7.450535608669055e-08,27,78,299,26,142
451,Newsdata,https://timesofindia.indiatimes.com/city/surat/tragic-accident-in-bharuch-three-bhavnagar-men-killed-in-high-speed-crash/articleshow/115343123.cms,Three die as car crashes into tree,,2024-11-15 18:39:42,"https://static.toiimg.com/thumb/msid-47529300,imgsize-110164,width-400,height-225,resizemode-72/47529300.jpg",toi,2.1558922237537594e-17,2,7,49,2,21
452,Newsdata,https://timesofindia.indiatimes.com/city/surat/diamond-exports-surge-1132-in-october-indicating-market-recovery/articleshow/115343121.cms,Signs of recovery: Diamond exports rise 11.32% in Oct,,2024-11-15 18:39:41,"https://static.toiimg.com/thumb/msid-47529300,imgsize-110164,width-400,height-225,resizemode-72/47529300.jpg",toi,4.696570124414686e-11,8,33,111,9,54
453,Newsdata,https://timesofindia.indiatimes.com/city/surat/chief-minister-bhupendra-patel-launches-rs-102-crore-development-projects-in-dang/articleshow/115342996.cms,CM inaugurates projects worth Rs 102 cr in Dang,,2024-11-15 18:33:41,"https://static.toiimg.com/thumb/msid-47529300,width-1070,height-580,imgsize-110164,resizemode-75,overlay-toi_sw,pt-32,y_pad-40/photo.jpg",toi,8.63848522939235e-14,3,23,119,6,39
454,Newsdata,https://timesofindia.indiatimes.com/city/surat/jain-monks-astonishing-shatavdhan-memory-challenge-at-bhagwan-shri-mahavir-university-today/articleshow/115367177.cms,Jain monk to attempt Shatavdhan memory feat today,,2024-11-16 17:00:44,"https://static.toiimg.com/thumb/msid-115367175,imgsize-92444,width-400,height-225,resizemode-72/115367175.jpg",toi,2.10167036968886e-08,9,17,81,7,38
455,Newsdata,https://timesofindia.indiatimes.com/city/surat/principal-arrested-for-creating-hate-leaflets-against-son-in-laws-job-aspirations/articleshow/115366893.cms,Principal makes hateful leaflets to keep son-in-law from getting a job,,2024-11-16 16:39:42,"https://static.toiimg.com/thumb/msid-47529300,width-1070,height-580,imgsize-110164,resizemode-75,overlay-toi_sw,pt-32,y_pad-40/photo.jpg",toi,0.5156354108607881,8,15,79,15,52
456,Newsdata,https://timesofindia.indiatimes.com/city/surat/police-seize-15kg-of-mephedrone-in-major-drug-bust-5-arrested/articleshow/115367173.cms,"Cops net 1.5kg of mephedrone in 2 seizures, 5 held",,2024-11-16 17:00:40,"https://static.toiimg.com/thumb/msid-47529300,imgsize-110164,width-400,height-225,resizemode-72/47529300.jpg",toi,4.5586620942239834e-20,3,7,58,3,21
457,Newsdata,https://timesofindia.indiatimes.com/city/surat/air-india-flight-ix2750-successfully-lands-after-two-unsuccessful-attempts-at-surat-airport/articleshow/115392481.cms,Flight lands after two failed attempts at Surat airport,,2024-11-17 18:39:57,"https://static.toiimg.com/thumb/msid-115392479,width-1070,height-580,imgsize-89166,resizemode-75,overlay-toi_sw,pt-32,y_pad-40/photo.jpg",toi,0.999999466605478,12,30,116,0,50
458,Newsdata,https://timesofindia.indiatimes.com/city/surat/horrific-road-rage-incident-in-surat-man-killed-by-tempo-driver/articleshow/115391717.cms,"Road rage: Man crushed under tempo, dragged away",,2024-11-17 18:00:42,"https://static.toiimg.com/thumb/msid-115391714,imgsize-41772,width-400,height-225,resizemode-72/115391714.jpg",toi,2.995768465628016e-05,11,14,121,10,48
459,Newsdata,https://timesofindia.indiatimes.com/city/surat/schoolboy-severely-injured-in-dumper-truck-accident-in-surat/articleshow/115391686.cms,"School boy hit by dumper, suffers multiple injuries",,2024-11-17 17:57:41,"https://static.toiimg.com/thumb/msid-115391682,imgsize-38854,width-400,height-225,resizemode-72/115391682.jpg",toi,0.9887589378699057,4,11,77,15,44
460,Newsdata,https://www.mid-day.com/mumbai/mumbai-crime-news/article/mumbai-man-held-for-murder-of-nine-year-old-in-santacruz-23430985,Mumbai: Man held for murder of nine-year-old in Santacruz,"The accused, 31, strangled the boy in a garment factory on Chhath Puja day, after which he put body in a sack and dumped it",2024-11-18 02:40:31,https://images.mid-day.com/images/images/2024/nov/Crime-Scene_d.jpg,mid_day,0.9986921791487934,12,5,107,19,69
461,Newsdata,https://www.mid-day.com/mumbai/mumbai-crime-news/article/thane-crime-rs-58-6-lakh-gutka-seized-from-tempo-driver-held-23431125,Thane crime: Rs 58.6 lakh gutka seized from tempo; driver held,"Acting on a tip, the police raided a premises at the ration office compound in Bhiwandi area on Saturday afternoon; they found the tempo with gutka of various brands stocked in it, the official from Nizampura police station said.",2024-11-18 08:06:43,https://images.mid-day.com/images/images/2024/nov/Police-Rep-iStock2_d.jpg,mid_day,9.408459921725167e-18,1,16,188,13,88
462,Newsdata,https://www.siasat.com/hyderabad-missing-17-year-old-girl-found-dead-probe-on-3133598/,Hyderabad: Missing 17-year-old girl found dead; probe on,"Hyderabad: A 17-year-old girl who went missing earlier this month has been found dead on the outskirts of Tukkuguda, near a plastic factory. The victim has been identified as Aishwarya from Tek Anjaih Nagar, Miyapur, who had been reported missing since November 8. According to reports, the victim was acquainted with a youth from Uppuguda through Instagram. ...Get the latest updates in Hyderabad City News, Technology, Entertainment, Sports, Politics and Top Stories on WhatsApp & Telegram by subscribing to our channels. You can also download our app for Android and iOS.",2024-11-18 12:37:47,https://cdn.siasat.com/wp-content/uploads/2024/06/Untitled-design-10-3.jpg,siasat,7.079889838323319e-14,4,9,32,3,28
463,Newsdata,https://punjabi.abplive.com/videos/news/punjab-lawrence-bishnoi-s-brother-anmol-bishnoi-in-custody-826495,ਹਿਰਾਸਤ 'ਚ Lawrence Bishnoi ਦਾ ਭਰਾ Anmol Bishnoi !,ਹਿਰਾਸਤ 'ਚ Lawrence Bishnoi ਦਾ ਭਰਾ Anmol Bishnoi ! Subscribe Our Channel: ABP Sanjha / @abpsanjha Don't forget to press THE BELL ICON to never miss any updatesWatch ABP Sanjha Live TV: https://abpsanjha.abplive.in/live-tvABP Sanjha Website: https://abpsanjha.abplive.in/Social Media Handles:YouTube: / abpsanjha Facebook: / abpsanjha Twitter: / abpsanjha Download ABP App for Apple: https://itunes.apple.com/in/app/abp-l... Download ABP App for Android: https://play.google.com/store/apps/de...Subscribe Our Channel: ABP Sanjha / @abpsanjha Don't forget to press THE BELL ICON to never miss any updatesWatch ABP Sanjha Live TV: https://abpsanjha.abplive.in/live-tvABP Sanjha Website: https://abpsanjha.abplive.in/Social Media Handles:YouTube: / abpsanjha Facebook: / abpsanjha Twitter: / abpsanjha Download ABP App for Apple: https://itunes.apple.com/in/app/abp-l... Download ABP App for Android: https://play.google.com/store/apps/de...Subscribe Our Channel: ABP Sanjha / @abpsanjha Don't forget to press THE BELL ICON to never miss any updatesWatch ABP Sanjha Live TV: https://abpsanjha.abplive.in/live-tvABP Sanjha Website: https://abpsanjha.abplive.in/Social Media Handles:YouTube: / abpsanjha Facebook: / abpsanjha Twitter: / abpsanjha Download ABP App for Apple: https://itunes.apple.com/in/app/abp-l... Download ABP App for Android: https://play.google.com/store/apps/de...,2024-11-18 14:20:16,https://feeds.abplive.com/onecms/images/uploaded-images/2024/11/18/6d5c374685ef6df3ea4bd626d8d7e1721731939573686370_original.jpg,abplive,1.2295099969308894e-31,6,16,84,3,15
464,Newsdata,https://www.opindia.com/2024/11/chhattisgarh-mukhtar-ansari-killed-a-woman-and-her-two-minor-children-in-balrampur-skeletons-two-months-later/,"Chhattisgarh: Mukhtar Ansari killed 3 members of a Hindu family, including 2 minors, with an axe, skeletons found two months later","Speaking about the matter, Balrampur SP Vaibhav Banker said that the accused Mukhtar Ansari, originally from Jharkhand was arrested by the police and presented before the court.",2024-11-18 14:02:28,https://i0.wp.com/www.opindia.com/wp-content/uploads/2024/11/chhattisgarh-mukhtar-ansari-triple-murder.jpg?fit=696%2C398&ssl=1,opindia,0.003940568051229159,20,35,168,21,97
465,Newsdata,https://www.siasat.com/jhansi-tragedy-wakes-up-up-govt-notices-issued-to-80-hospitals-3133671/,"Jhansi tragedy wakes up UP govt, notices issued to 80 hospitals","Jhansi: Notices have been issued to 80 hospitals found lacking in fire safety measures as authorities in Lucknow intensified inspections in the wake of the tragedy at a state-run hospital in Jhansi. Chief Fire Officer (CFO), Lucknow, Mangesh Kumar, said they have identified 906 hospitals and buildings in Lucknow for fire safety inspections. “Of these, ...Get the latest updates in Hyderabad City News, Technology, Entertainment, Sports, Politics and Top Stories on WhatsApp & Telegram by subscribing to our channels. You can also download our app for Android and iOS.",2024-11-18 14:42:38,https://cdn.siasat.com/wp-content/uploads/2024/11/Untitled-design-2024-11-16T135208.539.jpg,siasat,3.3104227036132634e-22,9,11,100,6,57
466,Newsdata,https://www.siasat.com/hyderabad-police-crack-teen-murder-boyfriend-along-with-two-others-arrested-3133741/,"Hyderabad police crack teen murder, boyfriend along with two others arrested","Hyderabad: The Miyapur police solved the mystery behind the kidnap and murder of a 17-year-old girl on Monday with the arrest of three people including her boyfriend. The girl, whose name has not been revealed, stayed at Miyapur along with her parents. Six months ago, she went to a temple at Falaknuma where she met ...Get the latest updates in Hyderabad City News, Technology, Entertainment, Sports, Politics and Top Stories on WhatsApp & Telegram by subscribing to our channels. You can also download our app for Android and iOS.",2024-11-18 16:29:09,https://cdn.siasat.com/wp-content/uploads/2024/06/Untitled-design-20-1.jpg,siasat,0.9999999999998659,15,4,101,31,56
467,Newsdata,https://www.mid-day.com/mumbai/mumbai-crime-news/article/baba-siddique-murder-jailed-gangster-lawrence-bishnoi-s-brother-anmol-held-in-us-say-mumbai-police-sources-23431469,Gangster Lawrence Bishnoi`s brother Anmol held in US: Mumbai Police sources,"Anmol, who was believed to be living in Canada and making regular travels to the US, is the younger brother of Lawrence Bishnoi, accused of running a global criminal syndicate despite being in jail",2024-11-18 16:23:35,https://images.mid-day.com/images/images/2024/nov/Anmol-Bishnoi_d.jpg,mid_day,1.8377582124419765e-26,15,25,203,11,112
468,Newsdata,https://timesofindia.indiatimes.com/city/surat/tragic-accident-truck-runs-over-sleeping-laborers-one-dead/articleshow/115427239.cms,"Truck crushes two men sleeping on ground, one dies",,2024-11-18 18:51:54,"https://static.toiimg.com/thumb/msid-115427237,imgsize-68650,width-400,height-225,resizemode-72/115427237.jpg",toi,0.0059783644465240555,3,4,38,6,34
469,Newsdata,https://timesofindia.indiatimes.com/city/surat/illegal-multispeciality-hospital-shut-down-hours-after-opening/articleshow/115426511.cms,Quacks’ multispeciality hospital sealed hours after inauguration,,2024-11-18 18:24:41,"https://static.toiimg.com/thumb/msid-47529300,width-1070,height-580,imgsize-110164,resizemode-75,overlay-toi_sw,pt-32,y_pad-40/photo.jpg",toi,0.9511224934215834,7,23,131,22,53
470,Newsdata,https://timesofindia.indiatimes.com/city/surat/tragic-car-accident-claims-five-lives-in-bharuch/articleshow/115426512.cms,Five killed as car crashes into parked truck,,2024-11-18 18:24:40,"https://static.toiimg.com/thumb/msid-47529300,imgsize-110164,width-400,height-225,resizemode-72/47529300.jpg",toi,4.459222714285216e-06,3,7,33,3,20
471,Newsdata,https://www.opindia.com/2024/11/west-bengal-beldanga-incident-attack-on-hindus-internet-suspended-injuries-and-arrests-details/,"West Bengal: Situation in Beldanga remain tense after onslaught on Hindus, internet suspended, Governor seeks report from Mamata govt",Governor CV Ananda Bose is monitoring the situation from Raj Bhavan and has cancelled all his other engagements.,2024-11-19 04:33:25,https://i0.wp.com/www.opindia.com/wp-content/uploads/2024/11/beldanga-incident.jpg?fit=696%2C398&ssl=1,opindia,7.906970550908204e-09,13,37,180,15,81
472,Newsdata,https://timesofindia.indiatimes.com/city/surat/surat-man-arrested-for-rape-after-victim-consumes-acid-in-suicide-attempt/articleshow/115459104.cms,Man booked for rape after woman attempts suicide by acid,,2024-11-19 16:12:50,"https://static.toiimg.com/thumb/msid-47529300,imgsize-110164,width-400,height-225,resizemode-72/47529300.jpg",toi,0.9999999186096211,6,7,50,16,39
473,Newsdata,https://timesofindia.indiatimes.com/city/surat/accountant-seriously-injured-by-chinese-thread-in-surat/articleshow/115462139.cms,Chinese thread slits accountant’s throat,,2024-11-19 18:48:41,"https://static.toiimg.com/thumb/msid-47529300,width-1070,height-580,imgsize-110164,resizemode-75,overlay-toi_sw,pt-32,y_pad-40/photo.jpg",toi,0.007103400625900152,7,18,86,10,33
474,Newsdata,https://www.mid-day.com/mumbai/mumbai-crime-news/article/mumbai-man-who-only-stole-from-rich-nabbed-23432264,Mumbai: Man who only stole from rich nabbed,"Notorious thief Munna Qureshi, with more than 200 cases, had stolen crores from gangster Chhota Rajan and an MLA",2024-11-20 02:46:43,https://images.mid-day.com/images/images/2024/nov/Burglars_d.jpg,mid_day,0.41489564003891066,17,31,234,31,105
475,Newsdata,https://timesofindia.indiatimes.com/city/surat/flash-fire-in-surat-seven-injured-one-in-critical-condition/articleshow/115499183.cms,"Seven receive burns in flash fire, 1 critical",,2024-11-20 18:24:49,"https://static.toiimg.com/thumb/msid-47529300,imgsize-110164,width-400,height-225,resizemode-72/47529300.jpg",toi,1.9154904203437073e-14,6,16,101,8,55
476,Newsdata,https://timesofindia.indiatimes.com/city/surat/two-arrested-in-rs-55-lakh-md-drug-case-involving-nigerian-national-in-mumbai/articleshow/115498441.cms,Rs 55L drug case: Nigerian among 2 held in Mum,,2024-11-20 17:51:41,"https://static.toiimg.com/thumb/msid-47529300,imgsize-110164,width-400,height-225,resizemode-72/47529300.jpg",toi,4.123644072311987e-08,2,9,117,11,49
477,Newsdata,https://timesofindia.indiatimes.com/city/surat/surat-cybercrime-police-conduct-major-raids-on-banks-to-combat-cyberfraud/articleshow/115539917.cms,Raids carried out based on intel from bankers,,2024-11-21 18:54:47,"https://static.toiimg.com/thumb/msid-47529300,imgsize-110164,width-400,height-225,resizemode-72/47529300.jpg",toi,9.189411112282708e-05,11,19,96,12,52
478,Newsdata,https://www.opindia.com/2024/11/pakistan-attack-on-passenger-vans-kills-over-40-people-in-khyber-pakhtunkhwas-kurram-reports-indicate-sunni-militants-targeting-shias/,"Pakistan: Deadly attack on passenger vans kills over 40 people in Khyber Pakhtunkhwa’s Kurram, reports indicate Sunni militants targeting Shias",Latest reports from the area are saying that the death toll has risen to 44 after many injured persons eventually succumbed.,2024-11-22 04:33:17,https://i0.wp.com/www.opindia.com/wp-content/uploads/2024/11/Kurram-KPK-Pakistan-.jpg?fit=696%2C398&ssl=1,opindia,8.698273737936866e-19,18,53,267,12,116
479,Newsdata,https://www.mid-day.com/mumbai/mumbai-crime-news/article/mumbai-mira-road-man-held-after-retired-teacher-loses-rs-23-69-lakh-in-share-trading-fraud-23434078,Man held after retired teacher loses Rs 23.69 lakh in share trading fraud,"The teacher, who became a victim after clicking on an advertisement about shares and likes, was lured into investing a significant sum, promising high returns, an official said",2024-11-22 14:23:18,https://images.mid-day.com/images/images/2024/nov/Arrest_d.jpg,mid_day,1.2228240132876556e-09,3,15,101,11,67
480,Newsdata,https://www.mid-day.com/mumbai/mumbai-crime-news/article/foreign-national-arrested-from-mumbai-airport-for-smuggling-cocaine-worth-rs-34-96-crore-23434196,Foreign national held in Mumbai for smuggling cocaine worth Rs 34.96 crore,"Following a thorough examination, the DRI officers discovered two packets of a white powdery substance which were concealed in the false bottom of the passenger`s bag",2024-11-22 16:23:51,https://images.mid-day.com/images/images/2024/nov/Arrested_d.jpg,mid_day,4.346727334619925e-10,4,13,67,4,26
481,Newsdata,https://timesofindia.indiatimes.com/city/surat/cybercrime-police-uncover-fraudulent-firms-used-to-aid-scammers/articleshow/115574654.cms,Bogus firms floated to provide bank account to scammers,,2024-11-22 17:18:41,"https://static.toiimg.com/thumb/msid-47529300,imgsize-110164,width-400,height-225,resizemode-72/47529300.jpg",toi,3.746600178306352e-05,4,20,99,9,44
482,Newsdata,https://www.greaterkashmir.com/kashmir/security-crime-review-meeting-held-at-handwara/,"Security, crime review meeting held at Handwara","The meeting was attended by ASP Handwara, SDPO Handwara, DySP DAR Handwara, DySP Ops Handwara, all SHOs/DOs and other police officers of Police District HandwaraThe post Security, crime review meeting held at Handwara appeared first on Greater Kashmir.",2024-11-22 18:29:52,https://greaterkashmir.imagibyte.sortdcdn.net/wp-content/uploads/2024/11/Gc_QrjtXYAAiLfi-e1732300176947.jpeg?quality=80&type=webp,greaterkashmir,2.524188461945588e-49,2,16,81,2,30
483,Newsdata,https://timesofindia.indiatimes.com/city/surat/lab-grown-diamonds-not-synthetic-say-industry-leaders/articleshow/115576837.cms,Lab-grown diamonds are not synthetic: Bizmen,,2024-11-22 18:52:10,"https://static.toiimg.com/thumb/msid-47529300,imgsize-110164,width-400,height-225,resizemode-72/47529300.jpg",toi,0.022237585569627707,12,48,113,17,77
484,Newsdata,https://timesofindia.indiatimes.com/city/surat/daring-jewellery-shop-heist-in-surat-two-arrested-after-violent-attack/articleshow/115576836.cms,"Robbers try to loot jewellery shop, two nabbed",,2024-11-22 18:52:10,"https://static.toiimg.com/thumb/msid-47529300,imgsize-110164,width-400,height-225,resizemode-72/47529300.jpg",toi,4.833284317649786e-05,10,16,66,8,40
485,Newsdata,https://timesofindia.indiatimes.com/city/surat/tragic-murder-suicide-civil-contractor-kills-wife-before-taking-his-own-life-amid-health-struggles/articleshow/115576812.cms,"Civil contractor battling kidney ailment kills wife, self",,2024-11-22 18:51:40,"https://static.toiimg.com/thumb/msid-47529300,width-1070,height-580,imgsize-110164,resizemode-75,overlay-toi_sw,pt-32,y_pad-40/photo.jpg",toi,0.9997222229904814,5,17,79,18,37
486,Newsdata,https://timesofindia.indiatimes.com/city/surat/nylon-weavers-urge-assessment-of-quality-control-order-impact-in-surat/articleshow/115608490.cms,Nylon weavers want impact of QCO assessed first,,2024-11-23 18:45:42,"https://static.toiimg.com/thumb/msid-47529300,imgsize-110164,width-400,height-225,resizemode-72/47529300.jpg",toi,1.452050924529963e-25,11,25,120,5,46
487,Newsdata,https://timesofindia.indiatimes.com/city/surat/major-fraud-case-two-diamond-traders-arrested-in-6-crore-scam/articleshow/115608471.cms,Two diamond traders held in 6cr fraud case,,2024-11-23 18:43:08,"https://static.toiimg.com/thumb/msid-47529300,imgsize-110164,width-400,height-225,resizemode-72/47529300.jpg",toi,1.5554412725604336e-10,10,19,104,8,42
488,Newsdata,https://timesofindia.indiatimes.com/city/surat/c-r-paatil-indicates-possible-resignation-as-bjp-state-president/articleshow/115608470.cms,Paatil hints he is stepping down as BJP state head,,2024-11-23 18:43:04,"https://static.toiimg.com/thumb/msid-47529300,width-1070,height-580,imgsize-110164,resizemode-75,overlay-toi_sw,pt-32,y_pad-40/photo.jpg",toi,0.9999999989334842,8,4,81,27,51
489,Newsdata,https://timesofindia.indiatimes.com/city/surat/brutal-public-murder-of-history-sheeter-rushi-pandit-in-kapodra/articleshow/115632302.cms,History-sheeter killed in full public view in Kapodra,,2024-11-24 17:15:55,"https://static.toiimg.com/thumb/msid-47529300,width-1070,height-580,imgsize-110164,resizemode-75,overlay-toi_sw,pt-32,y_pad-40/photo.jpg",toi,0.0004342979022584153,8,19,77,7,43
490,Newsdata,https://timesofindia.indiatimes.com/city/surat/19-year-old-college-student-arrested-for-flashing-and-stalking-female-teachers-in-surat/articleshow/115632813.cms,"19-yr-old college student flashes at female teachers in public, held",,2024-11-24 17:51:41,"https://static.toiimg.com/thumb/msid-47529300,imgsize-110164,width-400,height-225,resizemode-72/47529300.jpg",toi,0.9999937545333526,10,11,73,22,48
491,Newsdata,https://timesofindia.indiatimes.com/city/surat/tailor-shocked-by-rs-8641-lakh-electricity-bill-after-human-error/articleshow/115670296.cms,Tailor gets outsized power bill for 5x price of his shop,,2024-11-25 18:36:57,"https://static.toiimg.com/thumb/msid-115670295,width-1070,height-580,imgsize-57940,resizemode-75,overlay-toi_sw,pt-32,y_pad-40/photo.jpg",toi,0.9999007418793311,12,19,100,23,63
492,Newsdata,https://timesofindia.indiatimes.com/city/surat/haryana-serial-killer-arrested-for-rape-and-murder-of-valsad-teen/articleshow/115668559.cms,"Haryana man nabbed for rape, murder of Valsad teen turns out to be serial killer",,2024-11-25 17:13:01,"https://static.toiimg.com/thumb/msid-47529300,imgsize-110164,width-400,height-225,resizemode-72/47529300.jpg",toi,0.9352176215355612,10,25,147,16,58
493,Newsdata,https://timesofindia.indiatimes.com/city/surat/son-murders-85-year-old-mother-in-dinner-dispute/articleshow/115668551.cms,Man kills 85-year-old mother over dinner,,2024-11-25 17:12:41,"https://static.toiimg.com/thumb/msid-47529300,width-1070,height-580,imgsize-110164,resizemode-75,overlay-toi_sw,pt-32,y_pad-40/photo.jpg",toi,0.9999999993075028,2,1,39,10,18
494,Newsdata,https://timesofindia.indiatimes.com/city/surat/controversial-police-inspector-n-h-brahmbhatt-placed-on-leave-reserve-amid-legal-troubles/articleshow/115706206.cms,Althan inspector sent on ‘leave reserve’,,2024-11-26 17:30:40,"https://static.toiimg.com/thumb/msid-47529300,imgsize-110164,width-400,height-225,resizemode-72/47529300.jpg",toi,0.16244133756704718,6,16,82,12,36
495,Newsdata,https://timesofindia.indiatimes.com/city/surat/surat-diamond-markets-and-manufacturing-units-resume-operations-after-diwali-break/articleshow/115706163.cms,"City diamond units, markets reopen after vacation",,2024-11-26 17:27:49,"https://static.toiimg.com/thumb/msid-115706162,imgsize-81954,width-400,height-225,resizemode-72/115706162.jpg",toi,8.53374858805249e-11,10,33,92,6,47
496,Newsdata,https://timesofindia.indiatimes.com/city/surat/fatal-water-dispute-brothers-murder-neighbour-in-surat/articleshow/115706034.cms,Brothers kill neighbour over water supply dispute,,2024-11-26 17:18:41,"https://static.toiimg.com/thumb/msid-47529300,imgsize-110164,width-400,height-225,resizemode-72/47529300.jpg",toi,0.8788583278760236,8,8,59,9,28
497,Newsdata,https://timesofindia.indiatimes.com/city/surat/man-sentenced-to-35-years-for-raping-7-year-old-girl-in-surat/articleshow/115705956.cms,26-year-old sentenced to 35 years in jail for raping minor,,2024-11-26 17:15:41,"https://static.toiimg.com/thumb/msid-47529300,imgsize-110164,width-400,height-225,resizemode-72/47529300.jpg",toi,4.8926360682277505e-09,10,18,76,7,47
498,Newsdata,https://www.greaterkashmir.com/kashmir/massive-anti-terror-operations-underway-in-pir-panchal-other-areas-of-jammu/,"Massive anti-terror operations underway in Pir Panchal, other areas of Jammu","The operations were launched by joint teams of the Jammu and Kashmir Police, Army, and paramilitary forces across the upper reaches, foothill habitations, and residential areas in districts including Kishtwar, Doda, Rajouri, Poonch, and UdhampurThe post Massive anti-terror operations underway in Pir Panchal, other areas of Jammu appeared first on Greater Kashmir.",2024-11-27 20:51:09,https://greaterkashmir.imagibyte.sortdcdn.net/wp-content/uploads/2023/11/Encounter-2018aa.jpg?quality=80&type=webp,greaterkashmir,3.9222446941109476e-27,7,42,198,9,110
499,Newsdata,https://timesofindia.indiatimes.com/city/surat/grooms-family-receives-intimate-video-wedding-cancelled-amid-blackmail-scandal/articleshow/115743043.cms,Intimate video sent to groom’s family day before wedding,,2024-11-27 18:36:41,"https://static.toiimg.com/thumb/msid-47529300,width-1070,height-580,imgsize-110164,resizemode-75,overlay-toi_sw,pt-32,y_pad-40/photo.jpg",toi,0.9999999994858066,12,4,69,15,46
500,Newsdata,https://timesofindia.indiatimes.com/city/surat/alleged-serial-killer-returns-to-crime-scene-for-necrophilia-shocking-details-emerge/articleshow/115741697.cms,Alleged serial killer returned to crime scene to commit necrophilia: Cops,,2024-11-27 17:21:50,"https://static.toiimg.com/thumb/msid-47529300,width-1070,height-580,imgsize-110164,resizemode-75,overlay-toi_sw,pt-32,y_pad-40/photo.jpg",toi,0.999002733344973,15,14,132,22,74
501,Newsdata,https://timesofindia.indiatimes.com/city/surat/surat-municipal-corporations-rs-1600-crore-project-under-investigation-for-fraudulent-practices/articleshow/115741690.cms,"Eyebrows raised over Rs 1,600cr SMC project",,2024-11-27 17:21:41,"https://static.toiimg.com/thumb/msid-47529300,width-1070,height-580,imgsize-110164,resizemode-75,overlay-toi_sw,pt-32,y_pad-40/photo.jpg",toi,6.358173713125807e-15,13,19,106,7,51
502,Newsdata,https://timesofindia.indiatimes.com/city/surat/botswana-emerges-as-new-global-certification-hub-for-rough-diamonds/articleshow/115781137.cms,Botswana to become new certification hub for rough diamonds,,2024-11-28 18:42:50,"https://static.toiimg.com/thumb/msid-47529300,imgsize-110164,width-400,height-225,resizemode-72/47529300.jpg",toi,1.1523458182734357e-20,9,39,167,7,69
503,Newsdata,https://timesofindia.indiatimes.com/city/surat/gunshots-fired-at-financiers-office-in-surat-investigation-underway/articleshow/115779051.cms,Two rounds fired at private financier’s office,,2024-11-28 17:37:01,"https://static.toiimg.com/thumb/msid-47529300,imgsize-110164,width-400,height-225,resizemode-72/47529300.jpg",toi,0.00040403456808308226,18,16,125,15,76
504,Newsdata,https://timesofindia.indiatimes.com/city/surat/surat-municipal-corporation-halts-controversial-tstp-project-amid-irregularities/articleshow/115779048.cms,SMC puts aside TSTP project for Hazira,,2024-11-28 17:36:52,"https://static.toiimg.com/thumb/msid-47529300,width-1070,height-580,imgsize-110164,resizemode-75,overlay-toi_sw,pt-32,y_pad-40/photo.jpg",toi,9.577244236901797e-15,7,15,97,7,48
505,Newsdata,https://timesofindia.indiatimes.com/city/surat/90-year-old-man-extorted-rs-115-crore-in-shocking-cyber-fraud/articleshow/115779039.cms,90-year-old extored of Rs 1.15cr in digital arrest,,2024-11-28 17:36:42,"https://static.toiimg.com/thumb/msid-115779037,imgsize-152356,width-400,height-225,resizemode-72/115779037.jpg",toi,0.9999823574180583,10,29,225,48,115
506,Newsdata,https://www.mid-day.com/mumbai/mumbai-crime-news/article/maharashtra-two-dupe-bhiwandi-man-of-rs-30-lakh-by-selling-him-fake-gold-coins-held-23437741,Two dupe Bhiwandi man of Rs 30 lakh by selling him fake gold coins held,"The official said that while the police arrested two suspects for duping the victims, one more person, is on the run",2024-11-28 17:03:31,https://images.mid-day.com/images/images/2024/nov/arrest-cuffs_d.jpg,mid_day,2.050422404802286e-06,5,12,138,14,66
507,Newsdata,https://www.mid-day.com/mumbai/mumbai-crime-news/article/mid-day-investigation-hit-hard-in-mumbai-dating-app-scam-moves-to-thane-23437828,"Mid-Day Investigation: Hit hard in Mumbai, dating app scam moves to Thane","Man, 25, approaches cops after woman he met on dating app runs up inflated bills of Rs 39,000 in Thane nightclub",2024-11-29 01:50:40,https://images.mid-day.com/images/images/2024/nov/Depress_d.jpg,mid_day,0.9889503741686033,41,44,256,53,191
508,Newsdata,https://www.mid-day.com/mumbai/mumbai-crime-news/article/mumbai-lift-technician-held-for-stalking-schoolgirl-in-bhandup-outraging-her-modesty-23438366,Lift technician held for stalking schoolgirl in Bhandup,"The girl`s mother registered a complaint with Bhandup police station and the lift technician was held by the police the same day, an official said",2024-11-29 16:00:27,https://images.mid-day.com/images/images/2024/nov/Arrest_d.jpg,mid_day,0.9503970856978877,18,18,154,23,84
509,Newsdata,https://timesofindia.indiatimes.com/city/surat/court-grants-father-permission-for-daughters-birthday-party-amid-custody-battle/articleshow/115818327.cms,Father gets court nod to hold daughter’s birthday party,,2024-11-29 18:30:58,"https://static.toiimg.com/thumb/msid-47529300,width-1070,height-580,imgsize-110164,resizemode-75,overlay-toi_sw,pt-32,y_pad-40/photo.jpg",toi,0.9999991411682627,11,12,70,23,48
510,Newsdata,https://timesofindia.indiatimes.com/city/surat/gjepc-implements-us-ftc-terminology-for-diamonds-to-enhance-consumer-transparency/articleshow/115819487.cms,GJEPC adopts US FTC terminology for diamonds,,2024-11-29 18:52:28,"https://static.toiimg.com/thumb/msid-115819486,width-1070,height-580,imgsize-66614,resizemode-75,overlay-toi_sw,pt-32,y_pad-40/photo.jpg",toi,9.744674365712241e-13,12,49,168,11,87
511,Newsdata,https://timesofindia.indiatimes.com/city/surat/stormy-smc-meeting-highlights-tstp-project-irregularities-and-escalated-costs/articleshow/115819460.cms,SMC meeting turns stormy over TSTP project irregularities,,2024-11-29 18:51:45,"https://static.toiimg.com/thumb/msid-47529300,imgsize-110164,width-400,height-225,resizemode-72/47529300.jpg",toi,9.68765377824088e-20,9,22,81,4,38
512,Newsdata,https://timesofindia.indiatimes.com/city/surat/major-prostitution-racket-exposed-at-the-fusion-hotel-in-surats-adajan-area/articleshow/115819431.cms,Flesh trade racket busted in Adajan hotel,,2024-11-29 18:49:42,"https://static.toiimg.com/thumb/msid-115819427,imgsize-101032,width-400,height-225,resizemode-72/115819427.jpg",toi,1.2758720936541147e-14,3,8,109,7,50
513,Newsdata,https://timesofindia.indiatimes.com/city/surat/father-kills-daughter-for-delaying-cooking-shocking-domestic-violence-incident-in-surat/articleshow/115819330.cms,Man kills daughter with cooker for putting off cooking,,2024-11-29 18:42:58,"https://static.toiimg.com/thumb/msid-47529300,imgsize-110164,width-400,height-225,resizemode-72/47529300.jpg",toi,0.9999820333847007,13,16,91,25,49
514,Newsdata,https://timesofindia.indiatimes.com/city/surat/grisly-murder-19-year-old-arrested-after-killing-foster-father-in-surat/articleshow/115819317.cms,19-year-old flies back to Kolkata after killing foster father,,2024-11-29 18:42:42,"https://static.toiimg.com/thumb/msid-115819313,imgsize-41294,width-400,height-225,resizemode-72/115819313.jpg",toi,0.9992532816133477,20,15,118,16,51
515,Newsdata,https://timesofindia.indiatimes.com/city/surat/tragic-deaths-of-three-young-girls-in-surat-linked-to-toxic-fumes-from-waste-burning/articleshow/115848487.cms,Three girls die mysteriously while burning waste in Sachin GIDC area,,2024-11-30 16:27:41,"https://static.toiimg.com/thumb/msid-47529300,imgsize-110164,width-400,height-225,resizemode-72/47529300.jpg",toi,4.565302789359949e-08,29,40,208,20,123
516,Newsdata,https://timesofindia.indiatimes.com/city/surat/tragic-deaths-of-three-young-girls-at-new-civil-hospital-in-surat-mystery-unfolds/articleshow/115847237.cms,Three girl die in mysterious circumstances at NCH,,2024-11-30 15:27:41,"https://static.toiimg.com/thumb/msid-47529300,width-1070,height-580,imgsize-110164,resizemode-75,overlay-toi_sw,pt-32,y_pad-40/photo.jpg",toi,2.5000072197184104e-06,16,18,115,12,69
517,Newsdata,https://timesofindia.indiatimes.com/city/surat/union-minister-ashwini-vaishnaw-tours-cutting-edge-track-slab-factory-in-surat-for-indias-first-bullet-train/articleshow/115849675.cms,Vaishnaw visits track slab factory at Kim,,2024-11-30 17:43:38,"https://static.toiimg.com/thumb/msid-115849673,imgsize-79496,width-400,height-225,resizemode-72/115849673.jpg",toi,1.6617790294329655e-144,3,19,103,1,42
518,Newsdata,https://timesofindia.indiatimes.com/city/surat/surat-cng-price-hike-effective-midnight-what-you-need-to-know/articleshow/115849671.cms,CNG price hike from midnight,,2024-11-30 17:43:29,"https://static.toiimg.com/thumb/msid-47529300,imgsize-110164,width-400,height-225,resizemode-72/47529300.jpg",toi,1.7565212726742797e-18,4,9,52,3,19
519,Newsdata,https://www.mid-day.com/mumbai/mumbai-crime-news/article/mumbai-689-motorists-booked-for-rash-driving-and-performing-stunts-on-bike-in-bandra-23438956,"Mumbai: 689 people booked for rash driving, performing stunts on bikes in Bandra","According to the police, they received several complaints of rash driving, racing and motorists performing stunts between Bandra Reclamation area and Kherwadi",2024-11-30 17:16:46,https://images.mid-day.com/images/images/2024/nov/Bikes-seized_d.jpg,mid_day,5.707729266421891e-28,3,7,91,4,31
520,Newsdata,https://timesofindia.indiatimes.com/city/surat/tragic-suicide-of-bjp-leader-in-surat-spark-controversy/articleshow/115873911.cms,Ward-level BJP leader commits suicide,,2024-12-01 18:12:45,"https://static.toiimg.com/thumb/msid-115873910,imgsize-22114,width-400,height-225,resizemode-72/115873910.jpg",toi,0.9999497602464381,13,14,112,23,61
521,Newsdata,https://timesofindia.indiatimes.com/city/surat/married-man-arrested-for-molesting-college-student-in-surat/articleshow/115873907.cms,20-year-old arrested for molesting college student,,2024-12-01 18:12:41,"https://static.toiimg.com/thumb/msid-47529300,imgsize-110164,width-400,height-225,resizemode-72/47529300.jpg",toi,0.9993349343920906,13,16,75,20,61
522,Newsdata,https://www.mid-day.com/mumbai/mumbai-crime-news/article/maharashtra-drunk-man-calls-navi-mumbai-police-control-room-booked-for-hoax-bomb-blast-threat-23439356,"Drunk man calls Navi Mumbai Police, booked for hoax bomb blast threat","The police traced the mobile number phone to Koparkhairane area and identified the caller who was under the influence of alcohol, an official said",2024-12-01 14:58:40,https://images.mid-day.com/images/images/2024/dec/mumbai-police-walkie-talkie_d.jpg,mid_day,1.3837541603373252e-05,15,17,134,11,60
523,Newsdata,https://www.mid-day.com/mumbai/mumbai-crime-news/article/ajit-pawar-ncp-leader-murder-case-mumbai-police-invokes-mcoca-on-accused-23439603,Ajit Pawar-NCP leader`s murder: Mumbai Police invokes MCOCA on accused,The Mumbai Crime Branch is investigating the murder case which was initially registered at Byculla Police Station in central Mumbai,2024-12-02 15:44:22,https://images.mid-day.com/images/images/2024/dec/Sachin-Kurmi-file-x_d.jpg,mid_day,7.54385223594629e-36,9,13,138,5,70
524,Newsdata,https://www.mid-day.com/mumbai/mumbai-crime-news/article/cryptocurrency-investment-fraud-20-booked-by-thane-police-in-maharashtra-for-duping-investors-of-rs-26-lakh--23439615,20 booked for duping investors of Rs 26 lakh in cryptocurrency investment fraud,"The accused promised monthly returns 12-15 times on the initial investment in a cryptocurrency scheme to lure potential investors between May 2022 and March 2024, an official said",2024-12-02 16:53:24,https://images.mid-day.com/images/images/2024/dec/cop-rep_d.jpg,mid_day,0.0002587467110297324,14,22,135,15,75
525,Newsdata,https://www.mid-day.com/mumbai/mumbai-crime-news/article/malegaon-blast-mumbai-court-keeps-in-abeyance-bailable-warrant-against-pragya-singh-thakur-23439823,Malegaon blast: Mumbai court keeps in abeyance bailable warrant against Thakur,The NIA court is currently at the fag end of the trial in the 16-year-old blast case and recording final statements of the accused whose count stood at seven,2024-12-03 13:48:55,https://images.mid-day.com/images/images/2024/dec/court-order-rep_d.jpg,mid_day,6.299897234268043e-07,7,35,145,13,63
526,Newsdata,https://www.opindia.com/2024/12/2000-malpura-riots-islam-ishaq-and-6-others-sentenced-to-life-imprisonment-for-hacking-farmer-hariram-to-death-24-years-ago/,"2000 Malpura Riots: Islam, Ishaq, and 6 others sentenced to life imprisonment for hacking farmer Hariram to death 24 years ago","In another mudrer case, the special court acquitted five accused due to the absence of eyewitnesses.",2024-12-03 15:06:43,https://i0.wp.com/www.opindia.com/wp-content/uploads/2024/12/image-700x400-11.png?fit=696%2C398&ssl=1,opindia,0.7582187618549697,9,14,155,18,64
527,Newsdata,https://timesofindia.indiatimes.com/city/surat/tragic-bus-accident-in-adajan-claims-womans-life/articleshow/115944989.cms,Woman run over by bus in Adajan,,2024-12-03 17:34:16,"https://static.toiimg.com/thumb/msid-47529300,width-1070,height-580,imgsize-110164,resizemode-75,overlay-toi_sw,pt-32,y_pad-40/photo.jpg",toi,0.9999445952368476,5,7,73,15,39
528,Newsdata,https://timesofindia.indiatimes.com/city/surat/massive-rs-55-crore-meesho-scam-uncovered-arrests-made-in-surat/articleshow/115944978.cms,Surat gang cheats Meesho of Rs 5.5 crore,,2024-12-03 17:33:57,"https://static.toiimg.com/thumb/msid-47529300,width-1070,height-580,imgsize-110164,resizemode-75,overlay-toi_sw,pt-32,y_pad-40/photo.jpg",toi,8.378707318239558e-31,6,17,99,4,44
529,Newsdata,https://timesofindia.indiatimes.com/city/surat/indian-serial-killer-confesses-to-sixth-murder-shocking-details-revealed/articleshow/115944969.cms,Serial killer confesses to sixth murder,,2024-12-03 17:33:42,"https://static.toiimg.com/thumb/msid-47529300,imgsize-110164,width-400,height-225,resizemode-72/47529300.jpg",toi,0.9878965318210423,9,20,157,22,63
530,Newsdata,https://timesofindia.indiatimes.com/city/surat/growing-demands-for-a-diamond-certification-centre-in-india-amid-global-trade-changes/articleshow/115945803.cms,Calls for diamond certification centre in India grow louder,,2024-12-03 18:22:45,"https://static.toiimg.com/thumb/msid-47529300,width-1070,height-580,imgsize-110164,resizemode-75,overlay-toi_sw,pt-32,y_pad-40/photo.jpg",toi,7.60922553419643e-18,6,19,113,8,61
531,Newsdata,https://timesofindia.indiatimes.com/city/surat/serial-killer-turned-truck-thief-a-desperate-drive-for-recognition/articleshow/115945776.cms,Alleged serial killer turned truck thief to prove he could drive,,2024-12-03 18:21:43,"https://static.toiimg.com/thumb/msid-47529300,imgsize-110164,width-400,height-225,resizemode-72/47529300.jpg",toi,0.9996019266727886,13,21,112,24,54
532,Newsdata,https://timesofindia.indiatimes.com/city/surat/pm-modi-receives-unique-212-carat-india-shaped-diamond-gift-from-surats-shree-ramkrishan-exports/articleshow/115945071.cms,India-shaped diamond gifted to PM by Surat’s SRK,,2024-12-03 17:40:01,"https://static.toiimg.com/thumb/msid-47529300,width-1070,height-580,imgsize-110164,resizemode-75,overlay-toi_sw,pt-32,y_pad-40/photo.jpg",toi,0.9999999962712491,4,11,70,0,18
533,Newsdata,https://timesofindia.indiatimes.com/city/surat/closure-order-for-detox-india-after-fatal-explosion-claims-four-lives/articleshow/115981566.cms,Detox india ordered to shut down after fatal explosion,,2024-12-04 18:14:51,"https://static.toiimg.com/thumb/msid-47529300,imgsize-110164,width-400,height-225,resizemode-72/47529300.jpg",toi,0.0047177010349635186,5,9,80,8,32
534,Newsdata,https://timesofindia.indiatimes.com/city/surat/demand-for-star-melee-natural-diamonds-surges-amid-market-slowdown/articleshow/115981485.cms,Star melee natural diamonds shine in dull market,,2024-12-04 18:11:30,"https://static.toiimg.com/thumb/msid-115981477,width-1070,height-580,imgsize-26214,resizemode-75,overlay-toi_sw,pt-32,y_pad-40/photo.jpg",toi,7.875088274725339e-05,13,57,110,11,49
535,Newsdata,https://www.mid-day.com/mumbai/mumbai-crime-news/article/mumbai-resident-loses-rs-6-43-lakh-to-cyber-fraudsters-23440618,Mumbai resident loses Rs 6.43 lakh to cyber fraudsters,"According to Mumbai Police sources, the complainant was browsing Instagram reels when she came across a link offering a part-time job that involved liking and sharing videos",2024-12-04 18:03:12,https://images.mid-day.com/images/images/2024/dec/CYBER-CRIME_d.jpg,mid_day,0.926230802101198,11,11,81,14,51
536,Newsdata,https://timesofindia.indiatimes.com/city/surat/surat-businessman-loses-rs-211-crore-in-chaniya-choli-scam/articleshow/115981318.cms,Garment business owner cheated of Rs 2.11cr in chaniya-choli deal,,2024-12-04 17:59:27,"https://static.toiimg.com/thumb/msid-47529300,imgsize-110164,width-400,height-225,resizemode-72/47529300.jpg",toi,0.9805110422414669,11,12,98,12,39
537,Newsdata,https://timesofindia.indiatimes.com/city/surat/de-beers-slashes-rough-diamond-prices-by-10-15-amid-market-stabilization-efforts/articleshow/115981311.cms,De Beers cuts rough diamond prices by 10-15%,,2024-12-04 17:59:19,"https://static.toiimg.com/thumb/msid-47529300,imgsize-110164,width-400,height-225,resizemode-72/47529300.jpg",toi,4.9266378458933354e-54,2,12,36,1,27
538,Newsdata,https://timesofindia.indiatimes.com/city/surat/shocking-details-emerge-in-bjp-leader-dipika-patels-suicide-case/articleshow/115981313.cms,Councillor’s second phone to be seized over BJP member’s suicide,,2024-12-04 17:59:19,"https://static.toiimg.com/thumb/msid-115981309,imgsize-29556,width-400,height-225,resizemode-72/115981309.jpg",toi,0.9825105784696672,22,36,192,42,125
539,Newsdata,https://timesofindia.indiatimes.com/city/surat/maruti-impex-suspends-diamond-operations-amid-market-uncertainty/articleshow/115981310.cms,Diamond company suspends operations,,2024-12-04 17:59:18,"https://static.toiimg.com/thumb/msid-47529300,imgsize-110164,width-400,height-225,resizemode-72/47529300.jpg",toi,3.0206865363661803e-12,6,16,81,6,42
540,Newsdata,https://timesofindia.indiatimes.com/city/surat/surat-diamond-units-resume-operations-post-diwali-amidst-economic-slowdown/articleshow/116019219.cms,Diamond units gradually resuming ops after Diwali break,,2024-12-05 18:38:28,"https://static.toiimg.com/thumb/msid-47529300,width-1070,height-580,imgsize-110164,resizemode-75,overlay-toi_sw,pt-32,y_pad-40/photo.jpg",toi,1.649015362107691e-23,17,25,103,5,64
541,Newsdata,https://timesofindia.indiatimes.com/city/surat/massive-fake-medical-degree-scam-uncovered-20-year-operation-busted-in-surat/articleshow/116018440.cms,Fake medical degree racket thriving for 20 years busted,,2024-12-05 18:26:42,"https://static.toiimg.com/thumb/msid-116018438,width-1070,height-580,imgsize-70426,resizemode-75,overlay-toi_sw,pt-32,y_pad-40/photo.jpg",toi,4.6426938734002394e-14,15,44,292,17,106
542,Newsdata,https://timesofindia.indiatimes.com/city/surat/svnit-scientist-dr-dilay-parmar-showcases-research-at-brics-2024-young-scientist-forum/articleshow/116018418.cms,SVNIT scientist represents India at Brics 2024 forum,,2024-12-05 18:26:18,"https://static.toiimg.com/thumb/msid-47529300,width-1070,height-580,imgsize-110164,resizemode-75,overlay-toi_sw,pt-32,y_pad-40/photo.jpg",toi,2.2015863756062767e-07,2,17,113,9,24
543,Newsdata,https://timesofindia.indiatimes.com/city/surat/gjepc-receives-1200-applications-for-financial-aid-supporting-diamond-artisans-childrens-education/articleshow/116017380.cms,"GJEPC receives 1,200 forms seeking help",,2024-12-05 17:26:20,"https://static.toiimg.com/thumb/msid-47529300,imgsize-110164,width-400,height-225,resizemode-72/47529300.jpg",toi,0.0002841208864787451,2,11,96,11,40
544,Newsdata,https://www.mid-day.com/mumbai/mumbai-crime-news/article/mumbai-midnight-horse-cart-race-on-eastern-expressway-leads-to-fir-23441339,Mumbai: Midnight horse cart race on Eastern Expressway leads to FIR,"Police hunt for organisers after viral video shows carts, bikers on Eastern Express Highway",2024-12-06 02:35:11,https://images.mid-day.com/images/images/2024/dec/Midnight-horse-race-a_d.jpg,mid_day,1.1011735205451782e-23,12,47,235,10,92
545,Newsdata,https://www.mid-day.com/mumbai/mumbai-crime-news/article/cyber-fraud-scammer-poses-as-director-tricks-firm-out-of-rs-1-3-crore-23441337,"Cyber fraud: Scammer poses as director, tricks firm out of Rs 1.3 crore","Believing a WhatsApp message to be from the managing director, the chief accountant authorised the transfer only to discover the fraud later",2024-12-06 02:35:10,https://images.mid-day.com/images/images/2024/dec/Scammer-poses-as-a_d.jpg,mid_day,1.0947975597910124e-07,23,34,199,19,103
546,Newsdata,https://www.siasat.com/three-held-for-theft-at-sbi-in-telangana-2-52-kg-gold-recovered-3143659/,Three held for theft at SBI in Telangana; 2.52 kg gold recovered,"Hyderabad: The Warangal police nabbed three members of an interstate gang who broke into the State Bank of India (SBI) Raiparthy branch last month and decamped with 19 kilograms of gold. The police recovered 2.520 kilograms of gold and Rs 10,000 cash from the three burglars while their four associates were absconding. Warangal, commissioner of ...Get the latest updates in Hyderabad City News, Technology, Entertainment, Sports, Politics and Top Stories on WhatsApp & Telegram by subscribing to our channels. You can also download our app for Android and iOS.",2024-12-06 14:18:47,https://cdn.siasat.com/wp-content/uploads/2020/08/SBI-recruitment.jpg,siasat,2.3308057589203376e-37,2,5,60,2,20
547,Newsdata,https://timesofindia.indiatimes.com/city/surat/husband-arrested-for-abetting-wifes-suicide-over-dowry-demands-in-surat/articleshow/116054781.cms,Man booked for driving wife to suicide over dowry,,2024-12-06 18:32:18,"https://static.toiimg.com/thumb/msid-47529300,imgsize-110164,width-400,height-225,resizemode-72/47529300.jpg",toi,0.9999999365797547,4,6,57,13,26
548,Newsdata,https://timesofindia.indiatimes.com/city/surat/surat-police-uncovers-alarming-fire-safety-violations-in-gyms-and-spas/articleshow/116054735.cms,"Police survey finds widespread fire safety violations at gyms, spas",,2024-12-06 18:29:51,"https://static.toiimg.com/thumb/msid-47529300,imgsize-110164,width-400,height-225,resizemode-72/47529300.jpg",toi,8.821829960290617e-29,15,19,161,7,69
549,Newsdata,https://timesofindia.indiatimes.com/city/surat/surat-municipal-corporation-forms-committee-to-optimize-revenue-and-expenditure/articleshow/116054727.cms,SMC forms panel to keep revenue expenditure under check,,2024-12-06 18:29:29,"https://static.toiimg.com/thumb/msid-116054723,imgsize-56336,width-400,height-225,resizemode-72/116054723.jpg",toi,5.662176910749046e-23,10,34,172,10,82
550,Newsdata,https://timesofindia.indiatimes.com/city/surat/surat-police-uncover-20-year-old-fake-degree-racket-investigate-finances-of-masterminds/articleshow/116054728.cms,Fake degrees racket: Cops to probe bank accounts of masterminds,,2024-12-06 18:29:28,"https://static.toiimg.com/thumb/msid-47529300,imgsize-110164,width-400,height-225,resizemode-72/47529300.jpg",toi,0.592470438960613,13,14,96,15,51
551,Newsdata,https://timesofindia.indiatimes.com/city/surat/tragic-live-video-call-woman-dies-by-suicide-amid-suspicions-of-infidelity/articleshow/116054719.cms,Woman commits suicide on video call with husband,,2024-12-06 18:29:19,"https://static.toiimg.com/thumb/msid-47529300,imgsize-110164,width-400,height-225,resizemode-72/47529300.jpg",toi,0.9999966418708169,5,5,55,12,29
552,Newsdata,https://timesofindia.indiatimes.com/city/surat/surat-diamond-bourse-leaders-urge-traders-to-transition-to-new-offices/articleshow/116054720.cms,SDB office-bearers urge traders to start ops from new bldg,,2024-12-06 18:29:19,"https://static.toiimg.com/thumb/msid-116054717,imgsize-49362,width-400,height-225,resizemode-72/116054717.jpg",toi,2.2259568568409025e-158,6,18,183,2,60
553,Newsdata,https://timesofindia.indiatimes.com/city/surat/surat-credai-opposes-increased-jantri-rates-warns-of-harm-to-real-estate-sector/articleshow/116085262.cms,Surat Credai raises objections to new jantri rates,,2024-12-07 18:21:02,"https://static.toiimg.com/photo/msid-116085262,imgsize-.cms",toi,3.1158427031252055e-18,14,28,108,7,73
554,Newsdata,https://timesofindia.indiatimes.com/city/surat/surat-airport-work-delays-union-minister-warns-of-punitive-action/articleshow/116085220.cms,Delay in airport work will invite punitive action: Paatil,,2024-12-07 18:17:51,"https://static.toiimg.com/thumb/msid-116085216,imgsize-35342,width-400,height-225,resizemode-72/116085216.jpg",toi,1.3199765741993056e-37,7,20,106,4,55
555,Newsdata,https://timesofindia.indiatimes.com/city/surat/city-bus-drivers-strike-in-solidarity-after-colleagues-arrest-for-fatal-accident/articleshow/116085203.cms,"City bus drivers strike work, show solidarity with colleague",,2024-12-07 18:17:29,"https://static.toiimg.com/thumb/msid-47529300,imgsize-110164,width-400,height-225,resizemode-72/47529300.jpg",toi,7.134435589530209e-09,6,23,106,10,59
556,Newsdata,https://timesofindia.indiatimes.com/city/surat/tragic-death-of-medico-dr-miraj-shah-sparks-offers-from-top-universities/articleshow/116085163.cms,"Offers from top institutes flood in, but after medico’s death",,2024-12-07 18:15:07,"https://static.toiimg.com/thumb/msid-47529300,imgsize-110164,width-400,height-225,resizemode-72/47529300.jpg",toi,0.9999995895688555,8,10,76,16,24
557,Newsdata,https://www.greaterkashmir.com/security/coas-chinar-corps-pay-tributes-to-slain-soldier/,"COAS, Chinar Corps pay tributes to slain soldier","Taking to its official social media handle, the Army expressed respect for the soldier.The post COAS, Chinar Corps pay tributes to slain soldier appeared first on Greater Kashmir.",2024-12-07 18:43:03,https://greaterkashmir.imagibyte.sortdcdn.net/wp-content/uploads/2024/08/Nwct0OH6_400x400.jpg?quality=80&type=webp,greaterkashmir,9.046757631842899e-07,1,12,70,6,19
558,Newsdata,https://timesofindia.indiatimes.com/city/surat/marriage-fraud-scheme-in-surat-8-arrested-in-247-lakh-scam/articleshow/116112284.cms,Cops book 8 in marriage fraud,,2024-12-08 17:32:18,"https://static.toiimg.com/thumb/msid-47529300,imgsize-110164,width-400,height-225,resizemode-72/47529300.jpg",toi,0.9908672440910772,7,16,178,29,83
559,Newsdata,https://timesofindia.indiatimes.com/city/surat/pasa-act-enforced-against-cyber-criminals-and-sexual-offenders-in-surat/articleshow/116112178.cms,CP invokes PASA against 2 cyber offenders,,2024-12-08 17:23:18,"https://static.toiimg.com/thumb/msid-47529300,imgsize-110164,width-400,height-225,resizemode-72/47529300.jpg",toi,8.419844921407247e-46,4,11,70,2,26
560,Newsdata,https://timesofindia.indiatimes.com/city/surat/tragic-double-suicide-of-father-and-son-over-financial-struggles-in-bharuch/articleshow/116112282.cms,"Kamrej man, son end life near Jhagadia",,2024-12-08 17:32:18,"https://static.toiimg.com/thumb/msid-47529300,imgsize-110164,width-400,height-225,resizemode-72/47529300.jpg",toi,0.0970032042552353,6,9,62,9,33
561,Newsdata,https://www.mid-day.com/mumbai/mumbai-crime-news/article/mumbai-traffic-cop-injured-after-auto-driver-dashes-vehicle-into-him-23443640,Mumbai traffic cop injured after auto driver dashes vehicle into him,"It was being investigated by the police if the incident was an accident or a deliberate attempt to injure the cop, sources said",2024-12-09 15:08:20,https://images.mid-day.com/images/images/2024/dec/cop-injured-rajesh_d.jpg,mid_day,1.2801361019968172e-10,6,8,66,5,34
562,Newsdata,https://www.mid-day.com/mumbai/mumbai-crime-news/article/multi-millionaire-porsche-owner-whose-son-crashed-into-bikes-and-scooters-yet-to-pay-compensation--23443844,"Porsche crash impacts workers, no compensation yet","The owners of scooters badly damaged after a business tycoon’s son crashed his out-of-control Porsche in Bandra during the pre-dawn hours on Saturday have approached mid-day, claiming they have yet to receive any compensation promised by the accused’s relatives",2024-12-10 02:46:25,https://images.mid-day.com/images/images/2024/dec/Porsche-crash-1_d.jpg,mid_day,0.9991778034100715,39,44,241,60,175
563,Newsdata,https://www.opindia.com/2024/12/chhattisgarh-man-commits-suicide-after-accusing-wife-and-in-laws-of-forcing-to-convert-to-christianity/,Chhattisgarh: Man commits suicide after accusing wife and in-laws of forcing to convert to Christianity,A social media post purportedly published by the deceased victim Linesh Sahu stated that his wife Karuna and his in-laws were harassing and pressuring him to undergo religious conversion to Christianity.,2024-12-10 04:33:17,https://i0.wp.com/www.opindia.com/wp-content/uploads/2024/12/chhattisgarh-suicide-christian-conversion.jpg?fit=696%2C398&ssl=1,opindia,0.9999812742638503,8,18,115,25,58
564,Newsdata,https://timesofindia.indiatimes.com/city/surat/exciting-jewellery-exhibitions-in-surat-catering-to-couples-and-jewellers-ahead-of-wedding-season/articleshow/116183531.cms,Two jewellery exhibitions to be held in city,,2024-12-10 17:42:24,"https://static.toiimg.com/thumb/msid-47529300,width-1070,height-580,imgsize-110164,resizemode-75,overlay-toi_sw,pt-32,y_pad-40/photo.jpg",toi,1.309493348823863e-59,3,18,116,2,52
565,Newsdata,https://timesofindia.indiatimes.com/city/surat/shocking-cctv-footage-reveals-molestation-of-minor-girls-in-udhna/articleshow/116183420.cms,CCTV captures molestation of girls in Udhna,,2024-12-10 17:39:22,"https://static.toiimg.com/thumb/msid-47529300,imgsize-110164,width-400,height-225,resizemode-72/47529300.jpg",toi,0.9903957991446827,4,6,66,13,42
566,Newsdata,https://timesofindia.indiatimes.com/city/surat/sarthana-visa-consultancy-scam-jobseekers-duped-of-rs-15-lakhs/articleshow/116183412.cms,Sarthana firm cheats 4 jobseekers out of 15L,,2024-12-10 17:39:16,"https://static.toiimg.com/thumb/msid-47529300,width-1070,height-580,imgsize-110164,resizemode-75,overlay-toi_sw,pt-32,y_pad-40/photo.jpg",toi,0.9999889560228724,11,12,104,21,55
567,Newsdata,https://timesofindia.indiatimes.com/city/surat/massive-cash-theft-at-dumas-restaurants-over-rs-476-lakh-stolen/articleshow/116183406.cms,4L taken in burglary at tony Dumas restaurants,,2024-12-10 17:39:05,"https://static.toiimg.com/thumb/msid-47529300,width-1070,height-580,imgsize-110164,resizemode-75,overlay-toi_sw,pt-32,y_pad-40/photo.jpg",toi,0.00019594620078797428,7,11,108,12,44
568,Newsdata,https://timesofindia.indiatimes.com/city/surat/surat-schools-face-crisis-as-603-students-drop-out-amid-diamond-industry-recession/articleshow/116184733.cms,Sparkle gone: 603 students quit Varachha municipal schools,,2024-12-10 18:38:49,"https://static.toiimg.com/thumb/msid-47529300,imgsize-110164,width-400,height-225,resizemode-72/47529300.jpg",toi,3.467887057084666e-17,6,29,110,5,47
569,Newsdata,https://www.opindia.com/2024/12/bengaluru-atul-subhash-suicide-case-marathahalli-police-file-fir-against-wife-her-family-for-abetment-criminal-liability/,"Bengaluru techie suicide case: Karnataka Police file FIR against wife, her mother, brother and uncle for abetment and criminal liability","An FIR has been filed against 4 people in connection with the suicide of a 34-year-old deputy general manager of a private firm, Atul Subhash, who died by suicide, accusing his wife, her family members, and a judge of harassment, extortion, and corruption.",2024-12-11 04:22:21,https://i0.wp.com/www.opindia.com/wp-content/uploads/2024/12/Atul-Subhash.jpg?fit=696%2C398&ssl=1,opindia,0.9999989946861437,33,40,297,77,185
570,Newsdata,https://www.mid-day.com/mumbai/mumbai-crime-news/article/pornography-case-ed-quizzes-actress-gehana-vashisht-for-second-day-23444605,Pornography case: ED quizzes actress Gehana Vashisht for second day,Gehana Vashisht she was arrested in 2021; she allegedly received payments for pornographic films shot in India,2024-12-11 05:00:03,https://images.mid-day.com/images/images/2024/dec/Gehna-Vashisht_d_d.jpg,mid_day,0.9213653726986415,23,22,161,23,91
571,Newsdata,https://www.opindia.com/2024/12/why-names-of-hindus-suddenly-started-appearing-in-cow-smuggling-read-about-the-elaborate-conspiracy-using-poor-hindus-including-minors/,Why names of Hindus suddenly started appearing in cow smuggling: Read about the elaborate conspiracy using poor Hindus including minors,The Hindus from poor families and even kids are lured by the cow killers as a first line of defence to protect themselves.,2024-12-11 14:37:11,https://i0.wp.com/www.opindia.com/wp-content/uploads/2024/12/image-700x400-5-2.png?fit=696%2C398&ssl=1,opindia,0.8997796093269663,70,113,762,123,434
572,Newsdata,https://timesofindia.indiatimes.com/city/surat/nagpur-policeman-plants-ammunition-in-bankers-scooter-over-affair/articleshow/116223905.cms,Nagpur cop plants SLR ammo in banker’s scooter,,2024-12-11 18:26:48,"https://static.toiimg.com/thumb/msid-47529300,imgsize-110164,width-400,height-225,resizemode-72/47529300.jpg",toi,0.9989213382063409,18,30,159,36,112
573,Newsdata,https://timesofindia.indiatimes.com/city/surat/unprecedented-birth-of-seven-otter-pups-at-surat-zoo/articleshow/116225001.cms,Record-breaking otter birth: Seven pups born in Surat zoo,,2024-12-11 18:48:25,"https://static.toiimg.com/thumb/msid-116224993,imgsize-31668,width-400,height-225,resizemode-72/116224993.jpg",toi,0.00022125286788675448,28,56,211,24,119
574,Newsdata,https://timesofindia.indiatimes.com/city/surat/111-girls-to-unite-in-lifes-journey-at-grand-mass-wedding-in-surat/articleshow/116224974.cms,111 girls to tie knot at mass wedding,,2024-12-11 18:48:09,"https://static.toiimg.com/thumb/msid-47529300,imgsize-110164,width-400,height-225,resizemode-72/47529300.jpg",toi,2.6318258240952384e-29,2,11,78,3,27
575,Newsdata,https://timesofindia.indiatimes.com/city/surat/beware-fried-foods-are-hazardous-to-migratory-birds-warns-environmentalists/articleshow/116224841.cms,Don’t feed fried foods to migratory birds: Environmentalists,,2024-12-11 18:45:32,"https://static.toiimg.com/thumb/msid-47529300,imgsize-110164,width-400,height-225,resizemode-72/47529300.jpg",toi,8.697403782350014e-06,7,31,172,12,48
576,Newsdata,https://timesofindia.indiatimes.com/city/surat/surat-laborer-arrested-for-molesting-five-girls-in-shocking-incident/articleshow/116224842.cms,19-yr-old held for molesting five girls in Surat,,2024-12-11 18:45:30,"https://static.toiimg.com/thumb/msid-116224836,imgsize-53052,width-400,height-225,resizemode-72/116224836.jpg",toi,0.9997907267193333,12,24,126,31,78
577,Newsdata,https://timesofindia.indiatimes.com/city/surat/refused-kite-thread-10-year-old-hangs-himself/articleshow/116262669.cms,"Refused kite thread, 10-year-old hangs himself",,2024-12-12 17:53:48,"https://static.toiimg.com/thumb/msid-47529300,width-1070,height-580,imgsize-110164,resizemode-75,overlay-toi_sw,pt-32,y_pad-40/photo.jpg",toi,0.9999968902937906,5,7,39,12,25
578,Newsdata,https://timesofindia.indiatimes.com/city/surat/surat-shopowners-halt-metro-work-demanding-fair-compensation/articleshow/116262319.cms,Surat shopowners halt Metro work demanding fair compensation,,2024-12-12 17:32:55,"https://static.toiimg.com/photo/msid-116262319,imgsize-.cms",toi,0.9954877650392144,8,17,94,22,71
579,Newsdata,https://timesofindia.indiatimes.com/city/surat/insurer-ordered-to-pay-4-5l-cancer-treatment-claim/articleshow/116262164.cms,Insurer ordered to pay 4.5L cancer treatment claim,,2024-12-12 17:24:21,"https://static.toiimg.com/thumb/msid-47529300,width-1070,height-580,imgsize-110164,resizemode-75,overlay-toi_sw,pt-32,y_pad-40/photo.jpg",toi,2.909954733780923e-11,10,17,172,14,81
580,Newsdata,https://timesofindia.indiatimes.com/city/surat/job-loss-reduced-earning-hit-diamond-artisans-hard/articleshow/116262153.cms,"Job loss, reduced earning hit diamond artisans hard",,2024-12-12 17:24:02,"https://static.toiimg.com/thumb/msid-47529300,width-1070,height-580,imgsize-110164,resizemode-75,overlay-toi_sw,pt-32,y_pad-40/photo.jpg",toi,0.9658892930305301,23,30,152,27,92
581,Newsdata,https://timesofindia.indiatimes.com/city/surat/man-held-for-raping-mentally-unsound-woman/articleshow/116262149.cms,Man held for raping mentally unsound woman,,2024-12-12 17:23:57,"https://static.toiimg.com/thumb/msid-47529300,width-1070,height-580,imgsize-110164,resizemode-75,overlay-toi_sw,pt-32,y_pad-40/photo.jpg",toi,0.9999980245435356,3,9,65,16,48
582,Newsdata,https://www.opindia.com/2024/12/gujarat-aap-leader-abdul-sattar-main-accused-in-fake-ed-team-case/,"Gujarat: Fake ED team arrested after looting a jewellery story in a ‘raid’ was led by AAP leader Abdul Sattar, reveals state home minister",Arrested fake ED team leader Abdul Sattar Manjothi is the official general secretary of Aam Aadmi Party.,2024-12-13 15:04:32,https://i0.wp.com/www.opindia.com/wp-content/uploads/2024/12/image-700x400-5-3.png?fit=696%2C398&ssl=1,opindia,9.01594840756912e-42,9,21,257,7,67
583,Newsdata,https://www.opindia.com/2024/12/meet-the-supreme-court-judges-hearing-pleas-against-the-places-of-worship-act/,Meet the judges of the Supreme Court special bench set to decide the validity of the Places of Worship Act,"As the fate of this Act relies on the judgment of Chief Justice of India Sanjiv Khanna, Justice Sanjay Kumar and Justice KV Viswanathan, let’s take a look at the career trajectory of these judges.",2024-12-13 16:34:32,https://i0.wp.com/www.opindia.com/wp-content/uploads/2024/12/sc-judges-PoW-Act.jpg?fit=696%2C398&ssl=1,opindia,6.436377230253198e-13,80,139,939,62,364
584,Newsdata,https://www.mid-day.com/mumbai/mumbai-crime-news/article/elgar-parishad-case-nia-court-grants-interim-bail-to-accused-sagar-gorkhe-to-appear-for-law-exam-23446383,Elgar Parishad case: NIA court grants interim bail to accused Sagar Gorkhe,"He is a member of the Kabir Kala Manch, an alleged front organisation of the banned CPI (Maoist) outfit. Gorkhe was arrested in September 2020 and is currently lodged at Taloja jail in Navi Mumbai",2024-12-13 15:44:02,https://images.mid-day.com/images/images/2024/dec/court-order_d.jpg,mid_day,2.5202676298954597e-09,13,28,186,14,92
585,Newsdata,https://timesofindia.indiatimes.com/city/surat/brothers-caught-posing-as-sexologists/articleshow/116297233.cms,Brothers caught posing as sexologists,,2024-12-13 16:47:54,"https://static.toiimg.com/thumb/msid-47529300,imgsize-110164,width-400,height-225,resizemode-72/47529300.jpg",toi,0.007400083330930225,6,17,65,9,33
586,Newsdata,https://timesofindia.indiatimes.com/city/surat/nov-exports-of-polished-diamonds-plunge-by-40/articleshow/116298558.cms,Nov exports of polished diamonds plunge by 40%,,2024-12-13 18:03:09,"https://static.toiimg.com/thumb/msid-116298557,imgsize-68556,width-400,height-225,resizemode-72/116298557.jpg",toi,0.9999981109911525,15,33,129,0,50
587,Newsdata,https://timesofindia.indiatimes.com/city/surat/surat-woman-accuses-instagram-friend-of-rape/articleshow/116298555.cms,Surat woman accuses Instagram friend of rape,,2024-12-13 18:03:02,"https://static.toiimg.com/thumb/msid-47529300,width-1070,height-580,imgsize-110164,resizemode-75,overlay-toi_sw,pt-32,y_pad-40/photo.jpg",toi,0.9999999998398446,23,11,128,45,81
588,Newsdata,https://timesofindia.indiatimes.com/city/surat/groom-spends-night-in-jail-a-day-before-wedding/articleshow/116297232.cms,Groom spends night in jail a day before wedding,,2024-12-13 16:47:51,"https://static.toiimg.com/thumb/msid-47529300,imgsize-110164,width-400,height-225,resizemode-72/47529300.jpg",toi,0.000559537778367145,3,11,54,5,27
