id,apiname,url,title,summary,published,imageurl,source,score,adverb_count,adjective_count,noun_count,pronoun_count,verb_count
1,Newsdata,https://bengali.abplive.com/short-videos/district/sajal-ghosh-atacks-tmc-government-mamata-banerjee-wathc-video-1086457,"'দলের প্রতি কোনও আনুগত্য নেই', আক্রমণ সজলের","'দলের প্রতি কোনও আনুগত্য নেই', আক্রমণ সজলের",2024-08-02 05:26:00,https://feeds.abplive.com/onecms/images/uploaded-images/2024/08/02/9620087c2328543d209bb6e1ddd167d61722576035176968_original.jpg,abplive,0.9999999999999962,0,0,0,0,0
2,Newsdata,https://www.jagran.com/himachal-pradesh/shimla-earthquake-in-himachal-pradesh-lahaul-spiti-amid-massive-devastation-cloud-burst-23770570.html,"Earthquake: हिमाचल में भारी तबाही के बीच डोली धरती, लाहौल स्पीति में महसूस किए गए भूकंप के झटके",हिमाचल प्रदेश में भारी तबाही के बीच आज (शुक्रवार) सुबह भूकंप के झटके महसूस किए गए हैं। हिमाचल प्रदेश के लाहौल-स्पीति में धरती डोली है। रिक्टर स्केल पर भूकंप की तीव्रता 3.2 मापी गई है। राष्ट्रीय भूकंप विज्ञान केंद्र के अनुसार इसकी गहराई 5 किलोमीटर मापी गई है। भूकंप आज सुबह 10 बजे के करीब आया है। किसी तरह की क्षति की अभी सूचना नहीं है।,2024-08-02 05:25:52,https://www.jagranimages.com/images/newimg/02082024/02_08_2024-himachal_eartquake_23770570.jpg,jagran,1.0,0,4,55,0,2
3,Newsdata,https://www.bhaskar.com/local/haryana/news/news-in-brief-himachal-updates-haryana-chandigarh-punjab-133418455.html,"न्यूज इन ब्रीफ@11AM:हरियाणा में बारिश का येलो अलर्ट; हिमाचल में बाढ़ से 5 मरे, 48 लापता: राहुल बोले- मेरे घर ED रेड की तैयारी","नमस्कार, आइए जानते हैं आज सुबह 11 बजे तक की हरियाणा, पंजाब, चंडीगढ़, हिमाचल समेत देश और दुनिया की 10 बड़ी खबरें... 1. हिमाचल में बाढ़, 5 मरे, 48 लापता, कंगना रनोट बोलीं- DC-विधायकों ने आने से रोकाहिमाचल में बुधवार रात बारिश में 5 जगह बादल फटने के बाद आई बाढ़ में अब तक 5 लोगों की मौत हो चुकी है। 48 लोग अभी भी लापता हैं। जिनकी तलाश के लिए NDRF, SDRF, पुलिस और होमगार्ड जवान सर्च ऑपरेशन चला रहे हैं। शिमला के समेच से 36 लोग लापता हुए थे। इनमें से अभी तक किसी का भी पता नहीं चल पाया है।पूरी खबर पढ़ें... 2. राहुल बोले- मेरे खिलाफ ED रेड की प्लानिंग: मुझे इंतजार, चाय-बिस्किट मेरी तरफ सेनेता प्रतिपक्ष और कांग्रेस सांसद राहुल गांधी ने दावा किया है कि उनके खिलाफ एनफोर्समेंट डायरेक्टरोट (ED) रेड की प्लानिंग हो रही। राहुल ने गुरुवार देर रात 1:52 बजे X पर की गई एक पोस्ट में यह दावा किया। उन्होंने लिखा- टू-इन-1 को संसद में मेरा चक्रव्यूह भाषण पसंद नहीं आया। ED के अंदरूनी सूत्रों ने मुझे बताया कि मेरे खिलाफ रेड की योजना बनाई जा रही है। मैं ED अधिकारियों का बांहें फैलाकर इंतजार कर रहा हूं। चाय और बिस्किट मेरी तरफ से।पढ़ें पूरी खबर... 3. हरियाणा में बारिश का येलो अलर्ट, अंबाला में अब तक 140MM बारिशहरियाणा में एक बार फिर मानसून एक्टिव हो गया है। 24 घंटे में हरियाणा में भारी बारिश देखने को मिली है। इससे लोगों को गर्मी और उमस से राहत मिली है। सिरसा और हिसार में पारा 41 डिग्री के करीब पहुंच गया था। जिसमें 13 डिग्री तक गिरावट आई है। पूरे प्रदेश में 24 घंटे में औसतन 60 MM से अधिक बारिश दर्ज की गई है। आज बारिश का येलो अलर्ट दिया गया है।पूरी खबर पढ़ें... 4. वायनाड लैंडस्लाइड-अब तक 313 मौतें, 206 लोग अब भी लापता; राहुल-प्रियंका आज भी पीड़ितों से मिलेंगेकेरल के वायनाड में तेज बारिश के बाद लैंडस्लाइड में मरने वालों की संख्या 313 हो गई हैं। 130 लोग अस्पताल में हैं, जबकि हादसे के चार दिन बाद भी 206 लोग लापता हैं। मौसम विभाग ने आज भी बारिश का ऑरेंज अलर्ट जारी किया है। उधर, गुरुवार को वायनाड पहुंचे राहुल गांधी और प्रियंका गांधी आज भी यहां पीड़ितों से मुलाकात करेंगे। राहुल ने कहा था- आज मुझे वैसा ही महसूस हो रहा है, जैसा मेरे पिता के निधन के समय हुआ था।पढ़ें पूरी खबर... 5. पंजाब का पूर्व SAD विधायक चंडीगढ़ में गिरफ्तार, बाजार में लहराई पिस्टलपंजाब के शिरोमणि अकाली दल के पूर्व विधायक जसजीत सिंह बन्नी को चंडीगढ़ पुलिस ने गिरफ्तार किया है। वह सेक्टर 8 कम्युनिटी सेंटर के बाहर देर रात पिस्टल लहरा रहे थे। इसकी शिकायत मिलने के बाद पुलिस मौके पर पहुंची। पुलिस ने आसपास के सीसीटीवी कैमरे खंगालने के बाद पूर्व विधायक की पहचान की है। बताया जा रहा है कि लहराते समय पिस्टल खाली थी।पूरी खबर पढ़ें... 6. UP में वंदे भारत ट्रेन को पलटाने की साजिश, ट्रैक पर सिलेंडर-पत्थर रखा, आरोपी अरेस्टUP के प्रयागराज में वंदे भारत ट्रेन को पलटाने की साजिश का मामला सामने आया है। लालगोपालगंज में रेलवे ट्रैक पर सिलेंडर, साइकिल और पत्थर रखकर REEL बनाने वाले युवक को पुलिस ने गिरफ्तार किया है। आरोपी युवक का कहना है कि यू-ट्यूब पर दोस्तों के उकसाने और लाइक्स के चक्कर में इस तरह का वीडियो बनाया। युवक 22 साल का है, उसका नाम गुलजार है। वह नवाबगंज का रहने वाला है। उसने 10वीं तक पढ़ाई की है।पढ़ें पूरी खबर... 7. शंभू बॉर्डर मामले में सुनवाई आज, SC में कमेटी बनाने के लिए नाम देंगी दोनों सरकारेंहरियाणा सरकार ने शंभू बॉर्डर खोलने को लेकर पंजाब एवं हरियाणा हाईकोर्ट के आदेशों को सुप्रीम कोर्ट में चुनौती दी है। सरकार की याचिका पर आज सुप्रीम कोर्ट में सुनवाई होनी है। इस दौरान पंजाब और हरियाणा दोनों सरकारों की ओर से एक स्वतंत्र कमेटी बनाने के लिए कोर्ट में नामचीन लोगों के नाम रखे जाएंगे। जो इस मामले को सुलझाने का काम करेंगे। कोर्ट ने पिछली सुनवाई में यह आदेश दिया था।पूरी खबर पढ़ें... 8. कर्नाटक गवर्नर ने CM सिद्धारमैया को नोटिस जारी किया, MUDA घोटाले को लेकर जवाब मांगाकर्नाटक CM सिद्धारमैया पर मैसूरु शहरी विकास प्राधिकरण (MUDA) से मुआवजे के लिए फर्जी दस्तावेज बनवाने का आरोप है। राज्यपाल थावर चंद गहलोत ने कारण बताओ नोटिस जारी किया है। ये योजना कर्नाटक में पिछली भाजपा और वर्तमान कांग्रेस सरकार के कार्यकाल के दौरान लागू की गई थी। जिसमें सिद्धारमैया की पत्नी 2021 में MUDA की इस स्कीम में एक लाभार्थी थीं।पढ़ें पूरी खबर... 9. ED को करोड़ों का हिसाब नहीं दे पाए पूर्व मंत्री आशु, विदेशों की ट्रांजेक्शन आई सामनेपंजाब के पूर्व कैबिनेट मंत्री भारत भूषण आशु को गुरुवार को ED ने जालंधर में पूछताछ के लिए बुलाया था। देर शाम आशु की ED के अधिकारियों ने गिरफ्तारी डाल दी। 9 घंटे में आशु से ED ने उनकी बढ़ी हुई संपत्ती और विदेशों में हुई ट्रांजेक्शन से बारे पूछा। सूत्रों के मुताबिक ED के सवालों का आशु जवाब नहीं दे पाए। विदेशों में हुई ट्रांजेक्शन सामने आई हैं। जिस कारण आशु की मुश्किलें बढ़ गई हैं।पूरी खबर पढ़ें... 10. पेरिस ओलिंपिक में आज 23 गोल्ड दांव पर, युवा तीरंदाजों से मेडल की उम्मीद, मनु भी हिस्सा लेंगीयुवा तीरंदाज अंकिता भकत और धीरज बोम्मदेवरा पेरिस ओलिंपिक में आज भारत की मेडल होप होंगे। वे आर्चरी के मिक्स्ड टीम इवेंट में भारत की दावेदारी पेश करेंगे। 2 मेडल जीत चुकी मनु भाकर भी एक्शन में होंगी। वे 25 मीटर पिस्टल क्वालिफाइंग इवेंट में हिस्सा लेंगी। पेरिस में चल रहे गेम्स के 7वें दिन 23 गोल्ड मेडल दांव पर होंगे, इनमें सबसे ज्यादा 4 गोल्ड शामिल हैं। भारतीय खिलाड़ी 2 गोल्ड के लिए दमखम दिखाएंगे।पढ़ें पूरी खबर...",2024-08-02 05:25:39,https://images.bhaskarassets.com/thumb/1000x1000/web2images/521/2024/08/02/3_1722574444.jpg,bhaskar_hindi,0.02834806744162719,0,1,11,1,2
4,Newsdata,https://www.bhaskar.com/local/mp/indore/news/indore-drizzling-start-of-august-in-indore-133418452.html,"इंदौर में सुबह से कहीं-कहीं रिमझिम:रात का पारा 1 डिग्री गिरा, अगस्त के शुरुआती तीन-चार दिनों तक ऐसा ही रहेगा मौसम",इंदौर में अगस्त महीने की शुरुआत भी रिमझिम बरसात के साथ हुई। गुरुवार सुबह से कई इलाकों में बादल छाए रहे और दोपहर बाद हल्की बूंदाबादी शुरू हो गई। वहीं देर शाम शहर का पश्चिमी इलाके में कुछेक मिनट रिमझिम हुई। दिनभर में सिर्फ 5.9 मिमी बारिश ही रिकॉर्ड की गई। शुक्रवार सुबह भी कुछ हिस्सों में रिमझिम हुई है और बादल छाए हैं। बुधवार को दिन का तापमान 28.6 (0) डिग्री सेल्सियस रिकॉर्ड किया था। गुरुवार को इसमें हल्का इजाफा हुआ और 28.6 (0) डिग्री सेल्सियस रिकॉर्ड किया गया। रात का तापमान 23.4 (+1) डिग्री सेल्सियस था। गुरुवार को यह 1 डिग्री लुढ़ककर 22.4 (0) डिग्री सेल्सियस रिकॉर्ड किया गया। दिनभर में 5.9 मिमी बारिश दर्ज की गई। जुलाई माह इस बार 10 इंच की बारिश में सिमट गया जबकि करीब ढाई इंच की और जरूरत थी। अब तक इस सीजन में 14.5 इंच बारिश हो चुकी है। अगस्त में बारिश का औसत कोटा 10 इंच का है। अगस्त 2022 में यहां 9.5 इंच बारिश हुई थी जबकि पिछले साल ढाई इंच बारिश हुई थी। हालांकि पिछले साल जुलाई में जोरदार बारिश हुई थी इसके चलते कोटा पूरा हो गया था। एक हफ्ते का मौसम ​​​​​मौसम विभाग के अनुसार साइक्लोनिक सर्कुलेशन और मानसून ट्रफ लाइन की एक्टिविटी स्ट्रॉन्ग हो गई है। ऐसे में अगस्त के पहले सप्ताह में तेज बारिश का दौर चलेगा। इंदौर में अभी दो-तीन दिन बूंदाबांदी और रिमझिम का दौर रहेगा। इसके बाद अच्छी बारिश के आसार हैं।,2024-08-02 05:24:45,https://images.bhaskarassets.com/thumb/1000x1000/web2images/521/2024/08/02/new-project-2024-07-30t100714_1722576253.jpg,bhaskar_hindi,0.02834806744162719,0,1,11,1,2
5,Newsdata,https://www.bhaskar.com/local/mp/khargone/news/water-augmentation-scheme-started-in-khargone-40-minutes-of-drinking-water-will-be-available-every-day-decided-in-the-meeting-of-the-water-committee-133418451.html,"खरगोन में जल आवर्धन योजना की शुरुआत:रोज मिलेगा 40 मिनट पेयजल, जल समिति की बैठक में तय हुआ",खरगोन शहर की 97 करोड़ लागत की जल आवर्धन योजना का 29 फरवरी 2024 को प्रधानमंत्री नरेंद्र मोदी ने लोकार्पण किया था। गर्मी में कुंदा नदी में पानी कम होने से एक दिन छोड़कर पेयजल वितरण चल रहा था। लोकार्पण के 5 महीने बाद अब रोज पेयजल सप्लाई होगा। नगर पालिका जल कार्य समिति की बैठक में यह निर्णय लिया था। अब इसका क्रियान्वयन होगा। जल आवर्धन योजना का क्रियान्वयन नगरीय प्रशासन विभाग का PIU संचालन करेगा। हालांकि इस योजना में 2019 से ही शहर में पेयजल वितरण होना था लेकिन निर्माण एजेंसी की लापरवाही व लेटलतीफी के कारण अब शुरुआत हो रही है। शहर में 29 हजार परिवार तक पहुंचेगा पानी नगर पालिका की जल शाखा प्रभारी सब इंजीनियर केके जोशी ने बताया कि जलावर्धन योजना में शुरुआत में रोज 40 मिनट सप्लाई होगा। आगे पानी की उपयोगिता के हिसाब से क्रियान्वयन करेंगे। शहर में 29 हजार कनेक्शन हैं। लगभग 80% घरों में अभी पानी पहुंचेगा। गर्मी में कुंदा में पानी कम होने से PIU इम्प्लीमेन्टेशन नहीं कर पाए थे।,2024-08-02 05:23:49,https://images.bhaskarassets.com/thumb/1000x1000/web2images/521/2024/08/02/725cbad1-67ab-4a09-9431-2162bdeff437_1722573827005.jpg,bhaskar_hindi,0.02834806744162719,0,1,11,1,2
6,Newsdata,https://www.bhaskar.com/local/punjab/news/punjab-area-sukhna-eco-zone-new-boundary-update-punjab-government-sukhna-eco-sensitive-zone-planning-update-133418448.html,"पंजाब को बढ़ानी पड़ेगी सुखना इको जोन की सीमा:SC केस में सख्त, बनाई जा रही है स्ट्रेटजी, सितंबर में है सुनवाई","पंजाब सरकार अपने एरिया में सुखना इको सेंसिटिव जोन की सीमा को बढ़ाने के लिए नए सिरे से विचार कर रही है। क्योंकि सुप्रीम कोर्ट ने इस मामले में सुनवाई करते हुए सरकार को आदेश दिया है कि सितंबर माह तक इसकी सीमा तय की जाए। मामले की 18 सितंबर को सुनवाई है। वहीं, इसके बाद संबंधित विभाग स्ट्रेटजी तैयारी करने में जुट गया है। माना जा रहा है इस संबंधी प्रस्ताव तैयार कर कैबिनेट मीटिंग में लाया जाएगा। अगर यह एरिया बढ़ता है तो कई रसूखदार लोग मुश्किल में आ सकते हैं। क्योंकि उस एरिया में कई लोगों ने अपने फार्म हाउस तक बनाए हुए हैं। जबकि कुछ तो उनका काॅमर्शियल प्रयोग तक कर रहे हैं। इसके चलते कुछ मालिकों को नोटिस तक जारी हुआ था। एरिया बढ़ा तो यह लोग हो सकते हैं प्रभावित इस मामले में पंजाब चाहता है कि यह एरिया केवल 100 मीटर का हो। क्योंकि इस एरिया में कई प्रोजेक्ट चल रहे हैं। लेकिन चंडीगढ़ को भी इस पर आपत्ति था। जिसके बाद अब कई चीजों पर मंथन हो रहा है। सूत्रों की माने तो इस एरिया में को अगर 10 किलोमीटर तक बढ़ाया जाता है, तो करीब 46 फार्म हाउस प्रभावित होंगे। वहीं, एक किलोमीटर तक सीमा बढ़ाई जाती है तो 17 फार्म हाउस प्रभावित होंगे। अगर एरिया ढाई से पांच किलोमीटर तक बढ़ाया जाता है तो 9 फार्म हाउस प्रभावित होंगे। जो कि स्यूंक, पडछ और माजरी में स्थित है। जबकि एरिया पांच से 10 किलोमीटर तक होने पर पड़ौल, छोटी बौर बड़ी नंगल के करीब नौ फार्म इस एरिया में आएंगे। वहीं, आने वाले समय में गमाडा को अपने प्रोजेक्ट लांच करने से पहले नए सिरे से रणनीति बनानी होगी चंडीगढ़ अपना एरिया पहले घोषित कर चुका है सूत्रों की माने तो इको सेंसिटिव जोन की सीमा बढ़ाने में यदि प्रशासन ने काेई ढील वरती तो सुप्रीम कोर्ट द्वारा खुद इसका घेरा बढ़ाया जाएगा। सुखना का कुल 26 वर्ग किमी है। चंडीगढ़ प्रशासन ने 2 किमी से 2.75 किमी तक के क्षेत्र को इको जोन घोषित किया हुआ है। उसने इसी तर्ज पर पंजाब व हरियाणा से भी इको जोन घोषित करने की मांग रखी थी। क्येांकि 90 फीसद एरिया पंजाब व हरियाणा में पड़ता है। हरियाणा ने भी अपना एरिया घोषित किया जा चुका है।",2024-08-02 05:21:31,https://images.bhaskarassets.com/thumb/1000x1000/web2images/521/2024/08/02/_1722576022.jpg,bhaskar_hindi,0.02834806744162719,0,1,11,1,2
7,Newsdata,https://www.bhaskar.com/local/uttar-pradesh/kaushambi/news/the-girl-accused-her-father-of-physical-and-mental-abuse-133418447.html,"युवती ने पिता पर शारीरिक-मानसिक शोषण के आरोप लगाए:वीडियो वायरल कर मांगी मदद, बोली- पिता सौतेली मां के कहने पर बेचना चाहता है","कौशांबी के पइंसा थाना क्षेत्र के बिबिनियापुर गांव में एक युवती ने अपने पिता पर गंभीर आरोप लगाते हुए एक वीडियो वायरल किया है। शुक्रवार को वायरल हुए इस वीडियो में युवती ने अपने पिता पर शारीरिक और मानसिक शोषण, और बेचने के लिए बंधक बनाने का आरोप लगाया है। वीडियो में युवती ने अधिकारियों से कड़ी कार्रवाई की मांग की है। बिबिनियापुर गांव की शिवानी पांडेय ने बताया कि उसकी मां का निधन 2005 में हो गया था। मां की मौत के बाद उसके पिता ने दूसरी शादी कर ली। इसके बाद से पिता ने उसकी देखभाल करनी बंद कर दी और सौतेली मां द्वारा प्रताड़ित किया जाने लगा। शिवानी के अनुसार, उसने अपने संघर्षपूर्ण जीवन के बावजूद दूसरे घरों में मजदूरी करके बीएससी तक पढ़ाई पूरी की। पिता ने उसे घर के एक कमरे में बंद कर दिया शिवानी ने आरोप लगाया कि अब उसके पिता शादी का झांसा देकर उसे एक उम्रदराज व्यक्ति के हाथों सौंपना चाहते हैं। विरोध करने पर, उसने बताया कि पिता ने उसे घर के एक कमरे में बंद कर दिया और वहां उसे भूखा-प्यासा रखा गया। भोजन मांगने पर सौतेली मां गाली-गलौज करती थी और शोर मचाने पर उसे पीटा जाता था। हाल ही में शिवानी ने किसी तरह मोबाइल प्राप्त किया और अपने शोषण की कहानी का वीडियो बनाया, जिसे उसने वायरल भी कर दिया। मामले की जांच की जा रही है पइंसा थाना प्रभारी अजय कुमार यादव ने बताया कि वीडियो उनके संज्ञान में आ चुका है। मामले की जांच की जा रही है और जो भी तथ्य सामने आएंगे, उनके आधार पर उचित कार्रवाई की जाएगी। पुलिस युवती की शिकायत पर गंभीरता से काम कर रही है और दोषियों के खिलाफ कानूनी कार्रवाई की जाएगी।",2024-08-02 05:21:26,https://images.bhaskarassets.com/thumb/1000x1000/web2images/521/2024/08/02/1945135e-705a-44c5-ba5d-cf002d07b932_1722575810603.jpg,bhaskar_hindi,0.02834806744162719,0,1,11,1,2
8,Newsdata,https://tv9kannada.com/photo-gallery/holige-festival-in-chitradurga-holige-offering-for-deitee-know-speciality-adnd-detaile-here-in-kannada-gsp-876458.html,"ಕೋಟೆನಾಡು ಚಿತ್ರದುರ್ಗದಲ್ಲಿ ಹೋಳಿಗೆ ಹಬ್ಬ, ರಾಶಿ ರಾಶಿ ಹೋಳಿಗೆ ನೈವೇದ್ಯ; ಏನಿದರ ವಿಶೇಷ? ಇಲ್ಲಿದೆ ನೋಡಿ","ಹಬ್ಬ ಹುಣ್ಣಿಮೆಗಳ ಸಂದರ್ಭದಲ್ಲಿ ಹೋಳಿಗೆ ಮಾಡುವುದು ಸಹಜ. ವಿಶೇಷ ಸಂದರ್ಭಗಳಲ್ಲಿ ಆರಾಧ್ಯ ದೇವರಿಗೆ ನೈವೇದ್ಯ ಅರ್ಪಿಸುವ ಆಚರಣೆಗಳು ಜಾರಿಯಲ್ಲಿವೆ. ಆದರೆ, ಕೋಟೆನಾಡು ಚಿತ್ರದುರ್ಗದಲ್ಲಿ ಮಾತ್ರ ಹೋಳಿಗೆ ಹಬ್ಬವನ್ನೇ ಆಚರಿಸಲಾಗುತ್ತದೆ. ದೇಗುಲದಲ್ಲಿ ರಾಶಿ ರಾಶಿ ಹೋಳಿಗೆ ನೈವೇದ್ಯ ಅರ್ಪಿಸಲಾಗುತ್ತದೆ. ಏನಿದರ ವಿಶೇಷ? ಇಲ್ಲಿದೆ ಮಾಹಿತಿ.",2024-08-02 05:19:44,https://images.tv9kannada.com/wp-content/uploads/2024/08/holige-festival-chitradurga-3.jpg,tv9kannada,0.9999999999999962,0,0,0,0,0
9,Newsdata,https://www.bhaskar.com/local/mp/shajapur/news/shajapur-drizzling-rain-brought-coolness-in-the-weather-relief-from-the-heat-now-there-are-chances-of-rain-from-4th-more-than-13-feet-of-water-also-came-in-chillar-dam-133418442.html,"रिमझिम बारिश से घुली मौसम में ठंडक:गर्मी से मिली राहत, चीलर बांध का जलस्तर 13 फीट से ज्यादा हुआ","शाजापुर में 28 जुलाई को हुई मूसलाधार बारिश के बाद से शहर में बारिश न होने से मौसम खुल गया था। जिसके चलते लोगों को गर्मी से परेशानी होने लगी थी, लेकिन गुरुवार को शहर में एक बार फिर बारिश शुरू हुई जो शुक्रवार सुबह तक जारी रही। अभी भी रुक-रुक कर रिमझिम वर्ष जारी है। वहीं गुरुवार तेज बारिश तो नहीं हुई, लेकिन दिनभर जारी रही रिमझिम बारिश से लोगों को गर्मी से राहत जरूर मिली। गौरतलब है 27 के बाद 28 जुलाई को भी शहर में तेज बारिश हुई थी। जिससे नगर के कई नीचली बस्तियों में पानी भर गया था। तो जिले के कई नदी-नाले व पुलिया भी पूर आ चुकी थी। इसके बाद बादलों ने शहर का साथ छोड़ दिया था और धूप निकलने लगी थी। जिससे लोगों को गर्मी का एहसास होने लगा था। गुरुवार सुबह से आसमान पर फिर बादल छाए और रिमझिम बारिश शुरू हो गई जो शुक्रवार तक भी जारी है। मौसम विशेषज्ञ सत्येंद्र धनोतिया ने बताया कि दो दिन अभी बारिश के आसार नहीं है। इसके बाद नया सिस्टम सक्रिय होगा जिसमें बारिश हो सकती है। वहीं मौसम विभाग ने 4 अगस्त के बाद जोरदार बारिश की संभावना जताई है। हालांकि आज जिले में कहीं-कहीं हल्की-फुल्की बारिश होने की संभावना है। चीलर बांध में आया 13 फीट से अधिक पानीनगर का एकमात्र मुख्य जलस्त्रोत चीलर बांध में भी दो दिन की बारिश ने पूरे वर्ष की पेयजल समस्या का समाधान कर दिया। शहरवासियों को पूरे साल के लिए बांध में 6 फीट पानी की आवश्यकता होती है। जबकि वर्तमान में चीलर बांध में इससे अधिक पानी जमा है। सिंचाई विभाग के एसडीओ अंकित पाटीदार ने बताया कि बारिश थमने के बाद भी आसपास की नदियों का पानी बांध में जमा हो रहा था। जिससे वर्तमान में चीलर बांध का जलस्तर सवा 13 फीट पानी जमा हो चुका है। उन्होंने बताया कि यदि आगामी दिनों में बारिश होती है तो बांध अपनी क्षमतानुसार पूरी तरह भर जाएगा।",2024-08-02 05:19:12,https://images.bhaskarassets.com/thumb/1000x1000/web2images/521/2024/08/02/43290055-8d47-4d1e-a01e-623e8ffb91a0_1722573788334.jpg,bhaskar_hindi,0.02834806744162719,0,1,11,1,2
10,Newsdata,https://bengali.abplive.com/videos/district/ration-scam-jyotipriya-mallick-after-arrested-deganga-tmc-leader-and-his-brother-wathc-video-1086456,"Ration Scam: রেশন বণ্টন দুর্নীতি মামলায় জ্যোতিপ্রিয়র পর গ্রেফতার আরও ২,দেগঙ্গার TMC নেতা ও তাঁর দাদা","ABP Ananda LIVE: রেশন দুর্নীতির (Ration Scam)মামলায় গ্রেফতার আরও ২। গ্রেফতার দেগঙ্গার তৃণমূল নেতা আনিসুর রহমান ও তাঁর দাদা, চালকল ব্যবসায়ী আলিফ নুর। বৃহস্পতিবার সারাদিন জিজ্ঞাসাবাদের পর গ্রেফতার করা হয়েছে ২ জনকে। আজ মেডিক্যাল পরীক্ষার পর তাঁদের পেশ করা হবে আদালতে। আজ সিজিও-তে তলব করা হয়েছে জ্যোতিপ্রিয় মল্লিকের (jyotipriya mallick)ঘনিষ্ঠ ব্যবসায়ী বারিক বিশ্বাসকে(Barik Biswas)। স্কুলে না গিয়েও ডামি শিক্ষিকা দিয়ে কাজ, অভিযুক্ত তৃণমূল নেতা। চণ্ডীপুরে অভিযুক্ত তৃণমূলের নেতা শিক্ষক স্বপন প্রধান । স্কুলে না গিয়েও বেতন তোলার অভিযোগ! মাসের শেষে হাজিরা খাতায় সই! ডামি শিক্ষিকা রেখে কাজ চালানোর অভিযোগ! শাসক নেতা শিক্ষকের কীর্তিতে শোরগোল পূর্ব মেদিনীপুরে তোলপাড় । ভিত্তিহীন অভিযোগ, সব আমার রেকর্ড বলবে, দাবি অভিযুক্ত তৃণমূল নেতার। স্কুলে না গিয়ে ডামি শিক্ষিকা রেখে কাজ চালানোর অভিযোগ উঠল তৃণমূল নেতা শিক্ষকের বিরুদ্ধে। অভিযুক্ত পূর্ব মেদিনীপুরের চণ্ডীপুরের ভগবানখালি নতুন প্রাথমিক বিদ্য়ালয়ের শিক্ষক স্বপন প্রধানকে শো-কজ করেছেন জেলা বিদ্য়ালয় পরিদর্শক। এই অভিযোগ ঘিরে শুরু হয়েছে রাজনৈতিক চাপানউতোর।",2024-08-02 05:18:03,https://feeds.abplive.com/onecms/images/uploaded-images/2024/08/02/4fb6eb2cb7ddda16cca8da54f67647fc1722575300414968_original.jpg,abplive,0.9999999999999962,0,0,0,0,0
11,Newsdata,https://hindi.theprint.in/india/wayanad-tragedy-search-for-survivors-using-technical-equipment-and-dog-squads/714880/,वायनाड त्रासदी: तकनीकी उपकरणों और श्वान दलों के जरिये जिंदा बचे लोगों की तलाश,"(तस्वीरों के साथ) वायनाड (केरल), दो अगस्त (भाषा) केरल में आई सबसे भीषण प्राकृतिक आपदाओं में से एक वायनाड में भूस्खलन के मलबे में दबे शवों या संभावित जीवित लोगों को निकालने के लिए बचाव दलों ने शुक्रवार को उन्नत तकनीकी उपकरणों और श्वान दलों का इस्तेमाल किया। वायनाड भूस्खलन हादसे के बाद व्यवसायी, मशहूर [...]",2024-08-02 18:04:01,https://statichindi.theprint.in/wp-content/plugins/gumlet/assets/images/pixel.png,theprint_hi,0.9999999999999962,0,0,0,0,0
12,Newsdata,https://hindi.theprint.in/india/fire-broke-out-on-the-ninth-floor-of-the-building-20-people-were-evacuated-safely/714879/,"इमारत की नौंवी मंजिल पर आग लगी, 20 लोगों को सुरक्षित निकाला","जयपुर, दो अगस्त (भाषा) राजधानी जयपुर के मुहाना थाना क्षेत्र में शुक्रवार सुबह एक रिहायशी इमारत की नौंवी मंजिल पर शार्ट सर्किट के कारण आग लग गई जिसके बाद इमारत से 20 लोगों को सुरक्षित निकाला गया। थानाधिकारी मदन लाल ने बताया कि पत्रकार कॉलोनी की एक इमारत की नौंवी मंजिल पर शार्ट सर्किट के [...]",2024-08-02 18:03:49,https://statichindi.theprint.in/wp-content/plugins/gumlet/assets/images/pixel.png,theprint_hi,0.9999999999999962,0,0,0,0,0
13,Newsdata,https://hindi.theprint.in/india/fire-breaks-out-at-police-seizure-yard-in-wazirabad-125-vehicles-damaged/714878/,"वजीराबाद में पुलिस के जब्ती यार्ड में लगी आग, 125 वाहनों को नुकसान","(तस्वीर के साथ) नयी दिल्ली, दो अगस्त (भाषा) राष्ट्रीय राजधानी के वजीराबाद इलाके में स्थित दिल्ली पुलिस के जब्ती यार्ड में शुक्रवार को आग लगने से कम से कम 125 जब्त वाहन क्षतिग्रस्त हो गए। अधिकारियों ने यह जानकारी दी। दिल्ली अग्निशमन सेवा (डीएफएस) के एक अधिकारी ने बताया कि सात दमकल गाड़ियां घटनास्थल पर [...]",2024-08-02 18:03:38,https://statichindi.theprint.in/wp-content/plugins/gumlet/assets/images/pixel.png,theprint_hi,0.9999999999999962,0,0,0,0,0
14,Newsdata,https://hindi.theprint.in/india/paris-olympics-punjab-cm-congratulates-indian-hockey-team-for-victory-over-australia/714877/,पेरिस ओलंपिक : पंजाब के मुख्यमंत्री ने ऑस्ट्रेलिया पर जीत के लिए भारतीय हॉकी टीम को बधाई दी,"चंडीगढ़, दो अगस्त (भाषा) पंजाब के मुख्यमंत्री भगवंत मान ने शुक्रवार को पेरिस ओलंपिक खेलों में ऑस्ट्रेलिया पर ऐतिहासिक जीत के लिए भारतीय हॉकी टीम को बधाई दी। भारतीय पुरुष हॉकी टीम ने 1972 के बाद पहली बार ओलंपिक खेलों में ऑस्ट्रेलिया को हराया है। भारतीय टीम ने शुक्रवार को इस मजबूत प्रतिद्वंद्वी को दो [...]",2024-08-02 18:03:28,https://statichindi.theprint.in/wp-content/plugins/gumlet/assets/images/pixel.png,theprint_hi,0.9999999999999962,0,0,0,0,0
15,Newsdata,https://hindi.theprint.in/india/wayanad-landslide-us-china-france-and-other-countries-condole-loss-of-lives/714876/,"वायनाड भूस्खलन: अमेरिका, चीन, फ्रांस और अन्य देशों ने जानमाल की हानि पर शोक जताया","नयी दिल्ली, दो अगस्त (भाषा) अमेरिका, चीन, जर्मनी और नीदरलैंड सहित कई देशों ने वायनाड भूस्खलन में हुई जानमाल की हानि पर शुक्रवार को शोक व्यक्त किया। वायनाड जिला प्रशासन ने बताया कि तीन दिन पहले हुए भीषण भूस्खलन में 200 से अधिक लोगों की मौत हुई है और 264 लोग घायल हुए हैं। विभिन्न [...]",2024-08-02 18:03:17,https://statichindi.theprint.in/wp-content/plugins/gumlet/assets/images/pixel.png,theprint_hi,0.9999999999999962,0,0,0,0,0
16,Newsdata,https://bengali.abplive.com/videos/district/tmc-inner-tussle-chaos-in-burdawan-raj-college-watch-video-1086632,TMC Inner Tussle: তৃণমূলের ছাত্র সংগঠনের গোষ্ঠী কোন্দলে বর্ধমান রাজ কলেজে তুলকালাম। ABP Ananda Live,"West Bengal News: তৃণমূলের ছাত্র সংগঠনের গোষ্ঠী কোন্দলে বর্ধমান রাজ কলেজে তুলকালাম। দু-পক্ষের মধ্যে তুমুল সংঘর্ষ। ক্যাম্পাসেই চলল হাতাহাতি। ২৮ অগাস্ট টিএমসিপির প্রতিষ্ঠা দিবসের প্রস্তুতি সভা ঘিরে কোন্দল। তৃণমূলের সাধারণ সম্পাদক খন্দেকার আমিরুল ইসলামের অনুগামীদের সঙ্গে জেলা টিএমসিপি সভাপতি স্বরাজ ঘোষের অনুগামীদের মধ্যে সংঘর্ষ। #ABPAnanda #BanglaNews #banglanewslive #ABPAnanda #Bengalinews #ABPAnandaDigital #ABPAnandaLIVE #BengaliNews #এবিপিআনন্দ #এবিপিআনন্দলাইভ #এবিপিআনন্দ Subscribe to our YouTube channel here: https://www.youtube.com/user/abpanandatvএবিপি আনন্দ সম্পর্কে :ABP আনন্দ বাংলা ও বাঙালির সবথেকে নির্ভরযোগ্য সংবাদমাধ্যম। জেলা থেকে জেলা, রাজ্য থেকে দেশ, আবার সীমানা পেরিয়ে আন্তর্জাতিক - সবসময় সব খবর সবার আগে নির্ভুলভাবে তুলে ধরাই আমাদের লক্ষ্য। এগিয়ে থাকে এগিয়ে রাখে। About Channel:ABP Ananda is a regional news hub that provides you with comprehensive up-to-date news coverage from West Bengal and all over India and World. Get the latest top stories, current affairs, sports, business, entertainment, politics, spirituality, and many more here only on ABP Ananda.ABP Ananda maintains the repute of being a people's channel. Its cutting-edge formats, state-of-the-art newsrooms commands the attention of million of Bengalis weekly.Download ABP App for Apple: https://itunes.apple.com/in/app/abp-l...Download ABP App for Android: https://play.google.com/store/apps/de...Social Media Handles (আমাদের অন্যান্য হ্যান্ডেলগুলি):Website:http://bengali.abplive.comFacebook: https://www.facebook.com/abpanandaTwitter: https://twitter.com/abpanandatvGoogle+: https://plus.google.com/+abpanandaInstagram: https://www.instagram.com/abpanandatv/Telegram : https://t.me/abpanandaofficialKoo : https://www.kooapp.com/feed",2024-08-02 18:02:51,https://feeds.abplive.com/onecms/images/uploaded-images/2024/08/02/32884d1ff23200a890141d308df307d3172262174829547_original.jpg,abplive,1.2285120371416867e-46,3,21,125,3,8
61,Newsdata,https://hindi.theprint.in/india/before-jk-elections-us-diplomats-visited-srinagar-met-many-leaders-including-omar-abdullah/723365/,"J&K चुनाव से पहले अमेरिकी राजनयिकों ने श्रीनगर का किया दौरा, उमर अब्दुल्ला सहित कई नेताओं से की मुलाकात","जानकारी के मुताबिक यह दौरा 'राजनयिक संपर्क' के तहत किया गया, ताकि सभी दलों से मुलाकात की जा सके और राज्य में चुनाव से पहले स्थिति का आकलन करने का मौका मिल सके.",2024-08-27 13:13:39,https://statichindi.theprint.in/wp-content/plugins/gumlet/assets/images/pixel.png,theprint_hi,0.0,1,24,338,1,4
17,Newsdata,https://www.bhaskar.com/local/uttar-pradesh/lucknow/news/illegally-constructed-row-houses-sealed-133420436.html,"अवैध तरीके से बने रो - हाउस सील:बिना नक्शा पास कराए निर्माण कराया , आशियाना और गोमती नगर में चला अभियान","अवैध निर्माण के खिलाफ लखनऊ विकास प्राधिकरण ने शुक्रवार को जबरदस्त अभियान चलाया। प्रवर्तन टीम ने गोमती नगर विस्तार व आशियाना क्षेत्र में कार्यवाही की। इस दौरान अवैध रो-हाउस भवनों व एक निर्माणाधीन व्यवसायिक कॉम्प्लेक्स को सील किया गया। जोन-1 की जोनल अधिकारी वंदना पांडेय ने बताया कि विपिन गर्ग व अन्य द्वारा गोमती नगर विस्तार के छोटा भरवारा में लगभग 500 वर्गमीटर क्षेत्रफल के भूखण्ड पर अवैध रूप से रो-हाउस भवनों का निर्माण कराया जा रहा था। जिसके विरूद्ध विहित न्यायालय द्वारा वाद योजित करते हुए सीलिंग के आदेश पारित किए गए थे। जेई उदयवीर सिंह के नेतृत्व में अवर अभियंता आशीष श्रीवास्तव व एसके दीक्षित द्वारा प्राधिकरण पुलिस व स्थानीय थाने के पुलिस बल के सहयोग से भवनों को सील कर दिया गया। 200 वर्गमीटर क्षेत्रफल में व्यवसायिक कॉम्प्लेक्स बनाया प्रवर्तन जोन-2 के जोनल अधिकारी देवांश त्रिवेदी ने बताया कि अजय अहूजा, गौतम अहूजा व अन्य द्वारा कानपुर रोड योजना के सेक्टर-आई में भूखण्ड संख्या-ए-855 पर लगभग 200 वर्गमीटर क्षेत्रफल में व्यवसायिक कॉम्प्लेक्स का निर्माण करवाया जा रहा था। प्राधिकरण से मानचित्र स्वीकृत कराए बिना किए जा रहे इस निर्माण कार्य के विरूद्ध विहित न्यायालय द्वारा वाद योजित करते हुए सीलिंग के आदेश दिए गए थे। जिसके अनुपालन में शुक्रवार को सहायक अभियंता अनिल कुमार के नेतृत्व में अवर अभियंता विपिन बिहारी राय व एसके सिंह द्वारा प्राधिकरण पुलिस व स्थानीय थाने के पुलिस बल के सहयोग से निर्माणाधीन बिल्डिंग को सील कर दिया गया।",2024-08-02 17:58:01,https://images.bhaskarassets.com/thumb/1000x1000/web2images/521/2024/08/02/new-project-2024-08-02t232528340_1722621380.jpg,bhaskar_hindi,0.02834806744162719,0,1,11,1,2
18,Newsdata,https://bengali.abplive.com/videos/district/jadavpur-university-news-separate-hostel-for-first-year-students-to-prevent-ragging-1086630,Jadavpur University: র‍্যাগিং রুখতে প্রথম বর্ষের পড়ুয়াদের যাদবপুরে আলাদা হস্টেল! ABP Ananda Live,"ABP Ananda Live: ছাত্র-মৃত্যুর পর অবশেষে র‍্যাগিং রুখতে যাদবপুরে আলাদা হস্টেল। প্রথম বর্ষের পড়ুয়াদের জন্য আলাদা হস্টেল। জুনিয়র ও সিনিয়র ছাত্রদের থাকার জন্য আলাদা হস্টেল। হস্টেলে র‍্যাগিং রুখতে নজরদারি চালাবেন অধ্যাপকরা। হস্টেলে ওয়ার্ডেন হিসাবে দায়িত্বে থাকবেন একজন করে অধ্যাপক। যাদবপুর বিশ্ববিদ্যালয়ে তৈরি হচ্ছে অ্যান্টি র‍্যাগিং মনিটরিং সেল। 'যে জীবন গেছে, ফেরাতে পারব না'। র‍্যাগিং মুক্ত ক্যাম্পাসের লক্ষ্যে এগোচ্ছি, মন্তব্য উপাচার্যের।#ABPAnanda #BanglaNews #banglanewslive #ABPAnanda #Bengalinews #ABPAnandaDigital #ABPAnandaLIVE #BengaliNews #এবিপিআনন্দ #এবিপিআনন্দলাইভ #এবিপিআনন্দ Subscribe to our YouTube channel here: https://www.youtube.com/user/abpanandatvএবিপি আনন্দ সম্পর্কে :ABP আনন্দ বাংলা ও বাঙালির সবথেকে নির্ভরযোগ্য সংবাদমাধ্যম। জেলা থেকে জেলা, রাজ্য থেকে দেশ, আবার সীমানা পেরিয়ে আন্তর্জাতিক - সবসময় সব খবর সবার আগে নির্ভুলভাবে তুলে ধরাই আমাদের লক্ষ্য। এগিয়ে থাকে এগিয়ে রাখে। About Channel:ABP Ananda is a regional news hub that provides you with comprehensive up-to-date news coverage from West Bengal and all over India and World. Get the latest top stories, current affairs, sports, business, entertainment, politics, spirituality, and many more here only on ABP Ananda.ABP Ananda maintains the repute of being a people's channel. Its cutting-edge formats, state-of-the-art newsrooms commands the attention of million of Bengalis weekly.Download ABP App for Apple: https://itunes.apple.com/in/app/abp-l...Download ABP App for Android: https://play.google.com/store/apps/de...Social Media Handles (আমাদের অন্যান্য হ্যান্ডেলগুলি):Website:http://bengali.abplive.comFacebook: https://www.facebook.com/abpanandaTwitter: https://twitter.com/abpanandatvGoogle+: https://plus.google.com/+abpanandaInstagram: https://www.instagram.com/abpanandatv/Telegram : https://t.me/abpanandaofficialKoo : https://www.kooapp.com/feed",2024-08-02 17:55:31,https://feeds.abplive.com/onecms/images/uploaded-images/2024/08/02/84b730d7989db06c14d6078121be3e70172262123673247_original.jpg,abplive,5.152262764756037e-53,3,21,137,3,7
19,Newsdata,https://www.tv9hindi.com/india/delhi-rohini-asha-kiran-shelter-home-suspicious-deaths-ncw-chairperson-rekha-sharma-2760305.html,"खाने में फंगस, भूखमरी से मर रहे बच्चे... दिल्ली में शेल्टर होम की मौतों पर NCW चीफ रेखा शर्मा का दावा",दिल्ली के रोहिणी में आशा किरण आश्रय गृह लड़कियों की मौत को लेकर केजरीवाल सरकार विपक्षियों के निशाने पर आ गई है. शुक्रवार को राष्ट्रीय महिला आयोग की अध्यक्ष रेखा शर्मा ने आश्रय गृह का दौरा किया था. इसके आलावा आम आदमी पार्टी से राज्यसभा सांसद स्वाति मालीवाल भी शेल्टर होम गईं थी और जांच की मांग कीं.,2024-08-02 18:15:22,https://images.tv9hindi.com/wp-content/uploads/2024/08/rekha-sharma.jpg,tv9bharatvarsh,0.9999999999999962,0,0,0,0,0
20,Newsdata,https://theprint.in/india/gold-retreats-on-profit-taking-set-for-weekly-gain/2205549/,"Gold retreats on profit-taking, set for weekly gain",By Rahul Paswan (Reuters) - Gold prices retreated on Friday as profit-taking kicked in after bullion jumped over 1% earlier in the session on hopes of rate cuts buoyed by weaker than expected U.S.,2024-08-02 18:15:04,https://static.theprint.in/wp-content/uploads/2024/08/Gold_116-696x503.jpg,theprint,1.0937341189323091e-19,14,20,132,6,47
21,Newsdata,https://www.bhaskar.com/local/mp/narmadapuram/news/a-girl-jumped-from-the-bridge-into-the-narmada-river-133420529.html,"नर्मदा नदी में पुल से युवती ने लगाई छलांग:बुधनी की टेक्सटाइल कंपनी की कर्मचारी, कूदने की एक सप्ताह में दूसरी घटना","बुधनी की सलकनपुर रोड स्थित टेक्सटाइल कंपनी में काम करने वाली एक युवती ने नर्मदा नदी में पुल से छलांग लगा दी। घटना शुक्रवार रात करीब 8 बजे की है। किसी राहगीर ने युवती के कूदने की सूचना बुधनी पुलिस को दी। जिसके बाद पुलिस मौके पर पहुंची। पुल पर पुलिस को एक बैग मिला। जिसमें मोनिका डेहरिया नाम का आईडी कार्ड है। जो सलकनपुर रोड पर टेक्सटाइल वर्धमान कंपनी की कर्मचारी का है। बुधनी थाना प्रभारी रघुवंशी चेन सिंह के मुताबिक युवती वर्धमान कंपनी में काम करनी वाली बताई जा रही है। मौके से युवती का आधार कार्ड और निजी कंपनी का कार्ड मिला। नदी में बहाव तेज है। इसलिए उसे ढूंढने में परेशानी हो रही है। छलांग लगाने की एक सप्ताह में दूसरी घटना है पहले सप्ताह पहले जिस युवती ने दिन में छलांग लगाई थी। उसे गोताखोर ने बचा लिया था। उस दिन नर्मदा में पानी का बहाव भी कम था। शुक्रवार को बरगी डैम, बारना डैम और तवा डैम से पानी छोड़ने से नर्मदा नदी उफान पर है। तेज बहाव है। जिससे युवती को तलाशना चुनौती है।",2024-08-02 18:12:19,https://images.bhaskarassets.com/thumb/1000x1000/web2images/521/2024/08/02/1000352070_1722622250.jpg,bhaskar_hindi,0.02834806744162719,0,1,11,1,2
22,Newsdata,https://www.tv9hindi.com/state/uttar-pradesh/ghaziabad-man-gym-treadmill-fell-down-died-while-running-stwn-2760329.html,"जिम के अंदर ट्रेडमिल पर दौड़ते वक्त अचानक गिरा शख्स, ऐसे हुई मौत","जिम के अंदर ट्रेडमिल पर दौड़ते वक्त एक शख्स की मौत हो गई, शख्स के बाजू में एक्सरसाइज कर रहे दूसरे युवक ने उसे मशीन से उठाया और बाद में सीपीआर देने की कोशिश की. लेकिन, शख्स की जान नहीं बचाई जा सकी.",2024-08-02 18:12:15,https://images.tv9hindi.com/wp-content/uploads/2024/07/double-murder.jpeg,tv9bharatvarsh,0.9999999999999962,0,0,0,0,0
23,Newsdata,https://tv9bangla.com/kolkata/kolkata-municipal-corporation-deputy-mayor-and-health-department-mayor-parishad-atin-ghosh-has-written-to-all-the-housing-committees-of-the-city-about-dengue-in-kolkata-1103708.html,"Kolkata Municipal Corporation: ১৭০০-র মতো নাম, রোজ আবাসনে পৌঁছে যাচ্ছে চিঠি, কলকাতায় এবার বড় পদক্ষেপ","Kolkata Municipal Corporation: ডেপুটি মেয়র বলেন, ""পরিসংখ্যানে দেখা যাচ্ছে, বেশিরভাগ ক্ষেত্রে ডেঙ্গি হচ্ছে বড় বড় আবাসন, হাউজিং কমপ্লেক্সে। আবাসনগুলোকে আমরা নজরদারির আওতায় নিয়ে এসেছি। ১৭০০-র মতো নাম পেয়েছি কমিটির। রোজ যাচ্ছে চিঠি। পুরসভার কর্মীরা যাবেন হাউজিং কমিটিগুলিতে।""",2024-08-02 18:10:09,https://images.tv9bangla.com/wp-content/uploads/2024/08/Kolkata-Municipal-Corporation.jpg,tv9bangla,0.9999999999999962,0,0,0,0,0
24,Newsdata,https://www.tv9hindi.com/india/indian-astronauts-shubhanshu-shukla-prashanth-nair-embark-historic-iss-mission-2760261.html,"कौन हैं शुभांशु शुक्ला और प्रशांत नायर, जो अमेरिकी मिशन के साथ करेंगे अंतरिक्ष का सफर","भारतीय अंतरिक्ष अनुसंधान संगठन (इसरो) के अनुसार अंतर्राष्ट्रीय अंतरिक्ष स्टेशन (आईएसएस) के आगामी भारत-अमेरिका मिशन के लिए ग्रुप कैप्टन शुभांशु शुक्ला को मुख्य पायलट के रूप में चुना गया है, जबकि ग्रुप कैप्टन प्रशांत बालकृष्णन नायर बैकअप पायलट के रूप में काम करेंगे.",2024-08-02 18:07:46,https://images.tv9hindi.com/wp-content/uploads/2024/08/isro-astronaut.webp,tv9bharatvarsh,0.9999999999999962,0,0,0,0,0
25,Newsdata,https://bengali.abplive.com/videos/district/jukti-takko-sajal-ghosh-targets-mamata-banerjee-in-bengal-job-situation-1086666,"Sajal Ghosh: বাংলাতেই বাঙালিদের কাজ নেই, বাঙালিকে বাইরে কাজে যেতে হচ্ছে কেন ? প্রশ্ন সজলের | ABP Ananda LIVE","ABP Ananda LIVE: 'অনুপ্রবেশে দেশের নিরাপত্তা বিঘ্নিত হয় । অর্ধেক উর্দুভাষীর সংখ্যার কথা বলেছেন ফিরহাদ হাকিম । বাংলাতেই বাঙালিদের কাজ নেই । রাজ্যে একের পর স্কুল বন্ধ বাড়ছে মাদ্রাসা । অনুপ্রবেশ ইস্যু শুধু হিন্দু মুসলিম নয় । অনুপ্রবেশ আমাদের রুটি রুজির পথে কাঁটা। বাঙালিদের জাগা উচিত । বঙ্গভঙ্গের কথা কোথাও বলা হয় নি, পুরোটাই প্রাপাগান্ডা । বঙ্গভঙ্গ করার কথা নয়, কেন্দ্রীয় অঞ্চল করার কথা বলা হয়েছে । বাংলার ৫০ লক্ষ বাঙালিকে বাইরে কাজে যেতে হচ্ছে কেন ? বাংলার মানুষকে বঞ্চনা মমতা বন্দোপাধ্য়ায়ের ।' যুক্তি তক্কো অনুষ্ঠানে এসে মন্তব্য সজল ঘোষের ।___________Subscribe to our YouTube channel here: https://www.youtube.com/user/abpanandatvআপনার পছন্দের খবর আর আপডেট পাবেন আপনার পছন্দের চ্যাটিং প্ল্যাটফর্ম হোয়াটস অ্যাপেও। যুক্ত হোন ABP Ananda হোয়াটস অ্যাপ চ্যানেলে। এবিপি আনন্দ সম্পর্কে :ABP আনন্দ বাংলা ও বাঙালির সবথেকে নির্ভরযোগ্য সংবাদমাধ্যম। জেলা থেকে জেলা, রাজ্য থেকে দেশ, আবার সীমানা পেরিয়ে আন্তর্জাতিক - সবসময় সব খবর সবার আগে নির্ভুলভাবে তুলে ধরাই আমাদের লক্ষ্য। এগিয়ে থাকে এগিয়ে রাখে। About Channel:ABP Ananda is a regional news hub that provides you with comprehensive up-to-date news coverage from West Bengal and all over India and World. Get the latest top stories, current affairs, sports, business, entertainment, politics, spirituality, and many more here only on ABP Ananda.ABP Ananda maintains the repute of being a people's channel. Its cutting-edge formats, state-of-the-art newsrooms commands the attention of million of Bengalis weekly.Download ABP App for Apple: https://itunes.apple.com/in/app/abp-l...Download ABP App for Android: https://play.google.com/store/apps/de...Social Media Handles (আমাদের অন্যান্য হ্যান্ডেলগুলি):Website:http://bengali.abplive.comdFacebook: https://www.facebook.com/abpananda Twitter: https://twitter.com/abpanandatvGoogle+: https://plus.google.com/+abpanandaInstagram: https://www.instagram.com/abpanandatv/Telegram : https://t.me/abpanandaofficial",2024-08-03 02:45:52,https://feeds.abplive.com/onecms/images/uploaded-images/2024/08/03/1872e20b1ff4181ed0c083684942c2e31722653013965894_original.png,abplive,3.522425519476259e-58,3,19,166,3,8
26,Newsdata,https://bengali.abplive.com/videos/district/allegation-of-patient-death-due-to-medical-negligence-chaos-in-rampurhat-medical-1086853,Rampurhat Medical: চিকিৎসার গাফিলতিতে রোগী মৃত্যুর অভিযোগে রণক্ষেত্র রামপুরহাট মেডিক্যাল | ABP Ananda Live,"ABP Ananda Live: চিকিৎসার গাফিলতিতে রোগী মৃত্যুর অভিযোগে রণক্ষেত্র রামপুরহাট মেডিক্যাল। হাসপাতালে রোগীর পরিজনদের তাণ্ডব, পুলিশের লাঠিচার্জ। ইন্টার্ন চিকিৎসককেও মারধরের অভিযোগ রোগীর পরিজনদের বিরুদ্ধে। হাসপাতালে রোগীর পরিজনদের তাণ্ডব, পুলিশের সঙ্গে খণ্ডযুদ্ধ। পথ দুর্ঘটনায় আহত যুবকের মৃত্যুর পরেই রণক্ষেত্র রামপুরহাট মেডিক্যাল। #ABPAnanda #BanglaNews #banglanewslive #ABPAnanda #Bengalinews #ABPAnandaDigital #ABPAnandaLIVE #BengaliNews #এবিপিআনন্দ #এবিপিআনন্দলাইভ #এবিপিআনন্দ #এবিপিআনন্দলাইভ___________Subscribe to our YouTube channel here: https://www.youtube.com/user/abpanandatvআপনার পছন্দের খবর আর আপডেট পাবেন আপনার পছন্দের চ্যাটিং প্ল্যাটফর্ম হোয়াটস অ্যাপেও।যুক্ত হোন ABP Ananda হোয়াটস অ্যাপ চ্যানেলে।এবিপি আনন্দ সম্পর্কে :ABP আনন্দ বাংলা ও বাঙালির সবথেকে নির্ভরযোগ্য সংবাদমাধ্যম। জেলা থেকে জেলা, রাজ্য থেকে দেশ, আবার সীমানা পেরিয়ে আন্তর্জাতিক - সবসময় সব খবর সবার আগে নির্ভুলভাবে তুলে ধরাই আমাদের লক্ষ্য। এগিয়ে থাকে এগিয়ে রাখে।About Channel:ABP Ananda is a regional news hub that provides you with comprehensive up-to-date news coverage from West Bengal and all over India and World. Get the latest top stories, current affairs, sports, business, entertainment, politics, spirituality, and many more here only on ABP Ananda.ABP Ananda maintains the repute of being a people's channel. Its cutting-edge formats, state-of-the-art newsrooms commands the attention of million of Bengalis weekly.Download ABP App for Apple: https://itunes.apple.com/in/app/abp-l...Download ABP App for Android: https://play.google.com/store/apps/de...Social Media Handles (আমাদের অন্যান্য হ্যান্ডেলগুলি):Website:http://bengali.abplive.comdFacebook: https://www.facebook.com/abpanandaTwitter: https://twitter.com/abpanandatvGoogle+: https://plus.google.com/+abpanandaInstagram: https://www.instagram.com/abpanandatv/Telegram : https://t.me/abpanandaofficial",2024-08-03 18:23:47,https://feeds.abplive.com/onecms/images/uploaded-images/2024/08/03/cd43a3bfa909ea1dbed63d9ac40c9de31722709397704485_original.jpg,abplive,2.432307989375846e-54,3,21,136,3,7
27,Newsdata,https://tv9bangla.com/kolkata/bjp-leader-kaustav-bagchi-write-letter-to-governor-c-v-ananda-bose-on-minister-akhil-giri-incident-1104262.html,"Kaustav Bagchi: মহিলা অফিসারকে পেটানোর ‘হুমকি’, অখিলের বিরুদ্ধে রাজ্যপালকে নালিশ কৌস্তভের","Kaustav Bagchi: বস্তুত, এ দিন, এক ফরেস্ট অফিসারকে 'বেয়াদপ','জানোয়ার', এমনকী ডাং দিয়ে পেটানোর হুঁশিয়ারি দিয়ে বিতর্কে জড়ান রাজ্যের মন্ত্রী।বলেন,""ভদ্রভাবে হবে না। যে ঠাকুর যে ফুলে সন্তুষ্ট। ডাং দিয়ে পিটাব, তখন বুঝবেন।"" এই ঘটনার পরই শুরু হয় বিতর্ক। বিষয়টিকে ইস্যু করে তীব্র নিন্দা জানায় বিজেপি।",2024-08-03 18:17:34,https://images.tv9bangla.com/wp-content/uploads/2024/08/Kaustav-Bagchi-.jpg,tv9bangla,2.888077227958431e-17,4,9,111,3,7
28,Newsdata,https://theprint.in/india/gold-rises-over-1-on-safe-haven-demand/2220881/,Gold rises over 1% on safe-haven demand,"By Rahul Paswan (Reuters) - Gold prices rose by more than 1% on Monday to hit the highest since Aug. 2, driven by safe-haven inflows as traders awaited U.S. inflation data this week that could shed",2024-08-12 19:15:04,https://static.theprint.in/wp-content/uploads/2024/08/Gold_850-696x448.jpg,theprint,6.669272698583413e-16,10,35,156,8,58
29,Newsdata,https://bengali.abplive.com/videos/district/rg-kar-doctor-s-death-mystery-case-cbi-is-active-on-rg-kar-murder-case-after-calcutta-high-court-order-1088924,RG Kar Doctor's Death: আরজিকর কাণ্ডের তদন্তে হাইকোর্টের নির্দেশের পরেই সক্রিয় CBI,"HC On CBI On RG Kar Doctor's Death: আরজিকর কাণ্ডে CBI তদন্তের নির্দেশ হাইকোর্টের প্রধান বিচারপতির। আদালতের পর্যবেক্ষণে আর জি কর কাণ্ডে CBI তদন্তের নির্দেশ। আর জি কর মেডিক্যালে চিকিৎসককে ধর্ষণ-খুন, CBI তদন্তের নির্দেশ। পুলিশ-হাসপাতালের ভূমিকায় অসন্তুষ্ট হাইকোর্ট, CBI তদন্তের নির্দেশ। কলকাতা পুলিশের কেস ডায়েরিতে সন্তুষ্ট নয় হাইকোর্ট, CBI নির্দেশ। রবিবার পর্যন্ত পুলিশকে সময় মুখ্যমন্ত্রীর, তার আগেই হাইকোর্টের CBI নির্দেশ।রবিবার পর্যন্ত পুলিশকে সময় মুখ্যমন্ত্রীর, তার আগেই হাইকোর্টের CBI নির্দেশ। কলকাতা পুলিশের হাত থেকে আর জি কর মামলা গেল CBI-এর হাতে। প্রথমেই কেন খুনের মামলার বদলে অস্বাভাবিক মৃত্যুর মামলা? পুলিশ-হাসপাতালের ভূমিকায় প্রশ্ন, মামলা গেল CBI-এর হাতে। পরবর্তী শুনানির দিন রাজ্যকে তদন্তের অগ্রগতি রিপোর্ট দিতে নির্দেশ। '৫ দিন পরেও তদন্তে উল্লেখযোগ্য কোনও পদক্ষেপ নেই', এখনই CBI-কে কেস ডায়েরিকে হস্তান্তরের নির্দেশ হাইকোর্টের। ৩ সপ্তাহ পরে রাজ্য সরকারের রিপোর্ট তলবের নির্দেশ প্রধান বিচারপতির। 'দেহ কি রাস্তায় পড়ে ছিল? সুপার বা অধ্যক্ষ অভিযোগ করেননি কেন? আর কিছু বলতে হবে না, ঝুলি থেকে বেড়াল বেরিয়ে এসেছে, অমানবিক',রাজ্যকে উদ্দেশ্য করে মন্তব্য প্রধান বিচারপতির। ABP Ananda LIVE #ABPAnanda #BanglaNews #BanglaNewsLive #ABPAnandaBengaliNews #ABPAnandaDigital #ABPAnandaLive #এবিপিআনন্দ #এবিপিআনন্দলাইভ #বাংলাখবরSubscribe to our YouTube channel here: https://www.youtube.com/user/abpanandatvএবিপি আনন্দ সম্পর্কে :ABP আনন্দ বাংলা ও বাঙালির সবথেকে নির্ভরযোগ্য সংবাদমাধ্যম। জেলা থেকে জেলা, রাজ্য থেকে দেশ, আবার সীমানা পেরিয়ে আন্তর্জাতিক - সবসময় সব খবর সবার আগে নির্ভুলভাবে তুলে ধরাই আমাদের লক্ষ্য। এগিয়ে থাকে এগিয়ে রাখে।About Channel:ABP Ananda is a regional news hub that provides you with comprehensive up-to-date news coverage from West Bengal and all over India and World. Get the latest top stories, current affairs, sports, business, entertainment, politics, spirituality, and many more here only on ABP Ananda.ABP Ananda maintains the repute of being a people's channel. Its cutting-edge formats, state-of-the-art newsrooms commands the attention of million of Bengalis weekly.Download ABP App for Apple: https://itunes.apple.com/in/app/abp-l...Download ABP App for Android: https://play.google.com/store/apps/de...Social Media Handles (আমাদের অন্যান্য হ্যান্ডেলগুলি):Website:http://bengali.abplive.comFacebook: https://www.facebook.com/abpanandaTwitter: https://twitter.com/abpanandatvGoogle+: https://plus.google.com/+abpanandaInstagram: https://www.instagram.com/abpanandatv/Telegram : https://t.me/abpanandaofficialKoo : https://www.kooapp.com/feed",2024-08-13 17:56:49,https://feeds.abplive.com/onecms/images/uploaded-images/2024/08/13/d759452156af8c8f68b4d0d0df9513d71723571746857484_original.jpg,abplive,8.703749068238697e-77,3,25,201,3,8
30,Newsdata,https://bengali.abplive.com/videos/district/rg-kar-medical-college-and-hospital-news-io-changed-in-sealdah-court-1089329,RG Kar News: এক অফিসারের উর্দি পরে আদালতে আরেক অফিসার ! আর জি কর কাণ্ডে বদল আইও | ABP Ananda Live,"ABP Ananda Live: আর জি কর মেডিক্যালে হামলা, কোর্টে IO 'বদল'। এক অফিসারের উর্দি পরে কোর্টে হাজির আরেক অফিসার। শিয়ালদা কোর্টে তদন্তকারী অফিসারের পরিচয় নিয়ে তোলপাড়। টালা থানার তদন্তকারী অফিসারের ব্যাজ পরে হাজির অন্য অফিসার। আইওর বদল নিয়ে এমনই দাবি অভিযুক্তদের আইনজীবীর। অন্যদিকে বৃহস্পতিবার সন্ধ্যায় আর জি কর হাসপাতালে পৌঁছয় সিবিআই টিম। এছাড়াও আর জি কর মেডিক্যাল কলেজ ও হাসপাতালে গিয়েছিল ফরেন্সিক দল। #ABPAnanda #BanglaNews #banglanewslive #ABPAnanda #Bengalinews #ABPAnandaDigital #ABPAnandaLIVE #BengaliNews #এবিপিআনন্দ #এবিপিআনন্দলাইভ #এবিপিআনন্দ #এবিপিআনন্দলাইভ___________Subscribe to our YouTube channel here: https://www.youtube.com/user/abpanandatvআপনার পছন্দের খবর আর আপডেট পাবেন আপনার পছন্দের চ্যাটিং প্ল্যাটফর্ম হোয়াটস অ্যাপেও।যুক্ত হোন ABP Ananda হোয়াটস অ্যাপ চ্যানেলে।এবিপি আনন্দ সম্পর্কে :ABP আনন্দ বাংলা ও বাঙালির সবথেকে নির্ভরযোগ্য সংবাদমাধ্যম। জেলা থেকে জেলা, রাজ্য থেকে দেশ, আবার সীমানা পেরিয়ে আন্তর্জাতিক - সবসময় সব খবর সবার আগে নির্ভুলভাবে তুলে ধরাই আমাদের লক্ষ্য। এগিয়ে থাকে এগিয়ে রাখে।About Channel:ABP Ananda is a regional news hub that provides you with comprehensive up-to-date news coverage from West Bengal and all over India and World. Get the latest top stories, current affairs, sports, business, entertainment, politics, spirituality, and many more here only on ABP Ananda.ABP Ananda maintains the repute of being a people's channel. Its cutting-edge formats, state-of-the-art newsrooms commands the attention of million of Bengalis weekly.Download ABP App for Apple: https://itunes.apple.com/in/app/abp-l...Download ABP App for Android: https://play.google.com/store/apps/de...Social Media Handles (আমাদের অন্যান্য হ্যান্ডেলগুলি):Website:http://bengali.abplive.comdFacebook: https://www.facebook.com/abpanandaTwitter: https://twitter.com/abpanandatvGoogle+: https://plus.google.com/+abpanandaInstagram: https://www.instagram.com/abpanandatv/Telegram : https://t.me/abpanandaofficial",2024-08-15 16:24:17,https://feeds.abplive.com/onecms/images/uploaded-images/2024/08/15/661249d43f66ba493acd399781ea88241723739029567485_original.jpg,abplive,3.3054163068438254e-59,3,21,152,3,7
31,Newsdata,https://www.tv9hindi.com/state/west-bengal/kolkata-police-on-rg-kar-hospital-more-than-5-people-will-not-be-allowed-to-gather-at-these-places-2787425.html,"RG Kar पर कोलकाता पुलिस का बड़ा फैसला, इन जगहों पर आज से 5 से ज्यादा लोग नहीं हो सकेंगे इकट्ठा","भारतीय नागरिक सुरक्षा संहिता की धारा 163 (पहले CRPC की 144) के अनुसार, कोलकाता पुलिस कमिश्नर ने एक अधिसूचना जारी की है कि 18 से 24 तारीख तक आरजी कर मेडिकल कॉलेज से सटे कई स्थानों पर पांच से अधिक लोगों को इकट्ठा होने की अनुमति नहीं दी जाएगी.",2024-08-17 20:06:45,https://images.tv9hindi.com/wp-content/uploads/2024/08/rg-kar-medical-college-5.jpg,tv9bharatvarsh,1.0,2,10,163,0,6
39,Newsdata,https://www.jagran.com/jharkhand/ranchi-champai-soren-will-actively-enter-jharkhand-politics-and-form-an-organisation-before-assembly-election-23782859.html,"Champai Soren ने बता दिया अपना पूरा प्लान, Hemant Soren को गच्चा देने वाले पूर्व CM अब क्या करेंगे?",चंपई सोरेन ने अपना फ्यूचर प्लान बता दिया है। पूर्व सीएम ने कहा कि वह 7 दिनों में सब कुछ क्लियर कर देंगे। चंपई ने कहा कि वह विधानसभा चुनाव से पहले ही संगठन बनाएंगे। इसी के साथ वह नए दोस्त बनाने के लिए भी तैयार हैं। इससे पहले चंपई ने कहा था कि वह झामुमो को अलविदा कह चुके हैं और अब वापस नहीं लौटेंगे।,2024-08-22 15:55:45,https://www.jagranimages.com/images/newimg/22082024/22_08_2024-hemant_champai_23782859.jpg,jagran,0.00028494412828401067,2,5,66,5,10
32,Newsdata,https://bengali.abplive.com/district/rg-kar-hospital-news-tmc-sukhendu-sekhar-roy-asking-for-cp-vineet-kumar-goyal-resignation-1089818,RG Kar News: RG Kar নিয়ে তৃণমূলে বাড়ল অস্বস্তি? পুলিশ কমিশনারের গ্রেফতারি চাইলেন সুখেন্দুশেখর রায়,"কৃষ্ণেন্দু অধিকারী, কলকাতা: আরজি কর নিয়ে এবার তৃণমূলকেই অস্বস্তিতে ফেললেন বর্ষীয়ান তৃণমূল সাংসদ সুখেন্দুশেখর রায়। এদিন সিবিআইয়ের কাছে সিপির গ্রেফতারি চেয়েছেন তিনি। আর জি কর-কাণ্ডে প্রাক্তন অধ্যক্ষ সন্দীপ ঘোষের পাশাপাশি সিপিরও গ্রেফতারি দাবি করেছেন তিনি। সোশাল মিডিয়ায় বিস্ফোরক পোস্ট করে তিনি বলেন, 'সিপি, প্রাক্তন অধ্যক্ষকে হেফাজতে নিয়ে জেরা করুক সিবিআই। কারা আত্মহত্যার কথা রটিয়েছিল, কেন ৩দিন পরে ঘটনাস্থলে স্নিফার ডগ? কেন দেওয়াল ভাঙা হল? এরকম শতাধিক প্রশ্ন আছে, ২জনকে হেফাজতে নিক সিবিআই। শতাধিক প্রশ্ন ঘুরে বেড়াচ্ছে, ওদের মুখ খোলান, কাদের প্রশ্রয়ে 'রায়' এত প্রভাবশালী? জানতে চান সুখেন্দুশেখর রায়।CBI must act fairly . Custodial interrogation of Ex Principal and Police Commissioner is a must to know who and why floated suicide story.Why wall of hall demolished, who patronised Roy to be so powerful, Why sniffer dog used after 3 days.100s of such questions. Make them speak— Sukhendu Sekhar Ray (@Sukhendusekhar) August 17, 2024আরও পড়ুন, আরজি কর-কাণ্ডের জের, 'কেন্দ্রকে ২ ঘণ্টা অন্তর রিপোর্ট দিতে হবে', বার্তা শাহের মন্ত্রকেরআর জি কর কাণ্ডে মধ্যরাতে একের পর এক প্রশ্ন খোদ তৃণমূল সাংসদের। সিবিআইয়ের কাছে স্বচ্ছ্বতার সঙ্গে তদন্তের আবেদন সুখেন্দুশেখর রায়ের। আপনার পছন্দের খবর আর আপডেট এখন পাবেন আপনার পছন্দের চ্যাটিং প্ল্যাটফর্ম হোয়াটস অ্যাপেও। যুক্ত হোন ABP Ananda হোয়াটস অ্যাপ চ্যানেলে",2024-08-17 19:48:24,https://feeds.abplive.com/onecms/images/uploaded-images/2024/08/18/94ba447f333feaadfedffc4325f7441c1723923862778223_original.jpg,abplive,1.1909561098720412e-24,4,8,88,2,14
33,Newsdata,https://tv9bangla.com/india/bachcha-hai-andar-woman-screaming-as-biker-attacks-car-1110896.html,"Viral Video: ‘ভিতরে বাচ্চা রয়েছে’, আতঙ্কে চিৎকার মহিলার, দেখুন ভিডিয়ো",Viral Video: ওই যুবক গাড়ির বনেটে চাপ দিয়ে ওয়াইপার ভেঙে ফেলে। এবং তা দিয়ে উইন্ডস্ক্রিনে আঘাত করে। আতঙ্কে চিৎকার করে উঠেন মহিলা। কান্নার আওয়াজ পাওয়া যায় শিশুরও।,2024-08-20 18:39:41,https://images.tv9bangla.com/wp-content/uploads/2024/08/Bengaluru-case.jpeg,tv9bangla,5.2143705531985146e-179,1,1,129,1,9
34,Newsdata,https://tv9bangla.com/india/mans-careless-matchstick-disposal-sparks-fire-shops-vehicles-gutted-1111202.html,"smoker’s beedi break sparked fire: বিড়ি ধরাতে জ্বাললেন দেশলাই কাঠি, মুহূর্তেই ছাই...",Smoker's beedi break sparked fire: কথা বলতে বলতে এক ব্যক্তি বিড়ি ধরাতে দেশলাই কাঠি জ্বাললেন। বিড়ি ধরিয়ে দেশলাই কাঠিটা সামনে ফেলে দিলেন। তৎক্ষণাৎ দাউদাউ করে জ্বলে উঠল রাস্তা। হতচকিত হয়ে গেলেন তাঁরা। প্রাণ বাঁচাতে দৌড়লেন। দেখতে দেখতে আগুন এগিয়ে গেল মোটরবাইকের দিকে। মোটরবাইকে আগুন লেগে গেল। একজন সেই মোটরবাইকের আগুন নেভানোর চেষ্টা করলেন।,2024-08-21 15:20:50,https://images.tv9bangla.com/wp-content/uploads/2024/08/fire.jpg,tv9bangla,1.0,0,1,178,0,2
35,Newsdata,https://odishatv.in/news/odisha/11-year-old-boy-dies-after-falling-into-open-drain-in-berhampur-242165,11-year-old boy dies after falling into open drain in Berhampur,"An 11-year-old boy named Sairam Patra died after falling into an open drain while returning from tuition at Laxminrusingh Sahi under Bada Baazar police limits in Berhampur. The incident, blamed on incessant rain causing the drain to overflow, occurred while he was on his bi-cycle. His body was recovered hours later at 2:30 am on Thursday.",2024-08-22 02:43:51,https://images.odishatv.in/uploadimage/library/16_9/16_9_4/default.svg,odishatv,0.9737573985789015,7,8,56,12,48
36,Newsdata,https://tv9gujarati.com/entertainment/the-director-of-the-diary-of-west-bengal-suddenly-went-missing-in-kolkata-kangana-ranaut-said-1079687.html,"‘ધ ડાયરી ઓફ વેસ્ટ બંગાળ’ના ડાયરેક્ટર અચાનક થયા ગાયબ, કંગના રનૌતે મમતા બેનર્જી પાસે માંગી મદદ",'ધ ડાયરી ઑફ વેસ્ટ બંગાળ'નું ટ્રેલર તાજેતરમાં જ રિલીઝ થયું હતું અને હવે ફિલ્મના ડિરેક્ટર અચાનક ગુમ થઈ ગયા છે. કંગના રનૌતે આ મામલો સોશિયલ મીડિયા પર ઉઠાવ્યો છે અને મમતા બેનર્જી પાસે મદદ માંગી છે.,2024-08-22 04:53:26,https://images.tv9gujarati.com/wp-content/uploads/2024/08/KANGNA-.jpg,tv9gujarati,1.0,1,27,447,0,8
37,Newsdata,https://odishatv.in/news/odisha/odisha-sim-box-racket-bangladeshi-mastermind-asadur-zaman-operating-boxes-from-dhaka-242193,Odisha SIM box racket: Bangladeshi mastermind Asadur Zaman operating boxes from Dhaka using smart switch,"According to Panda, Zaman founded a software company in Dhaka and he was directly operating the SIM Box centers at Bhubaneswar and Ranchi.",2024-08-22 08:09:56,https://images.odishatv.in/uploadimage/library/16_9/16_9_4/default.svg,odishatv,0.990059637151616,8,13,97,19,57
38,Newsdata,https://bengali.abplive.com/district/tmc-leader-abhishek-banerjee-demands-strict-laws-for-rape-cases-amid-rg-kar-case-row-1090641,"Abhishek Banerjee: 'ফাঁপা প্রতিশ্রুতি নয়, ধর্ষণ রুখতে পদক্ষেপ করুক রাজ্য', আরজি কর নিয়ে মন্তব্য অভিষেকের","কলকাতা: আর জি কর কাণ্ডে দলের অন্দরে অন্তর্ঘাতের ইঙ্গিত মিলেছে আগেই। বিশেষ করে অভিষেক বন্দ্যোপাধ্যায় কেন সক্রিয় ভূমিকায় নেই, প্রশ্ন তুলছেন তৃণমূল নেতৃত্বই। সেই আবহেই আর জি করের ঘটনা এবং দেশের সর্বত্র নারী নির্যাতনের ঘটনা নিয়ে আবারও মুখ খুললেন তৃণমূলের সর্বভারতীয় সাধারণ সম্পাদক। ধর্ষণের ঘটনায় নিয়ে রাজ্য সরকাকে পদক্ষেপ করতে হবে বলে মন্তব্য করলেন তিনি। (Abhishek Banerjee)বৃহস্পতিবার সোশ্যাল মিডিয়ায় নারী নির্যাতনের ঘটনা নিয়ে ফের সকলের নজর কাড়েন অভিষেক। তিনি লেখেন, 'গত ১০ দিনেরও বেশি সময় ধরে গোটা দেশ যখন আর জি করের ঘটনায় প্রতিবাদে নেমেছে, ন্যায় বিচার চাইছেন, সেই সময়ই দেশের বিভিন্ন প্রান্তে ৯০০ ধর্ষণের ঘটনা ঘটে গিয়েছে। এই জঘন্য অপরাধের বিরুদ্ধে যখন রাস্তায় প্রতিবাদে শামিল সাধারণ মানুষ, সেই সময়ই একের পর এক ঘটনা ঘটে গিয়েছে'। (RG Kar Case)কিন্তু এত আন্দোলন, প্রতিবাদের পরও স্থায়ী সমাধানের রাস্তা বেরোল না বলেও মন্তব্য করেন অভিষেক। তাঁর বক্তব্য,'দুঃখের বিষয়, স্থায়ী সমাধান বের করতে কোনও কথাই হচ্ছে না। রোজ ৯০টি ধর্ষণের ঘটনা ঘটে, প্রতি ঘণ্টায় চারটি এবং প্রতি ১৫ মিনিটে একটি। এমন পরিস্থিতিতে সিদ্ধান্তমূলক পদক্ষেপ অত্যন্ত জরুরি। ফাঁপা প্রতিশ্রুতি নয়, ৫০ দিনের মধ্যে বিচার ও কঠোর সাজার মতো আইনের প্রয়োজন রয়েছে'।Over the past 10 days, while the nation has been protesting against the #RGKarMedicalcollege incident and demanding justice, 900 RAPES have occurred across different parts of India - DURING THE VERY TIME WHEN PEOPLE WERE ON THE STREETS PROTESTING AGAINST THIS HORRIBLE CRIME.…— Abhishek Banerjee (@abhishekaitc) August 22, 2024আর জি করের ঘটনার আঁচ এখনও পর্যন্ত একটুও কমেনি। রাজ্যের বিভিন্ন প্রান্ত তো বটেই দেশের অন্যত্রও প্রতিবাদ, বিক্ষোভ চলছে। গত ১৪ অগাস্ট 'মেয়েদের রাত দখল' মিছিল বেরনোর পর থেকে প্রতিদিনই একাধিক মিছিল বের হচ্ছে। সেই আবহেও পশ্চিমবঙ্গ তথা দেশের অন্য রাজ্য থেকে একের পর এক ধর্ষণ, নারী নির্যাতনের ঘটনা উঠে আসছে। সেই নিয়েই এদিন সরব হলেন অভিষেক। তাঁর বক্তব্য, 'রাজ্য়ের সরকারগুলির উচিত পদক্ষেপ করা। দ্রুত ধর্ষণ বিরোধী আইন প্রণয়নে কেন্দ্রীয় সরকারকে চাপ দেওয়া হোক, যাতে দ্রুত বিচার হয়, কঠোর সাজা দেওয়া যায়। এক্ষেত্রে শিথিলতা হলে নেহাতই প্রতীকী এবং অকার্যকর হয়ে রয়ে যাবে সব। জেগে ওঠো ভারত'।তবে অভিষেকের এই মন্তব্য যথেষ্ট তাৎপর্যপূর্ণ বলেও মনে করছে রাজনৈতিক মহল। কারণ আর জি করের ঘটনায় রাজ্য যখন কোণঠাসা, তৃণমূলের তরফে রাস্তায় নেমে পরিস্থিতি সামাল দেওয়া চেষ্টা চলছে, সেখানে অভিষেককে কোথাও দেখা যায়নি। সোশ্যাল মিডিয়ায় ঘটনার নিন্দা করলেও, মমতা বন্দ্যোপাধ্যায়ের পাশে মিছিলে পা মেলাননি, দলের নেতা-নেত্রীদের সঙ্গেও দেখা যায়নি তাঁকে। এমন পরিস্থিতিতে তৃণমূলের অন্দর থেকেই অভিষেককে সম্মুখ ভাগে দেখতে চেয়ে দাবি ওঠে। কুণাল ঘোষ নিজে অভিষেককে সক্রিয় ভূমিকায় দেখতে চাওয়ার দাবি জানান, জেলাস্তর থেকেও সোশ্যাল মিডিয়ায় দাবি ওঠে অভিষেককে সম্মুখ ভাগে নিয়ে আসার। সেই আবহে যখন মুখ খুললেন অভিষেক, ধর্ষণ রোখার ক্ষেত্রে রাজ্যের ভূমিকার কথাই তুলে ধরলেন তিনি।",2024-08-22 08:09:29,https://feeds.abplive.com/onecms/images/uploaded-images/2024/08/22/aa287f32b978d6b0db29949f4e9f056b1724313788071338_original.jpg,abplive,1.0,0,5,154,0,13
59,Newsdata,https://odishatv.in/news/odisha/191-illegal-apartments-under-bda-to-be-razed-informs-odisha-minister-in-assembly-242590,"191 illegal apartments under BDA to be razed, informs Odisha Minister in Assembly","The Minister further informed that 1444 cases have been registered against illegal constructions, and apartments under Bhubaneswar Municipal Corporation (BMC) limits.",2024-08-27 08:24:13,https://images.odishatv.in/uploadimage/library/16_9/16_9_4/default.svg,odishatv,6.899158531194853e-83,0,5,47,1,21
83,Newsdata,https://bengali.abplive.com/district/mamata-again-writes-letter-to-modi-on-anti-rape-law-amid-rg-kar-issue-1092336,Mamata Modi Letter : RG কর আবহে মোদিকে আবার চিঠি মমতার...'স্পর্শকাতর বিষয়ে কোনও জবাব পেলাম না',"আশাবুল হোসেন, কলকাতা : আর জি কর-কাণ্ডের আবহে ফের একবার প্রধানমন্ত্রী নরেন্দ্র মোদিকে চিঠি দিলেন মুখ্যমন্ত্রী মমতা বন্দ্যোপাধ্যায়। 'রাতারাতি নোটবন্দি করতে পারলে ধর্ষণ বিরোধী আইন আসে না কেন?' গত বুধবার মেয়ো রোডের সভআ থেকে ধর্ষণের বিরুদ্ধে কড়া আইন আনার পক্ষে সওয়াল করেন অভিষেক বন্দ্যোপাধ্যায়। এরপরই মঞ্চে উঠে ১০ দিনের মধ্যে বিধানসভায় বিল পাস করানোর কথা বলেন মুখ্যমন্ত্রী মমতা বন্দ্যোপাধ্যায়। এরপরই ২ দিন বাদ দিয়েই মোদিকে দ্বিতীয় চিঠি দিলেন মমতা। 'দাবি এক, দফা এক, ধর্ষণ বিরোধী আইন' স্লোগান তোলেন অভিষেক। বুধবার, মুখ্যমন্ত্রী বলেছিলেন, 'আমি আগামী সপ্তাহে বিধানসভার অধিবেশন ডাকব, বিধানসভায় স্পিকারকে বলে এবং আমরা পশ্চিমবঙ্গ বিধানসভা থেকে আগামী ১০ দিনের মধ্যে, ফাঁসি, ধর্ষকের ফাঁসি চাই এই বিল আমরা পাস করে রাজ্যপালের কাছে পাঠাব' ফের একবার ধর্ষণের মতো অপরাধে কঠোরতম ও দৃষ্টান্তমূলক শাস্তির আইন চেয়ে চিঠি লেখেন মমতা। এই নিয়ে মোদিকে দ্বিতীয়বার চিঠি লিখলেন তিনি। সূত্রের খবর, এর আগে ২২ অগাস্ট মুখ্যমন্ত্রী চিঠ দিয়েছিলেন মমতাকে। সেই চিঠির উত্তর না পেয়েই দ্বিতীয় চিঠি লেখেন মুখ্যমন্ত্রী।মুখ্যমন্ত্রী জানান, '২২ অগাস্ট প্রথম চিঠি লিখেছিলেন, কিন্তু এই ধরনের স্পর্শকাতর বিষয়ে কোনও জবাব পেলাম না'। তাই আবার এই চিঠি লিখেছেন মুখ্যমন্ত্রী। গত ২২ অগাস্ট একটি চিঠিতে মমতা লেখেন 'গোটা দেশে ধর্ষণের ঘটনা বেড়ে চলেছে। কিছু ক্ষেত্রে ধর্ষণের পর খুনও করা হচ্ছে। এ নিয়ে যে পরিসংখ্যা উঠে আসছে, তা ভয়ঙ্কর। পরিসংখ্যান বলছে, প্রতিদিন দেশে ৯০টি করে ধর্ষণের ঘটনা ঘটে। এতে গোটা দেশ এবং সমাজের বিবেকবোধ এবং আত্মবিশ্বাসও কেঁপে উঠেছে। আমাদের সকলের কর্তব্য এই অপরাধে ইতি টানা, যাতে দেশের মহিলারা নিরাপদ এবং সুরক্ষিত বোধ করেন'। কিন্তু এই চিঠির কোনও উত্তর পাননি তিনি। তাই এই নতুন চিঠি। আপনার পছন্দের খবর আর আপডেট পাবেন আপনার পছন্দের চ্যাটিং প্ল্যাটফর্ম হোয়াটস অ্যাপেও। যুক্ত হোন ABP Ananda হোয়াটস অ্যাপ চ্যানেলে।আরও পড়ুন: RG Kar Viral Audio Clip: ছিটেফোঁটা সমবেদনাও নেই গলায়, এভাবে দুঃসংবাদ দেয় কেউ? RG কর ভাইরাল অডিও নিয়ে প্রশ্ন মনোবিদদেরI have written this letter to the Hon'ble Prime Minister of India in connection with an earlier letter of mine to him. This is a second letter in that reference. pic.twitter.com/5GXKaX6EOZ— Mamata Banerjee (@MamataOfficial) August 30, 2024",2024-08-30 08:26:34,https://feeds.abplive.com/onecms/images/uploaded-images/2024/08/30/287eeee3ed7b475f61dacd9490a2ec44172500636033753_original.png,abplive,1.1033422475497035e-131,0,6,223,2,9
40,Newsdata,https://bengali.abplive.com/videos/news/rg-kar-doctors-death-cbi-advocates-allegation-in-supreme-court-and-sc-doubt-that-information-may-theft-1090807,RG Kar Case: RG করে 'খুনের জায়গায়' তথ্যপ্রমাণ লোপাটের আশঙ্কা প্রকাশ সুপ্রিম কোর্টের,"RG Kar Doctors Death : আর জি কর-কাণ্ডের তদন্তে সমস্যার সম্মুখীন হতে হচ্ছে, অপরাধের জায়গা আগের মতো নেই। তার চরিত্র বদলে গেছে।সুপ্রিম কোর্টে চাঞ্চল্যকর এই অভিযোগ করলেন সিবিআইয়ের আইনজীবী। খুনের জায়গায় তথ্যপ্রমাণ লোপাট করার আশঙ্কা প্রকাশ করল সুপ্রিম কোর্টও। ABP Ananda LIVE #ABPAnanda #BanglaNews #BanglaNewsLive #ABPAnandaBengaliNews #ABPAnandaDigital #ABPAnandaLive #এবিপিআনন্দ #এবিপিআনন্দলাইভ #বাংলাখবরSubscribe to our YouTube channel here: https://www.youtube.com/user/abpanandatvএবিপি আনন্দ সম্পর্কে :ABP আনন্দ বাংলা ও বাঙালির সবথেকে নির্ভরযোগ্য সংবাদমাধ্যম। জেলা থেকে জেলা, রাজ্য থেকে দেশ, আবার সীমানা পেরিয়ে আন্তর্জাতিক - সবসময় সব খবর সবার আগে নির্ভুলভাবে তুলে ধরাই আমাদের লক্ষ্য। এগিয়ে থাকে এগিয়ে রাখে।About Channel:ABP Ananda is a regional news hub that provides you with comprehensive up-to-date news coverage from West Bengal and all over India and World. Get the latest top stories, current affairs, sports, business, entertainment, politics, spirituality, and many more here only on ABP Ananda.ABP Ananda maintains the repute of being a people's channel. Its cutting-edge formats, state-of-the-art newsrooms commands the attention of million of Bengalis weekly.Download ABP App for Apple: https://itunes.apple.com/in/app/abp-l...Download ABP App for Android: https://play.google.com/store/apps/de...Social Media Handles (আমাদের অন্যান্য হ্যান্ডেলগুলি):Website:http://bengali.abplive.comFacebook: https://www.facebook.com/abpanandaTwitter: https://twitter.com/abpanandatvGoogle+: https://plus.google.com/+abpanandaInstagram: https://www.instagram.com/abpanandatv/Telegram : https://t.me/abpanandaofficialKoo : https://www.kooapp.com/feed",2024-08-23 02:11:10,https://feeds.abplive.com/onecms/images/uploaded-images/2024/08/23/61de883339b299f04510a7cf0dbd29621724378975200484_original.jpg,abplive,2.267738148982225e-49,3,22,128,3,7
41,Newsdata,https://bengali.abplive.com/videos/district/rg-kar-doctors-death-mystery-murder-case-chief-justice-questioned-why-fir-filed-after-14-hours-1090818,RG Kar Case: RG করে মৃতদেহ উদ্ধারের ১৪ ঘণ্টা পর কেন FIR ? প্রশ্ন প্রধান বিচারপতির,"RG Kar Doctors Death Mystery Murder Case : ঘটনার পর অধ্যক্ষেরই তো অবিলম্বে FIR করা উচিত ছিল। কিন্তু তিনি তা করেননি কেন? ওই সময় অধ্যক্ষের সঙ্গে কে যোগাযোগে ছিলেন? আর জি কর মামলার শুনানিতে প্রশ্ন তুলল সর্বোচ্চ আদালত। প্রধান বিচারপতির প্রশ্ন, মৃতদেহ উদ্ধারের ১৪ ঘণ্টা পর কেন FIR করা হল? উদ্দেশ্য কী ছিল? ABP Ananda LIVE #ABPAnanda #BanglaNews #BanglaNewsLive #ABPAnandaBengaliNews #ABPAnandaDigital #ABPAnandaLive #এবিপিআনন্দ #এবিপিআনন্দলাইভ #বাংলাখবরSubscribe to our YouTube channel here: https://www.youtube.com/user/abpanandatvএবিপি আনন্দ সম্পর্কে :ABP আনন্দ বাংলা ও বাঙালির সবথেকে নির্ভরযোগ্য সংবাদমাধ্যম। জেলা থেকে জেলা, রাজ্য থেকে দেশ, আবার সীমানা পেরিয়ে আন্তর্জাতিক - সবসময় সব খবর সবার আগে নির্ভুলভাবে তুলে ধরাই আমাদের লক্ষ্য। এগিয়ে থাকে এগিয়ে রাখে।About Channel:ABP Ananda is a regional news hub that provides you with comprehensive up-to-date news coverage from West Bengal and all over India and World. Get the latest top stories, current affairs, sports, business, entertainment, politics, spirituality, and many more here only on ABP Ananda.ABP Ananda maintains the repute of being a people's channel. Its cutting-edge formats, state-of-the-art newsrooms commands the attention of million of Bengalis weekly.Download ABP App for Apple: https://itunes.apple.com/in/app/abp-l...Download ABP App for Android: https://play.google.com/store/apps/de...Social Media Handles (আমাদের অন্যান্য হ্যান্ডেলগুলি):Website:http://bengali.abplive.comFacebook: https://www.facebook.com/abpanandaTwitter: https://twitter.com/abpanandatvGoogle+: https://plus.google.com/+abpanandaInstagram: https://www.instagram.com/abpanandatv/Telegram : https://t.me/abpanandaofficialKoo : https://www.kooapp.com/feed",2024-08-23 03:14:56,https://feeds.abplive.com/onecms/images/uploaded-images/2024/08/23/5b841908108d045ea997a00ea4c95b931724382846385484_original.jpg,abplive,1.750982472808679e-49,3,22,139,3,8
42,Newsdata,https://www.catchnews.com/india-news/maharashtra-42-year-old-teacher-held-for-allegedly-sexually-harassing-13-year-old-in-puna-rural-253407.html,Maharashtra: 42-year-old teacher held for allegedly sexually harassing 13-year-old in Puna Rural,Pune Maharashtra A -year-old teacher allegedly sexually harassed a -year-old female student by sending obscene messages on WhatsApp chat and inappropriately touching the girl while in school in a village in Daund tehsil of Pune Rural The Pune Rural Police has arrested the teacher along with the headmaster of the school The police took a suo moto cognizance of the incident on Thursday and a senior police official visited the girl's village to verify the facts The police immediately registered a case after receiving a formal complaint from the victim's parents said Pune Rural Police SP Pankaj Deshmukh The Police,2024-08-23 04:44:45,http://images.catchnews.com/upload/2021/08/30/minorboysexuallyassault_253407_730x419.jpg,catchnews,9.587232349638923e-27,8,12,77,2,29
43,Newsdata,https://tv9kannada.com/karnataka/tumakuru/bengaluru-dharwad-vande-bharat-train-also-stops-at-tamkur-kannada-news-vkb-888448.html,"ಬೆಂಗಳೂರು-ಧಾರವಾಡ ವಂದೇ ಭಾರತ್​ ರೈಲು ತಮಕೂರಲ್ಲೂ ನಿಲ್ಲುತ್ತೆ, ವೇಳಾಪಟ್ಟಿ ಇಲ್ಲಿದೆ",ಮೊದಲ ಬಾರಿಗೆ ಲೋಕಸಭೆಗೆ ಆಯ್ಕೆಯಾಗಿರುವ ವಿ. ಸೋಮಣ್ಣ ಅವರು ಮೋದಿ ಸಂಪುಟದಲ್ಲಿ ಸಚಿವರಾಗಿದ್ದಾರೆ. ಸಚಿವ ವಿ. ಸೋಮಣ್ಣ ಅವರು ತಮ್ಮ ತಮಕೂರು ಕ್ಷೇತ್ರದ ಜನತೆಗೆ ಸಿಹಿ ಸುದ್ದಿ ನೀಡಿದ್ದಾರೆ. ಧಾರವಾಡ-ಬೆಂಗಳೂರು ವಂದೇ ಭಾರತ್​ ರೈಲು ತುಮಕೂರಲ್ಲೂ ನಿಲ್ಲುತ್ತೆ.,2024-08-23 04:22:35,https://images.tv9kannada.com/wp-content/uploads/2024/08/vande-bharat-dharwad-to-bangalore.jpg,tv9kannada,1.0692214561636684e-25,0,19,138,0,4
44,Newsdata,https://tv9kannada.com/karnataka/hd-kumaraswamy-wishes-to-isro-scientists-and-engineers-on-occasion-of-national-space-day-2024-kannada-news-vkb-888419.html,"National Space Day 2024: ಇಸ್ರೋದ ವಿಜ್ಞಾನಿ, ಇಂಜಿನಿಯರ್ಸ್​​ಗೆ ಶುಭಕೋರಿದ ಕುಮಾರಸ್ವಾಮಿ",ಭಾರತದ ಮಹತ್ವಾಕಾಂಕ್ಷಿ ಯೋಜನೆ ಚಂದ್ರಯಾನ-3 ಯಶಸ್ಸಿಗಾಗಿ ಪ್ರಧಾನಿ ನರೇಂದ್ರ ಮೋದಿಯವರು ಆಗಸ್ಟ್​ 23 ಅನ್ನು ರಾಷ್ಟ್ರೀಯ ಬಾಹ್ಯಾಕಾಶ ದಿನಾಚಾರಣೆ ಎಂದು ಘೋಷಿಸಿದ್ದಾರೆ. ರಾಷ್ಟ್ರೀಯ ಬಾಹ್ಯಾಕಾಶ ದಿನಾಚರಣೆ ಅಂಗವಾಗಿ ಕೇಂದ್ರ ಸಚಿವ ಹೆಚ್​ಡಿ ಕುಮಾರಸ್ವಾಮಿ ಟ್ವೀಟ್​ ಮಾಡಿ ಶುಭಾಶಯ ತಿಳಿಸಿದ್ದಾರೆ.,2024-08-23 03:49:20,https://images.tv9kannada.com/wp-content/uploads/2024/08/h.d.kumaraswamy-1.jpg,tv9kannada,2.7636190161112904e-141,0,20,159,1,9
45,Newsdata,https://bengali.abplive.com/videos/district/hooghly-jayanta-dule-wins-12-lakh-in-kbc-1090821,"Hooghly News: অভাবকে বুড়ো আঙুল দেখিয়ে স্বপ্নপূরণ, KBC-তে বাজিমাত হুগলির জয়ন্তর","Kaun Banega Crorepati 16: নিতান্তই দরিদ্র পরিবারের ছেলে। অভাব তাঁর নিত্যসঙ্গী, এবার স্বপ্নপূরণ করলেন 'কৌন বনেগা ক্রোড়পতি'র মঞ্চে। প্রায় সাড়ে ১২ লক্ষ টাকা জিতলেন হুগলির গোঘাটের জয়ন্ত।অমিতাভ বচ্চন সঞ্চালিত জনপ্রিয় ক্যুইজ শো 'কৌন বনেগা ক্রোড়পতি'র ষোড়শ মরশুম চলছে। এবার সেখানে পৌঁছে নিজের স্বপ্নপূরণ করলেন হুগলির গোঘাটের বাসিন্দা জয়ন্ত দুলে। জিতলেন প্রায় সাড়ে ১২ লক্ষ টাকা। ABP Ananda LIVE #ABPAnanda #BanglaNews #BanglaNewsLive #ABPAnandaBengaliNews #ABPAnandaDigital #ABPAnandaLive #এবিপিআনন্দ #এবিপিআনন্দলাইভ #বাংলাখবরSubscribe to our YouTube channel here: https://www.youtube.com/user/abpanandatvএবিপি আনন্দ সম্পর্কে :ABP আনন্দ বাংলা ও বাঙালির সবথেকে নির্ভরযোগ্য সংবাদমাধ্যম। জেলা থেকে জেলা, রাজ্য থেকে দেশ, আবার সীমানা পেরিয়ে আন্তর্জাতিক - সবসময় সব খবর সবার আগে নির্ভুলভাবে তুলে ধরাই আমাদের লক্ষ্য। এগিয়ে থাকে এগিয়ে রাখে।About Channel:ABP Ananda is a regional news hub that provides you with comprehensive up-to-date news coverage from West Bengal and all over India and World. Get the latest top stories, current affairs, sports, business, entertainment, politics, spirituality, and many more here only on ABP Ananda.ABP Ananda maintains the repute of being a people's channel. Its cutting-edge formats, state-of-the-art newsrooms commands the attention of million of Bengalis weekly.Download ABP App for Apple: https://itunes.apple.com/in/app/abp-l...Download ABP App for Android: https://play.google.com/store/apps/de...Social Media Handles (আমাদের অন্যান্য হ্যান্ডেলগুলি):Website:http://bengali.abplive.comFacebook: https://www.facebook.com/abpanandaTwitter: https://twitter.com/abpanandatvGoogle+: https://plus.google.com/+abpanandaInstagram: https://www.instagram.com/abpanandatv/Telegram : https://t.me/abpanandaofficialKoo : https://www.kooapp.com/feed",2024-08-23 03:33:47,https://feeds.abplive.com/onecms/images/uploaded-images/2024/08/23/0c8bf314119c84b77d6df9bab30fd3471724384772011484_original.jpg,abplive,2.0185700298793027e-47,3,19,135,3,8
46,Newsdata,https://punjabi.abplive.com/videos/district/chandigarh-punjab-governor-gulab-chand-kataria-admitted-to-udaipur-hospital-after-he-complains-of-uneasiness-816060,ਰਾਜਪਾਲ ਗੁਲਾਬਚੰਦ ਕਟਾਰੀਆ ਦੀ ਸਿਹਤ ਵਿਗੜੀ | Punjab Governor Gulab Chand Kataria admitted in hospital',ਰਾਜਪਾਲ ਗੁਲਾਬਚੰਦ ਕਟਾਰੀਆ ਦੀ ਸਿਹਤ ਵਿਗੜੀ | Punjab Governor Gulab Chand Kataria admitted in hospital'Punjab Governor Gulab Chand Kataria admitted to Udaipur hospital after he complains of uneasinessਰਾਜਪਾਲ ਗੁਲਾਬਚੰਦ ਕਟਾਰੀਆ ਦੀ ਸਿਹਤ ਵਿਗੜੀ ਦੇਰ ਰਾਤ ਹੋਈ ਛਾਤੀ ਵਿੱਚ ਦਰਦ ਦੀ ਸ਼ਿਕਾਇਤਰਾਜਪਾਲ ਗੁਲਾਬਚੰਦ ਕਟਾਰੀਆ ਦਾ ਬਲੱਡ ਪ੍ਰੈਸ਼ਰ ਹੋਇਆ ਹਾਈਕਰੀਬ ਪੂਰੀ ਰਾਤ ਕਟਾਰੀਆ ਡਾਕਟਰਾਂ ਦੀ ਨਿਗਰਾਨੀ ਵਿੱਚ ਰਹੇਸਿਹਤ 'ਚ ਸੁਧਾਰ ਹੋਣ 'ਤੇ ਮਿਲੀ ਹਸਪਤਾਲ ਤੋਂ ਛੁੱਟੀ ਡਾਕਟਰਾਂ ਵਲੋਂ ਆਰਾਮ ਕਰਨ ਦੀ ਸਲਾਹਪੰਜਾਬ ਦੇ ਰਾਜਪਾਲ ਗੁਲਾਬਚੰਦ ਕਟਾਰੀਆ ਦੀ ਸਿਹਤ ਵਿਗੜਨ ਦੀਆਂ ਖਬਰਾਂ ਸਾਹਮਣੇ ਆ ਰਹੀਆਂ ਹਨ |ਕਟਾਰੀਆਂ ਇੰਨ੍ਹੀ ਦਿਨੀਂ ਮੇਵਾੜ ਦੇ ਟੂਰ 'ਤੇ ਹਨਦੱਸਿਆ ਜਾ ਰਿਹਾ ਹੈ ਕਿ ਦੇਰ ਰਾਤ ਛਾਤੀ ਵਿੱਚ ਦਰਦ ਦੀ ਸ਼ਿਕਾਇਤ ਤੋਂ ਬਾਅਦ ਉਹਨਾਂ ਨੂੰ ਤੁਰੰਤ ਉਦੈਪੁਰ ਦੇ ਐਮਬੀ ਹਸਪਤਾਲ ਲਿਜਾਇਆ ਗਿਆ। ਜਿਥੇ ਉਨ੍ਹਾਂ ਨੂੰ ਕੁਝ ਸਮਾਂ ਕਾਰਡੀਓਲਾਜੀ ਆਈਸੀਯੂ ਵਿੱਚ ਰੱਖਿਆ ਗਿਆ |ਡਾਕਟਰੀ ਰਿਪੋਰਟਾਂ ਮੁਤਾਬਕ ਰਾਜਪਾਲ ਗੁਲਾਬਚੰਦ ਕਟਾਰੀਆ ਦਾ ਬਲੱਡ ਪ੍ਰੈਸ਼ਰ ਹਾਈ ਹੋ ਗਿਆ ਸੀ |ਜਿਸ ਕਾਰਨ ਉਨ੍ਹਾਂ ਦੀ ਤਬੀਅਤ ਨਾਸਾਜ਼ ਹੋ ਗਈ | ਕਰੀਬ ਪੂਰੀ ਰਾਤ ਕਟਾਰੀਆ ਡਾਕਟਰਾਂ ਦੀ ਨਿਗਰਾਨੀ ਵਿੱਚ ਰਹੇ।ਹਾਲਾਂਕਿ ਇਲਾਜ਼ ਤੋਂ ਬਾਅਦ ਸਿਹਤ ਚ ਸੁਧਾਰ ਹੋਣ ਤੇ ਡਾਕਟਰਾਂ ਨੇ ਉਨ੍ਹਾਂ ਨੂੰ ਹਸਪਤਾਲ ਤੋਂ ਛੁੱਟੀ ਦੇ ਦਿੱਤੀ।ਤੇ ਹੁਣ ਉਨ੍ਹਾਂ ਦੀਆਂ ਬਲੱਡ ਪ੍ਰੈਸ਼ਰ ਅਤੇ ਈਸੀਜੀ ਸਮੇਤ ਹੋਰ ਟੈਸਟਾਂ ਦੀਆਂ ਰਿਪੋਰਟਾਂ ਨਾਰਮਲ ਆਈਆਂ ਹਨ |ਤੇ ਡਾਕਟਰਾਂ ਨੇ ਉਨ੍ਹਾਂ ਨੂੰ ਆਰਾਮ ਕਰਨ ਦੀ ਸਲਾਹ ਦਿੱਤੀ ਹੈ |,2024-08-23 09:30:44,https://feeds.abplive.com/onecms/images/uploaded-images/2024/08/23/df84fdf69dba95d55a2cb5ed938701c31724405427428673_original.jpg,abplive,1.900005925319536e-158,0,2,103,1,2
47,Newsdata,https://www.assamtv9.com/india/jammu-and-kashmir-assembly-polls-2024-pdp-supremo-mehbooba-mufti-release-party-manifesto-in-srinagar-2057589.html,জম্মু-কাশ্মীৰলৈ পুনৰ বিশেষ ৰাজ্যৰ মৰ্যদা ঘূৰাই অনাৰ প্ৰতিপ্ৰুতি ! ইস্তাহাৰ প্ৰকাশ কৰি আৰু কি কি প্ৰতিশ্ৰুতি দিলে পিডিপিয়ে ?,"Jammu and Kashmir Assembly Polls 2024: জম্মু-কাশ্মীৰৰ বিশেষ ৰাজ্যৰ মৰ্যদা পুনৰুদ্ধাৰৰ প্ৰতিশ্ৰুতি প্ৰদান কৰি আজি শনিবাৰে বিধানসভা নিৰ্বাচনৰ ইস্তাহাৰ প্ৰকাশ কৰে পিডিপিয়ে। পিডিপিৰ এই ইস্তাহাৰত কেৱল জম্মু-কাশ্মীৰৰ বিশেষ ৰাজ্যৰ মৰ্যদা পুনৰুদ্ধাৰৰ প্ৰতিশ্ৰুতিয়েই নহয়, ভাৰত আৰু পাকিস্তানৰ মাজত কূটনৈতিক পদক্ষেপৰ পোষকতা কৰাৰো প্ৰতিশ্ৰুতি প্ৰদান কৰিছে পিডিপিয়ে ।",2024-08-24 12:23:00,https://images.assamtv9.com/uploads/2024/08/PDP.jpg,assamtv9,1.0032998038378273e-98,0,5,103,1,2
48,Newsdata,https://odishatv.in/news/odisha/protest-erupts-in-bhubaneswar-for-cbi-inquiry-into-swami-laxmanananda-saraswati-murder-242380,Protest erupts in Bhubaneswar for CBI inquiry into Swami Laxmanananda Saraswati murder,"Members of various Sanatani organizations gathered in Bhubaneswar, demanding a CBI investigation into the murder of Swami Laxmanananda Saraswati. Protestors marched towards the Odisha Assembly on Mahatma Gandhi Road, with some threatening drastic measures if their demands were not met.",2024-08-24 11:50:53,https://images.odishatv.in/uploadimage/library/16_9/16_9_4/default.svg,odishatv,0.06429268854484332,8,15,76,11,50
49,Newsdata,https://tv9kannada.com/karnataka/bengaluru/anuradha-tiwari-bramin-genes-gone-viral-in-social-media-x-kannada-news-vkb-889918.html,ಸಾಮಾಜಿಕ ಮಾಧ್ಯಮದಲ್ಲಿ ಜಾತಿಯತೆಯ ಬಗ್ಗೆ ಚರ್ಚೆ ಹುಟ್ಟು ಹಾಕಿದ “ಬ್ರಹ್ಮಿನ್​ ಜೀನ್ಸ್”​ ಪೋಸ್ಟ್,"ಬೆಂಗಳೂರು ಮೂಲದ ಮಹಿಳಾ ಉದ್ಯಮಿಯೊಬ್ಬರು ಸಾಮಾಜಿಕ ಮಾಧ್ಯಮ ಎಕ್ಸ್​ನಲ್ಲಿ ಹಾಕಿದ ಒಂದು ಪೋಸ್ಟ್​​ ಜಾತಿಯತೆಯ ಬಗ್ಗೆ ಪರ-ವಿರೋಧದ ಬಗ್ಗೆ ಚರ್ಚೆ, ಟೀಕೆಯನ್ನು ಹುಟ್ಟು ಹಾಕಿದೆ. ಯಾವುದು ಆ ಪೋಸ್ಟ್​ ಇಷ್ಟೊಂದು ವಿವಾದವಾಗಲು ಕಾರಣವೇನು? ಇಲ್ಲಿದೆ ಓದಿ.",2024-08-25 09:27:21,https://images.tv9kannada.com/wp-content/uploads/2024/08/anuradha-tiwari.jpg,tv9kannada,4.014957445973886e-23,3,31,214,8,19
50,Newsdata,https://www.assamtv9.com/world/pakistan-invites-pm-modi-for-sco-meet-in-october-amid-tensions-2057726.html,পাকিস্তানলৈ যাব নেকি প্ৰধানমন্ত্ৰী মোদী? SCO বৈঠকৰ বাবে নিমন্ত্ৰণ জনালে শ্বেহবাজ শ্বৰীফে,১৫-১৬ অক্টোবৰত পাকিস্তানে ইছলামাবাদত আয়োজন কৰিছে এছচিঅ’ৰ বৈঠক । শ্বাহবাজ শ্বৰীফে প্ৰধানমন্ত্ৰী মোদীক এই বৈঠকত উপস্থিত থাকিবলৈ আমন্ত্ৰণ জনাইছে। এই বৈঠকখন সকলো সদস্য দেশতে আয়োজন কৰা হয়। এইবাৰ ইয়াৰ দায়িত্ব পাকিস্তানক দিয়া হৈছে।,2024-08-25 10:28:00,https://images.assamtv9.com/uploads/2024/08/shehbaz-sharif-pm-modi-2-1.webp,assamtv9,1.0,2,5,89,0,8
51,Newsdata,https://tv9bangla.com/india/congress-office-bearer-praveen-chakravarty-welcomes-centres-new-pension-scheme-ups-1112664.html,"Unified Pension Scheme: ‘দূরদর্শী সিদ্ধান্ত’, কেন্দ্রের নতুন পেনশন প্রকল্পকে স্বাগত জানালেন কংগ্রেসের তথ্য বিশ্লেষক",Unified Pension Scheme: শনিবার প্রধানমন্ত্রী নরেন্দ্র মোদীর নেতৃত্বে মন্ত্রিসভার বৈঠকে নতুন পেনশন প্রকল্পকে অনুমোদন দেওয়া হয়। আগামী বছরের ১ এপ্রিল থেকে এই প্রকল্প চালু হবে। নতুন প্রকল্প চালু হলে ২৩ লক্ষ কেন্দ্রীয় সরকারি কর্মচারী উপকৃত হবেন। তবে কেন্দ্রীয় সরকারি কর্মচারী নতুন এই প্রকল্প এবং এনপিএসের মধ্যে যেকোনও একটা বেছে নিতে পারবেন।,2024-08-25 14:30:39,https://images.tv9bangla.com/wp-content/uploads/2024/08/Praveen-Chakravarty.jpg,tv9bangla,1.0,3,13,186,0,14
60,Newsdata,https://tamil.abplive.com/news/tiruvannamalai/tiruvannamalai-news-300-years-ago-the-discovery-of-the-inscription-of-the-leader-who-built-the-dharma-chatram-for-the-people-tnn-198275,300 ஆண்டுக்கு முன் மக்களுக்காக தர்ம சத்திரம் கட்டிய தலைவன் கல்வெட்டு கண்டுபிடிப்பு,"திருவண்ணாமலை மாவட்ட வரலாற்று ஆய்வு நடுவத்தினைச் சேர்ந்த ச.பாலமுருகன், சி. பழனிசாமி, தண்டராம்பட்டு ஸ்ரீதர் ஆகியோர்கள் கள ஆய்வு செய்யும் போது திருவண்ணாமலை அடுத்த தச்சம்பட்டு கிராமத்தில் 3 கல்வெட்டுகள் கண்டறியப்பட்டது. இதுகுறித்து மாவட்ட வரலாற்று ஆய்வு நடுவத்தினைச் சேர்ந்த ச.பாலமுருகனிடம் பேசுகையில், இந்த மூன்று கல்வெட்டுகள் ஒரு கலவையான, அதே நேரம் சுவாரஸ்யமான பல செய்திகளை தருகின்றது. தச்சம்பட்டு முருகன் கோயில் அருகே உள்ள குளத்தின் கரையில் இரண்டு கல்வெட்டுகளில் ஒன்று ஒரு குறுநில தலைவனும் அவருடைய மனைவியும் உள்ள சிற்பம் அதன் கீழ் 3 வரிக்கல்வெட்டு, அருகில் உள்ள பலகையில் மற்றொரு கல்வெட்டு, மணலூர்பேட்டை சாலையின் ஓரம் ஒரு ஆங்கில கல்வெட்டு இருந்தது. இந்த கல்வெட்டுகளில் குறுநில தலைவன் என்று கருதப்படுகிற ஆண்,பெண் உள்ள சிற்பம் கீழ் உள்ள கல்வெட்டில், மனலூர்ப்பேட்டையிலிருக்கும் கெங்கை கோத்திறம் என்று உள்ளது. அருகில் உள்ள பலகைக்கல்வெட்டில் கிருஷ்ணப்ப நாயக்கர், பெண் ஜாதி சூப்பச்சியம்மனுக்காக பச்சையம்மாள் மகன் முனியகண்ணன் கொளமும் தற்ம சத்திரமும் கட்டியதாக குறிப்பிடுகிறது. 350 ஆண்டுகள் பழமையான கல்வெட்டு கண்டுபிடிப்பு இந்த இரண்டு கல்வெட்டுகளும் சுமார் 350 ஆண்டுகள் பழமையானதாக இருக்கலாம். சாலையின் அருகில் உள்ள ஆங்கில கல்வெட்டையும் படியெடுத்தபோது அதில், KNAPP REST HOUSE for Travellers & Animals in honour of Our popular Collector A.R. KNAPP Esqn ICS நாப்பு துரை விடுதி - என்று பொறிக்கப்பட்டுள்ளது. இதுதொடர்பாக ஆய்வு செய்ததில் நாப்பு துரை என்பவர் அப்போதைய தென்னார்காடு மாவட்டத்தின் மாவட்ட ஆட்சியர் (1909-1910) அவர் இங்கிலாந்தில் உல்ஸ்டனில் 1870 இல் பிறந்தவர். மாவட்ட ஆட்சியர் உட்பட் பல்வேறு பணிகளை இந்தியாவில் செய்து வருவாய் துறை (Board of Revenue) இல் செயலாளராக இருந்தார். மெட்ராஸ் எம்.எல்.சி யாக இருந்தவர் இறுதியாக 1954 இல் இறந்துபோனார். இவர் காலத்தில் பல்வேறு நலத்திட்டங்கள் மக்களுக்கு வகுத்துள்ளார் போலும் அதனால்தான் அவரை இங்கு போற்றும் விதமாக கல்வெட்டு பொறிக்கப்பட்டுள்ளது. நாப்பு துரை இந்த கல்வெட்டில் திருவண்ணாமலையில் இருந்து மணலூர் பேட்டை வழியாக செல்லும் பயணிகளின் நலனுக்காக தங்குமிடத்தை கட்டியுள்ளார். அதில் குறிப்பிடத்தக்க செய்தி வெறும் பயணிகளுக்கு மட்டுமல்லாமல் விலங்குகளுக்கும் அந்த தங்குமிடத்தில் இடமுண்டு. இது அந்த மாவட்ட ஆட்சியர் தர்ம செயல்பாட்டை எடுத்துரைக்கிறது.LIVE | Kerala Lottery Result Today (27.08.2024): கேரளா லாட்டரி : ஸ்த்ரீ சக்தி எஸ்எஸ்-430.. முதல் பரிசு ரூ. 75 லட்சத்தை தட்டி தூக்குபவர் யார்? 300 ஆண்டுகளுக்கு முன்பு மக்களுக்கு தர்மசக்கரம் கட்டிய தலைவன் கல்வெட்டு இந்த மாவட்ட ஆட்சியரின் மற்றொரு தர்மசெயலும் அதன் தடயமும் திருவண்ணாமலையில் உள்ளது. திருவண்ணாமலை வருவாய் கோட்ட அலுவலக சுற்றுச் சுவரின் அருகில் 5 ஆண்டுகளுக்கு முன்பு வரை ஒரு கல் இருந்தது. அதில் இதே நாப்பு துரை குறித்த கல்வெட்டு வெட்டப்பட்டிருந்தது. அது, KNAPP PATH in honour of our popular collector A R KNAPP Esq ICS நாப்பு துரை பாதை 1909 -தாசில்தார்/சேர்மேன் தாஜுதீன் சாகிப், எ. ராஜன், LFO என்று உள்ளது. இந்த கல்வெட்டு இருந்த நாப்பு சாலை என்பது தற்போது திருவண்ணாமலை திண்டிவனம் சாலையாக உள்ளது. அதற்கு நாப்பு சாலை என்று 1909 இல் பெயர் வழங்கப்பட்டதை அறியமுடிகிறது. தற்போது அந்த கல்வெட்டு இல்லை. பாலம் கட்டும்போது புதைத்து விட்டதாக அறியமுடிகிறது. இந்த இரண்டு நாப்பு துரை கல்வெட்டிலும் in hounour of our popular collector என்பது மக்கள், ஊர்காரர்கள் வைத்த பெயராகலாம். அந்த அளவிற்கு அவர் மக்கள் நலனுக்காக செயல்பட்டுள்ளார் என்று தெரிகிறது. அதன் வெளிப்பாடே இந்த கல்வெட்டுகள். தச்சம்பட்டில் சுமார் 300 ஆண்டுகளுக்கு முன்பு குளம் வெட்டி, தர்ம சத்திரம் கட்டி மக்கள் பணி செய்தார் ஒரு ஊர் தலைவன், 100 ஆண்டுகளுக்கு முன்பு பயணிகளுக்கும் விலங்குகளுக்கும் தங்குமிடம் கட்டிக் கொடுத்துள்ளார் ஒரு வெள்ளக்கார கலெக்டர். இந்த கல்வெட்டுகள் இரண்டு அறச்செயலை குறிப்பிடுவதால் இது முக்கியமான கல்வெட்டு வரலாற்றில் பதிவுசெய்யப்படுகிறது என தெரிவித்தார்.",2024-08-27 09:43:17,https://feeds.abplive.com/onecms/images/uploaded-images/2024/08/27/112a529f5845a65eb3174c024fca63e01724732231984113_original.jpg,abplive,3.472064011134466e-123,0,37,336,3,5
52,Newsdata,https://tv9gujarati.com/national/modi-governments-unified-pension-scheme-congress-statistics-analyst-praised-and-said-this-know-1081735.html,"મોદી સરકારની યુનિફાઇડ પેન્શન સ્કીમને, કોંગ્રેસના આંકડા વિશ્લેષકે વખાણીને કહી આ વાત, જાણો","નરેન્દ્ર મોદી સરકારે ગઈકાલ શનિવારે સરકારી કર્મચારીઓ માટે મંજૂર કરેલ યુનિફાઇડ પેન્શન સ્કીમને કોંગ્રેસના નેતાઓ વખોડી રહ્યાં છે, ત્યારે કોંગ્રેસના ડેટા એનાલિસ્ટે, યુનિફાઇડ પેન્શન સ્કીમને આવકારીને મોદી સરકારનું આ પગલું સમજદારીભર્યું અને આવકારદાયક ગણાવ્યું છે.",2024-08-25 14:28:42,https://images.tv9gujarati.com/wp-content/uploads/2024/08/Praveen-Chakraborty.jpeg,tv9gujarati,0.9972496078269119,4,22,224,0,7
53,Newsdata,https://bengali.abplive.com/district/rg-kar-news-artist-mir-comments-on-continuous-protest-for-justice-entertainment-news-1091612,"RG Kar News: 'যাঁদের কোনওদিন মেরুদণ্ড ছিল না, তাঁদের মেরুদণ্ড অবশেষে দেখা যাচ্ছে', মন্তব্য মীরের","কলকাতা: আরজি করে মহিলা চিকিৎসককে খুন ও ধর্ষণের (RG Kar News) প্রতিবাদে আজ কলকাতা মেডিক্যাল কলেজে (Calcutta Medical College) গণ কনভেশনের আয়োজন করা হয়। সেখানেই ফের এই ঘটনা নিয়ে ফের মুখ খুলল টলিপাড়া। সঙ্গে ছিলেন একাধিক আন্দোলনকারী চিকিৎসকও। উপস্থিত ছিলেন অভিনেতা জীতু কমল, সোহিনী সরকার, বাচিকশিল্পী মীর (Mir) সহ অনেকেই। 'এই আন্দোলন সহজে থামার নয়', স্পষ্ট মন্তব্য মীরের।আরজি কর কাণ্ডের প্রতিবাদে গণ কনভেনশনে মীর কী বললেন?মীর এদিন বলেন, 'অনেক অনেক শুভেচ্ছা এই আন্দোলন চালিয়ে নিয়ে যাওয়ার জন্য। আমার মনে হয় হাততালিটা নিজেদেরই দিতে পারেন, কারণ এরকম আন্দোলন আমাদের শহর দেখেনি। যে প্রতিষ্ঠানের এই অডিটোরিয়ামে আমরা বসে রয়েছি, শুধু এটাই নয়, আমাদের শহরে এরকম আরও কিছু মেডিক্যাল প্রতিষ্ঠান রয়েছে, যেখানে সিট পাওয়া তো অনেক পরের কথা, দরজা দিয়ে ঢুকতেও অনেকের বুক দুরু দুরু করে। কারণ এগুলি দেশের শ্রেষ্ঠ স্বাস্থ্যকর্মীদের সিট। আজকে আমাদের সঙ্গে যৌথভাবে আন্দোলনে নেমেছেন অন্যান্য ডাক্তারি সংগঠনও।'তিনি বলে চলেন, 'আমি এখানে আমার শিল্পী বন্ধুদের কোনও ইউনিয়ন বা কোনও অ্যাসোসিয়েশনের প্রতিনিধিত্ব করছি না। ডাক্তার কিঞ্জল নন্দের সঙ্গে ফোনে কথা বলার পর সিদ্ধান্ত নিই এখানে আসব, একজন সাধারণ মানুষ হিসেবে। আমাকে আপনাদেরই মতো একজন সাধারণ মানুষ হিসেবে ভাববেন যে এই জল হাওয়া উপভোগ করি। আমার স্ত্রী একজন ডাক্তার। যবে থেকে এই ঘটনা ঘটেছে, প্রত্যেকদিন সকাল থেকে রাত এই একই জিনিস নিয়ে আলোচনা করে যাচ্ছি। যার ফলে বাড়িতে একটা বেশ নেতিবাচক পরিবেশ তৈরি হচ্ছে কিন্তু আমি বুঝতে পারছি এছাড়া আর কোনও উপায় নেই। আমার কন্যা, এখানে কয়েক মাস থেকে, গতকালই পড়াশোনা করতে দিল্লি চলে গেল। অদ্ভুত লাগে, আজ থেকে ৩ বছর আগে যখন গ্র্যাজুয়েশনের পড়াশোনা শুরু করতে দিল্লি গিয়েছিল, আমরা বারবার ওকে সাবধান করেছিলাম যে ওখানে কিন্তু যখন তখন সিনেমা দেখতে চলে যাবে না। শহরটা কিন্তু দিল্লি, কলকাতা নয়। যার তার সঙ্গে ঘুরতে চলে যাবে না। শহরটা কিন্তু দিল্লি, কলকাতা নয়। যেখানে সেখানে আড্ডা মারতে মারতে দেরি করবে না, শহরটা কিন্তু দিল্লি, কলকাতা নয়। আমাকে এবার আমার মেয়ে প্রশ্ন করেছে, 'তুমি এবার কী বলবে?' আমি কোনও উত্তর দিতে পারিনি। তা সত্ত্বেও, আমার এখনও মনে হয়, অনেকটা ইতিবাচকতা বাকি রয়েছে। অনেক মানুষ যাঁদের কোনওদিনও মেরুদণ্ড ছিল না, তাঁদের মেরুদণ্ড অবশেষে দেখা যাচ্ছে, বাইরে থেকেও। আবার অনেক মানুষ, যাঁদের মেরুদণ্ড ছিল বলে আমরা বিশ্বাস করতাম, তাঁদের এখন L5 L7-এ কিছু একটা গণ্ডগোল দেখা যাচ্ছে, তাঁরা ঠিক করে উঠে দাঁড়িয়ে সত্যি কথাটার পাশে দাঁড়াতে পারছেন না। মানুষকে কেউ তদন্ত করতে বলছে না, জবাবদিহি করতে বলছে না, শুধু পাশে দাঁড়াতে বলছে। যে মিটিং মিছিল নিয়ে আমাদের শহর জেরবার থাকত একটা সময়, আমরা উষ্মা প্রকাশ করতাম, বিরক্ত হতাম, আজকে সেই মানুষ ঘণ্টার পর ঘণ্টা ট্র্যাফিক জ্যামে আটকে থেকেও এই সহনশীলতার পরিচয় দিচ্ছেন, কারণ তাঁরা জানেন এটা বৃহত্তর স্বার্থে।'আরও পড়ুন: RG Kar News: আমাদের যা দেখানো হচ্ছে সেটাই দেখছি, নিজেদের ওপর বিশ্বাস হারিয়ে ফেলছি : জীতু কমলশেষে তাঁকে বলতে শোনা যায়, 'পরিশেষে শুধু এটুকু বলি, আমার বেশ কিছু শিল্পী বন্ধু, যাঁরা সিনেমা টেলিভিশন থিয়েটার জগতের সঙ্গে যুক্ত, তাঁদের কাছে জনগণ জবাব চাইছেন কিন্তু তাঁরা কোনও জবাব দিতে পারছেন না। কারণ দুর্ভাগ্যবশত তাঁদের টিকিটা অন্য কোথাও বাঁধা। এবং সেই টিকির জোর আছে বলতে হবে। যেটা দুর্ভাগ্যবশত তাঁরা বুঝতে পারছেন না যে জনগণ কেন এই রোষ দেখাচ্ছেন তাঁদের প্রতি, কারণ খুব সহজ, তাঁরা প্রত্যেকে নির্বাচিত জনপ্রতিনিধি। মানুষ তাঁদের এই বিশ্বাস থেকেই ভোট দিয়েছেন যে আমাদের সমস্যার কথা কোথাও একটা এই মানুষগুলো গিয়ে সংসদে বলবেন। কিন্তু ওই যে, টিকিটা অন্য কোথাও বাঁধা। ছেড়ে দিন তাঁদেরকে। তাঁদের ট্রোল করার থেকে নিজেদের মাথায় গেঁথে নিন 'you have a role to play'। এই আন্দোলন এতদিন দেখে স্পষ্ট আমরা বুঝে গেছি, এটা কয়েকদিনের আন্দোলন নয়, হুজুগ নয়, এটাকে যাঁরা হুজুগ বলছেন, যাঁরা ছোট করার চেষ্টা করছেন, তাঁদের সামনে দেখলে থুতু ছেটাবেন তাঁদের মুখে।'আপনার পছন্দের খবর আর আপডেট পাবেন আপনার পছন্দের চ্যাটিং প্ল্যাটফর্ম হোয়াটস অ্যাপেও। যুক্ত হোন ABP Ananda হোয়াটস অ্যাপ চ্যানেলে।",2024-08-26 15:39:05,https://feeds.abplive.com/onecms/images/uploaded-images/2024/08/26/dc344e9e6305fdfc1587143178ab7eec1724686646759229_original.jpg,abplive,1.0,0,8,431,0,6
54,Newsdata,https://www.tv9hindi.com/india/narendra-modi-president-biden-india-us-partnership-ukraine-bangladesh-situation-hindus-2802081.html,"पीएम मोदी ने अमेरिकी राष्ट्रपति जो बाइडेन से की बात, यूक्रेन-बांग्लादेश समेत इन मुद्दों पर हुई चर्चा","प्रधानमंत्री मोदी ने सोमवार को अमेरिका के राष्ट्रपति जो बाइडेन से बात की है. दोनों नेताओं के बीच भारत-अमेरिकी साझेदारी, यूक्रेन और बांग्लादेश के मुद्दे पर भी चर्चा हुई है. साथ ही द्विपक्षीय संबंधों में हुई महत्वपूर्ण प्रगति की समीक्षा की.",2024-08-26 17:10:02,https://images.tv9hindi.com/wp-content/uploads/2024/08/modi-and-joe-biden.jpg,tv9bharatvarsh,2.3837906044222667e-65,2,21,189,3,5
55,Newsdata,https://www.tamiltv9.com/india/maharashta-35-feet-chatrapathi-sivaji-statue-fell-down-and-destroyed-created-a-stir-among-opposition-parties-know-more-in-tamil-news-2064695.html,35 அடி சிவாஜி சிலை.. கீழே சரிந்து விழுந்து சுக்குநூறாக உடைந்த சம்பவம்..,"சத்ரபதி சிவாஜியின் சிலையை பிரதமர் மோடி கடற்படை தினத்தன்று திறந்து வைத்தார். இந்த நிலையில் கடந்த சில நாட்களாகவே மகாராஷ்டிராவில் பலத்த காற்றுடன் கூடிய கனமழை பெய்து வருகிறது. இந்த நிலையில், இன்று மதியம் 1 மணி அளவில் 35 அடி உயரமான சத்ரபதி சிவாஜியின் சிலை கீழே விழுந்து சுக்குநூறாக போனது. சம்பவ இடத்திற்கு காவல்துறை மற்றும் மாவட்ட நிர்வாகத்தின் உயர் அதிகாரிகள் நேரில் சென்று சேதத்தை மதிப்பீடு செய்து வருகின்றனர்.",2024-08-26 17:04:00,https://images.tamiltv9.com/uploads/2024/08/sivaji-statue.jpg,tamiltv9,4.076211841752383e-158,4,13,161,1,11
56,Newsdata,https://www.tv9hindi.com/india/champai-soren-join-bjp-himanta-biswa-sarma-jharkhand-assembly-election-2802208.html,चंपई सोरेन 30 अगस्त को होंगे बीजेपी में शामिल... हिमंत बिस्वा सरमा ने किया एक्स पर पोस्ट,चंपई सोरेन को लेकर हिमंत बिस्वा सरमा ने एक बड़ा अपडेट दिया है. अमस के मुख्यमंत्री ने सोशल मीडिया प्लेटफॉर्म एक्स पर पोस्ट करते हुए लिखा कि झारखंड के पूर्व मुख्यमंत्री और देश के प्रतिष्ठित आदिवासी नेता ने कुछ समय पहले केंद्रीय गृह मंत्री अमित शाह से मुलाकात की थी. वो आधिकारिक तौर पर 30 अगस्त को रांची में बीजेपी में शामिल होंगे.,2024-08-26 18:30:39,https://images.tv9hindi.com/wp-content/uploads/2024/08/1280-1280-x-720-px-51.jpg,tv9bharatvarsh,2.5555148732824163e-38,2,7,93,2,6
57,Newsdata,https://www.assamtv9.com/india/jharkhand-ex-cm-champai-soren-will-join-bjp-announce-himanta-biswa-sarma-2057939.html,ঝাৰখণ্ডৰ প্ৰাক্তন মুখ্যমন্ত্ৰী চম্পাই ছোৰেনে যোগদান কৰিব বিজেপিত,চম্পাই ছোৰেনে বিজেপিত যোগদান কৰিব। চম্পাই ছোৰেন ঝাৰখণ্ডৰ এগৰাকী জনপ্ৰিয় আদিবাসী নেতা। ঝাৰখণ্ডক পৃথক ৰাজ্য কৰাৰ ক্ষেত্ৰত চম্পাই ছোৰেনৰ অৱদান মনকৰিবলগীয়া।,2024-08-27 03:26:00,https://images.assamtv9.com/uploads/2024/08/champai-soren-will-join-bjp.webp,assamtv9,5.41441052332508e-30,2,5,81,2,5
58,Newsdata,https://bengali.abplive.com/district/rg-kar-lady-doctor-s-murder-nabanna-abhiyan-protest-rally-four-students-gone-missing-from-howrah-station-suvendu-adhikari-tweets-1091678,"Suvendu Adhikari: 'হাওড়া স্টেশনে স্বেচ্ছাসেবকদের খাবার দিচ্ছিলেন, মধ্যরাতের পর...', ৪ ছাত্রকে নিয়ে চাঞ্চল্যকর পোস্ট শুভেন্দুর","হাওড়া : পশ্চিমবঙ্গ ছাত্র সমাজের ডাকা নবান্ন অভিযান রুখতে কড়া ব্যবস্থা নিচ্ছে প্রশাসন। মোকাবিলায় কলকাতা থেকে হাওড়া--বেনজির কড়াকড়ি পুলিশের। তবে, বহু জমায়েতের অনুমান করা হচ্ছে। এই পরিস্থিতিতে সমাজমাধ্যমে চাঞ্চল্যকর পোস্ট করলেন শুভেন্দু অধিকারী। 'হাওড়া স্টেশন থেকে নিখোঁজ চার ছাত্র।' নিজের এক্স হ্যান্ডলে পোস্ট করে এমনই অভিযোগ করলেন বিরোধী দলনেতা শুভেন্দু অধিকারী।এক্স হ্যান্ডেলে শুভেন্দু লেখেন, ' হাওড়া স্টেশনে পৌঁছনো স্বেচ্ছাসেবকদের খাবার দিচ্ছিলেন ৪ ছাত্র। আচমকা মধ্যরাতের পর থেকে তাঁদের আর খোঁজ মিলছে না। এই ৪ ছাত্র হলেন শুভজিৎ ঘোষ, পুলকেশ পণ্ডিত, গৌতম সেনাপতি এবং প্রীতম সরকার। ফোনেও তাঁদের সঙ্গে যোগাযোগ করা যাচ্ছে না। আমাদের আশঙ্কা মমতা বন্দ্যোপাধ্যায়ের পুলিশ তাদের গ্রেফতার বা আটক করেছে। তাঁদের কিছু হলে সেই দায়িত্ব মমতার পুলিশকে নিতে হবে।' The following Student Activists who were distributing food to the volunteers, who were arriving at Howrah Station, suddenly went missing after midnight :-# Subhojit Ghosh # Pulokesh Pandit # Goutam Senapati # Pritam SarkarNeither they can be traced nor are they answering…— Suvendu Adhikari (@SuvenduWB) August 27, 2024আর জি কর-কাণ্ডে নির্যাতিতার বিচার চেয়ে আজ 'পশ্চিমবঙ্গ ছাত্র সমাজ'-এর নবান্ন অভিযান । অভিযানের অনুমতি দেয়নি পুলিশ, যদিও নিজেদের কর্মসূচিতে অনড় সংগঠন সদস্যদের দাবি, কলেজ স্কোয়ার ও সাঁতরাগাছি থেকে নবান্নের দিকে এগোবে দু'টি মিছিল। কলেজ স্কোয়ার থেকে ইডেন গার্ডেন্স, হেস্টিংস হয়ে নবান্নের দিকে যাবে একটি মিছিল। অপর মিছিলটি হাওড়ার সাঁতরাগাছি থেকে কোনা এক্সপ্রেসওয়ে ধরে নবান্নর দিকে এগোবে। অন্যদিকে, আজ নবান্ন অভিযানের ডাক দিয়েছে সংগ্রামী যৌথ মঞ্চ। তাঁদের দাবি, কর্মসূচিতে যোগ দেবে চাকরিপ্রার্থীদের ৯টি সংগঠন, আদিবাসীদের দু'টি সংগঠন এবং অস্থায়ী কর্মীরা ।সেই কর্মসূচিরও অনুমতিও দেওয়া হয়নি পুলিশের তরফে। দু'টি কর্মসূচির অনুমতি না দিলেও, আন্দোলনকারীদের রুখতে পর্যাপ্ত ব্যবস্থা করেছে পুলিশ। এই পরিস্থিতিতে নিরাপত্তার চাদরে মুড়ে ফেলা হয়েছে নবান্ন ও তার আশপাশের এলাকা। জায়গায় জায়গায় গার্ডরেল দিয়ে ব্যারিকেড তৈরি করেছে পুলিশ। নবান্নের সামনে লাঠিধারী পুলিশের সঙ্গে মোতায়েন রয়েছে র‍্যাফ, কমব্যাট ফোর্স। প্রস্তুত রাখা হয়েছে কাঁদানে গ্যাসের শেল। সকাল থেকে নবান্ন ও সংলগ্ন এলাকায় টহল দিচ্ছেন হাওড়ার পুলিশ কমিশনার প্রবীণকুমার ত্রিপাঠী। যাতে ছোট ছোট দলে ভাগ হয়ে বিক্ষোভকারীরা নবান্ন চত্বরে পৌঁছতে না পারেন, তার জন্য নবান্নগামী প্রধান সড়ক ছাড়াও অলিগলিতে চলছে পুলিশি নজরদারি।",2024-08-27 03:45:59,https://feeds.abplive.com/onecms/images/uploaded-images/2024/08/27/8c43fe99626cc10e04bc014d8fcc626f1724730301506170_original.jpg,abplive,6.047000266887741e-21,1,5,102,2,13
62,Newsdata,https://www.jagran.com/west-bengal/kolkata-mamata-government-gives-strong-message-regarding-bjp-bengal-bandh-call-23786194.html,"'बंगाल में कुछ भी बंद नहीं, सभी को कार्यालय आना होगा' नवान्न मार्च के बीच ममता सरकार का अल्टीमेटम",भाजपा के बंगाल बंद के आह्वान पर ममता सरकार ने सख्त रुख अपनाना शुरू कर दिया है। सरकार का कहना है कि बुधवार को बंगाल में कुछ भी बंद नहीं है। सभी कार्यालय खुलेंगे। कर्मचारियों को दफ्तर आना होगा। सरकार ने कहा कि अगर किसी को कोई नुकसान होता है तो सरकार मुआवजे की जिम्मेदार होगी। भाजपा ने 12 घंटे बंद का आह्वान किया है।,2024-08-27 14:19:47,https://www.jagranimages.com/images/newimg/27082024/27_08_2024-mamata_banerjee_23786194.jpg,jagran,2.2504332499004223e-59,6,11,167,3,7
63,Newsdata,https://theprint.in/india/facade-for-exploitation-lawyers-slam-waqf-bill-for-hidden-threats-to-waqf-properties/2240512/,‘Façade for exploitation’: Lawyers slam Waqf bill for ‘hidden’ threats to waqf properties,"Lawyers argue that the bill should be prepared entirely by the Muslim community, focus on strengthening the waqf & maintain the principles of Muslim law.",2024-08-27 14:50:07,https://static.theprint.in/wp-content/uploads/2024/08/IMG_20240826_153917-1-696x392.jpg,theprint,7.66196401345887e-06,42,61,313,36,199
64,Newsdata,https://odishatv.in/news/crime/police-asi-in-vigilance-net-for-accepting-bribe-of-rs-15k-to-dispose-of-case-in-odisha-242651,Police ASI in Vigilance net for accepting bribe of Rs 15k to dispose of case in Odisha,"As per the allegations, the ASI was nabbed by the sleuths of Vigilance Department when the former was accepting a bribe of Rs 15,000 from a person to help him and his friends in a case",2024-08-28 02:39:14,https://images.odishatv.in/uploadimage/library/16_9/16_9_4/default.svg,odishatv,1.8361037422309414e-21,5,6,58,3,25
65,Newsdata,https://odishatv.in/news/education/proud-moment-for-odisha-as-two-teachers-to-get-national-teachers-awards-2024-242648,Proud moment for Odisha as two teachers to get National Teachers' Awards 2024,The two teachers are- Dwiti Chandra Sahu of Government High School at Billesu (Rayagada) and Santosh Kar of Jaya Durga High School in Narla (Kalahandi).,2024-08-28 02:15:36,https://images.odishatv.in/uploadimage/library/16_9/16_9_4/default.svg,odishatv,5.2218102505652863e-11,1,3,53,4,19
66,Newsdata,https://bengali.abplive.com/videos/district/janmashtami-special-puja-organized-at-lake-kalibari-1091887,Lake Kalibari Janmashtami: জন্মাষ্ঠমীতে বিশেষ পুজোর আয়োজন লেক কালীবাড়িতে। ABP Ananda Live,"ABP Ananda Live: জন্মাষ্ঠমীতে বিশেষ পুজোর আয়োজন লেক কালীবাড়িতে। জন্মাষ্ঠমীর পুণ্য় তিথিতে গোলাপ দিয়ে সাজানো হয় দেবী কালীর বিগ্রহ। জন্মাষ্টমীর পুজোর পাশাপাশি দুর্গাপুজোর কাঠামো পুজো করা হয় এদিন। আয়োজন করা হয় বিশেষ ভোগের। এইদিনের মাহাত্ম্যের কথা শোনান, লেক কালীবাড়ির প্রধান সেবায়েত নিতাইচন্দ্র বসু। #ABPAnanda #BanglaNews #banglanewslive #ABPAnanda #Bengalinews #ABPAnandaDigital #ABPAnandaLIVE #BengaliNews #এবিপিআনন্দ #এবিপিআনন্দলাইভ #এবিপিআনন্দ Subscribe to our YouTube channel here: https://www.youtube.com/user/abpanandatvএবিপি আনন্দ সম্পর্কে :ABP আনন্দ বাংলা ও বাঙালির সবথেকে নির্ভরযোগ্য সংবাদমাধ্যম। জেলা থেকে জেলা, রাজ্য থেকে দেশ, আবার সীমানা পেরিয়ে আন্তর্জাতিক - সবসময় সব খবর সবার আগে নির্ভুলভাবে তুলে ধরাই আমাদের লক্ষ্য। এগিয়ে থাকে এগিয়ে রাখে। About Channel:ABP Ananda is a regional news hub that provides you with comprehensive up-to-date news coverage from West Bengal and all over India and World. Get the latest top stories, current affairs, sports, business, entertainment, politics, spirituality, and many more here only on ABP Ananda.ABP Ananda maintains the repute of being a people's channel. Its cutting-edge formats, state-of-the-art newsrooms commands the attention of million of Bengalis weekly.Download ABP App for Apple: https://itunes.apple.com/in/app/abp-l...Download ABP App for Android: https://play.google.com/store/apps/de...Social Media Handles (আমাদের অন্যান্য হ্যান্ডেলগুলি):Website:http://bengali.abplive.comFacebook: https://www.facebook.com/abpanandaTwitter: https://twitter.com/abpanandatvGoogle+: https://plus.google.com/+abpanandaInstagram: https://www.instagram.com/abpanandatv/Telegram : https://t.me/abpanandaofficialKoo : https://www.kooapp.com/feed",2024-08-28 03:17:02,https://feeds.abplive.com/onecms/images/uploaded-images/2024/08/28/42f5439dc4bfc0808a01db3519eee665172481499943347_original.jpg,abplive,2.916951174711071e-49,3,21,124,3,7
67,Newsdata,https://bengali.abplive.com/videos/district/west-bengal-bangla-bandh-gochoron-station-1091886,"Bangla Bandh: বনধের প্রভাব জেলার রেল চলাচলে, গোচরণ স্টেশনে ওভারহেডে কলাপাতা | ABP Ananda LIVE","ABP Ananda LIVE: বনধের প্রভাব জেলার রেল চলাচলে। শিয়ালদা দক্ষিণের নামখানা শাখার গোচরণ স্টেশনে ওভারহেডে কলাপাতা। মুর্শিদাবাদ স্টেশনেও রেল অবরোধ।#doctorstrike #kolkata #kolkatanews #womantraineedoctor #crime #crimenews #medicalstudent#ABPAnanda #BanglaNews #banglanewslive #ABPAnanda #Bengalinews #ABPAnandaDigital #ABPAnandaLIVE #BengaliNews #এবিপিআনন্দ #এবিপিআনন্দলাইভ #এবিপিআনন্দ #এবিপিআনন্দলাইভ___________Subscribe to our YouTube channel here: https://www.youtube.com/user/abpanandatvআপনার পছন্দের খবর আর আপডেট পাবেন আপনার পছন্দের চ্যাটিং প্ল্যাটফর্ম হোয়াটস অ্যাপেও। যুক্ত হোন ABP Ananda হোয়াটস অ্যাপ চ্যানেলে। এবিপি আনন্দ সম্পর্কে :ABP আনন্দ বাংলা ও বাঙালির সবথেকে নির্ভরযোগ্য সংবাদমাধ্যম। জেলা থেকে জেলা, রাজ্য থেকে দেশ, আবার সীমানা পেরিয়ে আন্তর্জাতিক - সবসময় সব খবর সবার আগে নির্ভুলভাবে তুলে ধরাই আমাদের লক্ষ্য। এগিয়ে থাকে এগিয়ে রাখে। About Channel:ABP Ananda is a regional news hub that provides you with comprehensive up-to-date news coverage from West Bengal and all over India and World. Get the latest top stories, current affairs, sports, business, entertainment, politics, spirituality, and many more here only on ABP Ananda.ABP Ananda maintains the repute of being a people's channel. Its cutting-edge formats, state-of-the-art newsrooms commands the attention of million of Bengalis weekly.Download ABP App for Apple: https://itunes.apple.com/in/app/abp-l...Download ABP App for Android: https://play.google.com/store/apps/de...Social Media Handles (আমাদের অন্যান্য হ্যান্ডেলগুলি):Website:http://bengali.abplive.comdFacebook: https://www.facebook.com/abpananda Twitter: https://twitter.com/abpanandatvGoogle+: https://plus.google.com/+abpanandaInstagram: https://www.instagram.com/abpanandatv/Telegram : https://t.me/abpanandaofficial",2024-08-28 03:16:14,https://feeds.abplive.com/onecms/images/uploaded-images/2024/08/28/82a28deb963781dd9e010b8f6c7914981724814906407894_original.jpg,abplive,3.2572170345435032e-49,4,21,126,3,7
82,Newsdata,https://tv9bangla.com/kolkata/cm-mamata-banerjee-sends-another-letter-to-pm-narendra-modi-after-rg-kar-issue-1114331.html,Mamata Banerjee: উত্তর মেলেনি! ৮ দিনের মধ্যে মোদীকে দ্বিতীয় চিঠি মমতার,Mamata Banerjee: ধর্ষকদের শাস্তি দিতে কঠোর কেন্দ্রীয় আইন প্রণয়ন করার আবেদন জানিয়ে প্রধানমন্ত্রীকে চিঠি লিখেছিলেন মমতা। দ্রুত বিচারের জন্য ফাস্ট ট্র্যাক আদালত গঠনের কথাও বলেছিলেন তিনি।,2024-08-30 08:35:50,https://images.tv9bangla.com/wp-content/uploads/2024/08/Large-image-Modi-Mamata.jpg,tv9bangla,7.503867895558176e-99,0,5,160,2,6
68,Newsdata,https://tv9bangla.com/india/pm-narendra-modi-congratulates-account-holder-depositors-as-jan-dhan-yojana-completes-10-years-1113561.html,"৫৩ কোটি অ্যাকাউন্ট, ২ লক্ষ ৩১ হাজার কোটি ডিপোজিট, জনধন যোজনার ১০ বছরের সাফল্য তুলে ধরলেন প্রধানমন্ত্রী","Jan Dhan Yojana: প্রধানমন্ত্রী জনধন যোজনায় উপভোক্তার সংখ্যা বর্তমানে ৫৩.১৩ কোটি। অর্থ মন্ত্রকের প্রকাশিত তথ্য অনুযায়ী, জনধন অ্যাকাউন্টে মোট জমা হওয়া অর্থের পরিমাণ ২ লক্ষ ৩১ হাজার ২৩৬ কোটি টাকা। প্রায় ১৫ গুণ ডিপোজিট বেড়েছে জনধন অ্যাকাউন্টে।",2024-08-28 05:25:08,https://images.tv9bangla.com/wp-content/uploads/2024/08/modi-Jan-Dhan.jpg,tv9bangla,3.9668258212860685e-42,1,4,86,2,9
69,Newsdata,https://www.tv9hindi.com/india/kolkata-doctor-rape-murder-president-droupadi-murmu-enough-is-enough-2804824.html,मैं डरी हुई हूं और निराश हूं...कोलकाता रेप मर्डर केस पर बोलीं राष्ट्रपति द्रौपदी मुर्मू,समाज में महिलाओं के खिलाफ होने वाले अपराध की राष्ट्रपति द्रौपदी मुर्मू ने कड़े शब्दों में निंदा की है. कोलकाता रेप और मर्डर केस पर राष्ट्रपति ने कहा वह घटना बहुत ही हताशाजनक और भयभीत करने वाली थी. हमें सोचना होगा- निर्भया कांड के बाद भी हालात क्यों नहीं बदले.,2024-08-28 10:03:45,https://images.tv9hindi.com/wp-content/uploads/2024/06/draupadi-murmu-pic-.jpg,tv9bharatvarsh,0.99999999999994,0,13,159,0,5
70,Newsdata,https://timesofindia.indiatimes.com/world/uk/why-oasis-fans-are-furious-at-manchester-hotel-chain/articleshow/112871231.cms,Why Oasis fans are furious at Manchester hotel chain,"A spokesperson for the Maldron Hotel attributed the cancellations to ""an overbooking issue"" rather than an effort to ""resell rooms at inflated prices,"" assuring that all reservations made before August 26 would be honored. Oasis revealed on Tuesday their plans to reunite for a 2025 tour, with the Gallagher brothers announcing dates in London, Manchester, Cardiff, Edinburgh, and Dublin. The announcement followed a teaser posted on social media a day earlier, which hinted at the reunion with a date ""27.08.24.""",2024-08-28 13:58:58,"https://static.toiimg.com/photo/msid-112871174,imgsize-81674.cms",toi,4.349054142738512e-13,17,21,109,8,67
71,Newsdata,https://www.tv9hindi.com/state/gujarat/gujarat-flood-death-toll-rises-red-alert-for-heavy-rain-in-11-districts-2805767.html,"Gujarat Flood: 10-12 फीट पानी, 26 मौतें, 11 जिलों में रेड अलर्ट...गुजरात में हाहाकारी बारिश से कोहराम",बारिश और बाढ़ के कारण गुजरात में पिछले तीन दिनों में करीब 26 लोगों की मौत हुई है. 24 नदियां खतरे के निशान से ऊपर बह रही हैं. कई इलाके 10-12 फीट पानी में डूबे हुए हैं. सड़कों पर कारें तैर रही हैं. गुजरात में आज भी भारी बारिश की आशंका है. मौसम विभाग ने गुजरात के 11 जिलों में रेल अलर्ट तो 22 जिलों में येलो अलर्ट जारी किया है.,2024-08-29 02:43:35,https://images.tv9hindi.com/wp-content/uploads/2024/08/gujarat-flood.jpg,tv9bharatvarsh,3.240682220265055e-05,1,16,142,0,5
72,Newsdata,https://odishatv.in/news/crime/amid-kolkata-horror-4-year-old-girl-raped-by-neighbour-in-bhubaneswar-242741,"Amid Kolkata horror, 4-year-old girl raped by neighbour in Bhubaneswar","In a horrific incident in Bhubaneswar, a four-year-old girl was allegedly raped by her 30-year-old neighbour. The accused lured the child with chocolates and committed the crime. The survivor was rescued and admitted to a hospital. Airfield Police detained the accused and launched an investigation following a complaint lodged by the girl's parents.",2024-08-29 04:08:26,https://images.odishatv.in/uploadimage/library/16_9/16_9_4/default.svg,odishatv,0.9999594813947613,11,9,59,13,39
73,Newsdata,https://www.assamtv9.com/india/jammu-kashmir-kupwara-tangdhar-encounter-with-terrorist-srinagar-2058143.html,জম্মু-কাশ্মীৰৰ ৰাজৌৰী-কুপৱাৰাত নিৰাপত্তাৰক্ষীৰ এনকাউণ্টাৰ! ৩ সন্ত্ৰাসবাদী নিহত,জম্মু-কাশ্মীৰৰ কুপৱাৰাত নিৰাপত্তাৰক্ষীৰ সফল অভিযান । ৩টা পৃথক স্থানত হোৱা সংঘৰ্ষত ৩ সন্ত্ৰাসবাদীক হত্যা নিৰাপত্তাৰক্ষীৰ। ইফালে ৰাজৌৰীত চলি আছে নিৰাপত্তাৰক্ষী- সন্ত্ৰাসবাদীৰ মাজত সংঘৰ্ষ ।,2024-08-29 04:03:00,https://images.assamtv9.com/uploads/2024/08/indian-army-2.webp,assamtv9,1.0,1,5,124,0,10
74,Newsdata,https://tv9bangla.com/india/actress-bjp-leader-khushbu-sundar-spoke-about-malayalam-film-industry-abuse-shares-ho-her-father-abused-her-in-childhood-1113883.html,"Khushbu Sundar: ‘যে হাত শক্তভাবে ধরার কথা ছিল, সেই হাতই আমায়...’, বাবার হাতে যৌন নিগ্রহ, মুখ খুললেন অভিনেত্রী-BJP নেত্রী","Assault: তিনি বলেন, ""যৌন সুবিধা চাওয়া, কেরিয়ারে উন্নতির জন্য মহিলাদের সমঝোতা করতে বলা-এগুলি সব ইন্ডাস্ট্রিতেই রয়েছে। কেন মহিলাদের এই জাঁতাকলের মধ্যে দিয়ে যেতে হবে বলে আশা করা হয়? পুরুষদেরও এই পরিস্থিতির সম্মুখীন হতে হয়, কিন্তু অধিকাংশ ক্ষেত্রে মহিলাদেরই এই বোঝা বইতে হয়।""",2024-08-29 06:12:38,https://images.tv9bangla.com/wp-content/uploads/2024/08/Khusbu-Sundar.jpg,tv9bangla,1.5932405994465404e-36,1,13,214,5,14
75,Newsdata,https://bengali.abplive.com/district/mamata-banerjee-clarifies-her-previous-comment-on-rg-kar-doctor-protest-and-method-to-counter-based-on-ramakrishna-dev-words-1092132,"Mamata Banerjee: রামকৃষ্ণদেবের বাণী মেনেই 'ফোঁস' মন্তব্য, RG Kar বক্তব্য নিয়ে ব্যাখা মমতার","কলকাতা: আরজি কর-কাণ্ডে বুধবারের দুই বক্তব্যের ব্যাখ্যা দিলেন মুখ্যমন্ত্রী। 'আন্দোলনরত ডাক্তারি পড়ুয়া ও তাঁদের আন্দোলনের বিরুদ্ধে একটি মন্তব্যও করিনি। আমিও তাঁদের আন্দোলনকে সম্পূর্ণ সমর্থন করি, এই আন্দোলন ন্যায্য। আমি কখনও তাঁদের হুমকি দিইনি, কিছু মানুষ মিথ্যে দোষারোপ করছেন', আন্দোলনরত জুনিয়র ডাক্তারদের সম্পর্কে গতকালের মন্তব্যের ব্যাখ্যা মুখ্যমন্ত্রীর।গতকাল 'ফোঁস' করতে বলেছিলেন মুখ্যমন্ত্রী। সেই বক্তব্যেরও ব্যখা দিয়েছেন মুখ্যমন্ত্রী মমতা বন্দ্যোপাধ্য়ায়। এদিন তিনি X হ্যান্ডেলে পোস্ট করে বলেছেন, 'গতকাল শ্রীরামকৃষ্ণর কথা উদ্ধৃত করে 'ফোঁস করা' শব্দের ব্যবহার করেছি। তিনি মাঝে মাঝেই বলতেন, অপরাধ দেখলে প্রতিবাদে সরব হতে। রামকৃষ্ণদেবের সেই কথাই আমি গতকালের বক্তৃতায় তুলে ধরেছি।' সোশাল মিডিয়ায় মুখ্যমন্ত্রী মমতা বন্দ্যোপাধ্যায়ের পোস্ট, 'আমি বিজেপির বিরুদ্ধে বলেছি। কারণ বিজেপি কেন্দ্রীয় সরকারের সাহায্যে রাজ্যে নৈরাজ্য সৃষ্টি করতে চাইছে। আমি তারই প্রতিবাদ করেছি।' I detect a malicious disinformation campaign in some print, electronic and digital media which has been unleashed with reference to a speech that I made in our students' programme yesterday. Let me most emphatically clarify that I have not uttered a single word against the…— Mamata Banerjee (@MamataOfficial) August 29, 2024আপনার পছন্দের খবর আর আপডেট এখন পাবেন আপনার পছন্দের চ্যাটিং প্ল্যাটফর্ম হোয়াটস অ্যাপেও। যুক্ত হোন ABP Ananda হোয়াটস অ্যাপ চ্যানেলে। আরও পড়ুন: ধর্নামঞ্চ নিয়েও পুলিশ-বিজেপি সংঘাত! টানাপড়েনের পর ডোরিনা ক্রসিংয়েই মঞ্চ",2024-08-29 07:35:57,https://feeds.abplive.com/onecms/images/uploaded-images/2024/08/29/682c60cdb43f80b5258c2b6f4a56d3071724916894992385_original.jpg,abplive,3.0205350996911636e-10,2,7,108,4,9
76,Newsdata,https://www.tamiltv9.com/india/gujarat-rain-death-toll-increases-to-28-in-three-days-18000-people-evacuated-rescue-operation-in-full-swing-know-more-in-details-in-tamil-2065261.html,Gujarat Rains: வெள்ளக்காடாய் மாறிய குஜராத்.. உயிரிழந்தோரின் எண்ணிக்கை 28 ஆக உயர்வு..,"கச், துவாரகா, ஜாம்நகர், மோர்பி, சுரேந்திரநகர், ஜூனாகத், ராஜ்கோட், பொடாட், கிர் சோம்நாத், அம்ரேலி மற்றும் பாவ்நகர் மாவட்டங்களை உள்ளடக்கிய கச் மற்றும் சௌராஷ்டிரா பகுதிகளுக்கு இந்திய வானிலை ஆய்வு மைடம் ரெட் அலர்ட் எச்சரிக்கை விடுத்துள்ளது. மேலும், வடக்கு, மத்திய மற்றும் தெற்கு குஜராத்தில் மஞ்சள் எச்சரிக்கை விடுக்கப்பட்டுள்ளது.",2024-08-29 07:26:00,https://images.tamiltv9.com/uploads/2024/08/gujarat-rain-.jpg,tamiltv9,0.9999999947547469,1,13,136,0,10
77,Newsdata,https://tv9bangla.com/india/a-complaint-against-west-bengal-cm-mamata-banerjee-has-been-filed-with-delhi-police-commissioner-1113934.html,FIR against Mamata Banerjee: এবার মমতার বিরুদ্ধে FIR,বাংলার মুখ্যমন্ত্রী মমতা বন্দ্যোপাধ্যায়ের বিরুদ্ধে এফআইআর। 'বাংলা জ্বললে দিল্লিও থেমে থাকবে না' মন্তব্যের জন্য মমতার বিরুদ্ধে অভিযোগ দায়ের করেছেন সুপ্রিম কোর্টের আইনজীবী বিনীত জিন্দাল। দিল্লি পুলিশ কমিশনারের কাছে চিঠি লিখে অভিযোগ দায়ের করেছেন তিনি।,2024-08-29 08:27:56,https://images.tv9bangla.com/wp-content/uploads/2024/08/Mamata-Banerjee-49.jpg,tv9bangla,4.881724300027149e-228,1,4,176,1,8
78,Newsdata,https://tv9bangla.com/kolkata/mamata-banerjee-says-i-have-not-spoken-a-single-word-against-medical-students-of-rg-kar-1113920.html,"Mamata Banerjee: ‘চিকিৎসক ছাত্রদের বিরুদ্ধে একটা শব্দও বলিনি’, বক্তব্যের ব্যাখ্যা দিলেন মমতা বন্দ্যোপাধ্যায়","Mamata Banerjee: জুনিয়র ডাক্তাররা কেন কাজে ফিরছেন না? বুধবার টিএমসিপি-র সভা থেকে এই প্রশ্ন তুলেছেন মুখ্যমন্ত্রী মমতা বন্দ্যোপাধ্যায়। বলেছিলেন, 'আমি কারও বিরুদ্ধে এফআইআর করলে তার জীবন শেষ।' এবার এই বক্তব্যের ব্যাখ্যা দিলেন এক্স মাধ্যমে।",2024-08-29 08:17:16,https://images.tv9bangla.com/wp-content/uploads/2024/08/Large-image-mamata-2.jpg,tv9bangla,8.715755401260894e-32,2,7,219,4,11
79,Newsdata,https://theprint.in/india/as-modi-attends-vadhavan-port-groundbreaking-a-look-at-the-twists-turns-protests-politics/2244668/,"As Modi attends Vadhavan Port groundbreaking, a look at the twists & turns, protests & politics","Touted to be India’s largest container port, it will be built in Maharashtra’s Palghar district. Shelved in 1990s, plan was revived in 2015 under Modi govt's Sagarmala Programme.",2024-08-30 03:00:41,https://static.theprint.in/wp-content/uploads/2024/08/Vadhavan-Port-696x392.jpg,theprint,1.825629629675526e-12,42,81,461,31,192
80,Newsdata,https://odishatv.in/news/weather/deep-depression-over-kachchh-to-intensify-into-cyclonic-storm-imd-242837,Deep depression over Kachchh to intensify into cyclonic storm: IMD,The India Meteorological Department (IMD) informed that the system is likely to move westwards and intensify into a Cyclonic Storm today.,2024-08-30 04:48:06,https://images.odishatv.in/uploadimage/library/16_9/16_9_4/default.svg,odishatv,3.039438748636032e-48,7,21,56,1,27
81,Newsdata,https://tv9bangla.com/india/hidden-camera-found-in-girls-hostel-of-andhra-pradeshs-engineering-college-300-pictures-videos-sold-between-students-1114294.html,"Hidden Camera: মেয়েদের হস্টেলের শৌচাগারে গোপন ক্যামেরা, ছাত্রদের মধ্যেই বিক্রি হয়েছে ৩০০ ভিডিয়ো! রাতভর কলেজে চলল প্রতিবাদ","Viral Video: বয়েজ হস্টেল থেকে একজন সিনিয়র পড়ুয়াকে গ্রেফতার করা হয়েছে। তাঁর ল্যাপটপও বাজেয়াপ্ত করা হয়েছে। তদন্তে জানা গিয়েছে, প্রায় ৩০০-রও বেশি ছবি ও ভিডিয়ো লিক হয়েছে মহিলাদের হস্টেলের শৌচাগার থেকে।",2024-08-30 07:13:34,https://images.tv9bangla.com/wp-content/uploads/2024/08/Hostel-Spy-Camera.jpg,tv9bangla,9.737601254258145e-61,2,5,134,2,7
84,Newsdata,https://timesofindia.indiatimes.com/world/uk/heathrow-airport-border-staff-announce-new-strike/articleshow/112922218.cms,Heathrow airport border staff announce new strike,"Hundreds of Border Force officers at London Heathrow are set to strike for four days starting Saturday over working conditions related to inflexible rosters. Around 650 members will also refuse overtime for 18 days from September 4. The union cites stress and long hours, while the government aims to minimize travel disruption and continue talks with the union.",2024-08-30 09:41:11,"https://static.toiimg.com/photo/msid-112922315,imgsize-984784.cms",toi,0.002295819415345624,11,20,83,11,50
85,Newsdata,https://timesofindia.indiatimes.com/world/uk/britain-deeply-concerned-by-israels-operation-in-occupied-west-bank/articleshow/112922141.cms,Britain 'deeply concerned' by Israel's operation in occupied West Bank,"The British government expressed deep concern over Israel's ongoing operation in the West Bank, urging restraint and adherence to international law. This escalation follows clashes linked to the Israel-Hamas conflict in Gaza. The UK condemns settler violence and highlights the urgent need for measures to prevent further instability in the region.",2024-08-30 09:38:35,"https://static.toiimg.com/photo/msid-112922193,imgsize-879314.cms",toi,6.633152883627673e-05,7,19,68,7,29
86,Newsdata,https://odishatv.in/news/odisha/missing-minor-girl-found-dead-in-abandoned-house-in-odisha-rape-murder-alleged-242861,"Missing minor girl found dead in abandoned house in Odisha, rape-murder alleged","The body of a nine-year-old girl, who was reported missing three days ago, was discovered in an abandoned house in Remuna, Balasore district. Locals alerted the police after noticing a foul smell.",2024-08-30 09:03:07,https://images.odishatv.in/uploadimage/library/16_9/16_9_4/default.svg,odishatv,0.9781896387257114,10,18,96,21,85
87,Newsdata,https://odishatv.in/news/odisha/puri-jagannath-temple-to-have-its-own-fm-radio-channel-ratna-bhandar-doors-to-be-gold-plated-242893,"Puri Jagannath temple to have its own FM radio channel, Ratna Bhandar doors to be gold-plated",Several crucial issues including streamlining darshan for devotees and welfare measures for servitors were discussed at the managing committee meeting that lasted for over four hours today.,2024-08-30 11:36:42,https://images.odishatv.in/uploadimage/library/16_9/16_9_4/default.svg,odishatv,8.074535569963754e-35,12,28,147,4,68
88,Newsdata,https://odishatv.in/news/crime/hero-single-lock-motorcycles-targeted-police-after-busting-bhubaneswar-bike-theft-racket-242891,"Hero, single lock motorcycles targeted: Police after busting Bhubaneswar bike theft racket","The Commissionerate Police busted a bike-lifting racket, arresting six individuals involved in the theft and two for purchasing stolen bikes. A raid by Badagada Police led to the seizure of 31 stolen two-wheelers, mainly Hero motorcycles.",2024-08-30 11:30:17,https://images.odishatv.in/uploadimage/library/16_9/16_9_4/default.svg,odishatv,0.5947664891014702,10,9,64,11,42
89,Newsdata,https://www.assamtv9.com/india/kolkata-rape-murder-case-mamata-banerjee-government-bjp-leader-amit-malviya-48-hours-7-rape-west-bengal-2058359.html,বিগত ৪৮ ঘণ্টাত ৭টাকৈ নাৰী নিৰ্যাতনৰ ঘটনা: ৰাজ্য চৰকাৰৰ বিৰুদ্ধে ক্ষোভ উজাৰিলে বিজেপি নেতাই,আৰ জি কৰ চিকিৎসা মহাবিদ্যালয়ত চিকিৎসকক ধৰ্ষণ আৰু হত্যাৰ ঘটনাৰ বিদ্ৰোহে এতিয়াও সাম কটা নাই। এইবাৰ পশ্চিমবংগত বিজেপিৰ কেন্দ্ৰীয় সহ-ভাৰপ্ৰাপ্ত বিষয়া অমিত মালৱীয়ই অভিযোগ উত্থাপন কৰিছে যে যোৱা ৪৮ ঘণ্টাত পশ্চিমবংগত ৭টা ধৰ্ষণৰ ঘটনা সংঘটিত হৈছে। তেওঁ এই বিষয়ে মমতা বেনাৰ্জীৰ চৰকাৰক প্ৰশ্ন কৰিছে।,2024-08-30 14:55:00,https://images.assamtv9.com/uploads/2024/08/bengal-rape-protest.webp,assamtv9,1.0,2,9,171,0,14
90,Newsdata,https://bengali.abplive.com/district/congress-leader-adhir-ranjan-chowdhury-attacks-mamata-banerjee-on-rg-kar-hospital-woman-doctor-death-case-1092421,"Adhir ON RG Kar: ""নিজেদের বাঁচাতে তদন্তকে বিপথে চালানোর চেষ্টা করেছে সরকার"", RG কর কাণ্ড নিয়ে বিস্ফোরক অধীর","কলকাতা: RG কর মেডিক্যাল কলেজ ও হাসপাতালে জুনিয়র চিকিৎসককে ধর্ষণ ও খুনের (RG Kar Hospital woman doctor death case) ঘটনায় কেউ যাতে রাজ্য সরকারকে দায়ী না করতে পারে তার জন্য প্রথম থেকেই তদন্তকে ভুল পথে পরিচালিত করার চেষ্টা করেছে তারা। শুক্রবার এই বিস্ফোরক অভিযোগই করলেন বহরমপুরের প্রাক্তন সাংসদ ও কংগ্রেস নেতা অধীর রঞ্জন চৌধুরী (Congress Leader Adhir Ranjan Chowdhury)।আরও পড়ুন: Calcutta High Court: 'ছাত্র সমাজে'র আহ্বায়ক সায়ন লাহিড়িকে জেল থেকে মুক্তির নির্দেশ কলকাতা হাইকোর্টেরRG কর মেডিক্যাল কলেজ ও হাসপাতালের মহিলা জুনিয়র চিকিৎসককে ধর্ষণ ও খুনের ঘটনা নিয়ে সংবাদ সংস্থা এএনআইকে সাক্ষাৎকার দিতে গিয়ে আজ এই অভিযোগই করেন অধীর রঞ্জন চৌধুরী। এপ্রসঙ্গে তিনি বলেন, ""এই ঘটনায় রাজ্য সরকারকে যাতে কেউ কোনওভাবে দায়ী না করতে পারে তার জন্য প্রথম থেকেই তদন্তকে ভুল পথে পরিচালিত করা চেষ্টা হয়েছে। সেই কারণেই এখনও পর্যন্ত আমরা জানতে পারিনি এই নারকীয় কাণ্ডের মূল অপরাধীকে। যখন সিবিআই এই মামলার তদন্তভার হাতে নেয় তখন মমতা বন্দ্যোপাধ্যায় এই বিষয়ে নিজের দায়িত্ব থেকে দূরে সরে যেতে চাইছেন। যদি তিনি মনে করতেন তাহলে সিবিআইয়ের কাছে গিয়ে অপরাধীকে ধরার জন্য তাঁর তরফ থেকে সম্পূর্ণ সহযোগিতার প্রস্তাব দিতেন। তিনি আদালতে গিয়ে এই বিষয়ে সহযোগিতা করার প্রস্তাব দিতে পারতেন। কিন্তু, তার বদলে তিনি নিজেকে এর থেকে দূরে রাখতে চাইছেন।"" #WATCH | Kolkata, West Bengal: On RG Kar woman doctor rape-murder case, Congress leader Adhir Ranjan Chowdhury says, "" Since the beginning itself, there was an attempt to mislead the investigation so that nobody blames state govt...because of which till now we don't know who is… pic.twitter.com/o5AGnkQCKR— ANI (@ANI) August 30, 2024প্রসঙ্গত উল্লেখ্য, বৃহস্পতিবারই আরজি কর হাসাপাতালের চিকিৎসককে ধর্ষণ ও খুনের প্রতিবাদে ও সুবিচারের দাবিতে কলকাতায় অধীর চৌধুরীর নেতৃত্বে বিক্ষোভ মিছিল বের করেছিল কংগ্রেস। আপনার পছন্দের খবর আর আপডেট পাবেন আপনার পছন্দের চ্যাটিং প্ল্যাটফর্ম হোয়াটস অ্যাপেও। যুক্ত হোন ABP Ananda হোয়াটস অ্যাপ চ্যানেলে। আরও পড়ুন: Medinipur Medical Collage News: মেদিনীপুর মেডিক্যালে 'দাদাগিরি', অভিযুক্ত TMCP নেতা মুস্তাফিজুরের ওপর থেকে নিষেধাজ্ঞা প্রত্যাহার",2024-08-30 16:44:15,https://feeds.abplive.com/onecms/images/uploaded-images/2024/08/30/ff108b1b36c58847ba7a71a76963435b1725036006184990_original.jpg,abplive,2.0670427199071656e-51,2,3,152,3,9
91,Newsdata,https://punjabi.abplive.com/news/punjab/bathinda-news-a-terrible-fire-broke-out-in-electrical-showroom-at-bathinda-fire-brigade-brought-it-under-control-after-lot-of-trouble-817117,"Bathinda News: ਬਠਿੰਡਾ ਵਿਖੇ ਇਲੈਕਟ੍ਰੀਕਲ ਸ਼ੋਅ ਰੂਮ 'ਚ ਲੱਗੀ ਭਿਆਨਕ ਅੱਗ, ਸਾਰਾ ਸਮਾਨ ਜਲ ਕੇ ਰਾਖ, ਫਾਇਰ ਬ੍ਰਿਗੇਡ ਦੀਆਂ ਗੱਡੀਆਂ ਨੇ ਕਾਫੀ ਮੁਸ਼ੱਕਤ ਤੋਂ ਬਾਅਦ ਪਾਇਆ ਕਾਬੂ","Fire Broke Out In Electrical Showroom At Bathinda: ਬਠਿੰਡਾ ਤੋਂ ਤੜਕੇ ਹੀ ਹੈਰਾਨ ਕਰਨ ਵਾਲੀ ਖਬਰ ਨਿਕਲ ਕੇ ਸਾਹਮਣੇ ਆਈ ਹੈ। ਜਿੱਥੇ ਇੱਕ ਇਲੈਕਟ੍ਰੀਕਲ ਸ਼ੋਅ ਰੂਮ 'ਚ ਭਿਆਨਕ ਅੱਗ ਲੱਗ ਗਈ, ਜਿਸ ਕਰਕੇ ਸਾਰਾ ਸਮਾਨ ਸੜ ਕੇ ਰਾਖ ਹੋ ਗਿਆ। ਹਾਦਸੇ ਵਾਲੀ ਥਾਂ ਤੋਂ ਤਸਵੀਰਾਂ ਸਾਹਮਣੇ ਆਈਆਂ ਹਨ, ਜਿਸ ਵਿੱਚ ਸਮਾਨ ਤੋਂ ਲੈ ਕੇ ਸ਼ੋਅ ਰੂਮ ਵਿੱਚ ਪਿਆ ਕੈਸ਼ ਰਾਖ ਦੇ ਰੂਪ ਵਿੱਚ ਨਜ਼ਰ ਆ ਰਿਹਾ ਹੈ। ਅੱਗ ਦੇ ਕਾਰਨਾਂ ਦਾ ਪਤਾ ਨਹੀਂ ਲੱਗ ਸਕਿਆਜਾਣਕਾਰੀ ਦਿੰਦੇ ਹੋਏ ਦੱਸਿਆ ਕਿ ਇਹ ਬੀਬੀ ਵਾਲਾ ਚੌਕ ਨਜ਼ਦੀਕ ਤਿੰਨ ਮੰਜ਼ਿਲਾਂ ਇਲੈਕਟ੍ਰੀਕਲ ਸ਼ੋਅ ਰੂਮ ਜਿਸ ਦੇ ਚਲਦੇ ਦੇਰ ਰਾਤ ਇਸ ਸ਼ੋਅ ਰੂਮ 'ਚ ਭਿਆਨਕ ਅੱਗ ਲੱਗੀ ਹੈ, ਫਿਲਹਾਲ ਅੱਗ ਦੇ ਕਾਰਨਾਂ ਦਾ ਹਾਲੇ ਤੱਕ ਨਹੀਂ ਪਤਾ ਲੱਗਿਆ। ਪ੍ਰੰਤੂ ਫਾਇਰ ਬ੍ਰਿਗੇਡ ਦੇ ਅਧਿਕਾਰੀ ਨੇ ਕਿਹਾ ਹੈ ਕਿ ਸਾਡੀਆਂ ਵੱਖ ਵੱਖ ਥਾਵਾਂ ਤੋਂ ਗੱਡੀਆਂ ਆਈਆਂ ਹਨ ਅਤੇ ਅੱਗ ਉੱਤੇ ਕਾਬੂ ਪਾਇਆ ਗਿਆ ਹੈ। ਅਧਿਕਾਰੀਆਂ ਨੇ ਦੱਸਿਆ ਕਿ ਇਸ ਸ਼ੋਅ ਰੂਮ ਦੇ ਵਿੱਚ ਕੋਈ ਵੀ ਫਾਈਲ ਸੇਫਟੀ ਵਗੈਰਾ ਯੰਤਰ ਤੱਕ ਨਹੀਂ ਲਾਇਆ ਗਿਆ ਸੀ ਜਿਸ ਨੂੰ ਲੈ ਕੇ ਫਾਇਰ ਬ੍ਰਿਗੇਡ ਦੇ ਅਧਿਕਾਰੀ ਨੇ ਕਿਹਾ ਹੈ ਕਿ ਸਾਰਾ ਸਮਾਨ ਜਲ ਕੇ ਰਾਖ ਹੋ ਗਿਆ। ਪ੍ਰੰਤੂ ਸਾਡੇ ਵੱਲੋਂ ਇਸ ਸ਼ੋਅ ਰੂਮ ਨੂੰ ਪਹਿਲਾ ਨੋਟਿਸ ਕੱਢਿਆ ਜਾਵੇਗਾ।ਨੋਟ: ਪੰਜਾਬੀ ਦੀਆਂ ਬ੍ਰੇਕਿੰਗ ਖ਼ਬਰਾਂ ਪੜ੍ਹਨ ਲਈ ਤੁਸੀਂ ਸਾਡੇ ਐਪ ਨੂੰ ਡਾਊਨਲੋਡ ਕਰ ਸਕਦੇ ਹੋ।ਜੇ ਤੁਸੀਂ ਵੀਡੀਓ ਵੇਖਣਾ ਚਾਹੁੰਦੇ ਹੋ ਤਾਂ ABP ਸਾਂਝਾ ਦੇ YouTube ਚੈਨਲ ਨੂੰ Subscribe ਕਰ ਲਵੋ। ABP ਸਾਂਝਾ ਸਾਰੇ ਸੋਸ਼ਲ ਮੀਡੀਆ ਪਲੇਟਫਾਰਮਾਂ ਤੇ ਉਪਲੱਬਧ ਹੈ। ਤੁਸੀਂ ਸਾਨੂੰ ਫੇਸਬੁੱਕ, ਟਵਿੱਟਰ, ਕੂ, ਸ਼ੇਅਰਚੈੱਟ ਅਤੇ ਡੇਲੀਹੰਟ 'ਤੇ ਵੀ ਫੋਲੋ ਕਰ ਸਕਦੇ ਹੋ।",2024-08-31 03:21:49,https://feeds.abplive.com/onecms/images/uploaded-images/2024/08/31/e494caeeab89999bef8611f43ece805c1725074431257700_original.jpg,abplive,1.0,0,2,144,0,1
92,Newsdata,https://www.malayalamtv9.com/india/video-goes-viral-of-a-two-year-old-boy-refuses-to-leave-kidnapper-after-abduction-2061426.html,Viral video: ‘എനിക്ക് പോകേണ്ട’! തട്ടിക്കൊണ്ടുപോയവനെ വിട്ടുപിരിയാനാകാതെ രണ്ടുവയസുകാരന്‍; കരച്ചിലടക്കാനാകാതെ പ്രതിയും,തട്ടിക്കൊണ്ടുപോയ ആളെ വിട്ടുപിരിയാനാകാതെ കരയുന്ന രണ്ടുവയസുക്കാരന്റെ വീഡിയോ ആണ് സോഷ്യൽ മീഡിയയിൽ ഇപ്പോൾ വൈറലാകുന്നത്. കുട്ടിയുടെ കരച്ചിൽ കണ്ട് പ്രതിയും കരയുന്നത് ഈ വീഡിയോയിൽ കാണാം.,2024-08-31 04:13:00,https://images.malayalamtv9.com/uploads/2024/08/viral-video.jpg,malayalamtv9,9.697541493033668e-50,1,13,108,2,5
93,Newsdata,https://odishatv.in/news/odisha/chinese-vessel-carrying-suspected-illegal-immigrants-from-ghana-docks-at-paradip-port-242976,Chinese vessel carrying suspected illegal immigrants from Ghana docks at Paradip Port,"At least three Ghana residents, suspected illegal immigrants, were found on the Chinese ship 'MV Wen' that docked at Paradip Port carrying coal from Russia. Paradip Immigration officers have launched a probe into the incident, issuing a notice to the ship's crew and prohibiting disembarkation of the Ghana nationals at any Indian ports.",2024-08-31 07:34:56,https://images.odishatv.in/uploadimage/library/16_9/16_9_4/default.svg,odishatv,6.2443554493062e-05,12,11,62,8,42
94,Newsdata,https://odishatv.in/news/odisha/over-1-42-lakh-cases-pending-in-orissa-high-court-more-than-55-000-disposed-of-in-last-5-years-242973,"Over 1.42 lakh cases pending in Orissa High Court; more than 55,000 disposed of in last 5 years","In his reply, the Law Minister informed that 55,203 cases have been disposed of in the last five years.",2024-08-31 07:22:46,https://images.odishatv.in/uploadimage/library/16_9/16_9_4/default.svg,odishatv,2.4619524837574763e-73,4,6,47,1,23
95,Newsdata,https://punjabi.abplive.com/news/punjab/vinesh-phogat-reached-the-farmers-protest-at-shambhu-border-817144,"Farmer Protest: ਕਿਸਾਨ ਅੰਦੋਲਨ 'ਚ ਪਹੁੰਚੀ ਵਿਨੇਸ਼ ਫੋਗਾਟ, ਕਿਹਾ- ਹੱਕ ਮੰਗਣ ਵਾਲਾ ਹਰ ਵਿਅਕਤੀ ਸਿਆਸਤਦਾਨ ਨਹੀਂ ਹੁੰਦਾ","Farmer Protest: ਪਹਿਲਵਾਨ ਵਿਨੇਸ਼ ਫੋਗਾਟ ਸ਼ਨੀਵਾਰ ਨੂੰ ਪੰਜਾਬ-ਹਰਿਆਣਾ ਦੇ ਸ਼ੰਭੂ ਬਾਰਡਰ 'ਤੇ ਚੱਲ ਰਹੇ ਕਿਸਾਨਾਂ ਦੇ ਧਰਨੇ 'ਚ ਪਹੁੰਚੀ। ਇੱਥੇ ਕਿਸਾਨ ਆਗੂਆਂ ਨੇ ਮੰਚ ’ਤੇ ਉਨ੍ਹਾਂ ਦਾ ਸਨਮਾਨ ਕੀਤਾ। ਕਿਸਾਨ ਅੰਦੋਲਨ ਦੇ 200 ਦਿਨ ਪੂਰੇ ਹੋਣ 'ਤੇ ਇੱਥੇ ਇੱਕ ਪ੍ਰੋਗਰਾਮ ਕਰਵਾਇਆ ਗਿਆ। ਇਸ ਤੋਂ ਬਾਅਦ ਵਿਨੇਸ਼ ਫੋਗਾਟ ਖਨੌਰੀ ਬਾਰਡਰ 'ਤੇ ਚੱਲ ਰਹੇ ਕਿਸਾਨ ਅੰਦੋਲਨ 'ਚ ਸ਼ਾਮਲ ਹੋਣਗੇ।ਇਸ ਮੌਕੇ ਵਿਨੇਸ਼ ਫੋਗਾਟ ਨੇ ਕਿਹਾ ਕਿ ਅੱਜ ਕਿਸਾਨਾਂ ਨੂੰ ਬੈਠੇ ਹੋਏ 200 ਦਿਨ ਹੋ ਗਏ ਹਨ ਪਰ ਜੋਸ਼ ਪਹਿਲੇ ਦਿਨ ਵਾਂਗ ਹੀ ਹੈ। ਤੁਹਾਡੀ ਧੀ ਤੁਹਾਡੇ ਨਾਲ ਹੈ। ਵਿਨੇਸ਼ ਨੇ ਕਿਹਾ ਕਿ ਹੱਕਾਂ ਲਈ ਆਵਾਜ਼ ਚੱਕਣਾ ਸਿਆਸੀ ਨਹੀਂ ਹੈ ਤੇ ਇਸ ਨੂੰ ਕਿਸੇ ਧਰਮ ਨਾਲ ਨਹੀਂ ਜੋੜਣਾ ਚਾਹੀਦਾ।VIDEO | Wrestler Vinesh Phogat (@Phogat_Vinesh) attends an event organised by farmers at #Shambhu border as their protest enters 200th day today.#FarmersProtest (Full video available on PTI Videos - https://t.co/n147TvqRQz) pic.twitter.com/zjSgG4EYwe— Press Trust of India (@PTI_News) August 31, 2024ਸ਼ੰਭੂ ਸਰਹੱਦ 'ਤੇ ਵਿਨੇਸ਼ ਫੋਗਾਟ ਬਾਰੇ 5 ਮਹੱਤਵਪੂਰਨ ਗੱਲਾਂ1. ਚੋਣ ਲੜਨ ਦੀ ਗੱਲ ਨਹੀਂ ਕਰਨਗੇਕਾਂਗਰਸ ਵੱਲੋਂ ਵਿਧਾਨ ਸਭਾ ਚੋਣਾਂ 'ਚ ਟਿਕਟ ਦਿੱਤੇ ਜਾਣ ਦੇ ਸਵਾਲ 'ਤੇ ਵਿਨੇਸ਼ ਨੇ ਕਿਹਾ ਕਿ ਮੈਂ ਰਾਜਨੀਤੀ ਬਾਰੇ ਨਹੀਂ ਜਾਣਦੀ। ਮੈਨੂੰ ਰਾਜਨੀਤੀ ਦਾ ਇੰਨਾ ਗਿਆਨ ਨਹੀਂ ਹੈ। ਮੈਂ ਤੁਹਾਨੂੰ ਸੱਚ ਦੱਸ ਰਹੀ ਹਾਂ, ਜੇ ਤੁਸੀਂ ਖੇਡਾਂ ਬਾਰੇ ਪੁੱਛੋ, ਤਾਂ ਮੈਂ ਤੁਹਾਨੂੰ ਦੱਸ ਸਕਦੀ ਹਾਂ2. ਮੇਰਾ ਦੇਸ਼ ਪੀੜਤ, ਕਿਸਾਨ ਪ੍ਰੇਸ਼ਾਨਮੈਂ ਆਪਣੇ ਪਰਿਵਾਰ ਕੋਲ ਆਈ ਹਾਂ। ਅੱਜ ਫੋਕਸ ਮੇਰੇ 'ਤੇ ਨਹੀਂ, ਫੋਕਸ ਕਿਸਾਨਾਂ 'ਤੇ ਹੋਣਾ ਚਾਹੀਦਾ ਹੈ। ਮੈਂ ਇੱਕ ਅਥਲੀਟ ਹਾਂ। ਮੈਂ ਪੂਰੇ ਦੇਸ਼ ਦੀ ਹਾਂ। ਮੇਰਾ ਇਸ ਨਾਲ ਕੋਈ ਲੈਣਾ-ਦੇਣਾ ਨਹੀਂ ਹੈ ਕਿ ਕਿਸ ਰਾਜ ਦੀਆਂ ਚੋਣਾਂ ਹੋ ਰਹੀਆਂ ਹਨ। ਮੈਂ ਸਿਰਫ ਇਹ ਜਾਣਦੀ ਹਾਂ ਕਿ ਮੇਰਾ ਦੇਸ਼ ਦੁਖੀ ਹੈ, ਕਿਸਾਨ ਦੁਖੀ ਹਨ। ਉਨ੍ਹਾਂ ਦੇ ਮਸਲੇ ਹੱਲ ਕੀਤੇ ਜਾਣੇ ਚਾਹੀਦੇ ਹਨ।3. ਕਿਸਾਨ ਦੇਸ਼ ਚਲਾਉਂਦੇ ਹਨ, ਉਨ੍ਹਾਂ ਨੂੰ ਦੇਖ ਕੇ ਦੁੱਖ ਹੁੰਦਾ ਹੈਵਿਨੇਸ਼ ਨੇ ਕਿਹਾ ਕਿ ਕਿਸਾਨ ਅੰਦੋਲਨ ਨੂੰ 200 ਦਿਨ ਹੋ ਗਏ ਹਨ। ਇਹ ਦੇਖ ਕੇ ਦੁੱਖ ਹੁੰਦਾ ਹੈ। ਉਹ ਸਾਰੇ ਇਸ ਦੇਸ਼ ਦੇ ਨਾਗਰਿਕ ਹਨ। ਕਿਸਾਨ ਦੇਸ਼ ਚਲਾ ਰਹੇ ਹਨ। ਉਨ੍ਹਾਂ ਤੋਂ ਬਿਨਾਂ ਕੁਝ ਵੀ ਸੰਭਵ ਨਹੀਂ ਹੈ। 4. ਪਹਿਲਵਾਨ ਲਹਿਰ ਦੌਰਾਨ ਸਾਡਾ ਮਨੋਬਲ ਵੀ ਟੁੱਟ ਗਿਆ।ਵਿਨੇਸ਼ ਨੇ ਕਿਹਾ ਕਿ ਜਦੋਂ ਕੋਈ ਵੀ ਅੰਦੋਲਨ ਸ਼ੁਰੂ ਹੁੰਦਾ ਹੈ ਤਾਂ ਉਮੀਦ ਡਿੱਗਣੀ ਸ਼ੁਰੂ ਹੋ ਜਾਂਦੀ ਹੈ ਕਿਉਂਕਿ ਅਸੀਂ ਖੁਦ ਅਜਿਹੇ ਸਥਾਨ ਤੋਂ ਆਏ ਹਾਂ। ਜਦੋਂ ਅਸੀਂ ਦਿੱਲੀ ਬੈਠੇ ਸੀ ਤਾਂ ਸਾਡੀ ਹਿੰਮਤ ਏਨੀ ਸੀ ਕਿ ਪਤਾ ਨਹੀਂ ਕਦੋਂ ਇਹ ਮੰਨਣਗੇ, ਪਰ ਇੱਥੇ ਦੀ ਹਿੰਮਤ ਦੇਖ ਕੇ ਲੱਗਦਾ ਹੈ ਕਿ ਅੱਜ ਪਹਿਲਾ ਦਿਨ ਹੈ। ਹਾਂ, ਜੇਕਰ ਲੋਕ ਇਸੇ ਤਰ੍ਹਾਂ ਸੜਕਾਂ 'ਤੇ ਬੈਠੇ ਰਹੇ ਤਾਂ ਦੇਸ਼ ਤਰੱਕੀ ਨਹੀਂ ਕਰੇਗਾ।5. ਸਾਡੇ ਪਰਿਵਾਰ ਨੇ ਲੜਨਾ ਸਿੱਖ ਲਿਆ ਵਿਨੇਸ਼ ਨੇ ਕਿਹਾ ਕਿ ਸਾਡੇ ਪਰਿਵਾਰ ਨੇ ਲੜਨਾ ਸਿੱਖਿਆ ਹੈ। ਉਨ੍ਹਾਂ ਨੇ ਸਮਝ ਲਿਆ ਹੈ ਕਿ ਜੇ ਉਨ੍ਹਾਂ ਨੂੰ ਆਪਣਾ ਹੱਕ ਚਾਹੀਦਾ ਹੈ ਤਾਂ ਉਨ੍ਹਾਂ ਨੂੰ ਸੜਕਾਂ 'ਤੇ ਆਉਣਾ ਪਵੇਗਾ। ਉਨ੍ਹਾਂ ਨੂੰ ਦੇਖ ਕੇ ਸਾਡਾ ਵੀ ਹੌਸਲਾ ਵਧ ਗਿਆ। ਆਪਣੇ ਹੱਕਾਂ ਲਈ ਲੜਨਾ ਸਿਖਾਇਆ। ਸੱਚ ਲਈ ਬੋਲਣਾ ਸਿਖਾਇਆ। ਮੈਂ ਪ੍ਰਮਾਤਮਾ ਦਾ ਸ਼ੁਕਰਗੁਜ਼ਾਰ ਹਾਂ ਕਿ ਉਸਨੇ ਮੈਨੂੰ ਇਸ ਪਰਿਵਾਰ ਵਿੱਚ ਜਨਮ ਦਿੱਤਾ। ਮੈਨੂੰ ਇਸ ਪਰਿਵਾਰ ਨੂੰ ਜਾਣਨ ਦਾ ਮੌਕਾ ਦਿੱਤਾ।",2024-08-31 07:14:00,https://feeds.abplive.com/onecms/images/uploaded-images/2024/08/31/9be396caf4a1824ec1005f6d52c80b161725088425221674_original.JPG,abplive,7.599711121213277e-111,0,3,93,1,4
96,Newsdata,https://tv9bangla.com/india/pm-narendra-modi-spoke-on-crime-against-women-says-need-faster-verdicts-on-crime-against-women-1114736.html,"PM Narendra Modi: ‘দ্রুত মামলার নিষ্পত্তির প্রয়োজন’, মহিলাদের নিরাপত্তা নিয়ে মুখ খুললেন প্রধানমন্ত্রীও","Crime Against Women: প্রধানমন্ত্রী বলেন, ""মহিলাদের নিরাপত্তা নিশ্চিত করতে দেশে একাধিক আইন রয়েছে। কিন্তু এই আইনগুলিকে আরও মজবুত, সক্রিয় করতে হবে। ২০১৯ সালে ফাস্ট ট্রাক কোর্ট আইন পাস হয়, যার অধীনে উইটনেস ডিপোজিশন সেন্টার তৈরি করা হয়েছে।""",2024-08-31 08:21:12,https://images.tv9bangla.com/wp-content/uploads/2024/08/PM-Modi-SC.jpg,tv9bangla,9.734795088031286e-42,1,9,85,2,9
97,Newsdata,https://tv9bangla.com/india/elderly-couple-stops-to-eat-vada-pav-thief-steals-jewellery-worth-5-lakhs-1114764.html,"Jewellery Stolen: বড়া পাও খাওয়ার জন্য স্কুটার থামিয়েছিলেন, মুহূর্তে মাথায় হাত দম্পতির","Jewellery Stolen: ব্যাঙ্ক থেকে ফিরছিলেন ওই বয়স্ক দম্পতি। রাস্তার ধারে একটি দোকানের সামনে স্কুটার থামান। এরপর প্রৌঢ় বড়া পাও কিনতে দোকানে যান। তাঁর স্ত্রী স্কুটারের সামনে দাঁড়িয়ে ছিলেন। সিসিটিভি ফুটেজে দেখা গিয়েছে, সাদা জামা পরিহিত এক ব্যক্তি স্কুটারের আশপাশে দাঁড়িয়ে রয়েছে।",2024-08-31 08:59:46,https://images.tv9bangla.com/wp-content/uploads/2024/08/Jewellery-Stolen-.jpg,tv9bangla,3.8612838796136243e-109,0,2,160,2,10
98,Newsdata,https://tv9bangla.com/india/zomato-delivery-agent-delivers-food-in-knee-deep-water-in-ahmedabad-netizen-calls-him-super-hero-1114755.html,"VIDEO: বুক সমান জল ঠেলে ডেলিভারি জ্যোমাটো কর্মীর, শেখালেন দায়িত্ব-কর্তব্য কাকে বলে...","আহমেদাবাদ: ঝড়-জল-দুর্যোগেও অবিচল কর্তব্যে। বন্যায় ভাসছে গুজরাট। জলে ডুবে গিয়েছে আহমেদাবাদ, ভাদোদরা, দ্বারকা, জামনগর, মোরবি, সুরেন্দ্র নগর, রাজকোট, জুনাগড়, আমরেলি, ভাবনগর সহ একাধিক জেলা। জনপথ কার্যত নদীতে পরিণত হয়েছে। তবে এই ভয়ঙ্কর বন্যার মধ্যেও থেমে থাকছে না জনজীবন। বেঁচে থাকার জন্য তো খাবার প্রয়োজন। বুক সমান জল পেরিয়ে খাবার ডেলিভারি করেই সোশ্যাল মিডিয়ায় ‘হিরো’ এক [...]",2024-08-31 08:55:26,https://images.tv9bangla.com/wp-content/uploads/2024/08/Zomato.jpg,tv9bangla,4.618157088195301e-09,1,5,169,6,10
99,Newsdata,https://www.jagran.com/haryana/panchkula-haryana-election-2024-kumari-selja-taunts-bjp-changing-election-date-8-october-what-can-do-in-5-days-23788866.html,"Haryana Election 2024: '5 दिनों में क्या ही कर लेंगे, 10 सालों की लंबी रेस...', चुनाव की तारीख बदलने पर सैलजा का BJP पर तंज",Haryana Election 2024 हरियाणा विधानसभा चुनाव को लेकर आयोग ने बड़ा फैसला किया है। उन्होंने चुनाव की तारीख में बदलाव कर दिया है। अब हरियाणा में 5 अक्टूबर को वोटिंग होगी। वोटों की गिनती अब 8 अक्टूबर को होगी। चुनाव की तारीख बदलने पर कांग्रेस सांसद कुमारी सैलजा ने अपनी प्रतिक्रिया दी है। इससे पहले भूपेंद्र सिंह हुड्डा भी अपना रिएक्शन दिया है।,2024-08-31 15:32:19,https://www.jagranimages.com/images/newimg/31082024/31_08_2024-kumari_selja_7_23788866.jpg,jagran,0.0004025279513506048,1,2,57,4,9
100,Newsdata,https://odishatv.in/news/odisha/retired-army-personnel-deployed-at-puri-srimandir-as-part-of-anand-bazaar-reform-measures-243053,Retired Army personnel deployed at Puri Srimandir as part of Anand Bazaar reform measures,"In a bid to enhance security at the Puri Jagannath Temple, the administration has deployed 20 retired Army personnel in Anand Bazaar to ensure only freshly prepared Mahaprasad is sold by authorized servitors. This measure aims to streamline operations, prevent the sale of stale food, and maintain peace within the temple premises.",2024-09-01 06:21:53,https://images.odishatv.in/uploadimage/library/16_9/16_9_4/default.svg,odishatv,0.002356691135788073,10,25,88,12,51
101,Newsdata,https://timesofindia.indiatimes.com/world/uk/controlled-explosion-turns-uncontrollable-in-london-as-film-set-catches-fire-in-silvertowns-o2-arena/articleshow/112962856.cms,Controlled explosion turns uncontrollable in London as film set catches fire in Silvertown's O2 arena,"A controlled explosion at a film set near The O2 Arena in London erupted into a fire, prompting a swift response from firefighters. The incident, which resulted in no reported injuries, saw half a car and a lorry on fire. Loud bangs and smoke were noted by local residents, and the fire was soon controlled.",2024-09-01 06:10:36,"https://static.toiimg.com/photo/msid-112963494,imgsize-692298.cms",toi,2.160871313560116e-39,13,32,163,5,73
102,Newsdata,https://www.catchnews.com/india-news/andhra-cm-chandrababu-naidu-visits-flood-affected-areas-in-singhnagar-253611.html,Andhra: CM Chandrababu Naidu visits flood affected areas in Singhnagar,Vijayawada Andhra Pradesh Chief Minister Chandrababu Naidu visited the flood-affected areas in Singhnagar here and reviewed the relief measures provided to the affected people Accompanied by government officials he inspected the flood-hit areas on Sunday an official said A statement said the Chief Minister instructed officials to distribute food and water bottles to the affected people He supervised the food distribution to ensure it reached the people During his visit the Chief Minister assessed the situation and discussed the relief measures with officials He directed them to take the necessary steps to assist the flood victims CM Naidu said he,2024-09-02 03:27:42,https://images.catchnews.com/upload/2024/09/02/CM_Chandrababu_Naidu_visits_flood_affected_areas_253611_1280x720.jpg,catchnews,2.5311096574725448e-12,3,16,100,7,42
103,Newsdata,https://odishatv.in/news/odisha/odisha-to-fill-3000-police-posts-in-100-days-over-2200-home-guard-recruitment-announced-243107,"Odisha to fill 3000 police posts in 100 days, over 2200 home guard recruitment announced","In a major development, Odisha Chief Minister Mohan Majhi announced the filling of 2,298 vacant home guard posts and 3,000 police posts within 100 days. The announcement was made during the Odisha Assembly debate on Home department grants. Majhi also extended compassionate appointments to families of home guards killed in duty and sanctioned new police outposts.",2024-09-02 04:04:52,https://images.odishatv.in/uploadimage/library/16_9/16_9_4/default.svg,odishatv,2.139653422553018e-51,10,10,85,2,31
104,Newsdata,https://theprint.in/india/more-conflict-of-interest-charges-against-sebi-chief-madhabi-buch-congress-demands-answers-from-pm/2248918/,"More ‘conflict of interest’ charges against SEBI chief Madhabi Buch, Congress demands answers from PM","Congress says Madhabi Puri Buch drew income of Rs 16.80 cr from former employer ICICI Bank even while she was SEBI’s whole-time director and, later, chief.",2024-09-02 11:14:58,https://static.theprint.in/wp-content/uploads/2024/09/Your-paragraph-text-2024-09-02T143625.076-696x392.png,theprint,1.9432383731681638e-09,16,36,226,16,78
105,Newsdata,https://odishatv.in/news/odisha/subhadra-yojana-form-submission-at-jana-seva-kendra-top-officials-explain-how-to-submit-form-243233,SUBHADRA Yojana form submission at Jana Seva Kendra: Top officials explain how to submit form,Any eligible applicant first needs to collect forms from their nearest Aanganwadi center of Jana Seva Kendra and fill up their personal data.,2024-09-03 08:04:20,https://images.odishatv.in/uploadimage/library/16_9/16_9_4/default.svg,odishatv,5.885443027728094e-14,6,14,104,6,41
106,Newsdata,https://odishatv.in/news/sports/ravichandran-ashwin-hails-former-odia-cricketers-halhadar-das-shiv-sunder-das-as-best-player-of-spin-243241,Ravichandran Ashwin hails former Odia cricketers Halhadar Das & Shiv Sunder Das as best players of spin bowling,"Ashwin has termed Odia cricketer Halhadar as one of the best players of spin. Moreover, the great off-spinner also hailed former India opener Shiv Sunder Das as another best batter against spin.",2024-09-03 10:29:49,https://images.odishatv.in/uploadimage/library/16_9/16_9_4/default.svg,odishatv,2.0225787220478543e-09,8,37,121,8,38
107,Newsdata,https://www.ptcnews.tv/punjab-2/weather-update-rain-likely-in-these-punjab-districts-chandigarh-on-yellow-alert-4398051,"Weather Update: Rain likely in THESE Punjab districts, Chandigarh on yellow alert","Weather Update: Rain is expected in several Punjab districts on Wednesday, and the Indian Meteorological Department has issued a yellow alert for Chandigarh.According to the meteorological department,",2024-09-18 03:28:32,https://media.ptcnews.tv/wp-content/uploads/2024/07/1bb145667617f7ae08173258c8f61a8d_1280X720.webp,ptcnews,3.1400457142173745e-62,6,19,72,1,28
108,Newsdata,https://theprint.in/india/modi-rallies-indian-americans-lauds-diaspora-ahead-of-us-election/2279521/,"Modi rallies Indian Americans, lauds diaspora ahead of US election","(Reuters) - Indian Prime Minister Narendra Modi rallied the Indian community in the U.S. on Sunday, citing the power of the diaspora ahead of the Nov. 5 U.S. presidential election along with the",2024-09-22 19:15:03,https://static.theprint.in/wp-content/uploads/2024/09/Modi_442-696x464.jpg,theprint,3.457669835174216e-10,12,27,131,9,47
109,Newsdata,https://theprint.in/india/indias-nifty-sensex-outperform-most-global-markets-behind-only-wall-street-2/2279640/,"India’s Nifty, Sensex outperform most global markets, behind only Wall Street","By Bharath Rajeswaran BENGALURU (Reuters) -India's NSE Nifty 50 and S&P BSE Sensex are trailing only Wall Street's Nasdaq and S&P 500 as top-performing indexes this year, with analysts expecting the",2024-09-23 01:30:03,https://static.theprint.in/wp-content/uploads/2024/09/Indias_709-696x482.jpg,theprint,5.2353804683033605e-30,14,48,167,4,54
110,Newsdata,https://www.ptcnews.tv/punjab-2/punjab-government-ias-pcs-officers-reshuffle-2024-4398423,Punjab bureaucratic reshuffle: 25 IAS officers and 99 PCS officers shifted in state,"Punjab bureaucratic reshuffle: In a significant administrative reshuffle, the Punjab Government on Monday issued transfer and new posting orders for 25 IAS officers and 99 PCS officers.Among the key c",2024-09-23 17:28:03,https://media.ptcnews.tv/wp-content/uploads/2024/08/e459d98e59b80c4d9e7a9994d65bd224_1280X720.webp,ptcnews,2.3406474190824693e-194,4,15,136,1,37
111,Newsdata,https://odishatv.in/news/odisha/odisha-announces-financial-assistance-for-flood-victims-244972,Odisha announces financial assistance for flood victims,"Odisha Chief Minister Mohan Majhi has announced financial assistance for the flood-affected residents of Balasore district. Compensation includes Rs 1,20,000 for completely damaged houses and various amounts for partially damaged properties.",2024-09-24 17:32:28,https://images.odishatv.in/uploadimage/library/16_9/16_9_4/default.svg,odishatv,3.140564381141038e-68,11,36,114,2,57
112,Newsdata,https://theprint.in/india/pm-modi-to-launch-rs-23300-cr-agri-animal-husbandry-initiatives-in-maharashtra/2298140/,"PM Modi to Launch Rs 23,300 Cr Agri, Animal Husbandry Initiatives in Maharashtra","The highlight of the Prime Minister's visit will be the inauguration and foundation stone laying ceremony for various development projects worth over Rs 32,800 crore in Thane.",2024-10-04 19:28:55,https://static.theprint.in/wp-content/uploads/2024/09/PM-Modi-3-696x392.jpg,theprint,2.730597464369595e-36,6,18,160,5,47
113,Newsdata,https://theprint.in/india/pm-modi-to-release-18th-pm-kisan-installment-on-5-october/2298138/,PM Modi to Release 18th PM-Kisan Installment on 5 October,This installment marks a continuation of the government's ongoing efforts to support farmers.,2024-10-04 19:25:13,https://static.theprint.in/wp-content/uploads/2024/08/1_Agriculture_and_rural_farms_of_India-e1548392979838-696x392-1.jpg,theprint,4.2917192111908546e-43,1,6,66,2,22
114,Newsdata,https://theprint.in/india/dot-tsps-deploy-new-system-to-block-spoofed-international-calls/2298121/,"DoT, TSPs Deploy New System to Block Spoofed International Calls","Initiative aims to combat fraud, impersonation, and other cybercrimes",2024-10-04 19:14:42,https://static.theprint.in/wp-content/uploads/2024/06/ANI-20240624141632-e1722517933969.jpg,theprint,8.616637810332733e-17,4,13,42,2,21
115,Newsdata,https://theprint.in/india/dop-and-amazon-renew-e-commerce-partnership/2298111/,DoP and Amazon Renew E-Commerce Partnership,"Amazon and DoP have been collaborating since 2013, with Amazon utilizing DoP's vast postal network for parcel delivery across Indi",2024-10-04 19:09:42,https://static.theprint.in/wp-content/uploads/2024/06/ANI-20240617061715-e1728068960590.jpg,theprint,0.9999999999990581,2,6,49,0,17
116,Newsdata,https://timesofindia.indiatimes.com/world/uk/britains-prince-william-says-he-is-here-to-help-people-in-need/articleshow/114292033.cms,Britain's Prince William says he is 'here to help' people in need,"Prince William, as Britain's heir, aims to help people in need through his project 'Homewards,' inspired by his late mother Princess Diana to end homelessness. The documentary, airing later this month, showcases William's efforts and involvement with homelessness shelters, highlighting his dedication to this cause.",2024-10-16 17:23:28,"https://static.toiimg.com/thumb/msid-114292254,imgsize-110454,width-400,resizemode-4/114292254.jpg",toi,0.9999366780615854,18,21,90,20,66
117,Newsdata,https://theprint.in/india/court-grants-bail-to-satyendra-jain-says-liberty-is-core-value-under-constitution/2318805/,"Court grants bail to Satyendra Jain, says “liberty is core value under Constitution”","New Delhi [India], October 19 (ANI): Citing delay in trial and his long incarceration, Delhi’s Rouse Avenue Court granted bail to former Delhi minister and Aam Aadmi Party (AAP) leader Satyender Jain in the money laundering case and stressed “liberty is the core value” under Constitution. Special Judge Vishal Gogne said, ” Applicant Satyendar Jain [...]",2024-10-18 20:32:01,https://static.theprint.in/wp-content/uploads/2024/10/ANI-20241018193233.png,theprint,6.283106962951723e-13,56,83,339,23,184
118,Newsdata,https://theprint.in/india/indian-skies-absolutely-safe-says-bcas-chief-amid-hoax-bomb-calls/2319709/,"Indian skies absolutely safe, says BCAS chief amid hoax bomb calls","New Delhi [India], October 19 (ANI): The hoax bomb threats will be curbed down at the earliest, assured the Director General of Bureau of Civil Aviation Security (BCAS), Zulfiquar Hasan, as he emphasised that Indian skies are absolutely safe and urged the passengers to fly without fear. Speaking to ANI on Saturday, the BCAS DG [...]",2024-10-19 16:32:02,https://static.theprint.in/wp-content/uploads/2024/10/ANI-20241019161129.jpg,theprint,2.1213166241304102e-08,13,33,159,15,84
119,Newsdata,https://theprint.in/india/militants-kill-seven-including-six-migrant-workers-in-indias-kashmir/2320950/,"Terror attack near tunnel construction site in J&K kills 7, days after new govt is sworn in","Militants opened fire Sunday evening in Ganderbal district, killing 6 migrant workers & a doctor. Home Minister Amit Shah called the attack a 'despicable act of cowardice'.",2024-10-21 03:30:05,https://static.theprint.in/wp-content/uploads/2024/07/Untitled-design-2024-07-19T223822.224-1-696x392.png,theprint,1.183131453014367e-11,10,29,141,8,63
120,Newsdata,https://theprint.in/india/gold-hovers-near-record-high-on-safe-haven-demand/2322656/,Gold hovers near record high on safe-haven demand,"By Rahul Paswan (Reuters) - Gold prices rose on Tuesday and hovered near a record high hit in the previous session amid uncertainties around the U.S. election, ongoing Middle East tensions, and",2024-10-22 04:33:04,https://static.theprint.in/wp-content/uploads/2024/10/Gold_819-696x460.jpg,theprint,1.6641705906889183e-18,10,29,142,6,40
121,Newsdata,https://odishatv.in/news/weather/cyclone-dana-odisha-govt-issues-district-wise-emergency-helpline-and-control-room-numbers-247131,Cyclone Dana: Odisha govt issues district-wise emergency helpline and control room numbers,"Cyclone Dana is set to make landfall on October 25, prompting the Odisha government to issue district-wise emergency helpline and control room numbers. ODRAF and NDRF teams have been deployed in vulnerable areas across 15 districts, including Bhubaneswar. The toll-free number for assistance is 1077. In preparation for the cyclone's impact, schools and colleges in 14 districts will remain closed till October 25, and significant train services have been cancelled.",2024-10-23 03:33:10,https://images.odishatv.in/uploadimage/library/16_9/16_9_4/default.svg,odishatv,1.0123850427947656e-128,8,50,202,2,82
122,Newsdata,https://theprint.in/india/autopsy-of-bandhavgarh-tusker-reveals-huge-amounts-of-kodo-millet-in-stomach-initial-report-points-to-toxicity/2336142/,"Autopsy of Bandhavgarh tusker reveals huge amounts of Kodo millet in stomach, initial report points to toxicity","8 tuskers now dead, 1 survived. Millet samples from carcass & from fields where elephant herd grazed to be examined to confirm if fungus-laden crops were cause of death, it is learnt.",2024-10-31 05:15:46,https://static.theprint.in/wp-content/uploads/2024/10/ele1-696x392.jpg,theprint,3.6131394581074534e-28,25,44,204,10,142
123,Newsdata,https://odishatv.in/news/odisha/rising-crime-during-festivities-shakes-bhubaneswar-to-its-core-247926,Rising crime during festivities shakes Bhubaneswar to its core,"Crime surged in Bhubaneswar during Diwali, with bombings and attacks causing panic and making the Commissionerate Police's security claims seem hollow.",2024-11-02 17:24:53,https://images.odishatv.in/uploadimage/library/16_9/16_9_4/default.svg,odishatv,0.309283076337676,14,16,147,20,78
124,Newsdata,https://theprint.in/india/dollar-decline-to-help-rupee-kick-off-big-week-on-positive-note/2340448/,Dollar decline to help rupee kick off big week on positive note,"By Nimesh Vora MUMBAI (Reuters) - The Indian rupee is expected to open higher on Monday, on the back of a decline in the U.S. dollar amid likely unwinding of long positions in the lead up to the U.S.",2024-11-04 03:15:19,https://static.theprint.in/wp-content/uploads/2024/11/Dollar_412-696x464.jpg,theprint,3.1188407515716774e-21,12,39,143,5,55
125,Newsdata,https://odishatv.in/news/odisha/three-minor-boys-drown-in-koel-river-in-sundargarh-2-rescued-248010,"Two Boys Rescued in Koel River, Search Continues for Missing Boy in Odisha's Sundargarh","Two boys rescued from Koel River in Sundargarh, Odisha. One boy, Sarthak Badaik, still missing after being swept away. Rescue teams on-site.",2024-11-04 03:14:52,https://images.odishatv.in/uploadimage/library/16_9/16_9_4/default.svg,odishatv,2.8884390857658755e-19,8,3,57,4,39
126,Newsdata,https://theprint.in/india/politicians-use-threat-of-transfers-to-control-civil-servants-who-regulate-land-political-researchers-study/2339905/,Politicians use threat of transfers to control civil servants who regulate land—political researchers’ study,"Such threat compels even honest officers to bend land regulations in favour of builders who provide 'quid pro quo finance to politicians', says study available on OSF Preprints.",2024-11-04 04:30:29,https://static.theprint.in/wp-content/uploads/2024/11/civil-servants-696x392.jpg,theprint,2.707735589769522e-05,50,87,282,25,123
127,Newsdata,https://odishatv.in/news/odisha/odisha-begins-probe-into-unnatural-death-of-nearly-50-jumbos-in-7-months-248059,Odisha begins probe into unnatural death of nearly 50 jumbos in 7 months,"Odisha's divisional forest officers commenced a probe into 50 unnatural wild elephant deaths over seven months. Forest Minister Ganesh Ram Singkhuntia ordered this alarming inquiry. Most fatalities occurred in Baripada, Dhenkanal, Angul, Athagarh, and Keonjhar.",2024-11-04 15:29:29,https://images.odishatv.in/uploadimage/library/16_9/16_9_4/default.svg,odishatv,6.659212811240091e-104,7,30,103,1,48
128,Newsdata,https://odishatv.in/news/odisha/paddy-procurement-to-start-from-bargarh-on-november-21-248070,Paddy procurement to start from Bargarh on November 21,"Paddy procurement in Odisha will begin on November 21 from Bargarh, the state's rice bowl.",2024-11-04 17:16:51,https://images.odishatv.in/uploadimage/library/16_9/16_9_4/default.svg,odishatv,1.7344582948075232e-14,7,10,80,7,56
129,Newsdata,https://odishatv.in/news/odisha/osssc-ari-amin-exam-candidates-demand-cancellation-of-exams-248154,"OSSSC ARI, Amin exam candidates demand cancellation of exams","Candidates protest at Lower PMG Square, Bhubaneswar, demanding OSSSC to cancel RI, ICDS, ARI exams. Allegations of government inaction and job corruption fuel the demonstration.",2024-11-05 15:34:04,https://images.odishatv.in/uploadimage/library/16_9/16_9_4/default.svg,odishatv,0.9992933530367538,3,6,77,16,48
130,Newsdata,https://odishatv.in/news/odisha/notorious-gangster-sakil-fears-fake-encounter-releases-video-on-social-media-248431,"Notorious gangster Sakil fears 'fake encounter', releases video on social media","Gangster Md Sakil, fearing a 'fake encounter', released a video on Facebook pleading for justice. Currently out on bail, he seeks to shun violence and join mainstream.",2024-11-09 03:26:28,https://images.odishatv.in/uploadimage/library/16_9/16_9_4/default.svg,odishatv,0.9998493570186482,11,10,52,17,45
131,Newsdata,https://timesofindia.indiatimes.com/world/uk/kate-middleton-joins-royals-at-remembrance-day-event-after-cancer-recovery/articleshow/115125679.cms,Kate Middleton joins royals at Remembrance Day event after cancer recovery,"Princess Kate Middleton, recently having completed chemotherapy for an undisclosed illness, made a poignant appearance at the Festival of Remembrance in London. The event, honoring fallen soldiers, saw the Princess in black attire adorned with a symbolic red poppy.",2024-11-09 21:03:47,"https://static.toiimg.com/thumb/msid-115125845,imgsize-887312,width-400,resizemode-4/115125845.jpg",toi,0.015721763565829994,8,24,87,11,47
132,Newsdata,https://odishatv.in/news/odisha/odisha-announces-steps-to-streamline-registration-of-common-areas-in-apartments-248593,Odisha announces steps to streamline registration of common areas in apartments,"Odisha vows to safeguard home buyers by streamlining apartment common area registration, aligning with RERA norms. Usha Padhee leads discussions on the Odisha Apartment Ownership Act.",2024-11-11 02:30:26,https://images.odishatv.in/uploadimage/library/16_9/16_9_4/default.svg,odishatv,4.1690646873501357e-88,7,12,75,1,26
133,Newsdata,https://odishatv.in/news/accident/separate-road-accidents-claim-6-lives-in-odisha-leave-several-injured-248594,"Separate road accidents claim 6 lives in Odisha, leave several injured","Six people died in separate road accidents across Odisha, including Bhubaneswar, Cuttack, and Sambalpur. Several others were critically injured.",2024-11-11 03:35:34,https://images.odishatv.in/uploadimage/library/16_9/16_9_4/default.svg,odishatv,0.000809361887822872,8,22,70,9,39
134,Newsdata,https://odishatv.in/news/odisha/over-5000-thousand-children-suffering-from-malnutrition-in-nabarangpur-248964,Over 5000 thousand children suffering from malnutrition in Nabarangpur,"Over 5,000 children in Nabarangpur suffer from malnutrition. Champa Jani\'s son is treated at NRC. Poverty and lack of awareness are said to have worsened the crisis.",2024-11-15 17:34:21,https://images.odishatv.in/uploadimage/library/16_9/16_9_4/default.svg,odishatv,0.008691660875214662,20,26,145,19,70
135,Newsdata,https://odishatv.in/news/odisha/mohan-majhi-govt-to-bring-senior-odia-ias-officers-back-to-odisha-249210,Mohan Majhi-govt to bring senior Odia IAS officers back to Odisha!,"Mohan Majhi's government aims to bring honest and efficient Odia IAS officers back to Odisha, enhancing administration. Speculations suggest key roles for Sanjib Mishra and Manoj Sahu. This move aimed to restore Odia pride.",2024-11-18 17:30:33,https://images.odishatv.in/uploadimage/library/16_9/16_9_4/default.svg,odishatv,4.833337791817704e-33,16,30,147,5,66
136,Newsdata,https://theprint.in/india/secularism-and-pluralism-in-the-indian-constitution/2374048/,Secularism and Pluralism in the Indian Constitution,"New Delhi [India], November 26 (ANI): In 2015, on the occasion of the 125 birth anniversary of Dr BR Ambedkar, the government decided to celebrate November 26 as the Constitution Day to highlight the importance of the event and commemorate its chief architect. On this day in 1949, the Constituent Assembly had adopted the Constitution [...]",2024-11-26 03:32:35,https://static.theprint.in/wp-content/uploads/2024/11/ANI-20241126031638.jpg,theprint,1.1975071193308538e-12,27,96,384,22,144
137,Newsdata,https://odishatv.in/news/odisha/one-killed-woman-cop-injured-gas-tanker-crash-into-police-vehicle-in-odisha-249733,"One killed, woman cop injured as gas tanker crashed into police vehicle in Odisha","A tragic accident on NH-16 in Jajpur, Odisha, led to Ranjan Kumar Jena\'s death and police officer Sulochana Behera\'s injury. A speeding gas tanker crashed into a police vehicle.",2024-11-26 04:31:32,https://images.odishatv.in/uploadimage/library/16_9/16_9_4/default.svg,odishatv,1.2118638012934623e-06,10,13,96,10,48
138,Newsdata,https://theprint.in/india/delhi-bjps-parivartan-yatra-likely-to-begin-from-all-seven-lok-sabha-seats-from-dec-8/2381973/,Delhi: BJP’s Parivartan Yatra likely to begin from all seven Lok Sabha seats from Dec 8,"New Delhi [India], November 30 (ANI): The Bharatiya Janata Party (BJP) is ramping up preparations for the upcoming Delhi Assembly Elections, expected to be in 2025. According to the sources, the Delhi BJP would soon hold a press conference to officially announce the details of the Parivartan Yatra which is likely to begin for all [...]",2024-11-30 17:32:24,https://static.theprint.in/wp-content/uploads/2024/11/ANI-20241130171732.jpg,theprint,3.8059424859526617e-41,7,14,129,4,47
139,Newsdata,https://timesofindia.indiatimes.com/world/uk/uk-prince-harry-and-meghan-markle-excluded-from-royal-christmas-celebrations/articleshow/115852282.cms,UK: Prince Harry and Meghan Markle excluded from royal Christmas celebrations,"Prince Harry and Meghan Markle are excluded from the British royal family's Christmas at Sandringham, a tradition they've avoided since 2018. Relations remain tense, particularly between Harry and King Charles, with recent attempts at communication going unanswered. The duo has typically spent holidays in the US since stepping back from royal duties in 2020.",2024-11-30 20:18:16,"https://static.toiimg.com/thumb/msid-115852307,imgsize-994877,width-400,resizemode-4/115852307.jpg",toi,7.527157413171593e-06,15,35,149,10,58
140,Newsdata,https://odishatv.in/news/odisha/orissa-hc-directs-govt-for-regular-recruitment-of-assistant-professors-250499,Orissa HC directs Odisha govt for regular recruitment of assistant professors in medical colleges,"The Orissa High Court, led by Justice S K Panigrahi, urged the Odisha govt to regularly recruit assistant professors via OPSC. Criticising contractual hires, it stressed on stable appointments.",2024-12-06 03:15:21,https://images.odishatv.in/uploadimage/library/16_9/16_9_4/default.svg,odishatv,7.904732453272295e-96,3,23,104,1,30
141,Newsdata,https://odishatv.in/news/odisha/odisha-cm-mohan-majhi-distribute-800-input-subsidy-farmers-bargarh-250628,Odisha CM Mohan Majhi to distribute Rs 800 input subsidy to farmers in Bargarh tomorrow,"Chief Minister Mohan Majhi will distribute a Rs 800 input subsidy per quintal of paddy to farmers in Bargarh tomorrow, enhancing the MSP of Rs 2300. The funds will be transferred via DBT.",2024-12-07 17:35:42,https://images.odishatv.in/uploadimage/library/16_9/16_9_4/default.svg,odishatv,1.255304720064844e-11,6,17,93,7,40
142,Newsdata,https://timesofindia.indiatimes.com/world/uk/five-indian-students-from-ap-involved-in-car-crash-in-uk-one-dead-and-driver-arrested/articleshow/116223809.cms,"Five Indian students from AP involved in car crash in UK, one dead and driver arrested","Five Indian students from Andhra Pradesh were involved in a single-vehicle crash in Leicestershire, England. One passenger died at the scene, while the other three passengers and the driver were hospitalized. The driver, a 27-year-old male, was arrested on suspicion of causing death by dangerous driving and later released on bail.",2024-12-11 18:27:49,"https://static.toiimg.com/thumb/msid-116223927,width-1070,height-580,imgsize-555177,resizemode-75,overlay-toi_sw,pt-32,y_pad-40/photo.jpg",toi,6.85091970575379e-13,9,22,111,9,68
