id,apiname,url,title,summary,published,imageurl,source,score,adverb_count,adjective_count,noun_count,pronoun_count,verb_count
1,Newsdata,https://www.deccanchronicle.com/southern-states/telangana/gadwal-mla-krishna-mohan-reddy-meets-revanth-reddy-1813835,Gadwal MLA Krishna Mohan Reddy meets Revanth Reddy,,2024-08-02 05:23:36,https://www.deccanchronicle.com/h-upload/2024/08/02/1828236-dillydallying.webp,deccanchronicle,1.3928468674238166e-77,1,2,48,1,14
2,Newsdata,https://www.bhaskar.com/career/news/neet-paper-leak-controversy-supreme-court-verdict-update-dy-chandrachud-133418430.html,"NEET पर सुप्रीम कोर्ट का अंतिम फैसला:कोर्ट ने कहा- सिर्फ दो सेंटर्स पर गड़बड़ी हुई थी, 30 सितंबर तक एक्सपर्ट कमेटी से रिपोर्ट मांगी","NEET विवाद पर आज सुप्रीम कोर्ट फैसला सुना दिया है। कोर्ट ने कहा है कि एग्जाम में सिर्फ पटना और हजारीबाग सेंटर्स पर गड़बड़ी नहीं हुई। कोर्ट ने के राधाकृष्णनन कमेटी से एग्जाम सेंटर्स अलोट करने की व्यवस्था को दुरुस्त करने के लिए कहा है। इसके अलावा कोर्ट ने 8 पॉइंट्स पर एक्सपर्ट कमेटी से रिपोर्ट मांगी है। कोर्ट ने 23 जुलाई को 40 याचिकाओं पर सुनवाई के बाद फैसला सुरक्षित रख लिया था। तब कोर्ट ने ने कहा था कि NEET की परीक्षा दोबारा नहीं होगी। पूरी परीक्षा में गड़बड़ी होने के पर्याप्‍त सबूत नहीं मिले हैं। अगर जांच के दौरान कोई दोषी पाया जाता है तो उसके खिलाफ कार्रवाई की जाएगी। ऐसी स्थिति में उसे एडमिशन नहीं मिलेगा। CJI ने कहा था कि हम पेपर लीक के ठोस सबूत के बिना रीएग्जाम का फैसला नहीं दे सकते हैं। हो सकता है कि CBI जांच के बाद पूरी तस्वीर ही बदल जाए, लेकिन आज हम किसी हालत में यह नहीं कह सकते कि पेपर लीक पटना और हजारीबाग तक सीमित नहीं है। वहीं, 25 जुलाई NTA ने NEET-UG 2024 का रिवाइज्ड रिजल्ट घोषित कर दिया। इसके बाद ऑल इंडिया रैंक पर 17 कैंडिडेट्स हैं। NEET के जिन सेंटर्स पर गड़बड़ी हुई, वहां टॉपर नहीं:रिजल्ट जारी; CBI ने BTech ग्रेजुएट समेत 3 को गिरफ्तार किया, ये सॉल्‍वर गैंग से जुड़े सुप्रीम कोर्ट के आदेश के बाद नेशनल टेस्टिंग एजेंसी यानी NTA ने शनिवार, 20 जुलाई को NEET UG एग्‍जाम का सिटी और सेंटरवाइज रिजल्‍ट जारी कर दिया। पूरी खबर पढ़ें NEET पेपर लीक में पहचान बदलकर मेडिकल कॉलेज पहुंची CBI:डॉक्टरी कर रहे 2 स्टूडेंट गिरफ्तार, भरतपुर में किराए के कमरे में रह रहे थे NEET पेपर लीक मामले में CBI ने भरतपुर (राजस्थान) के जगन्नाथ पहाड़िया मेडिकल कॉलेज के दो स्टूडेंट को गिरफ्तार किया है। दोनों स्टूडेंट ने डमी कैंडिडेट बनकर हजारीबाग (झारखंड) में 5 मई को पेपर दिया था। पूरी खबर पढ़ें नई सरकारी नौकरियों के अपडेट्स यहां पढ़ेंआज के दिन का करेंट अफेयर्स यहां पढ़ेंशिक्षा और करियर से जुड़ी और खबरें यहां पढ़ें",2024-08-02 05:15:01,https://images.bhaskarassets.com/thumb/1000x1000/web2images/521/2024/08/02/1-5_1722575507.jpg,bhaskar_hindi,0.02834806744162719,0,1,11,1,2
3,Newsdata,https://www.vikatan.com/spiritual/spiritual-reason-for-natural-disaster-and-parihaaram,"இயற்கைச் சீற்றங்கள் ஏன் ஏற்படுகின்றன? - சரகர், வராகமிஹிரர் கூறும் காரணங்களும் பரிகாரங்களும்!",,2024-08-02 04:36:32,https://gumlet.vikatan.com/vikatan/2024-07/942c8965-61f2-41b3-90d9-4e2d42497fa2/Image,vikatan,1.0,0,0,6,0,1
4,Newsdata,https://www.deccanchronicle.com/southern-states/telangana/jupally-krishna-rao-calls-on-gadwal-mla-krishna-mohan-reddy-1813824,Jupally Krishna Rao calls on Gadwal MLA Krishna Mohan Reddy,,2024-08-02 03:42:01,https://www.deccanchronicle.com/h-upload/2024/08/02/1828222-untitleddesign-2024-08-02t090857354.webp,deccanchronicle,2.818971933158699e-11,4,8,72,5,26
5,Newsdata,https://www.thehindu.com/books/books-reviews/earthquake-india-natural-disaster-building-collapse-lives-lost-casualty-environment/article68459616.ece,Review of The Rumbling Earth — The Story of Indian Earthquakes: Ground beneath India’s feet,A new book attempts to demystify earthquakes and explains why it’s so difficult to predict the next tremor,2024-08-02 03:31:00,https://th-i.thgim.com/public/incoming/3i4uiq/article68460087.ece/alternates/LANDSCAPE_1200/GettyImages-103326137.jpg,thehindu,5.356816444094685e-09,29,74,274,20,124
6,Newsdata,https://www.bhaskar.com/career/news/today-is-the-last-day-to-apply-for-recruitment-to-741-posts-in-indian-navy-opportunity-for-10th-pass-salary-more-than-1-lakh-133414485.html,"सरकारी नौकरी:इंडियन नेवी में 741 पदों पर भर्ती के लिए आवेदन का आज आखिरी दिन, 10वीं पास को मौका, सैलरी 1 लाख से ज्यादा","भारतीय नौसेना की ओर से इंडियन नेवल सिविलियन एंट्रेंस टेस्ट (INCET-01/2024) के तहत फायरमैन, एमटीएस, कुक समेत 741 पदों पर भर्ती जारी है। इस भर्ती के लिए आवेदन की आज यानी 2 अगस्त को आखिरी तारीख है। उम्मीदवार ऑफिशियल वेबसाइट www.joinindiannavy.gov.in पर जाकर आवेदन कर सकते हैं। वैकेंसी डिटेल्स : एजुकेशनल क्वालिफिकेशन : पद के अनुसार 10वीं के साथ आईटीआई/ संबंधित क्षेत्र में डिप्लोमा/ इंजीनियरिंग डिप्लोमा/ ग्रेजुएशन की डिग्री। आयु सीमा : फीस : सैलरी : सिलेक्शन प्रोसेस : ऐसे करें आवेदन : ऑफिशियल नोटिफिकेशन लिंक ऑनलाइन आवेदन लिंक",2024-08-02 02:30:00,https://images.bhaskarassets.com/thumb/1000x1000/web2images/521/2024/08/01/2024-08-01t190920363_1722519572.jpg,bhaskar_hindi,0.02834806744162719,0,1,11,1,2
7,Newsdata,https://www.deccanchronicle.com/nation/ed-insiders-tell-me-raid-being-planned-waiting-with-open-arms-rahul-gandhi-1813820,"ED insiders tell me raid being planned, waiting with open arms: Rahul Gandhi",,2024-08-02 02:11:08,https://www.deccanchronicle.com/h-upload/2024/03/17/1080043-rahulgandhi1.webp,deccanchronicle,0.9268222299759444,22,46,273,46,153
8,Newsdata,https://www.bhaskar.com/local/rajasthan/ajmer/news/recruitment-exam-in-art-culture-and-archeology-department-from-tomorrow-133417974.html,"कला, संस्कृति एवं पुरातत्व विभाग में भर्ती एग्जाम कल से:केवल अजमेर में बनाए सेंटर, 7041 कैंडिडेट्स, एक घंटे पहले मिलेगी एन्ट्री","राजस्थान लोक सेवा आयोग द्वारा कला साहित्य, संस्कृति एवं पुरातत्व विभाग के 5 विभिन्न पदों की परीक्षाओं का आयोजन 3 से 5 अगस्त 2024 तक अजमेर जिला मुख्यालय पर किया जाएगा। इन परीक्षाओं के लिए कुल 7041 कैंडिडेट्स पंजीकृत किए गए हैं। परीक्षाओं में ओएमआर उत्तर-पत्रक के पांचवे विकल्प को भरने के लिए 10 मिनट का अतिरिक्त समय दिया जाएगा। परीक्षाओं के प्रवेश-पत्र आयोग की वेबसाइट एवं एसएसओ पोर्टल पर अपलोड कर दिए गए हैं। अभ्यर्थी यथाशीघ्र प्रवेश-पत्र डाउनलोड कर लेवें। प्रवेश-पत्र आयोग की वेबसाइट पर उपलब्ध एडमिट कार्ड लिंक के माध्यम से आवेदन-पत्र क्रमांक व जन्म दिनांक प्रविष्ठ कर डाउनलोड किए जा सकेंगे। इसके अतिरिक्त एसएसओ पोर्टल पर लॉगिन कर सिटीजन ऐप्स में उपलब्ध रिक्रूटमेंट पोर्टल लिंक से भी प्रवेश-पत्रों को डाउनलोड किया जा सकता है। परीक्षा कार्यक्रम एक घंटे पहले मिलेगी एन्ट्री परीक्षा केन्द्र पर किसी भी परीक्षार्थी को प्रत्येक परीक्षा के प्रारंभ होने के 60 मिनट पूर्व तक ही प्रवेश दिया जाएगा। इसके पश्चात् किसी भी परीक्षार्थी को परीक्षा केंद्र पर प्रवेश नहीं दिया जाएगा। अतः अभ्यर्थी परीक्षा के दिन प्रत्येक परीक्षा के प्रारंभ होने के लिए नियत समय से पर्याप्त समय पूर्व परीक्षा केंद्रों पर आवश्यक रूप से उपस्थित हो जाएं ताकि सुरक्षा जांच एवं पहचान का कार्य समय पर पूर्ण हो सके। देरी से आने पर तलाशी में समय लगने के कारण परीक्षा में शामिल होने से वंचित हो सकते हैं। फोटो युक्त पहचान पत्र जरूरी अभ्यर्थियों को पहचान के लिए परीक्षा केंद्र पर मूल आधार कार्ड (रंगीन प्रिंट) लेकर उपस्थित होना होगा। यदि मूल आधार कार्ड पर फोटो पुरानी अथवा अस्पष्ट है तो अन्य मूल फोटो युक्त पहचान-पत्र यथा मतदाता पहचान-पत्र, पासपोर्ट, ड्राइविंग लाइसेंस जिसमें रंगीन एवं नवीनतम स्पष्ट फोटो हो, लेकर परीक्षा केंद्र पर उपस्थित होवें। इसके साथ ही अभ्यर्थी प्रवेश-पत्र पर भी नवीनतम रंगीन फोटो ही चस्पा करना सुनिश्चित करें। अभ्यर्थी प्रवेश-पत्र के साथ जारी आवश्यक अनुदेशों का अवलोकन अवश्य कर लेवें। किसी के बहकावें में नहीं आए आयोग द्वारा आयोजित परीक्षा में सम्मिलित होने वाले अभ्यर्थी किसी दलाल, मीडिएटर, समाजकंटक या अपराधी के बहकावे में न आएं। यदि कोई परीक्षा में पास कराने के नाम पर रिश्वत की मांग या अन्य कोई प्रलोभन व झांसा देता है तो प्रमाण सहित इस संबंध में जांच एजेंसी एवं आयोग कंट्रोल रूम नंबर 0145-2635200, 2635212 एवं 2635255 पर सूचित करें। परीक्षा में अनुचित साधन अपनाये जाने एवं अनुचित कृत्यों में संलिप्त होने पर राजस्थान सार्वजनिक परीक्षा (अनुचित साधनों की रोकथाम के अध्युपाय) अधिनियम, 2022 के तहत आजीवन कारावास, 10 करोड़ रुपए तक के जुर्माने से दण्डित एवं चल अचल संपत्ति कुर्क कर जब्त की जा सकती है।",2024-08-02 01:20:27,https://images.bhaskarassets.com/thumb/1000x1000/web2images/521/2024/08/02/0521rpscnewreadypic12_1722561575.jpg,bhaskar_hindi,0.02834806744162719,0,1,11,1,2
9,Newsdata,https://tamil.news18.com/photogallery/spiritual/these-zodiac-signs-get-more-money-and-will-be-happy-for-250-days-1543568.html,சனியால் அடுத்த 250 நாட்களில் கோடீஸ்வரராக போகும் ராசிகள் இவைதான்!,சனியின் அருளை பெற்ற குறிப்பிட்ட 3 ராசிக்காரர்களுக்கு அடுத்த 250 நாட்களுக்குள் மிகப்பெரிய ஜாக்பாட் அடிக்கபோகுது என்றே சொல்லலாம்.,2024-08-02 01:06:59,https://images.news18.com/tamil/uploads/2024/07/sani-rasi-palan-2024-07-7f9c1cbf57f65da21b76beb7dbf7b4ab-3x2.jpg,tamil_news18,0.9999999999999962,0,0,0,0,0
36,Newsdata,https://www.deccanchronicle.com/southern-states/andhra-pradesh/minister-demands-swift-action-in-child-rape-case-1814463,Minister Demands Swift Action in Child Rape Case,,2024-08-05 14:34:50,https://www.deccanchronicle.com/h-upload/2024/08/05/1828941-screenshot2024-08-05at80254pm.webp,deccanchronicle,6.580384747099014e-07,4,14,51,5,29
10,Newsdata,https://www.thehindu.com/sci-tech/energy-and-environment/after-wayanad-disaster-centre-re-issues-draft-western-ghats-notification/article68478544.ece,Centre reissues draft Western Ghats notification for the 6th time,A senior official says timing of this sixth version of the draft notification is unrelated to the landslide; notification on protected zones in the Western Ghats yet to become law after a decade because of States’ objections,2024-08-02 16:38:53,https://th-i.thgim.com/public/incoming/sc72k6/article68478914.ece/alternates/LANDSCAPE_1200/PTI08_02_2024_000403B.jpg,thehindu,1.9345423435836675e-21,17,71,284,15,143
11,Newsdata,https://theprint.in/india/governance/centre-notifies-56800-sq-km-of-western-ghats-including-landslide-hit-wayanad-as-eco-sensitive-area/2205204/,"Centre notifies 56,800 sq km of Western Ghats, including landslide-hit Wayanad, as eco-sensitive area",The new draft notification issued on 31 July comes a month after the earlier notification expired. This is the sixth such notification for the landslide-prone region,2024-08-02 16:19:43,https://static.theprint.in/wp-content/uploads/2024/08/Kerala-landslides-Wayanad-696x392.jpg,theprint,5.865892521838128e-27,8,37,143,5,57
12,Newsdata,https://www.deccanchronicle.com/southern-states/andhra-pradesh/andhra-pradesh-four-family-members-killed-in-roof-collapse-1813933,Andhra Pradesh: Four Family Members Killed in Roof Collapse,,2024-08-02 16:06:41,https://www.deccanchronicle.com/h-upload/2024/02/18/1090879-death.webp,deccanchronicle,0.7975861599982002,2,6,52,7,19
13,Newsdata,https://www.deccanchronicle.com/southern-states/andhra-pradesh/andhra-pradesh-bheemili-society-issued-show-cause-notice-on-erramatti-dibbalu-1813932,Andhra Pradesh: Bheemili society issues show cause notice on Erramatti Dibbalu,"The notice follows a complaint lodged by Jana Sena leader and GVMC corporator P.L.N. Murthy Yadav on July 18, citing that the land is located in the sensitive Coastal Regulation Zone 1 area",2024-08-02 16:04:54,https://www.deccanchronicle.com/h-upload/2024/08/02/1828324-untitleddesign-2024-08-02t213413126.webp,deccanchronicle,2.7259543542842384e-38,6,12,118,4,47
14,Newsdata,https://www.deccanchronicle.com/nation/current-affairs/chhattisgarh-20-ias-officers-transferred-in-major-reshuffle-1813931,Chhattisgarh: 20 IAS Officers Transferred in Major Reshuffle,,2024-08-02 15:56:53,https://www.deccanchronicle.com/h-upload/2024/08/02/1828323-vishnudeosai.webp,deccanchronicle,8.61781394290433e-10,3,16,37,2,15
15,Newsdata,https://www.bhaskar.com/career/news/faculty-vacancy-in-physicswallah-will-have-to-teach-in-online-medium-work-from-home-job-133420055.html,"प्राइवेट नौकरी:PhysicsWallah में फैकल्टी की वैकेंसी, ऑनलाइन मीडियम में पढ़ाना होगा, वर्क फ्रॉम होम जॉब","एडटेक कंपनी, PhysicsWallah ने ऑनलाइन फैकल्टी की वैकेंसी निकाली है। यह वैकेंसी इंग्लिश डिपार्टमेंट में है। इस पोस्ट पर शॉर्टलिस्ट किए गए कैंडिडेट्स को तीसरी से 8वीं तक के स्टूडेंट्स को ऑनलाइन मीडियम में पढ़ाना होगा। सब्जेक्ट्स : रोल और रिस्पॉन्सिबिलिटी : एजुकेशनल क्वालिफिकेशन : एक्सपीरियंस : जरूरी स्किल्स : जॉब लोकेशन : ऐसे करें अप्लाई : Apply Now नोट - फॉर्म भरते समय अपना डेमो वीडियो भी अपलोड करना होगा। कंपनी के बारे में :",2024-08-02 14:54:18,https://images.bhaskarassets.com/thumb/1000x1000/web2images/521/2024/08/02/291703156030-1_1722610418.jpg,bhaskar_hindi,0.02834806744162719,0,1,11,1,2
16,Newsdata,https://theprint.in/environment/china-plans-new-carbon-emission-controls-as-it-aims-for-2030-peak/2205103/,China plans new carbon emission controls as it aims for 2030 peak,"BEIJING (Reuters) -China will accelerate the development of a carbon emissions control system to help it achieve its goal of reaching a peak in the emissions of the climate-warming gases by 2030, the",2024-08-02 14:17:34,https://static.theprint.in/wp-content/uploads/2024/08/China_339-696x500.jpg,theprint,8.403217277839486e-23,8,25,132,6,51
17,Newsdata,https://www.vikatan.com/lifestyle/culture/aadi-perukku-celebration-of-mgr-janaki-college-students,எம். ஜி.ஆர்.ஜானகி கல்லூரி மாணவிகளின் ஆடிப் பெருக்கு கொண்டாட்டம்! | Photo Album,,2024-08-02 13:49:35,https://gumlet.vikatan.com/vikatan/2024-08/7d0f0b91-b242-4b5f-8851-18b280fd5b96/20240802125712_3B1A7869.jpg,vikatan,1.0,0,0,6,0,1
18,Newsdata,https://www.bhaskar.com/career/news/current-affairs-john-abraham-becomes-owner-of-goa-aces-racing-team-turkiye-bans-instagram-133419806.html,"करेंट अफेयर्स 02 अगस्त:जॉन अब्राहम गोवा एसेस रेसिंग टीम के मालिक बने, तुर्किये ने इंस्टाग्राम पर प्रतिबंध लगाया","जेनेट यांग दोबारा AMPAS की अध्यक्ष बनीं। तुर्किये सरकार ने इंस्टाग्राम पर प्रतिबंध लगा दिया। वहीं, भारत ने मालदीव को दो बंदरगाह दिए। आइए आज के ऐसे ही प्रमुख करेंट अफेयर्स पर नजर डालते हैं, जो सरकारी नौकरियों की तैयारी कर रहे स्टूडेंट्स के लिए अहम हैं... इंटरनेशनल (INTERNATIONAL) 1. तुर्किये में इंस्टाग्राम पर प्रतिबंध लगा: 2 अगस्त को तुर्किये ने सोशल मीडिया प्लेटफॉर्म इंस्टाग्राम पर बैन लगा दिया। देश के सूचना प्रौद्योगिकी नियमाक ने बैन की जानकारी दी, लेकिन इसका कोई कारण या अवधि नहीं बताई है। 2. जेनेट यांग दोबारा AMPAS की अध्यक्ष बनीं: 2 अगस्त को एकेडमी ऑफ मोशन पिक्चर आर्ट्स एंड साइंसेज (AMPAS) ने जेनेट यांग को दोबारा अध्यक्ष चुना। वे 2022 में पहली बार फिल्म एकेडमी की अध्यक्ष बनीं थीं। स्पोर्ट (SPORT) 3. जॉन अब्राहम ने इंडियन रेसिंग फेस्टिवल में रेसिंग टीम खरीदी: 2 अगस्त को जॉन अब्राहम गोवा एसेस रेसिंग टीम के मालिक बने। जॉन की रेसिंग टीम मोटरस्पोर्ट इवेंट इंडियन रेसिंग फेस्टिवल 2024 में हिस्सा लेगी। नेशनल (NATIONAL) 4. भारत ने मालदीव को दो बंदरगाह दिए:1 अगस्त को केंद्र सरकार ने मालदीव को दो अतिरिक्त बंदरगाह देने की घोषणा की है। अब मालदीव गुड्स एक्सपोर्ट के लिए कांडला सागर (INIXY1) और विशाखापट्टनम सागर बंदरगाह (INYTZ1) का इस्तेमाल कर सकेगा। आज का इतिहास (TODAY'S HISTORY) 02 अगस्त का इतिहास: 1858 में आज ही के दिन ब्रिटिश संसद में भारत सरकार अधिनियम पास हुआ था। इसके जरिए भारत का शासन ब्रिटिश क्राउन के पास चला गया और देश पर इंग्लैंड की संसद का सीधा कंट्रोल हो गया था। ईस्ट इंडिया कंपनी के बोर्ड ऑफ डायरेक्टर और बोर्ड ऑफ कंट्रोल को खत्म कर दिया गया था। ब्रिटिश संसद में भारत के मंत्री का पद खत्म कर 15 मेंबर्स की इंडियन काउंसिल का गठन किया गया और भारत के गवर्नर जनरल को वायसराय कहा जाने लगा।",2024-08-02 13:26:51,https://images.bhaskarassets.com/thumb/1000x1000/web2images/521/2024/08/02/9_1722602684.jpg,bhaskar_hindi,0.02834806744162719,0,1,11,1,2
37,Newsdata,https://theprint.in/india/wayanad-landslides-centre-blames-kerala-for-allowing-illegal-mining-unregulated-human-habitation/2209067/,"Wayanad landslides: Centre blames Kerala for allowing ‘illegal mining, unregulated human habitation’","Day after mudslide, Centre issued 6th draft notification for declaring 56,800 kilometres of Western Ghats, including 13 villages in Wayanad, an ecologically sensitive area.",2024-08-05 13:43:46,https://static.theprint.in/wp-content/uploads/2022/02/yadav-696x392.jpg,theprint,9.580907114571762e-46,15,42,151,3,63
19,Newsdata,https://www.bhaskar.com/career/news/the-last-date-for-application-for-recruitment-to-690-posts-in-mp-is-near-you-can-apply-till-august-4-133419794.html,"सरकारी नौकरी:एमपी में 690 पदों पर भर्ती के लिए आवेदन की आखिरी तारीख करीब, 4 अगस्त तक मौका","मध्य प्रदेश लोक सेवा आयोग (MPPSC) ने 600 से ज्यादा पदों पर भर्ती निकाली है। इस भर्ती के लिए आवेदन की आखिरी तारीख करीब है। उम्मीदवार ऑफिशियल वेबसाइट mppsc.mp.gov.in पर जाकर 4 अगस्त तक अप्लाई कर सकते हैं। इसमें से 242 पद महिला उम्मीदवारों के लिए आरक्षित हैं। वहीं 96 पद अनारक्षित हैं, जिनके लिए अन्य राज्यों के उम्मीदवार भी आवेदन कर सकते हैं। एजुकेशनल क्वालिफिकेशन : आयु सीमा : सिलेक्शन प्रोसेस : रिटन एग्जाम, इंटरव्यू फीस : सैलरी : ऐसे करें आवेदन ऑफिशियल नोटिफिकेशन लिंक ऑनलाइन आवेदन लिंक",2024-08-02 13:23:58,https://images.bhaskarassets.com/thumb/1000x1000/web2images/521/2024/08/02/13-3_1722605517.jpg,bhaskar_hindi,0.02834806744162719,0,1,11,1,2
20,Newsdata,https://timesofindia.indiatimes.com/city/surat/diamond-trader-under-ed-scanner-for-pmla-violation/articleshow/112236496.cms,Diamond trader under ED scanner for PMLA violation,,2024-08-02 23:42:41,"https://static.toiimg.com/photo/msid-112236496,imgsize-.cms",toi,1.3248824721741943e-62,5,25,178,4,57
21,Newsdata,https://timesofindia.indiatimes.com/city/surat/con-call-centre-scam-busted-in-surat/articleshow/112236000.cms,‘Con call centre’ preying on jobseekers busted,,2024-08-02 23:16:20,"https://static.toiimg.com/photo/msid-112235997,imgsize-547628.cms",toi,0.06395529294714464,14,26,229,29,117
22,Newsdata,https://www.deccanchronicle.com/southern-states/andhra-pradesh/sc-hears-illegal-sand-mining-in-ap-next-hearing-on-aug-31-1814115,"SC hears illegal sand mining in AP, next hearing on Aug. 31",,2024-08-02 19:20:19,https://www.deccanchronicle.com/h-upload/2024/08/01/1828026-supremecourt.webp,deccanchronicle,7.194476669648203e-29,2,9,50,2,23
23,Newsdata,https://www.deccanchronicle.com/nation/iaf-chinook-mi17-used-to-save-kedarnath-pilgrims-1814110,"IAF Chinook, MI17 used to save Kedarnath pilgrims",,2024-08-02 18:50:35,https://www.deccanchronicle.com/h-upload/2024/08/03/1828505-chinook-iaf.webp,deccanchronicle,0.9999999999999953,3,7,83,0,27
24,Newsdata,https://www.deccanchronicle.com/southern-states/telangana/dav-public-school-launches-model-united-nations-conference-1814114,DAV Public School Launches Model United Nations Conference,,2024-08-02 18:10:24,https://www.deccanchronicle.com/h-upload/2024/08/03/1828509-whatsappimage2024-08-02at74025pm1.webp,deccanchronicle,3.3360017796716105e-12,1,10,44,3,20
25,Newsdata,https://www.deccanchronicle.com/southern-states/telangana/shia-body-wants-modis-intervention-in-pak-sectarian-violence-1814152,Shia body wants Modi's intervention in Pak sectarian violence,,2024-08-03 16:30:02,https://www.deccanchronicle.com/h-upload/2024/08/03/1828554-7.webp,deccanchronicle,1.2054506382275167e-18,2,13,95,5,32
26,Newsdata,https://www.deccanchronicle.com/southern-states/andhra-pradesh/jobs-and-loans-for-25000-jobless-youth-andhra-pradesh-minister-1814151,"Jobs and Loans for 25,000 Jobless Youth: Andhra Pradesh Minister",,2024-08-03 16:29:10,https://www.deccanchronicle.com/h-upload/2024/08/03/1828555-ssavitha.webp,deccanchronicle,0.023790736235502753,2,2,56,5,16
27,Newsdata,https://www.deccanchronicle.com/southern-states/andhra-pradesh/andhra-pradesh-all-flood-hit-families-in-asr-district-return-home-1814150,Andhra Pradesh: All Flood-Hit Families in ASR District Return Home,,2024-08-03 16:28:13,https://www.deccanchronicle.com/h-upload/2024/08/03/1828552-screenshot2024-08-03at95414pm.webp,deccanchronicle,3.034732586922017e-17,9,17,74,5,49
28,Newsdata,https://www.deccanchronicle.com/southern-states/andhra-pradesh/balashowry-announces-rs-1-crore-community-hall-road-projects-1814149,"Balashowry Announces Rs 1 Crore Community Hall, Road Projects",,2024-08-03 16:20:16,https://s3.ap-southeast-1.amazonaws.com/images.deccanchronicle.com/dc-Cover-dcpl1jgdfrap0eovpob56g9aq1-20221002113528.Medi.jpeg,deccanchronicle,0.9999999999998472,1,8,73,0,25
29,Newsdata,https://www.deccanchronicle.com/nation/telangana-remove-illegal-constructions-or-face-action-says-komatireddy-1814148,"Telangana: Remove Illegal Constructions or Face Action, Says Komatireddy",,2024-08-03 16:18:51,https://www.deccanchronicle.com/h-upload/2024/08/03/1828551-screenshot2024-08-03at94710pm.webp,deccanchronicle,1.84241083823368e-08,6,7,66,6,34
30,Newsdata,https://www.deccanchronicle.com/nation/politics/uddhav-calls-fadnaviskhatmal-says-bjp-indulged-in-power-jihad-1814147,"Uddhav calls Fadnavis‘‘Khatmal’, says BJP indulged in ‘power jihad’",,2024-08-03 16:15:03,https://s3.ap-southeast-1.amazonaws.com/images.deccanchronicle.com/dc-Cover-n7nitn1tc9cr65m49kbf3bupm4-20231218221716.Medi.jpeg,deccanchronicle,0.9980312949308848,15,15,161,25,73
31,Newsdata,https://www.deccanchronicle.com/nation/bagalkot-floods-effective-management-relief-centres-aid-2499-1814146,"Bagalkot Floods: Effective Management, Relief Centres Aid 2,499",,2024-08-03 16:14:58,https://www.deccanchronicle.com/h-upload/2024/08/03/1828550-screenshot2024-08-03at94114pm.webp,deccanchronicle,3.852570193790071e-108,6,11,116,2,55
32,Newsdata,https://www.deccanchronicle.com/southern-states/andhra-pradesh/agniveer-passing-out-parade-on-august-9-1814467,Agniveer Passing Out Parade on August 9,,2024-08-05 14:51:11,https://www.deccanchronicle.com/h-upload/2024/08/05/1828945-screenshot2024-08-05at81821pm.webp,deccanchronicle,6.625660967959649e-68,4,12,61,1,23
33,Newsdata,https://www.deccanchronicle.com/southern-states/andhra-pradesh/red-carpet-rolled-out-for-renewable-energy-investments-in-ap-1814466,Red Carpet Rolled Out for Renewable Energy Investments in AP,,2024-08-05 14:44:22,https://www.deccanchronicle.com/h-upload/2024/08/05/1828944-screenshot2024-08-05at81251pm.webp,deccanchronicle,2.6862794411063554e-06,9,23,95,9,43
34,Newsdata,https://www.deccanchronicle.com/southern-states/karnataka/bjp-jds-padayatra-giving-sleepless-nights-to-congress-party-bjp-state-president-by-vijayendra-1814465,BJP-JDS Padayatra Giving Sleepless Nights to Congress Party: BJP State President B.Y. Vijayendra,,2024-08-05 14:42:59,https://www.deccanchronicle.com/h-upload/2024/08/05/1828943-la-2428328.webp,deccanchronicle,4.2247579320071923e-11,6,14,123,8,46
35,Newsdata,https://www.deccanchronicle.com/world/asia/indo-bangladesh-trade-halted-amid-crisis-1814464,Indo-Bangladesh Trade Halted Amid Crisis,,2024-08-05 14:35:41,https://www.deccanchronicle.com/h-upload/2024/08/05/1828942-aa-2757340.webp,deccanchronicle,7.201047178800702e-26,5,21,103,4,41
38,Newsdata,https://timesofindia.indiatimes.com/city/surat/teacher-loses-88000-to-cyber-fraud/articleshow/112330972.cms,"Teacher loses ₹88,000 to cyber fraud",,2024-08-06 23:21:34,"https://static.toiimg.com/photo/msid-112330972,imgsize-.cms",toi,0.9999422328761056,8,20,142,23,75
39,Newsdata,https://timesofindia.indiatimes.com/city/surat/textile-sector-in-surat-faces-100-crore-monthly-loss-due-to-bangladesh-turmoil/articleshow/112330826.cms,Textile sector staring at ₹100cr monthly loss of business,,2024-08-06 23:18:04,"https://static.toiimg.com/photo/msid-112330823,imgsize-153498.cms",toi,1.1342251469265936e-46,18,49,195,4,74
40,Newsdata,https://timesofindia.indiatimes.com/city/surat/surat-airport-fails-to-provide-shops-and-food-options-for-international-fliers/articleshow/112330806.cms,"353cr spent but no shops, food options for fliers",,2024-08-06 23:17:22,"https://static.toiimg.com/photo/msid-112330803,imgsize-63398.cms",toi,1.1764575129925982e-10,20,27,149,11,64
41,Newsdata,https://timesofindia.indiatimes.com/city/surat/spice-trader-cheated-of-10l-in-visa-scam/articleshow/112330713.cms,Spice trader seeking visa loses ₹10L,,2024-08-06 23:15:16,"https://static.toiimg.com/photo/msid-112330709,imgsize-32034.cms",toi,0.46399519633103414,12,23,146,16,67
42,Newsdata,https://theprint.in/environment/storm-debby-inundates-coastal-georgia-south-carolina/2211596/,"Storm Debby inundates coastal Georgia, South Carolina","By Rich McKay and Tyler Clifford ATLANTA (Reuters) - Tropical Storm Debby inundated coastal Georgia and South Carolina with a deluge of rain that could bring ""catastrophic flooding"" to Charleston,",2024-08-06 20:16:14,https://static.theprint.in/wp-content/uploads/2024/08/Storm_106-696x464.jpg,theprint,7.493108044100494e-12,28,44,290,19,121
43,Newsdata,https://theprint.in/environment/environmental-groups-sue-suncor-for-colorado-refinery-pollution/2211568/,Environmental groups sue Suncor for Colorado refinery pollution,"By Nia Williams (Reuters) - Environmental groups filed a lawsuit against Suncor Energy on Tuesday, alleging that pollution from the company's Commerce City refinery in Colorado has resulted in",2024-08-06 19:30:09,https://static.theprint.in/wp-content/uploads/2024/08/Environmental_839-696x488.jpg,theprint,5.593086047171747e-27,2,13,98,4,34
44,Newsdata,https://www.deccanchronicle.com/southern-states/telangana/tgspdcl-mandates-land-allocation-for-substations-in-new-developments-1814683,TGSPDCL Mandates Land Allocation for Substations in New Developments,,2024-08-06 17:49:16,https://dc-cdn.s3-ap-southeast-1.amazonaws.com/dc-Cover-kuumqrfonhqrqvr3redf2t7bs3-20160131070359.Medi.png,deccanchronicle,1.0725046574366493e-05,15,29,127,13,71
45,Newsdata,https://www.deccanchronicle.com/southern-states/andhra-pradesh/vaishnaw-urged-to-develop-machilipatnam-repalle-rly-line-1814681,Vaishnaw urged to develop Machilipatnam-Repalle rly line,,2024-08-06 17:43:42,https://www.deccanchronicle.com/h-upload/2024/08/06/1829200-20240806231201.webp,deccanchronicle,3.5623818716064256e-23,1,5,37,2,15
46,Newsdata,https://kashmirobserver.net/2024/08/07/cs-for-pacing-up-dal-nigeen-lake-conservation-works/,"CS For Pacing Up Dal, Nigeen Lake Conservation Works","Chief Secretary, Atal Dulloo Wednesday held a meeting of Housing and Urban Development Department (H&UDD) to take appraisal of the progress made on works to develop the twin lakes of Dal and Nigeen here.",2024-08-07 18:04:00,https://kashmirobserver.net/wp-content/uploads/2024/08/CS-Dulloo-Dal-Nigeen-Lake-conservation.jpg,kashmirobserver,4.749073497555213e-20,17,36,220,12,104
47,Newsdata,https://theprint.in/environment/tropical-storm-debby-stalls-off-carolinas-poised-to-move-north/2213144/,"Tropical Storm Debby stalls off Carolinas, poised to move north","By Rich McKay ATLANTA (Reuters) - Tropical Storm Debby brought unrelenting rain to the U.S. Southeast as it drifted off the Carolinas on Wednesday morning, threatening the region with dangerous",2024-08-07 16:16:02,https://static.theprint.in/wp-content/uploads/2024/08/Tropical_231-696x465.jpg,theprint,8.082109350446884e-27,10,26,201,9,83
48,Newsdata,https://www.deccanchronicle.com/nation/eci-to-visit-jk-for-assembly-election-preparations-1814865,ECI to Visit J&K for Assembly Election Preparations,,2024-08-07 15:51:41,https://www.deccanchronicle.com/h-upload/2024/05/21/1091425-ecip.webp,deccanchronicle,2.8969867738219966e-12,8,25,160,10,58
49,Newsdata,https://www.deccanchronicle.com/southern-states/telangana/telangana-hc-reserves-orders-on-brs-legislators-disqualification-case-1814864,Telangana HC Reserves Orders on BRS Legislators’ Disqualification Case,,2024-08-07 15:46:07,https://www.deccanchronicle.com/h-upload/2024/08/07/1829395-telanganahighcourt.webp,deccanchronicle,4.424981239558129e-15,2,7,105,6,31
50,Newsdata,https://www.deccanchronicle.com/business/market/broad-based-relief-rally-in-market-after-three-day-decline-1814863,Broad Based Relief Rally in Market After Three Day Decline,,2024-08-07 15:39:26,http://dc-cdn.s3-ap-southeast-1.amazonaws.com/dc-Cover-qgk8dtqaqvj5cfm0jst3d4r661-20160214110948.Medi.jpeg,deccanchronicle,0.9974007574672749,7,29,99,0,37
51,Newsdata,https://www.deccanchronicle.com/southern-states/telangana/corteva-akshaya-patra-gift-nine-vehicles-to-pm-poshan-abhiyan-1814862,Corteva-Akshaya Patra Gift Nine Vehicles to PM Poshan Abhiyan,,2024-08-07 15:35:27,https://www.deccanchronicle.com/h-upload/2024/08/07/1829393-akshayapatra.webp,deccanchronicle,2.6162498680615436e-07,8,19,76,6,25
52,Newsdata,https://www.deccanchronicle.com/southern-states/andhra-pradesh/andhra-pradesh-ganta-denies-jagans-corruption-allegation-1815119,Andhra Pradesh: Ganta denies Jagan’s corruption allegation,,2024-08-08 17:04:10,https://www.deccanchronicle.com/h-upload/2024/08/08/1829716-7.webp,deccanchronicle,4.648582129887222e-07,3,13,70,6,26
53,Newsdata,https://www.deccanchronicle.com/nation/rajya-sabha-chairman-dhankhar-leaves-amid-vinesh-phogat-row-1815118,Uproar in RS over Phogat’s disqualification,,2024-08-08 16:56:50,https://www.deccanchronicle.com/h-upload/2024/08/08/1829715-aa-2790489.webp,deccanchronicle,0.9990943463557461,29,28,210,42,136
54,Newsdata,https://www.deccanchronicle.com/southern-states/andhra-pradesh/kurnool-officials-caught-between-feuding-nandikotkur-td-mla-mp-1815117,Kurnool: Officials caught between feuding Nandikotkur TD MLA & MP,There is a clearly palpable animosity between the area’s Telugu Desam MLA G. Jayasurya and TDP MP Dr. Byreddy Shabari,2024-08-08 16:53:01,https://www.deccanchronicle.com/h-upload/2024/08/08/1829714-untitleddesign-2024-08-08t222139332.webp,deccanchronicle,0.02768968730334474,12,22,123,12,54
55,Newsdata,https://www.deccanchronicle.com/nation/odisha-govt-bans-new-liquor-shops-in-policy-overhaul-1815116,Odisha Govt Bans New Liquor Shops in Policy Overhaul,,2024-08-08 16:50:36,https://www.deccanchronicle.com/h-upload/2024/08/08/1829711-screenshot2024-08-08at101809pm.webp,deccanchronicle,3.937607713387686e-15,6,31,132,8,61
56,Newsdata,https://www.deccanchronicle.com/southern-states/telangana/private-hospitals-fleece-dengue-patients-in-nizamabad-1815114,Private hospitals fleece dengue patients in Nizamabad,,2024-08-08 16:45:02,https://www.deccanchronicle.com/h-upload/2024/07/11/1823300-dengue.webp,deccanchronicle,2.4600838138608426e-26,2,21,72,3,41
167,Newsdata,https://www.deccanchronicle.com/southern-states/telangana/pray-only-to-clay-ganeshas-cs-1818098,Pray Only to Clay Ganeshas: CS,,2024-08-21 18:48:32,https://www.deccanchronicle.com/h-upload/2024/08/21/1832619-la-2644774.webp,deccanchronicle,1.5802878735039675e-19,2,9,79,4,18
57,Newsdata,https://www.deccanchronicle.com/southern-states/telangana/comcast-to-set-up-gcc-in-hyd-sridhar-babu-1815113,Comcast to Set Up GCC in Hyd: Sridhar Babu,,2024-08-08 16:39:07,https://www.deccanchronicle.com/h-upload/2024/07/16/1824536-ministerdsridharbabu.webp,deccanchronicle,2.7851370994313388e-80,3,13,73,1,23
58,Newsdata,https://www.deccanchronicle.com/southern-states/telangana/2-yr-old-attacked-by-stray-dog-in-karimnagar-1815112,2-yr-Old Attacked by Stray Dog in Karimnagar,,2024-08-08 16:36:32,https://www.deccanchronicle.com/h-upload/2024/08/08/1829709-ani-20240808120904.webp,deccanchronicle,0.9999271551866967,4,6,44,7,15
59,Newsdata,https://www.deccanchronicle.com/business/rbi-introduces-delegated-payment-through-upi-cheque-clearing-time-reduced-1815111,"RBI Introduces Delegated Payment Through UPI, Cheque Clearing Time Reduced",,2024-08-08 16:35:35,https://www.deccanchronicle.com/h-upload/2024/06/07/1095479-reservebankofindia.webp,deccanchronicle,2.2436077502366494e-14,19,60,162,9,98
60,Newsdata,https://www.deccanchronicle.com/lifestyle/astrology/august-9-weather-forecast-prayer-timings-1815110,August 9: Weather Forecast & Prayer Timings,,2024-08-08 16:35:25,https://www.deccanchronicle.com/h-upload/2024/04/10/1083506-astroguide.webp,deccanchronicle,0.9999999999983078,3,4,39,0,11
61,Newsdata,https://timesofindia.indiatimes.com/city/surat/smc-health-dept-collects-flour-samples-for-testing/articleshow/112389013.cms,SMC health dept collects flour samples for testing,,2024-08-09 00:07:27,"https://static.toiimg.com/photo/msid-112389012,imgsize-150030.cms",toi,1.8228804897989029e-37,7,35,163,6,87
62,Newsdata,https://timesofindia.indiatimes.com/city/surat/economic-relief-package-demand-for-diamond-artisans-in-gujarat/articleshow/112388891.cms,Package sought for artisans,,2024-08-08 23:59:29,"https://static.toiimg.com/photo/msid-112388891,imgsize-.cms",toi,1.3282705248591568e-25,3,28,136,5,39
63,Newsdata,https://timesofindia.indiatimes.com/city/surat/poachers-kill-2-antelopes-in-vansda-national-park-amid-heavy-rain/articleshow/112388750.cms,Poachers battled heavy rain to kill 2 antelopes in Vansda,,2024-08-08 23:50:02,"https://static.toiimg.com/photo/msid-112388749,imgsize-90524.cms",toi,8.186894472757731e-06,11,35,151,15,67
64,Newsdata,https://timesofindia.indiatimes.com/city/surat/yarn-expo-2024-to-showcase-textile-innovations-in-surat/articleshow/112388467.cms,Expo to showcase textile innovations,,2024-08-08 23:30:12,"https://static.toiimg.com/photo/msid-112388465,imgsize-108444.cms",toi,1.0286163312611697e-40,8,36,172,5,68
65,Newsdata,https://timesofindia.indiatimes.com/city/surat/family-alleges-police-torture-in-death-of-35-year-old-in-surat-jail/articleshow/112388408.cms,Kin allege police torture after 35-yr-old dies in jail,,2024-08-08 23:26:03,"https://static.toiimg.com/photo/msid-112388406,imgsize-15920.cms",toi,0.012741098363666877,18,33,190,22,92
66,Newsdata,https://www.deccanchronicle.com/entertainment/music/isis-inspired-suspect-in-taylor-swift-show-planned-suicide-attack-1815172,ISIS-inspired suspect in Taylor Swift show planned suicide attack,,2024-08-08 21:03:13,https://images.deccanchronicle.com/dc-Cover-nja61tam3igoe05tnfm07gdnf0-20180827232344.Medi.jpeg,deccanchronicle,7.305190898072897e-07,17,49,242,24,136
67,Newsdata,https://www.deccanchronicle.com/southern-states/andhra-pradesh/woman-attempts-acid-attack-on-lover-1815700,Woman attempts acid attack on lover,"According to the police, Sayyad Bhasha’s marriage was fixed with a woman from Nandalur, and the marriage was scheduled at a Shadikhana in Nandalur in Annamayya district on Sunday",2024-08-11 17:50:12,https://www.deccanchronicle.com/h-upload/2024/08/11/1830342-acid.webp,deccanchronicle,0.3161137596492275,4,6,75,11,45
68,Newsdata,https://www.deccanchronicle.com/southern-states/telangana/telangana-govt-seeks-cwc-nod-for-67-tmc-of-godavari-water-for-sitarama-project-1815699,Telangana govt seeks CWC nod for 67 TMC of Godavari water for Sitarama project,,2024-08-11 17:48:18,https://www.deccanchronicle.com/h-upload/2024/08/11/1830339-7.webp,deccanchronicle,9.406500460828276e-66,5,7,94,2,30
69,Newsdata,https://www.deccanchronicle.com/southern-states/vizag-anna-canteens-to-start-only-from-september-6-1815698,Vizag Anna Canteens to Start Only from September 6,,2024-08-11 17:45:25,https://www.deccanchronicle.com/h-upload/2024/08/11/1830338-11kmk22.webp,deccanchronicle,4.9234807133780987e-48,5,8,91,3,44
70,Newsdata,https://www.deccanchronicle.com/southern-states/neet-pg-2024-finally-conducted-after-multiple-postponements-1815697,NEET PG 2024 Finally Conducted After Multiple Postponements,,2024-08-11 17:45:05,https://www.deccanchronicle.com/h-upload/2024/08/11/1830336-neet.webp,deccanchronicle,3.7435015050474396e-10,4,17,55,3,27
71,Newsdata,https://www.deccanchronicle.com/nation/politics/west-bengal-mamata-govt-transfers-rgkmch-medical-chief-amid-doctors-murder-probe-1815696,West Bengal: Mamata govt transfers RGKMCH Medical Chief Amid Doctor's Murder Probe,"Dr Vashisth has been replaced by the dean of RGKMCH, Dr Bulbul Mukhopadhyay, according to a state health department order issued by Swasthya Bhavan on Sunday. Dr Mukhopadhyay is also a member of the inquiry panel which has been set up by the RGKMCH authorities",2024-08-11 17:42:31,https://www.deccanchronicle.com/h-upload/2024/04/23/1827170-mamatabanerjee.webp,deccanchronicle,1.3902166500171158e-23,9,25,124,5,48
72,Newsdata,https://www.deccanchronicle.com/southern-states/hyderabad-statue-of-sardar-papanna-maharaj-to-be-erected-on-tank-bund-1815695,Hyderabad: Statue of Sardar Papanna Maharaj to be Erected on Tank Bund,,2024-08-11 17:38:25,https://www.deccanchronicle.com/h-upload/2024/08/11/1830334-tank.webp,deccanchronicle,6.913998647643334e-15,0,4,54,3,13
73,Newsdata,https://www.deccanchronicle.com/southern-states/urgent-repairs-underway-of-spillway-gate-at-tungabhadra-dam-1815694,Urgent Repairs Underway of Spillway Gate at Tungabhadra Dam,,2024-08-11 17:35:11,https://www.deccanchronicle.com/h-upload/2024/08/11/1830332-11-08-mgl-tb-dam-3.webp,deccanchronicle,2.3311228626541606e-05,47,57,442,52,259
74,Newsdata,https://www.deccanchronicle.com/southern-states/telangana/different-party-leaders-vying-for-karimnagar-graduates-mlc-seat-1815693,Different Party Leaders Vying for Karimnagar Graduates’ MLC Seat,,2024-08-11 17:33:35,https://www.deccanchronicle.com/h-upload/2024/08/11/1830330-jeevanreddy.webp,deccanchronicle,7.890561114381641e-22,7,17,128,6,45
75,Newsdata,https://www.deccanchronicle.com/nation/integrity-of-sebi-gravely-compromised-rahul-gandhi-on-hindenburg-row-1815675,Integrity of SEBI Gravely Compromised: Rahul Gandhi on Hindenburg Row,,2024-08-11 16:26:08,https://www.deccanchronicle.com/h-upload/2024/08/11/1830300-la-2706277.webp,deccanchronicle,0.1309495667597053,14,21,99,14,44
76,Newsdata,https://economictimes.indiatimes.com/industry/renewables/uttar-pradesh-govt-to-continue-ev-and-hybrid-subsidies-for-now/articleshow/112447834.cms,"EV and Hybrid subsidies to continue for now, reiterates Uttar Pradesh","The Uttar Pradesh government will maintain incentives for electric and hybrid cars to mitigate low market penetration. Automakers express concerns about these incentives affecting the transition to full electric vehicles. Officials stressed that the policy is flexible and could change, aiming to encourage a shift away from conventional fuel vehicles.",2024-08-11 16:17:32,"https://img.etimg.com/thumb/msid-112447930,width-300,height-225,imgsize-1258429,resizemode-75/cms-41.jpg",economictimes_indiatimes,6.41400155749684e-11,18,56,209,10,92
77,Newsdata,https://timesofindia.indiatimes.com/auto/bikes/2024-royal-enfield-classic-350-is-here-whats-new-expected-pricing/articleshow/112473080.cms,"2024 Royal Enfield Classic 350 is here: What's new, expected pricing","Royal Enfield unveiled the 2024 Classic 350, staying true to its signature design but with several updates. Key enhancements include LED lighting for the headlight and tail lamp, a revised instrument console, and a USB charging port. The model retains its 350cc engine, delivering 20 hp and 27 Nm. Pricing details will be revealed by September 1.",2024-08-12 14:36:25,"https://static.toiimg.com/photo/msid-112473123,imgsize-91200.cms",toi,1.5411724603456268e-09,4,37,95,7,42
78,Newsdata,https://www.deccanchronicle.com/nation/hindenburg-asks-sebi-chief-to-come-clean-on-consulting-firm-she-held-stake-in-1815859,Hindenburg asks Sebi's chief to come clean on consulting firm she held stake in,,2024-08-12 14:20:10,https://www.deccanchronicle.com/h-upload/2024/08/12/1830445-untitleddesign-2024-08-12t194557484.webp,deccanchronicle,0.978587918378837,35,62,322,52,138
79,Newsdata,https://www.deccanchronicle.com/nation/odisha-vigilance-raids-on-ex-engineers-properties-unearth-15-kg-gold-ornaments-1815857,Odisha: Vigilance Raids on Ex-Engineer’s Properties Unearth 1.5 kg gold ornaments,,2024-08-12 14:17:04,https://www.deccanchronicle.com/h-upload/2024/08/12/1830446-jewellery.webp,deccanchronicle,2.4355576026676043e-19,9,16,115,6,43
80,Newsdata,https://www.deccanchronicle.com/business/market/retail-inflation-declines-to-59-month-low-of-354-per-cent-in-july-1815856,Retail Inflation Declines to 59-month Low of 3.54 Per Cent in July,,2024-08-12 14:12:00,https://www.deccanchronicle.com/h-upload/2024/08/12/1830443-vegetables.webp,deccanchronicle,0.9999914875786126,10,33,142,0,41
81,Newsdata,https://www.deccanchronicle.com/southern-states/telangana/telangana-silver-coins-or-cash-likely-to-replace-bathukamma-saris-this-year-1815855,Telangana: Silver Coins or Cash Likely to Replace Bathukamma Saris This Year,,2024-08-12 14:01:11,https://www.deccanchronicle.com/h-upload/2024/07/22/1825748-revanthreddy.webp,deccanchronicle,2.2223925719992746e-25,14,29,118,5,63
82,Newsdata,https://www.deccanchronicle.com/business/government-mulls-unruly-customers-list-to-curb-scams-spam-calls-1815854,"Government Mulls Unruly Customers List to Curb Scams, Spam Calls",,2024-08-12 13:54:43,https://www.deccanchronicle.com/h-upload/2024/08/12/1830441-simcards.jfif,deccanchronicle,5.962770514316907e-22,8,29,131,6,77
83,Newsdata,https://www.deccanchronicle.com/nation/crime/unidentified-womans-body-parts-found-in-3-bags-in-mps-guna-1815852,Unidentified woman's body parts found in 3 bags in MP's Guna,,2024-08-12 13:51:09,https://www.deccanchronicle.com/h-upload/2024/04/15/1096299-crime.webp,deccanchronicle,7.974645175333105e-27,2,5,40,2,20
84,Newsdata,https://theprint.in/environment/conservationists-ask-tanzania-to-ban-sport-hunting-of-elephants/2220585/,Conservationists ask Tanzania to ban sport hunting of elephants,"NAIROBI (Reuters) - Conservationists petitioned Tanzania on Monday to end elephant trophy hunting in a vast wildlife reserve area that spans its common border with Kenya. About 2,000 elephants,",2024-08-12 15:16:38,https://static.theprint.in/wp-content/uploads/2024/08/Conservationists_541-696x412.jpg,theprint,3.646813287692642e-21,11,12,102,5,42
85,Newsdata,https://theprint.in/environment/wildfire-fanned-by-gales-menaces-athens-suburbs-as-residents-flee/2220582/,Wildfire fanned by gales menaces Athens suburbs as residents flee,"By Angelos Tsatsis and Renee Maltezou PENTELI, Greece/ATHENS (Reuters) -Greece's worst wildfire this year spread into the Athens suburbs on Monday, forcing hundreds of people to flee as it torched",2024-08-12 15:16:28,https://static.theprint.in/wp-content/uploads/2024/08/Wildfire_225-696x464.jpg,theprint,7.972895040963074e-12,20,41,280,16,112
86,Newsdata,https://theprint.in/environment/light-frosts-reported-in-some-brazilian-coffee-areas-prices-surge/2220580/,"Light frosts reported in some Brazilian coffee areas, prices surge",By Marcelo Teixeira and Roberto Samora SAO PAULO (Reuters) - Farmers reported light frosts in coffee-producing areas of Brazil over the weekend as an unusually strong cold mass for this time of year,2024-08-12 15:16:16,https://static.theprint.in/wp-content/uploads/2024/08/Light_302-696x453.jpg,theprint,1.0763580229734716e-16,9,37,156,6,50
87,Newsdata,https://theprint.in/environment/wildfire-evacuees-to-return-to-canadian-tourist-town-of-jasper-on-friday/2220892/,Wildfire evacuees to return to Canadian tourist town of Jasper on Friday,"OTTAWA (Reuters) - Residents forced to evacuate the wildfire-hit western Canadian tourist town of Jasper three weeks ago will be allowed to return home on Friday, local officials said on Monday.",2024-08-12 19:16:35,https://static.theprint.in/wp-content/uploads/2024/08/Wildfire_433-696x464.jpg,theprint,4.780089332402391e-13,13,20,96,5,56
88,Newsdata,https://www.deccanchronicle.com/entertainment/ott/kalki-2898-ad-streaming-on-amazon-prime-video-1815923,Prabhas’s Kalki finally releasing on OTT,,2024-08-12 17:32:22,https://www.deccanchronicle.com/h-upload/2024/08/12/1830519-whatsappimage2024-08-12at92608pm.webp,deccanchronicle,3.251560686623626e-08,8,15,105,8,34
89,Newsdata,https://www.deccanchronicle.com/southern-states/telangana/housing-board-may-turn-saviour-for-middle-classes-in-telangana-1815922,Housing Board May Turn Saviour for Middle Classes in Telangana,,2024-08-12 17:29:08,https://www.deccanchronicle.com/h-upload/2024/08/12/1830527-telanganahousingboard.webp,deccanchronicle,8.078817742524111e-16,6,33,143,9,67
90,Newsdata,https://www.deccanchronicle.com/southern-states/hyderabad-bansilal-step-well-sign-board-yet-to-be-replaced-1815921,Hyderabad: Bansilal Step Well Sign Board Yet to be Replaced,,2024-08-12 17:28:49,https://www.deccanchronicle.com/h-upload/2024/08/12/1830526-ssr8068.webp,deccanchronicle,6.001256617247622e-12,12,14,84,8,61
91,Newsdata,https://www.deccanchronicle.com/southern-states/geetanjali-high-school-tops-as-city-qualifier-for-frank-anthony-debate-1815920,Geetanjali High School Tops as City Qualifier for Frank Anthony Debate,,2024-08-12 17:17:16,https://www.deccanchronicle.com/h-upload/2024/08/12/1830523-fra.webp,deccanchronicle,0.009060091881061806,5,16,74,10,38
92,Newsdata,https://www.deccanchronicle.com/southern-states/telangana/telangana-govt-completes-fund-mobilisation-for-crop-loan-waiver-1816190,Telangana Govt Completes Fund Mobilisation for Crop Loan Waiver,,2024-08-13 17:19:25,https://www.deccanchronicle.com/h-upload/2024/07/22/1825748-revanthreddy.webp,deccanchronicle,7.176996772185417e-115,5,14,86,1,28
93,Newsdata,https://theprint.in/environment/us-to-expand-bird-flu-testing-of-beef-in-slaughterhouses/2222348/,US to expand bird-flu testing of beef in slaughterhouses,By Leah Douglas WASHINGTON (Reuters) -The U.S. Department of Agriculture said on Tuesday it will expand bird-flu testing of beef entering the food supply as part of its response to the ongoing,2024-08-13 17:15:40,https://static.theprint.in/wp-content/uploads/2024/08/US_327-696x455.jpg,theprint,6.123870450703112e-28,4,29,158,6,59
112,Newsdata,https://www.deccanchronicle.com/southern-states/andhra-pradesh/malabar-multinational-naval-exercise-in-october-enc-chief-1816678,Malabar multinational naval exercise in October : ENC chief,,2024-08-15 15:07:54,https://www.deccanchronicle.com/h-upload/2024/08/15/1831205-15vzdc02.webp,deccanchronicle,3.247524704047769e-28,3,17,116,4,33
94,Newsdata,https://theprint.in/environment/white-house-climate-adviser-touts-key-laws-benefits-for-red-states/2222345/,White House climate adviser touts key law’s benefits for red states,By Valerie Volcovici WASHINGTON (Reuters) - White House climate adviser John Podesta on Tuesday touted the benefits for Republican states and districts of incentives offered by the Biden,2024-08-13 17:15:29,https://static.theprint.in/wp-content/uploads/2024/08/White_347-696x464.jpg,theprint,2.4945083856100355e-08,10,16,140,12,61
95,Newsdata,https://www.deccanchronicle.com/southern-states/andhra-pradesh/temple-row-eo-shunted-amid-controversy-at-kanipakam-1816189,Temple Row: EO Shunted Amid Controversy at Kanipakam,,2024-08-13 17:10:50,https://www.deccanchronicle.com/h-upload/2024/08/13/1830742-untitleddesign52.webp,deccanchronicle,6.479314831884968e-05,8,23,139,14,55
96,Newsdata,https://www.deccanchronicle.com/southern-states/telangana/high-powered-committee-on-womens-safety-soon-1816188,High Powered Committee on Women’s Safety Soon,,2024-08-13 17:10:11,https://www.deccanchronicle.com/h-upload/2024/08/13/1830744-seethakka.webp,deccanchronicle,0.0004916939905783076,13,29,127,16,78
97,Newsdata,https://www.deccanchronicle.com/southern-states/telangana/tummala-objects-harish-raos-comment-1816186,Tummala objects Harish Rao’s comment,"After the formation of Telangana state, KCR invited me into the TRS and I joined the party for completion of irrigation projects. KCR laid the foundation stone for the SRLIS, but its works were completely stopped after the 2018 elections, Nageswara Rao said",2024-08-13 16:59:46,https://www.deccanchronicle.com/h-upload/2024/08/13/1830739-untitleddesign-2024-08-13t222711674.webp,deccanchronicle,0.9992604109454424,4,6,76,10,27
98,Newsdata,https://www.deccanchronicle.com/southern-states/andhra-pradesh/andhra-pradesh-centres-commits-rs-18k-crore-for-orvakal-industrial-hub-1816185,Andhra Pradesh: Centre’s Commits Rs 18K Crore for Orvakal Industrial Hub,,2024-08-13 16:59:43,https://www.deccanchronicle.com/h-upload/2024/06/23/1099092-industryministertgbharath.webp,deccanchronicle,9.7119193247231e-27,8,28,108,4,50
99,Newsdata,https://www.deccanchronicle.com/nation/shiv-sena-ubt-dares-congress-to-declare-its-cm-candidate-1816183,Shiv Sena (UBT) Dares Congress to Declare Its CM Candidate,,2024-08-13 16:55:25,https://www.deccanchronicle.com/h-upload/2024/08/13/1830738-uddhavthackeray.webp,deccanchronicle,0.9988998324936329,8,15,136,25,76
100,Newsdata,https://www.deccanchronicle.com/entertainment/ott/vijay-sethupathi-to-host-bigg-boss-tamil-season-8-1816182,This Kollywood Superstar Replaces Kamal Haasan as Bigg Boss Host,,2024-08-13 16:52:48,https://www.deccanchronicle.com/h-upload/2024/08/13/1830736-844414-63583-qgzogsmnjl-1500496812.webp,deccanchronicle,0.9499400678223576,22,19,88,17,55
101,Newsdata,https://timesofindia.indiatimes.com/city/surat/surat-municipal-corporation-inspects-mava-shops-for-quality-control/articleshow/112507374.cms,SMC takes mava samples,,2024-08-13 23:05:34,"https://static.toiimg.com/photo/msid-112507374,imgsize-.cms",toi,4.630458368467267e-56,9,29,118,3,63
102,Newsdata,https://timesofindia.indiatimes.com/city/surat/diamond-smuggling-tactics-revealed-in-recent-seizure/articleshow/112507147.cms,₹2cr roughs seizure unveils tactics to minimize losses,,2024-08-13 22:59:44,"https://static.toiimg.com/photo/msid-112507146,imgsize-14460.cms",toi,0.0010709076688109277,23,42,190,21,103
103,Newsdata,https://timesofindia.indiatimes.com/city/surat/plane-grounded-after-tail-strike/articleshow/112507114.cms,Plane grounded after tail strike,,2024-08-13 22:58:43,"https://static.toiimg.com/photo/msid-112507114,imgsize-.cms",toi,1.118793261085548e-76,9,16,109,2,40
104,Newsdata,https://www.thehindu.com/opinion/op-ed/the-problem-of-landslides-in-kerala/article68520413.ece,The problem of landslides in Kerala,"Reports and recommendations are aplenty, but implementation is tardy",2024-08-13 20:07:11,https://th-i.thgim.com/public/latest-news/jg7ze8/article68522366.ece/alternates/LANDSCAPE_1200/Wayanad-landslide.jpg,thehindu,3.992490988297615e-30,26,64,239,7,106
105,Newsdata,https://theprint.in/environment/ernesto-threatens-to-drench-puerto-rico-virgin-islands/2222484/,"Ernesto threatens to drench Puerto Rico, Virgin Islands","By Ivelisse Rivera and Tyler Clifford SAN JUAN, Puerto Rico (Reuters) -Tropical Storm Ernesto on Tuesday threatened to bring heavy rainfall, dangerous storm surges and strong winds to the U.S. and",2024-08-13 19:16:33,https://static.theprint.in/wp-content/uploads/2024/08/Ernesto_213-696x464.jpg,theprint,4.4242744410659145e-12,25,32,255,15,100
106,Newsdata,https://www.deccanchronicle.com/southern-states/telangana/telangana-cm-revanth-heads-to-delhi-amid-operation-akarsh-1816683,Telangana CM Revanth Heads to Delhi Amid ‘Operation Akarsh’,,2024-08-15 15:31:51,https://www.deccanchronicle.com/h-upload/2024/08/15/1831214-la-25610161.webp,deccanchronicle,6.179746694325927e-14,8,22,100,7,55
107,Newsdata,https://www.deccanchronicle.com/southern-states/tamil-nadu/metro-rail-must-explore-non-fare-revenues-adb-1816682,Metro Rail Must Explore Non-Fare Revenues: ADB,,2024-08-15 15:25:58,https://www.deccanchronicle.com/h-upload/2024/08/01/1828211-metro.webp,deccanchronicle,9.376976330002291e-14,11,32,113,8,69
108,Newsdata,https://www.deccanchronicle.com/business/economics/global-market-dynamics-shaped-by-shifts-in-monetary-policy-1816681,Global Market Dynamics Shaped by Shifts in Monetary Policy,"Market volatility rises as the Fed signals rate cuts, the ECB maintains rates, and the BoJ hikes them, while China and India face diverse economic challenges",2024-08-15 15:22:43,https://www.deccanchronicle.com/h-upload/2024/07/30/1827656-bsestockmarket.webp,deccanchronicle,2.825930151137266e-08,47,74,240,13,110
109,Newsdata,https://www.deccanchronicle.com/southern-states/andhra-pradesh/i-day-celebrations-at-waltair-division-of-rlys-1816680,I-Day celebrations at Waltair division of rlys,"DRM of Waltair Division Railways Saurabh Prasad underscored the significance of this year's Independence Day, saying this is a pivotal moment in the ongoing journey of progress during the Amrit Kaal which leads up to the centenary of India's independence in 2047",2024-08-15 15:20:29,https://www.deccanchronicle.com/h-upload/2024/08/15/1831210-untitleddesign-2024-08-15t205258804.webp,deccanchronicle,1.7419464525004204e-19,3,16,72,3,19
110,Newsdata,https://theprint.in/environment/orsted-books-new-impairment-losses-flags-delay-at-us-offshore-wind-project/2225201/,"Orsted books new impairment losses, flags delay at US offshore wind project","By Jacob Gronholt-Pedersen COPENHAGEN (Reuters) -Renewable energy group Orsted booked 3.9 billion Danish crowns ($575 million) in impairment losses in the second quarter, due partly to a delay in",2024-08-15 15:16:48,https://static.theprint.in/wp-content/uploads/2024/08/Orsted_914-696x481.jpg,theprint,0.009581339705127177,13,47,167,18,66
111,Newsdata,https://www.deccanchronicle.com/southern-states/telangana/vigilance-crackdown-on-kakatiya-satavahana-universities-irregularities-1816679,"Vigilance Crackdown on Kakatiya, Satavahana Universities’ Irregularities",,2024-08-15 15:13:45,https://www.deccanchronicle.com/h-upload/2024/08/15/1831204-kakatiyauniversity.webp,deccanchronicle,6.5903670982025584e-18,3,18,115,5,24
145,Newsdata,https://timesofindia.indiatimes.com/city/surat/human-skeleton-found-in-kadodara-old-house/articleshow/112666566.cms,Skeleton found inside old house in Kadodara,,2024-08-21 00:10:29,"https://static.toiimg.com/photo/msid-112666564,imgsize-142426.cms",toi,7.583997739071488e-20,10,26,128,6,62
113,Newsdata,https://www.deccanchronicle.com/southern-states/telangana/nallagandla-celebrates-independence-day-with-science-fair-1816677,Nallagandla Celebrates Independence Day With Science Fair,,2024-08-15 14:51:34,https://www.deccanchronicle.com/h-upload/2024/08/15/1831199-whatsappimage2024-08-15at191454.webp,deccanchronicle,3.5415153863825425e-07,5,25,104,9,41
114,Newsdata,https://www.deccanchronicle.com/nation/kalpataru-files-drhp-for-rs-1590-crore-ipo-1816673,Kalpataru Files DRHP For Rs 1590 Crore IPO,,2024-08-15 14:31:46,https://www.deccanchronicle.com/h-upload/2024/08/15/1831192-1.webp,deccanchronicle,1.1146117833329489e-28,1,16,92,3,18
115,Newsdata,https://www.deccanchronicle.com/sports/vinesh-phogat-posts-cryptic-message-following-her-olympic-medal-plea-dismissal-by-cas-1816796,Vinesh Phogat posts cryptic message following her Olympic medal plea dismissal by CAS,,2024-08-15 22:05:15,https://www.deccanchronicle.com/h-upload/2024/08/15/1831339-vineshphogat.webp,deccanchronicle,0.04245272499504103,16,52,230,31,105
116,Newsdata,https://www.deccanchronicle.com/entertainment/namrata-shirodkar-pays-visit-to-tirupati-balaji-temple-with-children-1816795,Namrata Shirodkar pays visit to Tirupati Balaji temple with children,,2024-08-15 21:58:45,https://www.deccanchronicle.com/h-upload/2024/08/15/1831337-namrata.webp,deccanchronicle,0.9994247001684281,16,20,108,22,44
117,Newsdata,https://www.deccanchronicle.com/nation/current-affairs/delhi-prisons-announces-remission-for-1160-convicts-on-independence-day-1816793,Delhi Prisons announces remission for 1160 convicts on Independence Day,,2024-08-15 21:52:36,https://www.deccanchronicle.com/h-upload/2024/08/15/1831336-ani-20240815160110.webp,deccanchronicle,6.14511780786062e-48,7,31,213,4,64
118,Newsdata,https://www.deccanchronicle.com/nation/current-affairs/cloudburst-triggers-flash-flood-in-j-ks-bandipora-no-casualties-reported-1816791,Cloudburst triggers flash flood in J-K's Bandipora; no casualties reported,,2024-08-15 21:47:28,https://www.deccanchronicle.com/h-upload/2024/08/15/1831334-cloudburst.webp,deccanchronicle,2.584917555048962e-48,3,9,47,1,16
119,Newsdata,https://www.deccanchronicle.com/southern-states/telangana/governor-stresses-on-indias-journey-post-independence-1816790,Governor stresses on India’s journey post independence,,2024-08-15 21:37:43,https://www.deccanchronicle.com/h-upload/2024/08/15/1831332-governorjishnudevvarma.webp,deccanchronicle,8.575205985584894e-22,3,17,149,6,32
120,Newsdata,https://www.deccanchronicle.com/entertainment/bollywood/movie-review-stree-v2-a-lighthearted-ghost-comedy-with-rajkummar-rao-shining-amid-predictable-tropes-1816769,Movie Review | Stree V2: A Lighthearted Ghost Comedy with Rajkummar Rao Shining Amid Predictable Tropes,,2024-08-15 19:35:54,https://www.deccanchronicle.com/h-upload/2024/08/15/1831315-untitleddesign97.webp,deccanchronicle,0.19059313713552145,47,51,238,30,113
121,Newsdata,https://www.deccanchronicle.com/world/donald-trump-asks-judge-to-delay-sentencing-in-hush-money-case-until-after-november-election-1816768,Donald Trump Asks Judge to Delay Sentencing in Hush Money Case Until After November Election,,2024-08-15 19:34:40,https://www.deccanchronicle.com/h-upload/2024/08/15/1831311-aa-2840695.webp,deccanchronicle,5.146486352791075e-10,19,49,226,18,120
122,Newsdata,https://www.deccanchronicle.com/world/zelenskyy-says-ukrainian-troops-have-taken-full-control-of-the-russian-town-of-sudzha-1816767,Zelenskyy Says Ukrainian Troops have Taken Full Control of the Russian Town of Sudzha,,2024-08-15 19:33:54,https://www.deccanchronicle.com/h-upload/2024/08/15/1831313-ap.webp,deccanchronicle,1.8345933762708836e-06,45,111,345,33,209
123,Newsdata,https://www.deccanchronicle.com/southern-states/telangana/hyderabad-junior-doctors-strike-continues-amid-independence-day-protests-1816766,Hyderabad: Junior Doctors’ Strike Continues Amid Independence Day Protests,,2024-08-15 19:28:58,https://www.deccanchronicle.com/h-upload/2024/08/15/1831310-psx20240815185734.webp,deccanchronicle,0.020275236177149204,7,25,112,13,41
124,Newsdata,https://www.deccanchronicle.com/southern-states/andhra-pradesh/2-cases-booked-under-buds-act-2019-1817202,2 cases booked under BUDS Act-2019,,2024-08-17 17:20:32,https://www.deccanchronicle.com/h-upload/2024/08/17/1831707-5.webp,deccanchronicle,2.718044162887239e-32,7,10,76,3,35
125,Newsdata,https://www.deccanchronicle.com/opinion/columnists/pavan-varma-long-way-to-go-to-make-india-a-sporting-nation-1817200,Pavan Varma: Long way to go to make India a sporting nation,,2024-08-17 17:18:18,https://www.deccanchronicle.com/h-upload/2024/08/17/1831710-aa-2842712.webp,deccanchronicle,0.24446168336076235,65,81,338,52,157
126,Newsdata,https://www.deccanchronicle.com/southern-states/telangana/doctor-rape-murder-hyderabad-doctors-boycott-op-elective-services-1817199,"Doctor rape-murder: Hyderabad doctors boycott OP, elective services","The senior residents and doctors began their 24-hour strike at 6 am on Saturday. Teaching doctors were on strike only for an hour, from 9 am, and returned to work. The strike is likely to be extended on Sunday as well, with more organisations joining in",2024-08-17 17:16:37,https://www.deccanchronicle.com/h-upload/2024/08/17/1831709-doc.webp,deccanchronicle,1.487622183094261e-32,14,26,153,5,53
127,Newsdata,https://www.deccanchronicle.com/southern-states/telangana/hare-krishna-movement-celebrates-janmashtami-at-banjara-hills-1817170,Hare Krishna Movement Celebrates Janmashtami at Banjara Hills,,2024-08-17 15:38:34,https://www.deccanchronicle.com/h-upload/2024/08/17/1831694-janmashtami2024-min.webp,deccanchronicle,0.9999999999999976,0,5,60,0,19
128,Newsdata,https://www.deccanchronicle.com/southern-states/telangana/congress-workers-attack-brs-office-in-siddipet-1817169,Congress Workers Attack BRS Office in Siddipet,,2024-08-17 15:33:36,https://www.deccanchronicle.com/h-upload/2024/06/03/1829253-congress.webp,deccanchronicle,2.9338187883717553e-07,3,8,83,7,30
129,Newsdata,https://www.deccanchronicle.com/southern-states/tamil-nadu/tamil-nadu-cm-stalin-launches-athikadavu-avinashi-irrigation-scheme-1817168,Tamil Nadu CM Stalin Launches Athikadavu-Avinashi Irrigation Scheme,,2024-08-17 15:31:48,https://www.deccanchronicle.com/h-upload/2024/08/17/1831692-3.webp,deccanchronicle,1.21367399183294e-06,15,14,120,9,54
130,Newsdata,https://www.deccanchronicle.com/southern-states/andhra-pradesh/vijayawada-pavitra-sangamam-to-become-a-spiritual-tourist-centre-nava-harathulu-from-dasara-1817167,"VIJAYAWADA; Pavitra Sangamam to become a spiritual tourist centre, Nava Harathulu from Dasara","Srijana, along with department officials, inspected the area on Saturday. She noted that the 1.7 km main road from Ibrahimpatnam to Pavitra Sangamam would be strengthened, with priority given to sanitation and safety",2024-08-17 15:29:42,https://www.deccanchronicle.com/h-upload/2024/08/17/1831693-harat.webp,deccanchronicle,1.2688500851154664e-61,1,11,59,1,18
131,Newsdata,https://www.deccanchronicle.com/southern-states/telangana/telangana-hc-dismisses-husbands-petition-for-wifes-return-1817166,Telangana HC Dismisses Husband’s Petition for Wife’s Return,,2024-08-17 15:24:30,https://www.deccanchronicle.com/h-upload/2024/01/31/1830722-telanganahighcourt.webp,deccanchronicle,0.00027870080786827515,17,51,259,26,122
132,Newsdata,https://www.deccanchronicle.com/southern-states/telangana/30-years-for-muslim-reservations-in-telugu-states-1817165,30 years for Muslim reservations in Telugu states,Congress fetes Muslim reservation 30-year mark,2024-08-17 15:19:56,https://www.deccanchronicle.com/h-upload/2024/08/17/1831691-syed.webp,deccanchronicle,2.9136048457424262e-64,7,11,135,3,45
133,Newsdata,https://timesofindia.indiatimes.com/home/environment/pollution-levels-on-lake-geneva-beaches-concerning-study/articleshow/112662446.cms,Pollution levels on Lake Geneva beaches 'concerning': study,,2024-08-20 18:01:32,"https://static.toiimg.com/photo/msid-112662471,imgsize-195668.cms",toi,1.1841368556251883e-33,4,35,92,2,43
134,Newsdata,https://anweshanam.com/825753/marvel-at-the-evolutionary-leap-from-indohyus-to-majestic-whales/,തിമിംഗലങ്ങളുടെ പൂർവികൻ; പിറവി ഈ ചെറുമാനിൽ നിന്ന്; ഇന്ത്യയിൽ ജീവിച്ചിരുന്ന ഇൻഡോഹ്യൂസ് | Marvel at the Evolutionary Leap from Indohyus to Majestic Whales,ഇന്ന് സമുദ്രലോകത്തിലെ ഏറ്റവും പ്രതാപികളായ ജീവികളാണ് തിമിംഗലങ്ങൾ. ലോകത്തെ ഏറ്റവും വലിയ ജീവിയായ നീലത്തിമിംഗലം മുതൽ ഡോൾഫിനുകൾ വരെ ഇതിൽ ഉൾപ്പെടുന്നു. എന്നാൽ ഈ തിമിംഗലങ്ങളുടെയെല്ലാം ഉദ്ഭവം ആദിമ ഇന്ത്യൻ ഉപഭൂഖണ്ഡത്തിൽ 5 കോടി വർഷം മുൻപ് ജീവിച്ചിരുന്ന മാൻ വർഗത്തിൽ പെട്ട ഇൻഡോഹ്യുസ് എന്ന ജീവിയിൽനിന്നാണ്. ഇൻഡോഹ്യുസ് ഒരു പൂച്ചയുടെയത്രയും വലുപ്പം മാത്രമുള്ള ചെറുമാനാണ്. ഉപഭൂഖണ്ഡത്തിൽ ഇന്ന് ഇന്ത്യയുടെയും പാക്കിസ്ഥാന്റെയും സ്വന്തമായുള്ള പ്രദേശങ്ങളിൽ നനവുള്ള മേഖലകളിലാണു ഇൻഡോഹ്യൂസ് പാർത്തിരുന്നത്. ഇന്നത്തെ കാലത്തെ ചെറുമാനുകളായ ആഫ്രിക്കൻ മൗസ് [...],2024-08-20 15:06:45,https://anweshanam.com/wp-content/uploads/2024/08/untitled-design-2024-08-20t203208.632-jpg.webp,anweshanam,4.8759631056712876e-201,0,27,204,0,1
135,Newsdata,https://timesofindia.indiatimes.com/auto/policy-and-industry/injury-without-helmet-high-court-from-this-state-says-compensation-still-due/articleshow/112654932.cms,Injury without helmet? High Court from this state says compensation still due!,"The Karnataka High Court ruled that not wearing a helmet does not bar individuals from receiving compensation in road accident cases. Sadath Ali Khan, significantly injured in a 2016 accident while not wearing a helmet, initially received reduced compensation. The court increased his compensation to Rs 6,80,200, stating negligence of the other party should be the focus.",2024-08-20 11:46:44,"https://static.toiimg.com/photo/msid-112654947,imgsize-24618.cms",toi,0.005662372914244085,14,22,121,14,67
136,Newsdata,https://timesofindia.indiatimes.com/auto/cars/mg-windsor-to-get-infinity-view-glass-roof-how-its-different-from-panoramic-sunroof/articleshow/112652239.cms,MG Windsor to get infinity view glass roof: How it's different from panoramic sunroof,"In terms of design, the Windsor EV features a sleek, boxy shape with a light bar spanning across the width of the car at the front and rear. Other highlights include a split headlamp setup, aerodynamically designed alloy wheels, chunky wheel arches, front door-mounted ORVMs, integrated spoiler, squared LED taillights, flush-fitting door handles and much more.",2024-08-20 10:54:56,"https://static.toiimg.com/photo/msid-112652284,imgsize-602888.cms",toi,1.8504376356847962e-21,11,47,128,4,54
137,Newsdata,https://theprint.in/environment/france-to-start-second-bird-flu-vaccination-campaign-in-october/2230523/,France to start second bird flu vaccination campaign in October,"PARIS (Reuters) - France will launch a second vaccination campaign against avian influenza among farm ducks in October after a successful inaugural programme last year, Agriculture Minister Marc",2024-08-20 10:30:29,https://static.theprint.in/wp-content/uploads/2024/08/France_198-696x463.jpg,theprint,3.1788997380612092e-37,13,32,144,4,63
138,Newsdata,https://theprint.in/environment/copper-giant-codelco-invests-in-evs-cacti-as-part-of-green-makeover/2232089/,"Copper giant Codelco invests in EVs, cacti as part of green makeover","By Fabian Cambero and Nicolas Cortes EL TENIENTE MINE, Chile (Reuters) - Chilean copper giant Codelco, under growing pressure from global clients demanding sustainable mining credentials, is trying to",2024-08-21 11:16:08,https://static.theprint.in/wp-content/uploads/2024/08/Copper_932-696x522.jpg,theprint,1.7159833536892416e-09,19,46,192,12,95
139,Newsdata,https://timesofindia.indiatimes.com/auto/bikes/bmw-commences-bookings-for-f-900-gs-f-900-gs-adventure-motorcycles-in-india-details/articleshow/112679540.cms,"BMW commences bookings for F 900 GS, F 900 GS Adventure motorcycles in India: Details","BMW Motorrad has announced the upcoming launch of their F 900 GS and F 900 GS Adventure motorcycles in India. These models are set to replace the existing F 850 GS and Adventure variants. The motorcycles will feature a new 895 cc twin-cylinder engine, producing 105 hp and 93 Nm of peak torque. Pricing details are expected soon.",2024-08-21 10:25:12,"https://static.toiimg.com/photo/msid-112679531,imgsize-128320.cms",toi,2.9490079131384253e-15,11,37,109,5,41
140,Newsdata,https://www.deccanchronicle.com/nation/crime/transgender-gang-forced-18-year-old-boy-to-beg-perform-sex-change-operation-in-bengaluru-1817930,"Transgender gang forced 18-year-old boy to beg, perform sex-change operation in Bengaluru",,2024-08-21 08:15:48,https://www.deccanchronicle.com/h-upload/2024/08/21/1832465-imageshare1724227988198.webp,deccanchronicle,0.9471061362765639,11,15,76,15,61
141,Newsdata,https://www.deccanchronicle.com/nation/world/poland-and-ukraine-visit-pm-modi-calls-for-peace-before-heading-to-kyiv-1817926,Poland and Ukraine visit: PM Modi calls for peace before heading to Kyiv,,2024-08-21 08:08:22,https://www.deccanchronicle.com/h-upload/2024/08/21/1832462-untitleddesign-2024-08-21t133755679.webp,deccanchronicle,1.4675220868974757e-05,13,34,142,13,62
142,Newsdata,https://www.deccanchronicle.com/southern-states/karnataka/karnataka-bjp-announces-statewide-protests-demands-cms-resignation-1817923,"Karnataka: BJP announces statewide protests, demands CM’s resignation",,2024-08-21 08:04:49,https://www.deccanchronicle.com/h-upload/2024/08/21/1832461-aa-2866511.webp,deccanchronicle,3.301173918406929e-39,5,12,73,2,23
143,Newsdata,https://timesofindia.indiatimes.com/auto/cars/skoda-kylaq-it-is-sanskrit-inspired-name-for-fronx-venue-nexon-rivalling-suv/articleshow/112675971.cms,"Skoda Kylaq it is! Sanskrit-inspired name for Fronx, Venue, Nexon-rivalling SUV","Skoda announced its new subcompact SUV for India, named 'Kylaq,' following a public campaign that garnered over 200,000 entries. Set to launch in 2025, the Kylaq will feature a 1.0-litre TSI turbo-petrol engine similar to the Kushaq model. Design elements revealed include split headlamps and LED DRLs, with further details yet to be disclosed.",2024-08-21 08:02:06,"https://static.toiimg.com/photo/msid-112675955,imgsize-6834.cms",toi,1.1364622303970092e-12,12,18,130,9,54
144,Newsdata,https://theprint.in/environment/indonesia-may-shut-part-of-suralaya-coal-power-plant-to-curb-pollution/2231547/,Indonesia may shut part of Suralaya coal power plant to curb pollution,"JAKARTA (Reuters) - Indonesia may shut down a portion of a coal-fired power plant near Jakarta to reduce air pollution affecting the city, a senior minister said on Wednesday. The country is looking",2024-08-21 05:30:48,https://static.theprint.in/wp-content/uploads/2024/08/Indonesia_705-696x464.jpg,theprint,4.53962991944676e-19,7,25,142,7,52
146,Newsdata,https://timesofindia.indiatimes.com/city/surat/insurer-ordered-to-pay-claim-rejected-for-lack-of-autopsy/articleshow/112666255.cms,Insurer made to pay claim rejected for lack of autopsy,,2024-08-20 23:37:49,"https://static.toiimg.com/photo/msid-112666253,imgsize-8792.cms",toi,6.805368460984451e-23,16,23,167,9,83
147,Newsdata,https://theprint.in/environment/us-must-do-more-to-protect-species-from-gulf-of-mexico-drilling-judge/2231314/,US must do more to protect species from Gulf of Mexico drilling: judge,By Nate Raymond (Reuters) - A U.S. judge at the urging of environmental groups has thrown out an assessment by a federal agency governing how endangered and threatened marine species should be,2024-08-20 20:15:38,https://static.theprint.in/wp-content/uploads/2024/08/US_780-696x464.jpg,theprint,2.2442569314606073e-31,14,30,175,6,67
148,Newsdata,https://www.deccanchronicle.com/nation/excise-policy-case-will-file-response-to-k-kavithas-bail-plea-by-aug-22-ed-tells-sc-1817682,"Excise policy case: Will file response to K Kavitha's bail plea by Aug 22, ED tells SC",,2024-08-20 06:50:52,https://www.deccanchronicle.com/h-upload/2024/06/21/1098725-enforcementdirectorate.webp,deccanchronicle,8.588040997163825e-16,1,8,104,6,33
149,Newsdata,https://www.deccanchronicle.com/nation/customer-holds-funeral-of-ola-scooter-outside-showroom-sings-lut-gaye-hum-toh-ola-lekar-ke-1817679,"Customer Holds Funeral of OLA Scooter Outside Showroom, Sings Lut Gaye Hum Toh OLA Lekar Ke",,2024-08-20 06:43:03,https://www.deccanchronicle.com/h-upload/2024/08/20/1832236-untitleddesign-2024-08-20t121207645.webp,deccanchronicle,0.02392165891144744,2,13,93,12,38
150,Newsdata,https://www.deccanchronicle.com/nation/bengal-in-state-of-flux-people-lost-faith-in-present-govt-governor-1817677,"Bengal in state of flux, people lost faith in present govt: Governor",,2024-08-20 06:41:46,https://www.deccanchronicle.com/h-upload/2024/08/20/1832235-untitleddesign13.webp,deccanchronicle,0.9852139319373199,30,44,242,44,145
151,Newsdata,https://www.deccanchronicle.com/nation/health-ministry-asks-central-govt-hospitals-institutes-to-address-security-issues-on-priority-1817675,"Health Ministry asks Central govt. hospitals, institutes to address security issues on priority",,2024-08-20 06:25:31,https://www.deccanchronicle.com/h-upload/2024/08/20/1832234-untitleddesign24.webp,deccanchronicle,4.447317245548407e-54,16,60,215,5,125
152,Newsdata,https://www.deccanchronicle.com/kolkata-rape-murdersc-raps-wb-govt-questions-delay-in-filing-of-fir,"Kolkata rape-murder:SC raps WB govt, questions delay in filing of FIR",,2024-08-20 06:15:01,https://www.deccanchronicle.com/h-upload/2024/08/20/1832231-supremecourt2.webp,deccanchronicle,2.5679154707282882e-14,9,27,165,10,69
153,Newsdata,https://www.deccanchronicle.com/world/texas-seven-indian-nationals-arrested-in-denton-county-anti-prostitution-operation-1818146,Texas: Seven Indian nationals arrested in Denton County Anti-Prostitution Operation,,2024-08-22 01:54:37,https://www.deccanchronicle.com/h-upload/2024/05/25/1827969-arrest.webp,deccanchronicle,0.9999999999985385,2,8,54,0,29
154,Newsdata,https://timesofindia.indiatimes.com/city/surat/doctor-duped-out-of-23l-by-crooks-posing-as-mumbai-cops/articleshow/112695040.cms,Doctor duped out of ₹2.3L by crooks posing as Mumbai cops,,2024-08-21 23:47:09,"https://static.toiimg.com/photo/msid-112695040,imgsize-.cms",toi,0.4282397743916078,8,22,194,30,112
155,Newsdata,https://timesofindia.indiatimes.com/city/surat/trader-loses-rs-6950-lakh-in-share-market-investment-scam/articleshow/112694813.cms,"Enticed by massive returns, trader loses 70L",,2024-08-21 23:32:03,"https://static.toiimg.com/photo/msid-112694813,imgsize-.cms",toi,0.10863696562778541,17,28,173,20,106
156,Newsdata,https://timesofindia.indiatimes.com/city/surat/brothers-held-for-theft-4-of-family-attempt-suicide/articleshow/112694672.cms,"Brothers held for theft, 4 of family attempt suicide",,2024-08-21 23:28:04,"https://static.toiimg.com/photo/msid-112694672,imgsize-.cms",toi,0.1802981767207162,8,21,169,20,61
157,Newsdata,https://www.deccanchronicle.com/nation/mp-union-minister-kurian-files-nomination-for-rs-by-elections-from-mp-as-bjp-candidate-1818110,MP: Union Minister Kurian Files Nomination for RS By-Elections From MP as BJP Candidate,,2024-08-21 19:08:50,https://www.deccanchronicle.com/h-upload/2024/08/21/1832634-george-kurian.webp,deccanchronicle,2.8225839361268614e-58,0,7,58,1,8
158,Newsdata,https://www.deccanchronicle.com/southern-states/telangana/telangana-leaders-avoid-opponents-to-prevent-political-fallout-1818109,Telangana Leaders Avoid Opponents to Prevent Political Fallout,,2024-08-21 19:08:41,https://www.deccanchronicle.com/h-upload/2024/08/21/1832633-flags.webp,deccanchronicle,0.2574041685522516,11,30,84,14,51
159,Newsdata,https://www.deccanchronicle.com/southern-states/andhra-pradesh/ap-needs-visible-change-in-policing-chandrababu-1818108,AP needs visible change in policing: Chandrababu,"""Criminals should feel that if they touch a woman, it will be their last day in life,"" the AP CM observed",2024-08-21 19:06:34,https://www.deccanchronicle.com/h-upload/2024/08/21/1832631-naidu.webp,deccanchronicle,1.7365182285601063e-05,17,25,138,15,77
160,Newsdata,https://www.deccanchronicle.com/southern-states/telangana/2-year-old-girl-swept-away-in-nizamabad-drainage-flood-1818107,2-Year-Old Girl Swept Away in Nizamabad Drainage Flood,,2024-08-21 19:04:59,https://www.deccanchronicle.com/h-upload/2024/08/21/1832627-21picanu.webp,deccanchronicle,2.185398062620195e-28,5,5,47,2,20
161,Newsdata,https://www.deccanchronicle.com/southern-states/telangana/rural-india-sees-major-drop-in-depression-from-smart-programme-1818105,Rural India Sees Major Drop in Depression from SMART Programme,,2024-08-21 19:01:56,https://www.deccanchronicle.com/h-upload/2024/08/21/1832624-10.webp,deccanchronicle,3.097615053049705e-25,15,63,189,5,77
162,Newsdata,https://www.deccanchronicle.com/southern-states/telangana/drinking-water-quota-increased-for-cantonment-mla-1818104,Drinking Water Quota Increased for Cantonment: MLA,,2024-08-21 18:57:23,https://www.deccanchronicle.com/h-upload/2024/08/21/1832623-revanth-reddy.webp,deccanchronicle,6.884033196489245e-29,0,8,52,2,17
163,Newsdata,https://www.deccanchronicle.com/southern-states/telangana/nizamabad-farmers-celebrate-loan-waiver-at-hotels-dhabas-1818103,"Nizamabad Farmers Celebrate Loan Waiver at Hotels, Dhabas",,2024-08-21 18:56:31,https://www.deccanchronicle.com/h-upload/2024/08/21/1832622-9.webp,deccanchronicle,0.021706996791724255,7,16,125,14,44
164,Newsdata,https://www.deccanchronicle.com/southern-states/telangana/all-farmers-must-get-loan-waiver-will-step-up-action-ktr-1818102,"All farmers must get loan waiver, will step up action: KTR",,2024-08-21 18:54:18,https://www.deccanchronicle.com/h-upload/2024/07/18/1825040-ktr.webp,deccanchronicle,0.006883703396223641,18,20,149,18,72
165,Newsdata,https://www.deccanchronicle.com/southern-states/telangana/officials-are-bridge-between-govt-people-rajanarsimha-1818101,"Officials Are Bridge Between Govt, People: Rajanarsimha",,2024-08-21 18:52:21,https://www.deccanchronicle.com/h-upload/2024/08/21/1832620-damodar.webp,deccanchronicle,2.3376915530201024e-39,0,10,63,2,26
166,Newsdata,https://www.deccanchronicle.com/southern-states/telangana/telangana-hc-issued-guidelines-to-hydraa-on-demolitions-1818100,Telangana: HC Issued Guidelines to HYDRAA on Demolitions,,2024-08-21 18:52:09,https://www.deccanchronicle.com/h-upload/2024/08/21/1832621-pav3129.webp,deccanchronicle,2.4063304709519045e-25,8,11,89,4,39
168,Newsdata,https://www.deccanchronicle.com/nation/nia-arrives-in-odisha-seeks-remand-of-sim-box-accused-raju-mandal-1818097,"NIA Arrives in Odisha, Seeks Remand of SIM Box Accused Raju Mandal",,2024-08-21 18:47:03,https://www.deccanchronicle.com/h-upload/2024/08/21/1832618-nationalinvestigationagency.webp,deccanchronicle,7.644536486897133e-21,6,17,85,4,38
169,Newsdata,https://www.deccanchronicle.com/southern-states/telangana/telangana-govt-making-efforts-to-clear-two-das-for-staff-next-month-1818096,Telangana Govt Making Efforts to Clear Two DAs for Staff Next Month,,2024-08-21 18:44:59,https://www.deccanchronicle.com/h-upload/2024/08/21/1832617-revanthreddy.webp,deccanchronicle,1.450845357528603e-14,8,12,100,6,51
170,Newsdata,https://www.deccanchronicle.com/southern-states/telangana/body-of-unidentified-man-found-under-pvnr-flyover-1818095,Body of Unidentified Man Found Under PVNR Flyover,,2024-08-21 18:43:30,https://www.deccanchronicle.com/h-upload/2024/08/21/1832615-died.webp,deccanchronicle,0.0394754437201795,2,6,34,6,27
171,Newsdata,https://www.deccanchronicle.com/southern-states/telangana/hc-grants-bail-to-accused-in-viveka-murder-1818094,HC Grants Bail to Accused in Viveka Murder,,2024-08-21 18:37:35,https://www.deccanchronicle.com/h-upload/2024/08/21/1832614-telangana-high-court.webp,deccanchronicle,1.5811575120574297e-32,4,12,64,2,20
1226,Newsdata,https://timesofindia.indiatimes.com/city/surat/massive-fire-erupts-at-umargam-gidc-plastic-unit-no-casualties-reported/articleshow/115150836.cms,"Major fire at plastic unit at Umargam GIDC, no casualties",,2024-11-10 18:27:40,"https://static.toiimg.com/thumb/msid-47529300,width-1070,height-580,imgsize-110164,resizemode-75,overlay-toi_sw,pt-32,y_pad-40/photo.jpg",toi,3.4930214001933244e-15,5,16,79,5,31
173,Newsdata,https://www.thehindu.com/sci-tech/energy-and-environment/top-disaster-management-body-identifies-189-glacier-lakes-for-monitoring/article68554937.ece,NDMA identifies 189 glacier lakes for monitoring,The National Glacial Lake Outburst Floods Risk Mitigation Programme was approved by the Centre on July 25; some of the proposed steps include attempting ‘lake-lowering measures’ and mitigating damage in downstream States,2024-08-22 16:25:42,https://th-i.thgim.com/public/incoming/ez6s90/article68555440.ece/alternates/LANDSCAPE_1200/SRNIA_7-8-2014_16-35-49_09-STORY-SGR-07-08-2014.JPG,thehindu,2.1676360510889947e-21,10,29,115,5,53
174,Newsdata,https://theprint.in/environment/african-governments-looking-to-cop-summit-for-higher-climate-financing-share/2234284/,African governments looking to COP summit for higher climate financing share,"By Duncan Miriri NAIROBI (Reuters) - African countries want to use this year's U.N. COP meetings to secure a much bigger share of global climate financing, their representatives said at a meeting in",2024-08-22 15:30:42,https://static.theprint.in/wp-content/uploads/2024/08/African_768-696x465.jpg,theprint,1.3080110888995343e-25,7,32,155,6,61
175,Newsdata,https://timesofindia.indiatimes.com/auto/cars/every-fourth-audi-buyer-in-india-a-repeat-customer-majority-aged-under-50-11-percent-women/articleshow/112713146.cms,"Every fourth Audi buyer in India a repeat customer: Majority aged under 50, 11 percent women","Audi India celebrated a major milestone by selling its 1,00,000th car after more than 15 years. They launched the Q8 as a flagship model priced at Rs 1.17 crore. SUVs now account for 60 percent of Audi's sales, and the pre-owned car segment is thriving. Customer loyalty programs and digital outreach have contributed significantly to their success.",2024-08-22 12:09:48,"https://static.toiimg.com/photo/msid-112713475,imgsize-65962.cms",toi,3.506965834591688e-10,26,38,181,12,79
176,Newsdata,https://www.thehindu.com/sci-tech/energy-and-environment/gay-penguin-sphen-dies-in-sydney-leaving-behind-partner-magic/article68554342.ece,"Gay penguin Sphen dies in Sydney, leaving behind partner Magic",Gentoo penguins Sphen and Magic became symbols for same-sex love in 2018 after aquarium staff noticed the two males building a nest together and gave them an egg to incubate,2024-08-22 11:51:44,https://th-i.thgim.com/public/incoming/ra0xc8/article68554350.ece/alternates/LANDSCAPE_1200/AFP_36EG484.jpg,thehindu,0.9946460990451822,17,12,98,15,52
177,Newsdata,https://theprint.in/environment/analysis-brazils-grid-caps-power-from-wind-and-solar-threatening-renewable-projects/2233703/,"Analysis-Brazil’s grid caps power from wind and solar, threatening renewable projects",By Leticia Fucuchima SAO PAULO (Reuters) - Wind and solar energy producers in Brazil have warned they are reconsidering future investments there after the national grid operator repeatedly capped how,2024-08-22 11:16:59,https://static.theprint.in/wp-content/uploads/2024/08/Analysis-Brazils_210-696x422.jpg,theprint,1.3071277620326515e-22,22,59,265,9,111
178,Newsdata,https://economictimes.indiatimes.com/industry/renewables/lower-gst-critical-for-evs-in-transition-phase-audi-india/articleshow/112710844.cms,Lower GST critical for EVs in transition phase: Audi India,"Currently, the total tax incidence on hybrid vehicles in the country is 43 per cent, which is inclusive of GST, while battery electric vehicles attract a tax of about 5 per cent.",2024-08-22 10:46:11,"https://img.etimg.com/thumb/msid-112710930,width-1200,height-630,imgsize-63830,overlay-economictimes/photo.jpg",economictimes_indiatimes,0.279949730123985,26,49,162,25,95
179,Newsdata,https://www.thehindu.com/sci-tech/energy-and-environment/leopard-population-outside-protected-areas-more-visibility-urban-jungle-man-animal-conflict-guwahati/article68536075.ece,Column | Leopard at my doorstep,"Once thought to be elusive, the big cat is far more visible now with 65% of the population existing outside protected areas",2024-08-22 10:42:22,https://th-i.thgim.com/public/incoming/132pkv/article68554005.ece/alternates/LANDSCAPE_1200/IMG_Leopard_Safari__Bann_2_1_GUCVS10H.jpg,thehindu,0.9802954954536367,51,72,225,65,156
180,Newsdata,https://timesofindia.indiatimes.com/world/south-asia/at-least-15-dead-as-floods-trap-thousands-in-india-and-bangladesh/articleshow/112709171.cms,At least 15 dead as floods trap thousands in India and Bangladesh,"Severe floods in India's northeast and Bangladesh's eastern regions have left hundreds stranded and caused 15 deaths, with mudslides and rising waters complicating rescue efforts. Authorities have set up numerous relief camps in Tripura, while many areas in Bangladesh struggle with power outages. Disputes over river management between the countries continue as the crisis unfolds.",2024-08-22 10:09:09,"https://static.toiimg.com/photo/msid-112709403,imgsize-1242155.cms",toi,5.3532222191968586e-14,14,43,155,10,82
181,Newsdata,https://www.deccanchronicle.com/southern-states/telangana/cm-revanth-reddy-other-leaders-stage-demonstration-at-ed-office-1818196,"CM Revanth Reddy, other leaders stage demonstration at ED office",,2024-08-22 08:38:27,https://www.deccanchronicle.com/h-upload/2024/08/22/1832727-edprotest.webp,deccanchronicle,4.1786300575076194e-07,22,21,231,22,115
182,Newsdata,https://www.deccanchronicle.com/entertainment/darlings-to-laapataa-ladies-movies-which-challenge-stereotypes-1818192,5 stories that bravely challenge patriarchy and Obsolete social norms,"'Peechha Karti Parchhaiyaan', 'Purush', 'Darlings', 'Laapataa Ladies', and 'Dahaad' offer a sensitive discourse about gender",2024-08-22 08:22:51,https://www.deccanchronicle.com/h-upload/2024/08/22/1832725-untitleddesign-2024-08-22t134944639.webp,deccanchronicle,0.19918937959637606,37,55,273,31,100
183,Newsdata,https://www.deccanchronicle.com/nation/cbdt-forms-committee-for-i-t-act-review-sunset-clauses-to-be-eliminated-1818190,CBDT forms committee for I-T Act review; 'sunset' clauses to be eliminated,,2024-08-22 08:16:21,https://images.deccanchronicle.com/dc-Cover-2t21l5ukbefnj6s0c4s1fdak37-20170809114438.Medi.jpeg,deccanchronicle,5.6207718970608817e-05,13,32,142,18,93
184,Newsdata,https://www.deccanchronicle.com/nation/nominations-for-padma-awards-2025-open-till-sept-15-mha-1818188,Nominations for Padma Awards-2025 open till Sept. 15: MHA,,2024-08-22 08:07:59,https://www.deccanchronicle.com/h-upload/2024/08/22/1832723-untitleddesign25.webp,deccanchronicle,1.5003604410945149e-40,6,22,138,4,49
185,Newsdata,https://timesofindia.indiatimes.com/auto/bikes/2024-tvs-jupiter-launched-at-rs-73700-gets-car-like-led-light-bars-and-more-feature-upgrades/articleshow/112703171.cms,"2024 TVS Jupiter launched at Rs 73,700: Gets car-like LED light bars and more feature upgrades","TVS Motor Company launched the 2024 Jupiter 110 starting at Rs 73,700. Key updates include a revamped design with LED lighting, hazard lamps, and several tech features like iGo assist and intelligent start-stop. Powered by a 113 cc engine, it offers new features like an LCD cluster and spacious storage.",2024-08-22 07:01:33,"https://static.toiimg.com/photo/msid-112703205,imgsize-46512.cms",toi,1.9613171510263824e-11,5,45,124,8,34
186,Newsdata,https://www.deccanchronicle.com/southern-states/karnataka/register-fir-against-congress-mlc-in-24-hrs-bjyms-ultimatum-to-mangalore-police-1818168,Register FIR against Congress MLC in 24 hrs: BJYM's ultimatum to Mangalore police,,2024-08-22 06:47:57,https://www.deccanchronicle.com/h-upload/2024/08/22/1832709-untitleddesign-2024-08-22t121717347.webp,deccanchronicle,1.6072362957457395e-19,8,15,94,6,56
187,Newsdata,https://timesofindia.indiatimes.com/auto/cars/2024-audi-q8-facelift-launched-in-india-at-rs-1-17-crore-whats-new/articleshow/112701597.cms,2024 Audi Q8 facelift launched in India at Rs 1.17 crore: What’s new,"The new Audi Q8 will be available in eight exterior colour options - Sakhir Gold, Waitomo Blue, Mythos Black, Samurai Gray, Glacier White, Satellite Silver, Tamarind Brown, and Vicuna Beige. The interior will be offered in four colour options: Okapi Brown, Saiga Beige, Black, and Pando Gray.",2024-08-22 06:43:41,"https://static.toiimg.com/photo/msid-112701520,imgsize-1124391.cms",toi,1.5801781459220197e-08,18,52,134,7,46
188,Newsdata,https://www.deccanchronicle.com/southern-states/tamil-nadu/tamil-actor-vijay-unveils-tamilaga-vettri-kazhagam-flag-symbol-1818167,"Tamil Actor Vijay Unveils Tamilaga Vettri Kazhagam Flag, Symbol",,2024-08-22 06:39:43,https://www.deccanchronicle.com/h-upload/2024/08/22/1832706-aa-2883070.webp,deccanchronicle,0.9999978786149352,4,5,57,9,22
189,Newsdata,https://www.deccanchronicle.com/nation/how-will-public-health-infrastructure-run-sc-asks-protesting-doctors-to-resume-work-1818164,How will public health infrastructure run: SC asks protesting doctors to resume work,,2024-08-22 06:26:12,https://www.deccanchronicle.com/h-upload/2024/07/13/1826112-supremecourt.webp,deccanchronicle,9.381150598164367e-06,9,9,78,7,39
190,Newsdata,https://theprint.in/environment/chinas-extreme-weather-takes-bite-out-of-produce-as-prices-soar/2233234/,China’s extreme weather takes bite out of produce as prices soar,"By Bernard Orr BEIJING (Reuters) - Produce prices in China have risen sharply over the past two months, affected by extreme weather from deadly floods to scorching heat that has devastated millions of",2024-08-22 06:16:37,https://static.theprint.in/wp-content/uploads/2024/08/Chinas_986-696x464.jpg,theprint,5.0555645025263115e-11,19,51,160,9,65
191,Newsdata,https://theprint.in/environment/gay-penguin-sphen-dies-in-sydney-leaving-behind-partner-magic/2233044/,"Gay penguin Sphen dies in Sydney, leaving behind partner Magic","By Lewis Jackson SYDNEY (Reuters) - When Sphen, one half of the gay penguin couple whose love captivated the world, died earlier this month in Sydney his partner Magic began to sing. Gentoo penguins",2024-08-22 03:15:49,https://static.theprint.in/wp-content/uploads/2024/08/Gay_900-696x522.jpg,theprint,0.5718202227640765,17,13,125,15,60
192,Newsdata,https://timesofindia.indiatimes.com/world/volcanic-eruption-grounds-flights-in-new-zealand/articleshow/112696593.cms,Volcanic eruption grounds flights in New Zealand,"A volcanic eruption belched a plume of ash that grounded flights in New Zealand on Thursday, with government scientists warning it could continue venting for ""weeks to months"" to come. ""This activity could continue for some time, weeks to months,"" they warned.",2024-08-22 02:46:00,"https://static.toiimg.com/photo/msid-112696645,imgsize-575213.cms",toi,6.676710720423939e-18,14,36,164,8,75
193,Newsdata,https://timesofindia.indiatimes.com/city/surat/crane-collapses-on-bungalow-in-surat-metro-project-accident/articleshow/112723578.cms,Crane from metro project crashes down on bungalow,,2024-08-22 23:18:29,"https://static.toiimg.com/photo/msid-112723576,imgsize-131662.cms",toi,8.898954637326484e-82,12,22,160,3,68
194,Newsdata,https://timesofindia.indiatimes.com/city/surat/man-faces-4th-fir-for-harassing-woman/articleshow/112723003.cms,Man faces 4th FIR for harassing woman,,2024-08-22 23:04:04,"https://static.toiimg.com/photo/msid-112722998,imgsize-5090.cms",toi,0.9999531310263843,26,18,150,30,92
195,Newsdata,https://www.deccanchronicle.com/southern-states/andhra-pradesh/pocso-case-against-school-assistant-1818381,Pocso Case Against School Assistant,,2024-08-22 18:26:59,https://www.deccanchronicle.com/h-upload/2024/07/27/1827174-pocso.webp,deccanchronicle,0.003861819868564774,2,5,83,9,33
196,Newsdata,https://www.deccanchronicle.com/southern-states/andhra-pradesh/dreams-cut-short-young-workers-among-dead-in-sez-factory-blast-1818380,Dreams Cut Short: Young Workers Among Dead in SEZ Factory Blast,,2024-08-22 18:24:10,https://s3.ap-southeast-1.amazonaws.com/images.deccanchronicle.com/dc-Cover-bt7ij6ujhdmvr9fphess1rjpd1-20240102231851.Medi.jpeg,deccanchronicle,0.9860199288922308,9,22,115,18,49
197,Newsdata,https://theprint.in/environment/chiles-codelco-could-face-8-million-fine-for-tailings-dam-violations/2234516/,Chile’s Codelco could face $8 million fine for tailings dam violations,SANTIAGO (Reuters) - Chile's environmental regulator on Thursday said it filed two charges against state copper giant Codelco over the management of its Talabre tailings dam at its Ministro Hales,2024-08-22 18:16:20,https://static.theprint.in/wp-content/uploads/2024/08/Chiles_305-696x465.jpg,theprint,1.1085896875001542e-05,10,24,147,13,67
198,Newsdata,https://www.deccanchronicle.com/nation/uddhav-calls-shinde-abnormal-for-claiming-badlapur-protests-were-politically-motivated-1818378,Uddhav Calls Shinde ‘Abnormal’ for Claiming Badlapur Protests Were Politically Motivated,,2024-08-22 18:16:07,https://www.deccanchronicle.com/h-upload/2024/08/22/1832877-la-2688320.webp,deccanchronicle,0.9496067973607742,24,26,146,30,101
199,Newsdata,https://www.deccanchronicle.com/southern-states/telangana/security-guard-arrested-for-misbehaviour-with-nine-year-old-girl-at-kokapet-1818376,Security guard arrested for misbehaviour with nine-year-old girl at Kokapet,"After her parent’s returned, the girl informed them of what happened and the parents lodged a complaint with the police. Later, the accused, hailing from Assam, was arrested",2024-08-22 18:12:36,https://www.deccanchronicle.com/h-upload/2024/08/22/1832875-untitleddesign-2024-08-22t233948840.webp,deccanchronicle,0.02822106904565298,14,27,206,29,109
200,Newsdata,https://www.deccanchronicle.com/southern-states/telangana/private-transport-unions-pitch-for-govt-app-1818375,Private Transport Unions Pitch for Govt App,,2024-08-22 18:09:17,https://dc-cdn.s3-ap-southeast-1.amazonaws.com/dc-Cover-of05mqvbu0ef2pfq99oude79c4-20160531014150.Medi.jpeg,deccanchronicle,3.284717145298238e-21,8,13,85,4,35
201,Newsdata,https://www.deccanchronicle.com/southern-states/andhra-pradesh/td-urged-to-reward-yuvatha-leaders-with-nominated-posts-1818374,TD Urged to Reward Yuvatha Leaders With Nominated Posts,,2024-08-22 17:59:18,https://www.deccanchronicle.com/h-upload/2024/08/22/1832873-thikkareddy.webp,deccanchronicle,2.833617699925293e-08,0,13,49,4,15
202,Newsdata,https://timesofindia.indiatimes.com/city/mumbai/day-temperatures-reach-all-time-high-for-august-at-33-7-degrees/articleshow/112719506.cms,Day temperatures reach all time high for August at 33.7 degrees,"Mumbai hit an all-time high temperature of 33.7 degrees Celsius for August on Thursday. The IMD forecasts heavy rains for the weekend, possibly bringing relief. Break monsoon conditions and strong sunlight have driven up heat and humidity in recent days. The IMD also recorded above-normal temperatures at Colaba and Santacruz observatories.",2024-08-22 17:46:23,"https://static.toiimg.com/photo/msid-112719511,imgsize-1522443.cms",toi,1.327331139289946e-32,11,33,80,2,42
203,Newsdata,https://theprint.in/environment/california-rooftop-solar-subsidy-to-cost-8-5-billion-a-year-says-ratepayer-advocate/2234683/,"California rooftop solar subsidy to cost $8.5 billion a year, says ratepayer advocate","(Reuters) - A California residential solar subsidy will cost ratepayers who do not have rooftop panels about $8.5 billion annually by the end of this year, contributing to higher electricity rates for",2024-08-22 23:30:46,https://static.theprint.in/wp-content/uploads/2024/08/California_916-696x464.jpg,theprint,0.0001751267417637607,10,31,109,13,61
204,Newsdata,https://theprint.in/environment/harris-adviser-deese-calls-for-marshall-plan-on-clean-energy/2234649/,Harris adviser Deese calls for Marshall Plan on clean energy,"By Timothy Gardner WASHINGTON (Reuters) - Brian Deese, an economic adviser for Vice President Kamala Harris' presidential campaign, called on Thursday for an economic program to loan allies money to",2024-08-22 22:15:46,https://static.theprint.in/wp-content/uploads/2024/08/Harris_257-696x465.jpg,theprint,9.821565271417227e-12,7,37,220,15,82
205,Newsdata,https://timesofindia.indiatimes.com/auto/bikes/2024-hero-glamour-launched-at-rs-83598-whats-new/articleshow/112728636.cms,"2024 Hero Glamour launched at Rs 83,598: What's new","Hero MotoCorp has rolled out the 2024 version of the Glamour motorcycle at Rs 83,598. Key updates include a new Black Metallic Silver colour scheme, LED headlamp, hazard lamp, and start-stop switch. It continues to feature a 124.7 cc engine with a five-speed gearbox, along with suspension, braking options, and additional features like a digital instrument cluster and smartphone charger.",2024-08-23 05:08:47,"https://static.toiimg.com/photo/msid-112728657,imgsize-67740.cms",toi,1.5659187819211543e-08,5,28,96,7,31
206,Newsdata,https://www.deccanchronicle.com/nation/crime/10-year-old-girls-body-recovered-from-sugarcane-field-in-kolhapur-sexual-assault-suspected-1818445,"10-year-old girl's body recovered from sugarcane field in Kolhapur, sexual assault suspected",,2024-08-23 05:03:19,https://www.deccanchronicle.com/h-upload/2024/07/27/1827173-pocso.webp,deccanchronicle,0.898414142206797,8,20,106,15,56
207,Newsdata,https://www.deccanchronicle.com/world/americas/panama-announces-more-migrant-deportation-flights-to-india-china-and-ecuador-1818444,"Panama deports migrants from India, China and Ecuador",,2024-08-23 04:55:07,https://www.deccanchronicle.com/h-upload/2024/08/23/1832941-aa-2872964.webp,deccanchronicle,1.9046622970005507e-07,4,20,57,5,25
208,Newsdata,https://www.thehindu.com/sci-tech/energy-and-environment/air-pollution-india-real-estate-construction-environment-sustainability/article68432012.ece,Homes that breathe,"Amid worsening Air Quality Index in India, what can prospective homebuyers do to avoid air pollution risks?",2024-08-23 09:28:25,https://th-i.thgim.com/public/incoming/1ozklf/article68542233.ece/alternates/LANDSCAPE_1200/iStock-1276784744.jpg,thehindu,8.056468353149487e-11,40,105,292,14,123
209,Newsdata,https://timesofindia.indiatimes.com/auto/commercial-vehicles/convert-your-petrol-diesel-tata-ace-to-ev-with-sun-mobility-bluewheelz-retrofit-kits-heres-how/articleshow/112735194.cms,"Convert your petrol, diesel Tata ACE to EV with Sun Mobility, Bluewheelz retrofit kits: Here's how","Sun Mobility, in collaboration with Bluwheelz, has unveiled a retrofit kit for converting Tata ACE vehicles from internal combustion engines to swappable electric units. This innovative solution enables fleet operators to switch to electric mobility affordably, providing significant cost savings and aligning with government policies on electric vehicle adoption, while extending vehicle lifespan and reducing operational costs.",2024-08-23 09:11:41,"https://static.toiimg.com/photo/msid-112735456,imgsize-35822.cms",toi,6.038700372591762e-25,8,34,106,3,48
210,Newsdata,https://theprint.in/environment/extreme-weather-and-geopolitics-to-send-uk-energy-bills-up-10/2235035/,Extreme weather and geopolitics to send UK energy bills up 10%,"By Catarina Demony and Radhika Anilkumar (Reuters) - British energy regulator Ofgem on Friday raised its price cap on household energy bills by 10% from Oct. 1 to an annual level of 1,717 pounds (",2024-08-23 07:16:22,https://static.theprint.in/wp-content/uploads/2024/08/Extreme_136-696x464.jpg,theprint,6.909567598774645e-12,10,36,166,11,69
211,Newsdata,https://anweshanam.com/827336/it-takes-21-days-for-the-rainwater-alone-that-caused-the-mundakkai-landslide-to-flow-through-periyar-special-story/,മുണ്ടക്കൈ ഉരുള്‍ പൊട്ടലിന് കാരണമായ മഴ വെള്ളം മാത്രം പെരിയാറിലൂടെ ഒഴുകിപോകാന്‍ 21 ദിവസം പിടിക്കും (സ്‌പെഷ്യല്‍ സ്റ്റോറി) /It takes 21 days for the rainwater alone that caused the Mundakkai landslide to flow through Periyar (Special Story).,"ദുരിതത്തിനും ദുരന്തത്തിനും കാരണമാകുന്ന കാലാവസ്ഥാ വ്യതിയാനം കേരളത്തിന്റെ ഭൂപടത്തില്‍ സ്ഥിരമായി ഇടംപിടിച്ചു കഴിഞ്ഞു. കാറ്റടിച്ചാലും, മഴ പെയ്താലും, കടലിളകിയാലും വന്‍ ദുന്തങ്ങളിലേക്ക് വഴിതുറക്കുകയാണ്. പ്രകൃതി ദുരന്തങ്ങളുടെ തീവ്രത അനുസരിച്ച് ജീവിത രേഖ മുറിഞ്ഞുപോകുന്ന പാവപ്പെട്ടവര്‍. അനാഥരാക്കപ്പെടുന്ന ബാല്യങ്ങള്‍. നിരാലംബരാകുന്ന സ്ത്രീകള്‍. ശിഥിലമാകുന്ന കുടുംബങ്ങള്‍. അങ്ങനെ മലയാളികള്‍ക്കു മുകളില്‍ മഴ മേഘങ്ങള്‍ മരണം പെയ്തിറക്കുന്നത് തീരാ വേദനകളായി മറിക്കഴിഞ്ഞു. പ്രകൃതി ദുരന്തങ്ങള്‍ക്കെല്ലാം കൂട്ടു വരുന്ന മഴയെ പേടിക്കേണ്ട കാലഘട്ടമാണിത്. സൂനാമി കവര്‍ന്ന 2005, ഓഖിയില്‍ മുങ്ങിപ്പോയ 2017, പ്രളയം [...]",2024-08-23 06:29:12,https://anweshanam.com/wp-content/uploads/2024/08/mundakai-rain-main-jpg.webp,anweshanam,0.0,3,60,529,1,11
229,Newsdata,https://www.deccanchronicle.com/southern-states/telangana/telangana-hc-judge-resolves-185-cases-in-single-day-1818620,Telangana HC Judge Resolves 185 Cases in Single Day,,2024-08-23 18:23:50,https://www.deccanchronicle.com/h-upload/2024/08/23/1833172-la-24473721.webp,deccanchronicle,3.645234694131329e-66,1,5,46,1,17
329,Newsdata,https://www.deccanchronicle.com/southern-states/telangana/telangana-drunk-man-rapes-elderly-woman-held-1819655,"Telangana: Drunk man 'rapes' elderly woman, held",,2024-08-28 10:56:48,https://www.deccanchronicle.com/h-upload/2024/05/25/1833542-arrest.webp,deccanchronicle,6.690768429437432e-14,4,8,36,3,26
212,Newsdata,https://timesofindia.indiatimes.com/auto/news/37-of-nexa-sales-driven-by-smaller-cities-100-new-nexa-studios-to-be-set-up/articleshow/112743297.cms,"37% of NEXA sales driven by smaller cities, 100 new 'NEXA Studios' to be set up","Maruti Suzuki launched its NEXA chain nearly a decade ago to offer a premium customer experience. The company announced its plans to expand into Tier II and III cities with NEXA Studios, smaller outlets providing full services. By the year's end, 100 studios are expected to be established, targeting sales of 20 to 25 cars monthly per studio.",2024-08-23 13:25:12,"https://static.toiimg.com/photo/msid-112743377,imgsize-49158.cms",toi,1.666606788964214e-25,8,24,122,4,48
213,Newsdata,https://timesofindia.indiatimes.com/auto/cars/buying-used-car-key-things-to-keep-in-mind-tips-and-suggestions/articleshow/112741570.cms,Buying used car? Key things to keep in mind: Tips and suggestions,"The article advised prospective buyers on the careful planning needed when buying a used car. Key tips included identifying needs, setting a comprehensive budget, researching the car's history, performing thorough inspections, and verifying documents. It stressed the importance of checking maintenance records and accident history, and comparing prices for similar vehicles before making a decision.",2024-08-23 12:14:47,"https://static.toiimg.com/photo/msid-112741581,imgsize-40026.cms",toi,0.03422041226759606,16,31,100,15,48
214,Newsdata,https://timesofindia.indiatimes.com/world/rest-of-world/australia-tackles-poor-great-barrier-reef-water-quality/articleshow/112737582.cms,Australia tackles poor Great Barrier Reef water quality,"Australia on Friday launched a multi-million dollar effort to stop pesticide runoff and other water quality issues on the Great Barrier Reef, the latest effort to save the ailing natural wonder. ""Poor water quality stops coral from regrowing, kills seagrass, and blocks the sunlight needed for a healthy reef.""",2024-08-23 10:21:45,"https://static.toiimg.com/photo/msid-112737675,imgsize-1867753.cms",toi,2.078983611459835e-22,12,38,128,5,57
215,Newsdata,https://www.deccanchronicle.com/hyderabad-schools-cautious-as-fever-cases-rises-among-students,Hyderabad schools cautious as fever cases rises among students,,2024-08-23 07:17:02,https://www.deccanchronicle.com/h-upload/2024/07/04/1832888-schools.webp,deccanchronicle,0.7805619930095973,9,27,115,20,55
216,Newsdata,https://timesofindia.indiatimes.com/auto/reviews/2024-tvs-jupiter-110-first-ride-impressions-stylish-practical-but-good-performer/articleshow/112756536.cms,"2024 TVS Jupiter 110 first-ride impressions: Stylish, practical but good performer?","The 2024 TVS Jupiter has received its first major update in 11 years, featuring a sporty design, advanced tech, and improved performance. Powered by a 113.3 cc engine, it offers comfortable riding and agile handling. With modern features and a starting price of Rs 73,700, it remains a top contender in the Indian scooter market.",2024-08-24 06:33:38,"https://static.toiimg.com/photo/msid-112756910,imgsize-46512.cms",toi,0.030939385411655366,64,113,285,48,153
217,Newsdata,https://timesofindia.indiatimes.com/city/surat/21-year-old-woman-gang-raped-under-guise-of-ritual/articleshow/112752440.cms,21-year-old gang-raped under guise of ritual,,2024-08-23 23:49:08,"https://static.toiimg.com/photo/msid-112752440,imgsize-.cms",toi,0.9384922349489033,19,32,142,21,96
218,Newsdata,https://timesofindia.indiatimes.com/city/surat/demand-for-state-textile-policy-in-surat/articleshow/112752313.cms,Demand for state textile policy grows louder in city,,2024-08-23 23:39:11,"https://static.toiimg.com/photo/msid-112752311,imgsize-208844.cms",toi,4.748654930574175e-09,24,36,175,14,88
219,Newsdata,https://timesofindia.indiatimes.com/city/surat/surat-girl-secures-air-1-in-cma-intermediate-exam/articleshow/112752117.cms,Surat girl secures AIR 1 in CMA intermediate exam,,2024-08-23 23:25:19,"https://static.toiimg.com/photo/msid-112752113,imgsize-49030.cms",toi,4.73576685132344e-42,6,19,155,4,45
220,Newsdata,https://timesofindia.indiatimes.com/city/surat/man-loses-75k-to-honeytrap-gang/articleshow/112751900.cms,Man loses ₹75k to honeytrap gang,,2024-08-23 23:19:40,"https://static.toiimg.com/photo/msid-112751897,imgsize-6476.cms",toi,0.9997140371569259,16,20,154,29,82
221,Newsdata,https://timesofindia.indiatimes.com/city/surat/tribal-blockade-disrupts-vehicle-movements-to-nashik/articleshow/112751665.cms,Tribal blockade hits vehicle movements to Nashik,,2024-08-23 23:13:54,"https://static.toiimg.com/photo/msid-112751664,imgsize-60398.cms",toi,4.8914334573096534e-08,6,15,91,8,47
222,Newsdata,https://theprint.in/environment/as-drought-breeds-hunger-in-guatemala-farming-program-aims-to-help/2236367/,"As drought breeds hunger in Guatemala, farming program aims to help","SAN AGUSTIN ACASAGUASTLAN, Guatemala (Reuters) - Drought and crop failure are a pervasive threat in Guatemala where hunger and malnutrition run rampant, particularly in rural areas - a reality that",2024-08-23 19:16:34,https://static.theprint.in/wp-content/uploads/2024/08/As_140-696x465.jpg,theprint,4.942367266059837e-06,13,36,128,11,49
223,Newsdata,https://www.deccanchronicle.com/nation/politics/mva-withdraws-maharashtra-bandh-call-after-hc-ruling-1818624,MVA Withdraws Maharashtra Bandh Call After HC Ruling,,2024-08-23 18:33:08,https://www.deccanchronicle.com/h-upload/2024/02/21/1076564-bombayhighcourt.webp,deccanchronicle,1.4319664643871126e-14,9,39,187,11,88
224,Newsdata,https://www.deccanchronicle.com/southern-states/telangana/ultras-killed-woman-in-bid-to-cover-up-mistake-sp-1818623,Ultras Killed Woman in Bid to Cover Up Mistake: SP,,2024-08-23 18:33:06,https://www.deccanchronicle.com/h-upload/2024/08/23/1833178-dead-body.webp,deccanchronicle,0.9999969756438033,2,2,42,7,21
225,Newsdata,https://www.deccanchronicle.com/tabloid/hyderabad-chronicle/the-blonzing-bombshells-1818537,The Blonzing Bombshells,"A bold new beauty trend is redefining skin radiance, blonzing dares to introduce bold hues like pink, coral, lavender, and even hints of purple",2024-08-23 18:30:59,https://www.deccanchronicle.com/h-upload/2024/08/23/1833042-addaheading1.webp,deccanchronicle,0.00013566307735649673,25,91,256,26,133
226,Newsdata,https://www.deccanchronicle.com/tabloid/hyderabad-chronicle/ananya-panday-is-making-smart-choices-1818536,Ananya Panday is making smart choices,"Collaborating with filmmaker Karan Johar, who had launched her in Student of the Year 2, she has indeed come a long way from being just another star kid in Bollywood",2024-08-23 18:30:24,https://www.deccanchronicle.com/h-upload/2024/08/23/1833044-addaheading2.webp,deccanchronicle,0.9996493277820976,15,25,111,31,75
227,Newsdata,https://www.deccanchronicle.com/southern-states/telangana/students-oppose-ous-new-phd-admission-criteria-1818622,Students Oppose OU’s New PhD Admission Criteria,,2024-08-23 18:29:26,https://www.deccanchronicle.com/h-upload/2024/08/23/1833167-studentsopposeousnewphdadmissioncriteria.webp,deccanchronicle,6.8851299205755225e-22,9,20,101,5,49
228,Newsdata,https://www.deccanchronicle.com/southern-states/telangana/baby-born-on-wheelchair-nalgonda-hospital-denies-1818621,"Baby Born on Wheelchair, Nalgonda Hospital Denies",,2024-08-23 18:28:46,https://www.deccanchronicle.com/h-upload/2024/08/23/1833175-nalgonda-govt-hospital.webp,deccanchronicle,1.620850949743072e-06,4,6,62,6,29
230,Newsdata,https://www.deccanchronicle.com/southern-states/telangana/hcae-head-coach-vivek-jaisimha-resigns-citing-unprofessional-atmosphere-1818619,HCAE Head Coach Vivek Jaisimha Resigns Citing Unprofessional Atmosphere,,2024-08-23 18:21:11,https://www.deccanchronicle.com/h-upload/2024/08/23/1833170-untitleddesign101.webp,deccanchronicle,0.0010698006146568424,11,21,97,10,40
231,Newsdata,https://www.deccanchronicle.com/southern-states/andhra-pradesh/kia-to-build-three-model-anganwadi-centres-1818617,KIA to Build Three Model Anganwadi Centres,,2024-08-23 18:17:34,https://www.deccanchronicle.com/h-upload/2024/08/23/1833168-anganwadi.webp,deccanchronicle,2.178347437115028e-41,4,25,117,3,44
232,Newsdata,https://www.deccanchronicle.com/southern-states/andhra-pradesh/manyam-hospitals-offering-satisfactory-care-says-health-minister-satya-kumar-yadav-1818615,"Manyam Hospitals Offering Satisfactory Care, Says Health Minister Satya Kumar Yadav",,2024-08-23 18:14:53,https://www.deccanchronicle.com/h-upload/2024/07/03/1101430-healthministersatyakumaryadav1.webp,deccanchronicle,0.0004647906238299427,2,18,106,13,50
233,Newsdata,https://www.deccanchronicle.com/nation/politics/pawar-rules-out-projecting-cm-candidate-for-maharashtra-election-1818614,Pawar Rules Out Projecting CM Candidate for Maharashtra Election,,2024-08-23 18:13:25,https://www.deccanchronicle.com/h-upload/2024/08/23/1833165-hivsenaubtchiefuddhavthackerayandncpspchiefsharadpawar.webp,deccanchronicle,0.6422380773767101,11,24,107,17,66
234,Newsdata,https://www.deccanchronicle.com/southern-states/telangana/dr-reddys-sets-guinness-world-record-with-largest-brochure-mosaic-installation-1818613,Dr. Reddy’s Sets Guinness World Record with Largest Brochure Mosaic Installation,,2024-08-23 18:11:55,https://www.deccanchronicle.com/h-upload/2024/08/23/1833163-drreddys.webp,deccanchronicle,2.415131663641415e-10,0,16,59,4,21
235,Newsdata,https://www.deccanchronicle.com/southern-states/andhra-pradesh/cms-new-mantra-speed-of-doing-business-says-vangalapudi-anitha-1818612,"CM’s new mantra, 'Speed of Doing Business,' says Vangalapudi Anitha",,2024-08-23 18:10:17,https://www.deccanchronicle.com/h-upload/2024/08/23/1833158-23pnm11.webp,deccanchronicle,1.5876760494272768e-24,5,17,83,4,44
236,Newsdata,https://www.deccanchronicle.com/southern-states/andhra-pradesh/compensation-cheques-distributed-to-victims-of-pharma-blast-1818610,Compensation Cheques Distributed to Pharma Blast Victims,,2024-08-23 18:07:28,https://www.deccanchronicle.com/h-upload/2024/08/23/1833160-chequedistribution2.webp,deccanchronicle,1.6441686558912127e-15,2,16,104,6,36
237,Newsdata,https://www.deccanchronicle.com/southern-states/telangana/hyderabad-researchers-discover-new-genetic-disorder-1818609,Hyderabad Researchers Discover New Genetic Disorder,,2024-08-23 18:03:22,https://www.deccanchronicle.com/h-upload/2024/08/23/1833157-nims.webp,deccanchronicle,1.8550890334357276e-08,1,15,73,6,26
238,Newsdata,https://www.deccanchronicle.com/southern-states/andhra-pradesh/sez-authorities-failing-to-convey-causes-for-frequent-accidents-1818608,SEZ Authorities Failing to Convey Causes for Frequent Accidents,,2024-08-23 18:01:47,https://www.deccanchronicle.com/h-upload/2024/07/22/1825764-fire11.webp,deccanchronicle,0.0008728229815475601,25,29,162,19,79
239,Newsdata,https://economictimes.indiatimes.com/industry/renewables/seci-to-issue-up-to-20-gw-of-green-energy-tenders-in-fy25/articleshow/112747837.cms,SECI to issue up to 20 GW of green energy tenders in FY25,"The Solar Energy Corporation of India planned to auction up to 20 GW of renewable energy capacity in the current fiscal year. This move was part of the country's strategy to achieve 500 GW of renewable energy by 2030. Last year witnessed the auctioning of over 50 GW, slightly above the set goal.",2024-08-23 17:58:56,"https://img.etimg.com/thumb/msid-112748143,width-1200,height-630,imgsize-6512,overlay-economictimes/photo.jpg",economictimes_indiatimes,5.408345437877991e-10,7,25,63,2,22
240,Newsdata,https://www.deccanchronicle.com/nation/crime/two-arrested-over-sexual-assault-of-minors-in-assams-lakhimpur-1818735,Two arrested over sexual assault of minors in Assam's Lakhimpur,A nine-year-old girl was allegedly sexually harassed by a 'maulana' (religious teacher) when she had gone for classes taken by him,2024-08-24 10:53:12,https://images.deccanchronicle.com/dc-Cover-5gp4c0vluqt34hppjjj98c9vc1-20170712025442.Medi.jpeg,deccanchronicle,0.0005357358721072034,9,5,42,6,33
241,Newsdata,https://www.deccanchronicle.com/entertainment/mollywood/bengali-female-actor-levels-misbehaviour-charge-against-eminent-malayalam-filmmaker-ranjith-1818734,Bengali female actor levels 'misbehaviour' charge against eminent Malayalam filmmaker Ranjith,"Mitra said she did not have any such experience in the Bengali cinema industry, but that there could be similar situations for other female actors as well with regard to someone. Such women should muster the courage and speak out without any fear",2024-08-24 10:37:03,https://www.deccanchronicle.com/h-upload/2024/08/24/1833394-untitleddesign-2024-08-24t160515467.webp,deccanchronicle,0.9902745188322943,37,55,284,61,197
242,Newsdata,https://www.deccanchronicle.com/entertainment/bollywood/womens-equality-day-watch-powerful-films-that-defy-patriarchy-1818733,Women's Equality Day: Watch Powerful Films that Defy Patriarchy,,2024-08-24 10:36:35,https://www.deccanchronicle.com/h-upload/2024/08/24/1833396-watchpowerfulfilms.webp,deccanchronicle,0.9978554759883842,19,44,275,42,109
243,Newsdata,https://www.deccanchronicle.com/entertainment/bollywood/throwback-when-aishwarya-rai-said-no-to-working-with-shah-rukh-khan-1818732,Throwback: When Aishwarya Rai said no to working with Shah Rukh Khan,,2024-08-24 10:30:29,https://www.deccanchronicle.com/h-upload/2024/08/24/1833391-aishwaryaraishahrukhkhan.webp,deccanchronicle,0.929618533760848,33,40,130,28,88
244,Newsdata,https://www.deccanchronicle.com/entertainment/bollywood/kulhad-pizza-couples-private-video-leaked-viral-1818730,Kulhad Pizza couple breaks silence on leaked video controversy,,2024-08-24 10:21:16,https://www.deccanchronicle.com/h-upload/2024/08/24/1833387-kulhadpizzacouple.webp,deccanchronicle,0.8690426407772281,27,36,106,28,76
245,Newsdata,https://www.deccanchronicle.com/world/police-arrest-suspected-killer-in-germany-knife-attack-1818884,Police arrest suspected killer in Germany knife attack,,2024-08-25 01:40:52,https://www.deccanchronicle.com/h-upload/2024/08/25/1833622-aa-2900454.webp,deccanchronicle,5.957164946235809e-11,31,51,242,16,123
246,Newsdata,https://www.deccanchronicle.com/world/europe/islamic-state-group-claims-responsibility-for-knife-attack-that-killed-3-in-germany-1818883,Islamic State group claims responsibility for knife attack that killed 3 in Germany,,2024-08-25 01:34:25,https://www.deccanchronicle.com/h-upload/2024/08/25/1833620-aa-2899796.webp,deccanchronicle,0.03900769620273474,42,76,345,47,181
247,Newsdata,https://timesofindia.indiatimes.com/city/surat/rapier-jacquard-weavers-association-to-publish-list-of-defaulters/articleshow/112773255.cms,Rapier Jacquard weavers to publish list of defaulters,,2024-08-24 23:35:15,"https://static.toiimg.com/photo/msid-112773254,imgsize-274030.cms",toi,2.483714629271667e-07,13,42,181,18,93
248,Newsdata,https://timesofindia.indiatimes.com/city/surat/heavy-rainfall-and-water-discharge-alert-in-surat/articleshow/112773151.cms,"1.23L cusecs being released from Ukai, Surat on alert",,2024-08-24 23:27:31,"https://static.toiimg.com/photo/msid-112773150,imgsize-28618.cms",toi,5.048940737680639e-93,10,27,187,3,76
249,Newsdata,https://timesofindia.indiatimes.com/city/surat/sgcci-raises-concerns-about-issues-at-surat-international-airport/articleshow/112772482.cms,SGCCI raises concerns about issues at city airport,,2024-08-24 23:06:22,"https://static.toiimg.com/photo/msid-112772478,imgsize-50008.cms",toi,3.710248195603782e-29,18,37,194,8,91
250,Newsdata,https://www.thehindu.com/sci-tech/energy-and-environment/nicobar-project-will-not-disturb-or-displace-tribes-environment-minister-bhupendra-yadav/article68562705.ece,Nicobar project will not disturb or displace tribes: Environment Minister Bhupendra Yadav,"The ₹72,000 cr project, including a port and airport, will counter Chinese expansionism, Myanmarese poaching, says Mr. Yadav; Congress leader raised concerns about the diversion of forest land, tribal groups’ consent, and construction in a quake-prone region",2024-08-24 18:40:16,https://th-i.thgim.com/public/incoming/8mqzc4/article68563684.ece/alternates/LANDSCAPE_1200/PTI04_12_2023_000035B.jpg,thehindu,4.9898885000947e-19,21,40,212,13,120
251,Newsdata,https://theprint.in/environment/yet-to-pay-rs-1096-cr-compensation-for-failure-to-manage-legacy-waste-punjabs-a-repeat-offender/2237199/,"Yet to pay Rs 1,096 cr compensation for failure to manage legacy waste, Punjab’s a repeat offender","Punjab was due to submit compensation & compliance report to Central Pollution Control Board by 25 August. In 2022, it failed to pay Rs 2,080 cr. A look at Punjab's waste management issues.",2024-08-24 15:16:39,https://static.theprint.in/wp-content/uploads/2024/08/landfill-696x392.jpg,theprint,2.3984663114266804e-14,69,93,482,28,236
252,Newsdata,https://www.deccanchronicle.com/southern-states/telangana/cctv-captures-shocking-death-of-thief-who-tried-breaking-into-food-stall-1818908,Hyderabad: Storage Rack Collapses on Thief at Yellareddyguda Fast Food Stall,,2024-08-25 07:29:50,https://www.deccanchronicle.com/h-upload/2024/08/25/1833684-hyderabad.webp,deccanchronicle,0.9959900614328104,3,5,29,8,27
253,Newsdata,https://www.deccanchronicle.com/news/odisha-scientist-behind-breast-cancer-medicine-dies-of-heart-attack-1818907,Odisha Scientist Behind Breast Cancer Medicine Dies of Heart Attack,,2024-08-25 07:25:46,https://www.deccanchronicle.com/h-upload/2024/08/25/1833683-drsandeepmishra.webp,deccanchronicle,1.8893497957727119e-07,8,33,143,11,60
254,Newsdata,https://www.deccanchronicle.com/southern-states/telangana/telangana-cybercrime-police-arrest-two-in-175-crore-fraud-case-1818906,Telangana Cybercrime Police Arrest Two in ₹175 Crore Fraud Case,,2024-08-25 07:16:27,https://www.deccanchronicle.com/h-upload/2024/08/25/1833682-cybercrimeimage1024x576.webp,deccanchronicle,7.111399160544196e-46,12,18,147,4,55
255,Newsdata,https://www.deccanchronicle.com/world/why-nasa-picked-elon-musks-spacex-over-boeing-to-bring-sunita-williams-barry-wilmore-back-to-earth-1818905,"Why NASA Picked Elon Musk's SpaceX to Bring Sunita Williams, Barry Wilmore Back to Earth?",,2024-08-25 07:14:45,https://www.deccanchronicle.com/h-upload/2024/08/25/1833681-sunitawilliams.webp,deccanchronicle,1.4520418959895404e-42,17,17,184,7,93
256,Newsdata,https://www.deccanchronicle.com/entertainment/bollywood/anil-kapoors-humara-dil-aapke-paas-hai-clocks-24-years-1818920,Anil Kapoor’s Humara Dil Aapke Paas Hai clocks 24 years!,,2024-08-25 13:41:50,https://www.deccanchronicle.com/h-upload/2024/08/25/1833748-whatsappimage2024-08-25at31715pm.webp,deccanchronicle,0.9996884248811303,11,10,90,14,39
257,Newsdata,https://timesofindia.indiatimes.com/india/india-to-enhance-global-climate-goals-through-green-hydrogen-mission-jitendra-singh/articleshow/112784525.cms,India to enhance global climate goals through green hydrogen mission: Jitendra Singh,,2024-08-25 14:40:56,"https://static.toiimg.com/photo/msid-112784938,imgsize-47122.cms",toi,2.4264593490191802e-34,7,45,211,5,58
258,Newsdata,https://theprint.in/world/birds-in-kenya-are-disappearing-at-a-worrying-rate-due-to-changes-in-land-use/2238024/,Birds in Kenya are disappearing at a worrying rate due to changes in land use,"The expansion of settlements, livestock production, pest removal, and cultivation has degraded and destroyed natural landscapes, threatening unique species.",2024-08-25 12:57:47,https://static.theprint.in/wp-content/uploads/2024/08/Untitled-design-2-1-696x392.png,theprint,2.2253139068972615e-08,26,90,259,17,111
259,Newsdata,https://theprint.in/environment/security-cost-sustainability-theres-a-trilemma-for-policies-on-mineral-strategies/2237962/,"Security, cost, sustainability—there’s a trilemma for policies on mineral strategies","The transition to renewable energy, digitalisation of the economy and pressure to keep up with developments in technology all hinge on a few minerals like lithium, cobalt, copper, graphite, nickel and rare earths.",2024-08-25 12:09:17,https://static.theprint.in/wp-content/uploads/2024/08/renewable-energy-696x392.jpg,theprint,1.2767136750621438e-09,37,117,278,14,140
260,Newsdata,https://timesofindia.indiatimes.com/auto/cars/kia-seltos-aurora-black-pearl-colour-launched-with-29-exterior-interior-upgrades-details/articleshow/112802391.cms,"Kia Seltos 'Aurora Black Pearl' colour launched with 29 exterior, interior upgrades: Details","Kia introduced the Aurora Black Pearl colour option for the Seltos X-Line, priced between Rs. 19.65 lakhs and Rs. 20.37 lakhs ex-showroom. The variant includes multiple exterior and interior updates, including a dual-tone Black and Splendid Sage Green interior. No changes were made to the engine, retaining the 1.5-litre four-cylinder diesel and turbo petrol engines.",2024-08-26 08:56:59,"https://static.toiimg.com/photo/msid-112802456,imgsize-38390.cms",toi,1.242316417511926e-29,4,42,143,3,34
261,Newsdata,https://timesofindia.indiatimes.com/auto/cars/hyundai-alcazar-facelift-arrives-at-dealerships-ahead-of-sept-9-launch-all-you-need-to-know/articleshow/112799907.cms,Hyundai Alcazar facelift arrives at dealerships ahead of Sept 9 launch: All you need to know,"Hyundai launched the Alcazar facelift on September 9. The new design, inspired by the Creta, includes a bold grille and LED lighting. The cabin offers dual 10.25-inch screens and numerous premium features. Available in four variants, engine options include a 1.5-litre turbo petrol and a 1.5-litre diesel with manual and automatic transmissions.",2024-08-26 07:35:28,"https://static.toiimg.com/photo/msid-112799928,imgsize-47912.cms",toi,1.592442495181379e-40,11,40,150,3,53
262,Newsdata,https://www.deccanchronicle.com/nation/current-affairs/kolkata-medic-rape-murder-bjp-announces-series-of-protests-from-aug-28-1819052,Kolkata medic rape-murder: BJP announces series of protests from Aug 28,,2024-08-26 06:04:10,https://www.deccanchronicle.com/h-upload/2024/08/26/1834041-aa-2884925.webp,deccanchronicle,5.444784027761705e-22,5,20,161,8,62
263,Newsdata,https://timesofindia.indiatimes.com/auto/news/cng-vehicles-emit-more-pollutants-than-you-think-study-from-delhi-gurgaon-shows/articleshow/112796075.cms,CNG vehicles emit more pollutants than you think: Study from Delhi-Gurgaon shows,"A recent study revealed that vehicle emissions on the road are significantly higher than in lab tests. BS-VI cars emit 81% less NOx than BS-IV vehicles, and buses show a 95% reduction. CNG vehicles, often seen as cleaner, also emit high levels of NOx. The study highlights the need to focus on real-world emissions to improve air quality.",2024-08-26 05:45:57,"https://static.toiimg.com/photo/msid-112796594,imgsize-59900.cms",toi,3.4228453620437205e-86,15,30,106,1,40
264,Newsdata,https://theprint.in/environment/womans-body-found-after-flash-flood-near-grand-canyon/2238500/,Woman’s body found after flash flood near Grand Canyon,(Reuters) - The body of a woman who had been missing for three days was discovered on Sunday after she had been swept up in a flash flood near the Grand Canyon in Arizona that required the rescue of,2024-08-26 05:16:17,https://static.theprint.in/wp-content/uploads/2024/08/Womans_527.jpg,theprint,6.535032612139996e-15,4,11,119,7,39
265,Newsdata,https://timesofindia.indiatimes.com/home/environment/brazil-waging-war-on-wildfires-in-crowded-sao-paulo-state/articleshow/112791740.cms,Brazil waging 'war' on wildfires in crowded Sao Paulo state,"Brazil deployed military aircraft to combat wildfires in Sao Paulo state, with President Lula and Environment Minister Silva declaring a 'war against the fire' and suspecting arson. Two suspects were arrested as dense smoke disrupted flights and forced evacuations. Authorities hoped rain would help, and financial aid was allocated for affected farmers.",2024-08-26 02:01:58,"https://static.toiimg.com/photo/msid-112791787,imgsize-1469912.cms",toi,6.880705965254897e-12,16,25,157,12,90
266,Newsdata,https://timesofindia.indiatimes.com/city/surat/surat-on-high-alert-after-ukai-discharge/articleshow/112790714.cms,Surat on high alert after Ukai discharge,,2024-08-25 23:41:07,"https://static.toiimg.com/photo/msid-112790713,imgsize-95278.cms",toi,2.1532072347155308e-65,6,25,147,3,58
267,Newsdata,https://timesofindia.indiatimes.com/city/surat/south-gujarat-floods-hundreds-rescued/articleshow/112790506.cms,"sOUTH GUJARAT FLOODED, HUNDREDS RESCUED",,2024-08-25 23:27:27,"https://static.toiimg.com/photo/msid-112790505,imgsize-112992.cms",toi,1.9272267667286337e-35,6,26,168,6,61
268,Newsdata,https://timesofindia.indiatimes.com/city/surat/murder-convict-on-parole-kills-wife-and-lover/articleshow/112790364.cms,"Murder convict on parole slays wife, lover",,2024-08-25 23:17:42,"https://static.toiimg.com/photo/msid-112790363,imgsize-5970.cms",toi,0.9371301218072401,22,24,155,23,85
269,Newsdata,https://www.deccanchronicle.com/southern-states/andhra-pradesh/vizags-young-movie-enthusiasts-moving-to-classics-1818936,Vizag’s Young Movie Enthusiasts Moving to Classics,,2024-08-25 16:53:52,https://www.deccanchronicle.com/h-upload/2024/08/25/1833791-vizagsyoungmovieenthusiastsstronglyappreciateinternationalcinema.webp,deccanchronicle,0.02990453255931354,10,37,121,22,46
270,Newsdata,https://www.deccanchronicle.com/southern-states/telangana/achieve-indiramma-rajyam-goals-ponguleti-urges-registrations-staff-1818935,"Achieve Indiramma Rajyam Goals, Ponguleti Urges Registrations Staff",,2024-08-25 16:53:04,https://www.deccanchronicle.com/h-upload/2024/08/25/1833789-ponguleti3.jfif,deccanchronicle,2.0506083699138707e-06,4,15,97,7,37
271,Newsdata,https://www.deccanchronicle.com/southern-states/andhra-pradesh/iskcon-vijayawada-launches-janmashtami-fete-1818934,ISKCON Vijayawada Launches Janmashtami Fete,,2024-08-25 16:45:24,https://www.deccanchronicle.com/h-upload/2024/08/25/1833784-untitleddesign62.webp,deccanchronicle,1.330254002463195e-09,1,4,55,4,16
272,Newsdata,https://www.deccanchronicle.com/southern-states/andhra-pradesh/visakhapatnam-tribals-in-tadibanda-desperate-for-medical-care-1818933,Visakhapatnam: Tribals in Tadibanda desperate for medical care,,2024-08-25 16:43:36,https://www.deccanchronicle.com/h-upload/2024/08/25/1833781-pvtgdoli.webp,deccanchronicle,0.00010368770730052239,8,12,65,5,32
273,Newsdata,https://www.deccanchronicle.com/southern-states/telangana/discom-employees-on-cloud-nine-after-getting-long-overdue-promotions-1818932,Discom Employees on Cloud Nine After Getting Long Overdue Promotions,,2024-08-25 16:41:11,https://www.deccanchronicle.com/h-upload/2024/08/17/1831608-tgspdcl.webp,deccanchronicle,0.6118859459455207,5,28,127,22,59
274,Newsdata,https://www.deccanchronicle.com/southern-states/telangana/footpath-loses-its-purpose-in-hyderabad-1818931,Footpath Loses Its Purpose in Hyderabad,"Motorists, homeless encroach footpaths, pushing walkers onto roads",2024-08-25 16:39:08,https://www.deccanchronicle.com/h-upload/2024/08/25/1833780-footpathlosesitspurposeinhyderabad.webp,deccanchronicle,0.1716133216149397,23,40,129,23,76
275,Newsdata,https://www.deccanchronicle.com/southern-states/telangana/revanth-to-undertake-weekly-district-tours-from-next-month-1818930,Revanth To Undertake Weekly District Tours From Next Month,,2024-08-25 16:35:31,https://www.deccanchronicle.com/h-upload/2024/07/31/1827914-revanthreddy.webp,deccanchronicle,2.042536672646845e-11,6,18,94,7,43
276,Newsdata,https://www.deccanchronicle.com/nation/jk-parties-welcome-jamaat-mens-decision-to-join-fray-as-independents-1818927,J&K Parties Welcome Jamaat Men's Decision To Join Fray As Independents,,2024-08-25 16:29:20,https://www.deccanchronicle.com/h-upload/2024/08/25/1833778-3.webp,deccanchronicle,0.8176702607212546,28,62,297,48,160
277,Newsdata,https://www.deccanchronicle.com/nation/current-affairs/chhattisgarh-new-strategy-to-combat-drug-menace-says-amit-shah-1818926,"Chhattisgarh: New Strategy To Combat Drug Menace, Says Amit Shah",,2024-08-25 16:29:02,https://www.deccanchronicle.com/h-upload/2024/08/25/1833774-gv0rxtuaqaeuggd.webp,deccanchronicle,1.0774036333419605e-10,13,41,171,12,77
278,Newsdata,https://timesofindia.indiatimes.com/auto/motorsports/formula-one-mclarens-lando-norris-wins-dutch-grand-prix-narrows-gap-in-championship/articleshow/112785451.cms,"Formula One: McLaren's Lando Norris wins Dutch Grand Prix, Narrows gap in championship","Lando Norris triumphed at the Dutch Grand Prix, claiming his second career victory and cutting Max Verstappen's lead in the world championship. Despite a strong start, Verstappen struggled with tyre grip, allowing Norris to overtake and extend a significant lead. Ferrari's Charles Leclerc secured the third spot after a tough battle with Oscar Piastri.",2024-08-25 15:54:25,"https://static.toiimg.com/photo/msid-112785507,imgsize-77418.cms",toi,0.06946878438630721,13,27,111,14,51
279,Newsdata,https://theprint.in/environment/more-rains-sun-needed-to-boost-ivory-coast-cocoa-crop-farmers-say/2239313/,"More rains, sun needed to boost Ivory Coast cocoa crop, farmers say","ABIDJAN (Reuters) - Rains were mainly below average last week in most of Ivory Coast's main cocoa regions, with more rains mixed with sun needed in September and October to boost the October-to-March",2024-08-26 14:15:30,https://static.theprint.in/wp-content/uploads/2024/08/More_691-696x464.jpg,theprint,6.308922815681108e-11,17,35,136,9,58
280,Newsdata,https://theprint.in/india/how-tripura-deluge-has-exposed-chinks-in-indias-flood-prevention-mechanism/2238684/,How Tripura deluge has exposed chinks in India’s flood prevention mechanism,"Flagging 'missed warnings, delayed release of dam water', experts say India needs impact-based forecasting systems, emphasise accurate predictions require more than just rainfall data.",2024-08-26 11:50:51,https://static.theprint.in/wp-content/uploads/2024/08/Your-paragraph-text-2024-08-26T131403.422-696x392.png,theprint,3.596732418938515e-24,28,71,309,13,146
281,Newsdata,https://www.deccanchronicle.com/southern-states/telangana/officials-demolish-illegal-structures-on-govt-land-1819208,Officials demolish illegal structures on govt land,,2024-08-26 17:31:02,https://www.deccanchronicle.com/h-upload/2024/08/18/1831838-demolition.webp,deccanchronicle,0.03251592267818935,6,6,87,10,44
282,Newsdata,https://www.deccanchronicle.com/southern-states/telangana/man-collapses-and-dies-enroute-to-adibatla-police-station-1819207,Man Collapses and Dies Enroute to Adibatla Police Station,,2024-08-26 17:30:57,https://www.deccanchronicle.com/h-upload/2024/08/26/1834311-man-dead.webp,deccanchronicle,1.4955936700723562e-16,3,3,52,4,31
283,Newsdata,https://www.deccanchronicle.com/southern-states/andhra-pradesh/aptdc-plans-knowledge-yatra-packages-for-students-to-explore-vizag-1819205,APTDC plans ‘Knowledge Yatra packages’ for students to explore Vizag,,2024-08-26 17:27:50,https://www.deccanchronicle.com/h-upload/2024/08/26/1834309-26vzdc04.webp,deccanchronicle,8.254105580945378e-37,0,14,65,2,24
284,Newsdata,https://www.deccanchronicle.com/nation/current-affairs/ladakh-outfits-welcome-creation-of-five-new-districts-1819204,Ladakh outfits welcome creation of five new districts,,2024-08-26 17:26:39,https://www.deccanchronicle.com/h-upload/2024/08/26/1834308-ladakh.webp,deccanchronicle,2.6344367917005307e-05,26,53,264,26,113
285,Newsdata,https://www.deccanchronicle.com/southern-states/andhra-pradesh/qualifications-of-pharma-workers-under-scanner-1819203,Qualifications of Pharma Workers Under Scanner,,2024-08-26 17:25:59,https://www.deccanchronicle.com/h-upload/2024/08/26/1834306-pharma-companies.webp,deccanchronicle,0.00010730214235398248,15,34,117,13,66
286,Newsdata,https://www.deccanchronicle.com/southern-states/telangana/chikungunya-cases-outnumber-dengue-in-hyderabad-1819202,Chikungunya cases outnumber dengue in Hyderabad,"“In the last two or three months, initially, we saw a big rise in dengue fevers. Now, in the last month, the scenario has slightly changed. Dengue fevers have come down a bit, and there is an increase in the number of Chikungunya cases,” said Dr Aarathi Bellary, a consultant of internal medicine at KIMS Hospitals, Kondapur",2024-08-26 17:25:39,http://dc-cdn.s3-ap-southeast-1.amazonaws.com/dc-Cover-3oknv39r6clmqbmv28hp23gca3-20160202111111.Medi.png,deccanchronicle,2.956275004261522e-07,10,27,93,8,45
287,Newsdata,https://www.deccanchronicle.com/southern-states/telangana/sridhar-babu-proposes-onboard-of-iith-director-to-skilled-university-1819201,Sridhar Babu proposes onboard of IITH Director to Skilled University,,2024-08-26 17:23:25,https://www.deccanchronicle.com/h-upload/2024/08/26/1834303-sridharbabuatiithyderabad1.jfif,deccanchronicle,5.806416658177877e-31,12,23,112,4,50
288,Newsdata,https://www.deccanchronicle.com/southern-states/andhra-pradesh/farmers-await-start-of-agriculture-insurance-process-1819200,Farmers await start of agriculture insurance process,,2024-08-26 17:22:51,https://www.deccanchronicle.com/h-upload/2024/06/20/1098560-farmer.webp,deccanchronicle,2.3268639425575366e-16,15,27,180,11,80
289,Newsdata,https://www.deccanchronicle.com/southern-states/telangana/three-arrested-with-ndps-drug-valued-at-rs-85-crore-1819199,Three Arrested With NDPS Drug Valued at Rs 8.5 Crore,,2024-08-26 17:20:22,https://www.deccanchronicle.com/h-upload/2024/08/26/1834300-gv6tnayxuaawfg3.webp,deccanchronicle,0.001050550993044223,9,10,134,13,55
290,Newsdata,https://www.deccanchronicle.com/southern-states/kerala/more-actors-come-out-with-accounts-of-physical-abuse-in-the-malayalam-film-industry-1819198,More Actors Come Out With Accounts of Physical Abuse in the Malayalam Film Industry,Prithviraj says those facing allegations of sexual harassment should step down from positions of power,2024-08-26 17:20:14,https://www.deccanchronicle.com/h-upload/2024/07/02/1101161-prithviraj-sukumaran.webp,deccanchronicle,0.9984220896173817,21,30,174,35,107
291,Newsdata,https://www.deccanchronicle.com/nation/bjp-likely-to-get-obc-president-after-2025-delhi-elections-1819196,BJP Likely to Get OBC President After 2025 Delhi Elections,,2024-08-26 17:17:33,https://www.deccanchronicle.com/h-upload/2024/08/26/1834302-maurya.webp,deccanchronicle,2.748518840636433e-18,16,40,226,12,104
292,Newsdata,https://www.deccanchronicle.com/nation/current-affairs/bjp-withdraws-jk-candidate-list-amid-discontent-issues-revised-selection-1819194,"BJP Withdraws J&K Candidate List Amid Discontent, Issues Revised Selection",,2024-08-26 17:14:36,https://www.deccanchronicle.com/h-upload/2024/08/22/1832918-bjp1.webp,deccanchronicle,1.0787681769699242e-07,8,30,124,11,50
293,Newsdata,https://www.deccanchronicle.com/southern-states/tamil-nadu/tamil-nadu-cm-launches-schemes-for-chennai-1819193,Tamil Nadu CM launches schemes for Chennai,"The ornamental fish trade centre would come up on a 3.93 acre land below the Padi flyover in Villivakkam with a total of 188 outlets that include eateries, fish breeding structures, parking facilities and other shops and offices",2024-08-26 17:13:45,https://www.deccanchronicle.com/h-upload/2024/07/27/1827002-stalin.webp,deccanchronicle,1.6704894220727646e-49,2,28,165,4,52
294,Newsdata,https://www.deccanchronicle.com/southern-states/telangana/tgsrtc-union-warns-of-protest-1819192,TGSRTC Union Warns of Protest,,2024-08-26 17:11:15,https://www.deccanchronicle.com/h-upload/2024/08/26/1834297-untitleddesign64.webp,deccanchronicle,2.943841362267857e-26,8,14,103,4,48
295,Newsdata,https://www.deccanchronicle.com/southern-states/telangana/notices-to-cbdt-it-wing-for-seeking-tax-dues-from-construction-workers-1819189,"Telangana HC Issues Notices to CBDT, IT wing for seeking tax dues from construction workers",,2024-08-26 17:02:28,https://www.deccanchronicle.com/h-upload/2024/08/07/1832630-telanganahighcourt.webp,deccanchronicle,3.7183322635609944e-07,15,25,174,16,93
296,Newsdata,https://www.deccanchronicle.com/southern-states/telangana/hyderabad-1800-acres-lie-unused-as-tg-ap-fight-it-over-in-court-1819188,"Hyderabad: 1,800 acres lie unused as TG, AP fight it over in court",The state government has recently decided to fence the land holdings by spending Rs 25 crore. Chief Minister A. Revanth Reddy and housing minister Ponguleti Srinivas Reddy decided to get the areas surveyed with the help of DGPS (differential global positioning system) and boundary pillars built,2024-08-26 17:01:19,https://www.deccanchronicle.com/h-upload/2024/08/26/1834295-ysr.webp,deccanchronicle,4.861484228816353e-06,4,19,138,11,70
297,Newsdata,https://www.deccanchronicle.com/nation/woman-tortures-stepsons-inflicts-burns-on-younger-sons-private-parts-in-maharashtra-1819185,"Woman Tortures Stepsons, Inflicts Burns on Younger Son's Private Parts in Maharashtra",,2024-08-26 16:20:48,https://images.deccanchronicle.com/dc-Cover-lqm1mgssdogj74jnc7a8o3dsf6-20170731014131.Medi.jpeg,deccanchronicle,0.06033356635765203,8,6,40,6,25
1227,Newsdata,https://www.thehindu.com/sci-tech/energy-and-environment/cop16-will-financial-roadblocks-continue-to-hinder-conservation-efforts-explained/article68854326.ece,COP16: Will financial roadblocks continue to hinder conservation efforts? | Explained,"While the highlight of COP16 was the engagement of Indigenous people and local communities, the event also raised red flags",2024-11-11 03:17:40,https://th-i.thgim.com/public/incoming/hbva7n/article68823566.ece/alternates/LANDSCAPE_1200/2024-11-02T082820Z_689785410_RC2SWAA5199K_RTRMADP_3_ENVIRONMENT-COP16.JPG,thehindu,1.5485398435817804e-14,26,116,399,20,183
1229,Newsdata,https://www.deccanchronicle.com/southern-states/telangana/tribal-girl-critical-in-nims-after-food-poisoning-1837320,Tribal girl critical in NIMS after food poisoning,,2024-11-11 15:06:24,https://www.deccanchronicle.com/h-upload/2024/11/11/1861621-whatsappimage2024-11-11at172521.webp,deccanchronicle,0.8202858605921507,9,25,78,17,45
300,Newsdata,https://economictimes.indiatimes.com/small-biz/sustainability/hungry-for-clean-energy-facebook-looks-to-a-new-type-of-geothermal/articleshow/112824612.cms,"Hungry for clean energy, Facebook looks to a new type of geothermal","Tech giants in the US, such as Meta and Google, focus on geothermal energy to power their data centers as they struggled with finding clean energy sources.",2024-08-27 04:45:44,"https://img.etimg.com/thumb/msid-112824636,width-1200,height-630,imgsize-102152,overlay-etrise/photo.jpg",economictimes_indiatimes,1.8597248966951432e-08,43,83,256,22,157
301,Newsdata,https://theprint.in/environment/deadly-alaska-landslide-displaces-dozens-of-families-in-scenic-ketchikan/2240029/,Deadly Alaska landslide displaces dozens of families in scenic Ketchikan,"By Steve Gorman (Reuters) -Emergency crews in the Alaska tourist hub of Ketchikan braced on Monday for more landslides after a large, rain-drenched slope gave way on Sunday, killing one person,",2024-08-27 06:15:57,https://static.theprint.in/wp-content/uploads/2024/08/Deadly_753-696x464.jpg,theprint,4.4455813400978135e-24,9,36,171,6,69
302,Newsdata,https://theprint.in/environment/thai-state-owned-banks-to-support-those-impacted-by-flooding-govt-says/2239912/,"Thai state-owned banks to support those impacted by flooding, govt says","BANGKOK (Reuters) - Thailand's state-owned banks have introduced financial measures including debt suspensions, interest rate reductions and low-interest rate loans to help people affected by flooding",2024-08-27 04:30:28,https://static.theprint.in/wp-content/uploads/2024/08/Thai_876-696x522.jpg,theprint,2.8687941566366224e-90,4,17,126,2,46
303,Newsdata,https://www.thehindu.com/sci-tech/energy-and-environment/un-chief-issues-sos-for-pacific-islands-worst-hit-by-warming-ocean/article68571912.ece,UN chief issues 'SOS' for Pacific Islands worst hit by warming ocean,"Climate change and security are dominating discussions at the week-long annual leaders meeting, where the 18 members of the Pacific Islands Forum span atoll nations threatened by sea level rise",2024-08-27 08:23:54,https://th-i.thgim.com/public/incoming/jo9jw0/article68571954.ece/alternates/LANDSCAPE_1200/AFP_36EQ8RQ.jpg,thehindu,1.1424513071661482e-11,8,30,151,11,69
304,Newsdata,https://www.deccanchronicle.com/nation/ed-files-money-laundering-case-to-probe-financial-irregularities-in-r-g-kar-hospital-1819357,ED files money laundering case to probe 'financial irregularities in R G Kar Hospital,,2024-08-27 08:20:37,https://www.deccanchronicle.com/h-upload/2024/06/21/1098725-enforcementdirectorate.webp,deccanchronicle,1.7790284389277404e-12,1,23,106,7,43
305,Newsdata,https://www.deccanchronicle.com/nation/current-affairs/conviction-rate-for-rape-cases-in-india-is-26-tmcs-abhishek-banerjee-1819355,Conviction rate for rape cases in India is 26 %: TMC's Abhishek Banerjee,,2024-08-27 08:06:32,https://www.deccanchronicle.com/h-upload/2024/08/27/1834546-ezgif-6-695ff7a86b.webp,deccanchronicle,1.1831007162357596e-21,11,23,142,5,42
306,Newsdata,https://www.thehindu.com/sci-tech/energy-and-environment/sea-levels-rising-faster-in-pacific-than-elsewhere-says-wmo-report/article68571727.ece,"Sea levels rising faster in Pacific than elsewhere, says WMO report","Over 34 hazards like storms and floods were reported in the Pacific region in 2023, resulting in more than 200 deaths",2024-08-27 07:58:44,https://th-i.thgim.com/public/incoming/uronau/article68571890.ece/alternates/LANDSCAPE_1200/2167108589.jpg,thehindu,3.906511923862218e-55,12,34,123,2,56
307,Newsdata,https://timesofindia.indiatimes.com/auto/cars/good-news-get-up-to-rs-20000-discounts-on-new-cars-if-you-have-this-vital-document-details/articleshow/112834422.cms,"Good news! Get up to Rs 20,000 discounts on new cars if you have this vital document: Details",Major Indian automakers agreed to provide significant discounts on new vehicle purchases to customers presenting a 'Certificate of Deposit' after scrapping their old vehicles. Commercial vehicle manufacturers will offer discounts for 2 years and passenger vehicle manufacturers for 1 year. The Certificate is issued when an old vehicle is scrapped at an authorized facility.,2024-08-27 09:48:02,"https://static.toiimg.com/photo/msid-112834610,imgsize-81770.cms",toi,3.349696123134861e-14,10,32,109,6,52
308,Newsdata,https://theprint.in/environment/climate-campaigners-take-eu-to-court-over-2030-emissions-cutting-rules/2240703/,Climate campaigners take EU to court over 2030 emissions-cutting rules,"By Kate Abnett BRUSSELS (Reuters) - Environmental campaigners have taken the European Commission to court over its emissions rules for 2030, seeking a ruling from Europe's second-highest court that",2024-08-27 12:16:56,https://static.theprint.in/wp-content/uploads/2024/08/Climate_411-696x464.jpg,theprint,1.5577623870313164e-24,12,24,138,6,72
309,Newsdata,https://timesofindia.indiatimes.com/auto/bikes/royal-enfield-continental-gt-cup-2024-rd-1-results-and-new-twin-power-trophy-explained/articleshow/112837287.cms,Royal Enfield Continental GT Cup 2024: Rd 1 results and new 'Twin Power Trophy' explained,"The first round of the Royal Enfield Continental GT Cup 2024 concluded at the Madras International Circuit with 24 racers competing. Anish Shetty topped the professional category, while Yogesh P led the amateurs. The Twin Power Trophy, pairing pros with amateurs, was won by Navneeth Kumar and Johnson Saldhana. Competition was fierce across all races.",2024-08-27 11:10:24,"https://static.toiimg.com/photo/msid-112837368,imgsize-111052.cms",toi,2.3577604561807456e-34,9,31,124,3,38
310,Newsdata,https://www.thehindu.com/sci-tech/energy-and-environment/major-pacific-sea-mining-project-eyes-2026-start-amid-opposition/article68572126.ece,Major Pacific sea mining project eyes 2026 start amid opposition,"Companies stand to earn billions by scraping the ocean floor for polymetallic rocks, or nodules, that are loaded with metals used to build batteries for electric vehicles",2024-08-27 09:56:21,https://th-i.thgim.com/public/incoming/ggmj0c/article68572178.ece/alternates/LANDSCAPE_1200/Climate_Galapagos_Islands_96703.jpg,thehindu,0.00017379570127138536,21,60,184,22,110
311,Newsdata,https://theprint.in/environment/sea-lions-take-over-california-beach-2/2240319/,Sea lions take over California beach,"By Dylan Bouscher MONTEREY, California (Reuters) - Hundreds of California sea lions have taken over San Carlos Beach in Monterey, California, prompting local officials to close the area to people.",2024-08-27 09:16:44,https://static.theprint.in/wp-content/uploads/2024/08/Sea_491-696x465.jpg,theprint,0.0046278308897531,19,16,113,13,66
312,Newsdata,https://timesofindia.indiatimes.com/city/surat/two-doctors-defrauded-of-6-crore-in-ambulance-contract-scam/articleshow/112849757.cms,Two doctors lose ₹6cr to contract fraud,,2024-08-27 23:18:13,"https://static.toiimg.com/photo/msid-112849754,imgsize-5938.cms",toi,8.496718494383211e-07,9,30,221,22,106
313,Newsdata,https://timesofindia.indiatimes.com/city/surat/300-arrested-for-gambling-in-raids-at-48-places/articleshow/112849480.cms,300 arrested for gambling in raids at 48 places,,2024-08-27 23:11:00,"https://static.toiimg.com/photo/msid-112849478,imgsize-118916.cms",toi,4.178910345415417e-64,6,24,132,3,58
314,Newsdata,https://timesofindia.indiatimes.com/city/surat/women-create-five-tier-dahi-handi-tower-at-bhagal-surat/articleshow/112849444.cms,Women pull off five-tier Dahi Handi tower at Bhagal,,2024-08-27 23:09:55,"https://static.toiimg.com/photo/msid-112849442,imgsize-211156.cms",toi,1.6068241702306286e-27,13,48,211,8,91
315,Newsdata,https://timesofindia.indiatimes.com/home/environment/south-asia-air-pollution-fell-in-2022-but-remains-major-killer-report/articleshow/112853859.cms,"South Asia air pollution fell in 2022, but remains major killer: Report","South Asia experienced an unexpected improvement in air quality with an 18% drop in pollution in 2022, likely due to favorable weather, according to a report. Despite this, the region's air remains highly polluted. Continued policy enforcement and monitoring are essential to maintain these gains. Global air quality mostly remains unmet by standards.",2024-08-28 04:24:31,"https://static.toiimg.com/photo/msid-112853920,imgsize-21058.cms",toi,6.718986509304748e-13,22,50,172,8,75
316,Newsdata,https://timesofindia.indiatimes.com/business/india-business/india-saw-19-3-drop-in-particulate-pollution-in-2022-adding-51-days-to-life-expectancy-report/articleshow/112854503.cms,"India saw 19.3% drop in particulate pollution in 2022, adding 51 days to life expectancy: Report",,2024-08-28 04:48:43,"https://static.toiimg.com/photo/msid-112854768,imgsize-903134.cms",toi,6.606344168689224e-24,20,66,237,9,89
317,Newsdata,https://timesofindia.indiatimes.com/auto/cars/tata-motors-turns-to-chinese-vendor-for-ev-batteries-is-it-bad-or-not/articleshow/112864157.cms,Tata Motors turns to Chinese vendor for EV batteries: Is it bad or not?,"Tata Motors plans to source battery packs for its electric vehicles from China's Octillion Power Systems, replacing Tata AutoComp Systems. This strategy aims at boosting performance and supply chain diversity, combining advanced foreign technology with local sourcing. While India faces challenges with lithium-ion cell production, this move supports scaled-up production and aligns with gradual local manufacturing efforts.",2024-08-28 10:05:21,"https://static.toiimg.com/photo/msid-112864290,imgsize-26442.cms",toi,3.6042719573473236e-09,16,51,137,8,57
318,Newsdata,https://www.thehindu.com/sci-tech/energy-and-environment/lego-to-replace-oil-in-its-bricks-with-pricier-renewable-plastic/article68576100.ece,Lego to replace oil in its bricks with pricier renewable plastic,"The move comes amid a surplus of cheap virgin plastic, driven by major oil companies' investments in petrochemicals.",2024-08-28 08:00:32,https://th-i.thgim.com/public/incoming/2dq2i6/article68576120.ece/alternates/LANDSCAPE_1200/2024-08-28T072411Z_1232521716_RC2PD7ACI5YA_RTRMADP_3_GLOBAL-ENVIRONMENT-PLASTICS-LEGO.JPG,thehindu,6.523729179353298e-06,14,46,122,12,69
319,Newsdata,https://www.thehindu.com/sci-tech/energy-and-environment/hunters-conservationists-join-forces-to-protect-formosan-black-bear/article68576042.ece,"Hunters, conservationists join forces to protect Formosan black bear","Ziman, a one-and-a-half-year-old bear, had finally recovered from the amputation of a paw caused by a hunter's steel noose and now had a second chance in life.",2024-08-28 07:44:06,https://th-i.thgim.com/public/incoming/yswtko/article68576062.ece/alternates/LANDSCAPE_1200/2024-08-27T230105Z_48172936_RC2WQ7AZTH90_RTRMADP_3_TAIWAN-WILDLIFE-FORMOSAN-BEARS.JPG,thehindu,0.001734785364530897,36,72,205,27,121
320,Newsdata,https://theprint.in/environment/japan-issues-emergency-warning-as-powerful-typhoon-shanshan-approaches/2241806/,Japan issues emergency warning as powerful Typhoon Shanshan approaches,"By Kaori Kaneko TOKYO (Reuters) -Japan issued an emergency warning on Wednesday as powerful Typhoon Shanshan approached the southwestern region with heavy rain and strong winds, prompting Toyota Motor",2024-08-28 07:16:28,https://static.theprint.in/wp-content/uploads/2024/08/Japan_737-696x451.jpg,theprint,7.602580229582377e-26,7,29,123,5,61
321,Newsdata,https://theprint.in/environment/lego-to-replace-oil-in-its-bricks-with-pricier-renewable-plastic/2241804/,Lego to replace oil in its bricks with pricier renewable plastic,"By Jacob Gronholt-Pedersen COPENHAGEN, August 28 (Reuters) - Toymaker Lego said on Wednesday it was on track to replace the fossil fuels used in making its signature bricks with more expensive",2024-08-28 07:16:18,https://static.theprint.in/wp-content/uploads/2024/08/Lego_900-696x495.jpg,theprint,2.0686667795490655e-07,15,46,148,13,76
322,Newsdata,https://timesofindia.indiatimes.com/auto/news/rs-12-cr-ipo-of-delhi-bike-dealer-oversubscribed-with-rs-4800-cr-bids-details/articleshow/112858733.cms,"Rs 12 cr IPO of Delhi bike dealer oversubscribed with Rs 4,800 cr bids: Details","Small Delhi-based bike dealership Resourceful Automobile attracted bids worth Rs 4,800 crore for its Rs 12 crore IPO. Operating as 'Sawhney Automobiles,' it planned to raise Rs 11.99 crore by offering 10.2 lakh shares. Despite risks, the IPO managed by Swastika Investmart saw a 398 times subscription, exceeding all projections.",2024-08-28 07:13:47,"https://static.toiimg.com/photo/msid-112858883,imgsize-55832.cms",toi,1.5887998604694797e-11,6,28,92,6,31
323,Newsdata,https://timesofindia.indiatimes.com/auto/cars/mg-reveals-windsor-evs-dashboard-gets-segment-beating-15-6-inch-infotainment-screen/articleshow/112856029.cms,MG reveals Windsor EV's dashboard: Gets segment-beating 15.6-inch infotainment screen!,"MG Motor India has revealed the interior of its Windsor electric SUV through a teaser, featuring a 15.6-inch infotainment touchscreen and a digital instrument cluster. Set to launch on September 9, 2024, the SUV will offer a range of up to 460 km with a 50.3kWh battery. Additional features include wireless phone charging and a 360-degree camera.",2024-08-28 05:46:27,"https://static.toiimg.com/photo/msid-112855978,imgsize-26006.cms",toi,3.6408702322478377e-09,9,34,104,5,35
1243,Newsdata,https://www.deccanchronicle.com/southern-states/telangana/ktr-seeking-bjp-help-in-formula-e-case-ponguleti-1837411,KTR seeking BJP help in Formula-E case: Ponguleti,,2024-11-11 19:44:55,https://www.deccanchronicle.com/h-upload/2024/11/11/1861753-srinivas-reddy.webp,deccanchronicle,7.998710757319337e-10,6,9,106,8,41
325,Newsdata,https://timesofindia.indiatimes.com/home/environment/dal-lake-pollution-ngt-forms-panel-to-take-expeditious-remedial-action/articleshow/112869803.cms,Dal Lake pollution: NGT forms panel to take 'expeditious remedial action',,2024-08-28 12:53:31,"https://static.toiimg.com/photo/msid-112869907,imgsize-1202081.cms",toi,5.119741007118968e-39,7,36,126,3,50
326,Newsdata,https://timesofindia.indiatimes.com/auto/cars/the-rising-demand-for-coupe-inspired-suvs-in-line-with-the-gen-z-needs/articleshow/112867153.cms,The rising demand for coupe inspired SUVs in line with the Gen Z needs,"SUVs have captured over 50% of the Indian automobile market. The mid-SUV segment, accounting for 16-17% of total volume, is expanding rapidly. Coupe SUV design is merging with traditional SUVs, offering a blend of sportiness and utility, appealing to Gen Z consumers, and driving increased competition in the market.",2024-08-28 11:35:43,"https://static.toiimg.com/photo/msid-112867391,imgsize-22594.cms",toi,7.250631978118928e-14,30,71,245,13,113
327,Newsdata,https://www.deccanchronicle.com/nation/nursing-student-says-she-was-raped-while-returning-to-her-flat-sit-probe-1819658,"Nursing student says she was raped while returning to her flat, SIT Probe",,2024-08-28 11:19:13,https://www.deccanchronicle.com/h-upload/2024/08/28/1834975-untitleddesign-2024-08-19t180646940.webp,deccanchronicle,0.9999996149564246,21,15,102,34,87
328,Newsdata,https://www.deccanchronicle.com/southern-states/telangana/hyderabad-revenue-officials-serve-demolition-notices-to-brs-mla-marri-rajasekhar-reddy-1819657,Hyderabad: Revenue officials serve demolition notices to BRS MLA Marri Rajasekhar Reddy,,2024-08-28 11:16:43,https://www.deccanchronicle.com/h-upload/2024/08/28/1834976-marrirajashekharreddy.webp,deccanchronicle,2.921346040345765e-45,0,9,71,1,20
330,Newsdata,https://theprint.in/environment/thames-water-says-ofwats-proposed-cuts-to-its-expenditure-untenable/2242498/,Thames Water says Ofwat’s proposed cuts to its expenditure untenable,"(Reuters) -Struggling British water utility Thames Water said on Wednesday that the expenditure cuts proposed by the water regulator were not tenable. In July, Ofwat told water companies they would be",2024-08-28 13:30:42,https://static.theprint.in/wp-content/uploads/2024/08/Thames_721-696x476.jpg,theprint,0.00016107747480569238,4,14,93,10,55
331,Newsdata,https://theprint.in/environment/uk-water-investments-under-threat-from-regulatory-demands-trade-body-says/2242346/,"UK water investments under threat from regulatory demands, trade body says",(Reuters) - British water companies' lobby on Wednesday warned that the industry watchdog's recent proposals to meet environmental targets within the allowed increase in customer bills could deter,2024-08-28 12:17:15,https://static.theprint.in/wp-content/uploads/2024/08/UK_133-696x476.jpg,theprint,6.041336539142152e-17,10,23,133,7,64
332,Newsdata,https://www.deccanchronicle.com/nation/in-other-news/cabinet-gives-nod-for-12-industrial-smart-cities-covering-10-states-with-rs-28602-crore-investment-1819661,"Cabinet gives nod for 12 industrial smart cities covering 10 states with Rs 28,602 crore investment",These industrial smart cities are being built under the National Industrial Corridor Development Programme (NIDCP). These industrial nodes will cover 10 states and have been strategically planned along 6 major corridors,2024-08-28 11:23:57,https://www.deccanchronicle.com/h-upload/2024/02/14/1075302-ashwinivaishnaw.webp,deccanchronicle,3.683290382018408e-151,3,24,132,1,37
333,Newsdata,https://theprint.in/environment/dutch-group-sues-stellantis-over-alleged-emissions-cheating/2242188/,Dutch group sues Stellantis over alleged emissions cheating,"MILAN (Reuters) - An independent foundation on Wednesday filed a class action lawsuit in the Netherlands against Stellantis over alleged emissions test cheating by one of its predecessor companies,",2024-08-28 11:17:13,https://static.theprint.in/wp-content/uploads/2024/08/Dutch_181-696x466.jpg,theprint,7.713404855375521e-12,4,19,154,11,59
334,Newsdata,https://www.deccanchronicle.com/southern-states/tamil-nadu/rs-908-crore-penalty-in-fema-case-against-dmk-mp-ed-1819656,Rs 908-crore penalty in FEMA case against DMK MP: ED,"The agency said a FEMA probe was initiated against the MP, a businessman from Tamil Nadu, his family members and related Indian entity",2024-08-28 11:06:02,https://www.deccanchronicle.com/h-upload/2024/08/28/1834974-jagat.webp,deccanchronicle,3.119450912535375e-20,1,9,72,4,29
335,Newsdata,https://theprint.in/environment/senegal-suspends-mining-to-protect-faleme-river/2242074/,Senegal suspends mining to protect Faleme river,DAKAR (Reuters) - Senegal has suspended all mining activity for nearly three years on its side of the southeastern Faleme river in a decree aimed at protecting the environment and supporting local,2024-08-28 10:30:59,https://static.theprint.in/wp-content/uploads/2024/08/Senegal_937-696x464.jpg,theprint,6.697153636891071e-55,4,12,81,2,35
336,Newsdata,https://theprint.in/environment/south-korean-teen-activist-hopes-for-landmark-court-ruling-on-climate-change/2242048/,South Korean teen activist hopes for landmark court ruling on climate change,"By Ju-min Park SEOUL (Reuters) - Yoon Hyeonjeong, a 19-year-old South Korean activist, says the fate of her years-long fight for more action to tackle climate change hinges on what could be a landmark",2024-08-28 10:17:11,https://static.theprint.in/wp-content/uploads/2024/08/South_604-696x464.jpg,theprint,0.00030316339743140003,16,45,211,22,106
337,Newsdata,https://timesofindia.indiatimes.com/auto/electric-bikes/zelio-launches-eeva-electric-scooter-at-rs-56051-check-range-features/articleshow/112871100.cms,"Zelio launches Eeva electric scooter at Rs 56,051: Check range, features","Haryana-based Zelio E Bikes has unveiled its Eeva e-scooter lineup, including the Eeva, Eeva Eco, and Eeva ZX+ models. Ranging from Rs 56,051 to Rs 90,500, the e-scooters come with five battery options, offering a riding range of up to 100 km and various features such as anti-theft alarms and reverse gear.",2024-08-28 13:59:38,"https://static.toiimg.com/photo/msid-112871185,imgsize-38404.cms",toi,4.556571023747761e-36,2,38,172,4,57
338,Newsdata,https://timesofindia.indiatimes.com/city/surat/surat-transporter-defrauds-bank-sells-off-mortgaged-properties/articleshow/112871079.cms,"Surat transporter defrauds bank, sells off mortgaged properties",,2024-08-28 13:54:58,"https://static.toiimg.com/photo/msid-112871079,imgsize-.cms",toi,6.724177886467537e-13,4,5,90,7,39
339,Newsdata,https://www.prnewswire.com/apac/news-releases/dow-announces-finalists-for-35th-packaging-innovation-awards-302233680.html,Dow Announces Finalists for 35th Packaging Innovation Awards,"TOKYO, Aug. 29, 2024 /PRNewswire/ -- Dow (NYSE:DOW) today announced the finalists of the 35th Packaging Innovation Awards (PIA). The winners will be unveiled at an award ceremony on October 24, 2024, held in conjunction with Tokyo Pack. Winning entries will also be showcased at the...",2024-08-29 02:36:00,https://mma.prnewswire.com/media/2490677/PIA_Logo.jpg?p=original,prnewswire_apac,1.6258189560952642e-22,13,68,412,19,105
340,Newsdata,https://www.prnewswire.com/apac/news-releases/net-zero-technology-drives-green-competitiveness-ai-carbon-management-company-cedars-digital-joins-taiwan-net-zero-emission-association-302233583.html,Net Zero Technology Drives Green Competitiveness: AI Carbon Management Company Cedars Digital Joins Taiwan Net Zero Emission Association,"TAIPEI, Aug. 29, 2024 /PRNewswire/ -- Cedars Digital has officially joined the Taiwan Net Zero Emission Association (TNZEA) as the first multinational company in the Asia-Pacific region to focus on AI carbon management. This association was co-founded by the Taiwan Institute for...",2024-08-29 01:11:00,https://mma.prnewswire.com/media/2491623/Cedars_Digital_____Torrent_Chin_____________Taiwan_Net_Zero_Emission_Association.jpg?p=original,prnewswire_apac,7.122598568031547e-49,10,64,313,7,103
341,Newsdata,https://www.prnewswire.com/apac/news-releases/oxfam-launches-digital-hub-to-drive-coordinated-multistakeholder-action-on-just-energy-transition-in-asia-302232987.html,Oxfam Launches Digital Hub to Drive Coordinated Multistakeholder Action on Just Energy Transition in Asia,"PHNOM PENH, Cambodia, Aug. 29, 2024 /PRNewswire/ -- Oxfam's Fair Finance Asia (FFA) and Influencing Just Energy Transition in Asia (I-JET) Programs have jointly launched a new Just Energy Transition (JET) Policy Toolkit that serves as a repository of recommendations for energy and climate...",2024-08-29 00:00:00,https://mma.prnewswire.com/media/2491365/Screenshot_Just_Energy_Transition_Policy_Toolkit_digital_hub_Oxfam_s_Fair.jpg?p=original,prnewswire_apac,1.8551661015538924e-96,11,63,315,3,62
342,Newsdata,https://timesofindia.indiatimes.com/city/surat/man-arrested-for-raping-friends-3-yr-old-daughter/articleshow/112880338.cms,Man arrested for raping friend’s 3-yr-old daughter,,2024-08-28 23:44:53,"https://static.toiimg.com/photo/msid-112880336,imgsize-102220.cms",toi,0.0009167793150993037,15,33,172,23,101
343,Newsdata,https://theprint.in/environment/ecuador-starts-to-shut-down-oil-drilling-on-nature-reserve/2243168/,Ecuador starts to shut down oil drilling on nature reserve,"QUITO (Reuters) - The Ecuadorean government on Wednesday began the process of shuttering oil wells in the 43-ITT block, located on a vast nature reserve, after voters last year backed a referendum to",2024-08-28 23:15:29,https://static.theprint.in/wp-content/uploads/2024/08/Ecuador_990-696x472.jpg,theprint,1.3250875864501361e-28,7,18,96,4,49
344,Newsdata,https://timesofindia.indiatimes.com/city/surat/transporter-defrauds-bank-sells-off-pledged-properties/articleshow/112879352.cms,"Transporter defrauds bank, sells off pledged properties",,2024-08-28 23:09:23,"https://static.toiimg.com/photo/msid-112879350,imgsize-28034.cms",toi,1.1674378855261572e-09,11,15,162,13,81
345,Newsdata,https://theprint.in/environment/mexicos-michoacan-state-launches-avocado-certification-aimed-at-curbing-deforestation/2243098/,Mexico’s Michoacan state launches avocado certification aimed at curbing deforestation,"By Cassandra Garrison MEXICO CITY (Reuters) - Michoacan state, Mexico's avocado heartland, launched a certification program on Wednesday aimed at helping consumers in the United States and other",2024-08-28 21:16:26,https://static.theprint.in/wp-content/uploads/2024/08/Mexicos_679-696x464.jpg,theprint,2.882247681310564e-17,17,17,117,7,61
346,Newsdata,https://www.thehindu.com/opinion/op-ed/establishing-a-carbon-market/article68577126.ece,Establishing a carbon market,"Climate change is not about equity concerns alone, but also about searching for viable options to move away from excessive dependence on fossil fuel",2024-08-28 19:41:01,https://th-i.thgim.com/public/latest-news/k7w63r/article68578580.ece/alternates/LANDSCAPE_1200/CapAndTrade.jpg,thehindu,8.140214279124793e-12,17,82,322,17,135
347,Newsdata,https://www.deccanchronicle.com/chai-sobitha-will-wed-in-traditional-style,Wedding Countdown Begins for Chaitanya Akkineni,"Speaking for the first time after his engagement to model-turned-actor Sobhita Dhulipala, Chai spills the beans on Tandel and wedding plans saying he prefers a traditional ceremony",2024-08-28 18:30:25,https://www.deccanchronicle.com/h-upload/2024/08/28/1835031-addaheading1.webp,deccanchronicle,0.9999851203624321,8,9,80,19,51
348,Newsdata,https://www.deccanchronicle.com/news/politics/kesarkar-says-his-something-good-will-come-out-statement-was-misinterpreted-1819771,Kesarkar says his ‘something good will come out’ statement was misinterpreted,"Mr. Kesarkar has come under a lot of flak from the opposition, which has demanded his sacking. Shiv Sena (UBT) chief Uddhav Thackeray hit out at him saying, “This means a new tender will be floated to build a new structure and there will be a scam again”",2024-08-28 17:41:06,https://www.deccanchronicle.com/h-upload/2024/08/28/1835120-kesarkar.webp,deccanchronicle,0.9886069816847964,11,32,169,35,102
349,Newsdata,https://www.deccanchronicle.com/news/crime/father-in-macherla-booked-under-pocso-for-raping-daughter-1819770,Father in Macherla Booked Under POCSO for Raping Daughter,,2024-08-28 17:39:52,https://www.deccanchronicle.com/h-upload/2024/08/28/1835119-father-arrested.webp,deccanchronicle,0.9999999501734051,10,6,46,17,34
350,Newsdata,https://www.deccanchronicle.com/southern-states/andhra-pradesh/flood-alert-at-prakasam-barrage-1819769,Flood Alert at Prakasam Barrage,,2024-08-28 17:33:08,https://www.deccanchronicle.com/h-upload/2024/08/28/1835117-flood-barrage.webp,deccanchronicle,0.9999999792615495,1,9,34,0,18
351,Newsdata,https://www.deccanchronicle.com/southern-states/telangana/telangana-pitches-for-tourism-in-bangkok-1819768,Telangana Pitches for Tourism in Bangkok,,2024-08-28 17:28:33,https://www.deccanchronicle.com/h-upload/2024/08/28/1835116-tourism.webp,deccanchronicle,5.253038163309005e-123,1,16,108,1,24
352,Newsdata,https://www.deccanchronicle.com/southern-states/telangana/telangana-hc-set-aside-notices-issued-to-colleges-run-by-marri-family-1819767,Telangana: HC Set Aside Notices Issued to Colleges Run by Marri Family,,2024-08-28 17:27:34,https://www.deccanchronicle.com/h-upload/2024/08/07/1835103-telanganahighcourt.webp,deccanchronicle,3.1167137536973523e-56,8,11,141,4,63
353,Newsdata,https://www.deccanchronicle.com/southern-states/telangana/hyderabad-top-cop-taps-panel-to-ensure-peace-during-festivals-1819766,Hyderabad Top Cop Taps Panel to Ensure Peace During Festivals,,2024-08-28 17:26:05,https://www.deccanchronicle.com/h-upload/2024/08/28/1835087-coordinationmeet.webp,deccanchronicle,8.357889987869786e-25,1,8,80,3,16
354,Newsdata,https://www.deccanchronicle.com/southern-states/telangana/officials-find-firangi-nala-encroached-upon-by-janwada-farmhouse-1819765,Telangana: Officials Find Firangi Nala Encroached Upon by Janwada Farmhouse,,2024-08-28 17:25:04,https://www.deccanchronicle.com/h-upload/2024/08/28/1835115-pav3259.webp,deccanchronicle,0.997822951454384,12,12,90,14,55
355,Newsdata,https://www.deccanchronicle.com/southern-states/andhra-pradesh/lovers-die-by-suicide-after-parents-refuse-to-accept-marriage-1819764,Lovers Die by Suicide After Parents Refuse to Accept Marriage,,2024-08-28 17:23:05,https://www.deccanchronicle.com/h-upload/2024/08/28/1835111-lovers-suicide.webp,deccanchronicle,0.9922217709528108,2,5,51,6,21
356,Newsdata,https://www.deccanchronicle.com/nation/us-fed-member-expresses-concern-on-indias-plan-to-link-fast-payments-1819762,US Fed member expresses concern on India’s plan to link fast payments,,2024-08-28 17:15:23,https://www.deccanchronicle.com/h-upload/2024/08/28/1835109-8.webp,deccanchronicle,3.46889090274949e-07,21,65,192,15,97
357,Newsdata,https://www.deccanchronicle.com/southern-states/telangana/telangana-manager-of-an-oyo-hotel-arrested-for-installing-cameras-in-a-room-1819761,Telangana: Manager of an OYO Hotel Arrested for Installing Cameras in a Room,,2024-08-28 17:09:36,https://www.deccanchronicle.com/h-upload/2024/06/30/1835107-arrested1.webp,deccanchronicle,0.07012371627849137,52,49,245,36,152
358,Newsdata,https://www.deccanchronicle.com/southern-states/telangana/local-quota-status-hc-adjourns-hearing-on-pleas-of-medical-aspirants-1819760,Local quota status: HC adjourns hearing on pleas of medical aspirants,Senior counsel Seetharama Murthy submitted that some of the petitioners studied till Class X in Telangana and a few of them went to other states to pursue intermediate while one had studied abroad,2024-08-28 17:09:16,https://www.deccanchronicle.com/h-upload/2024/08/14/1830861-neetug.webp,deccanchronicle,1.9001439570622763e-05,6,16,64,6,33
359,Newsdata,https://www.deccanchronicle.com/southern-states/telangana/india-bans-over-150-fixed-dose-drugs-due-to-health-risks-1819759,India Bans Over 150 Fixed-Dose Drugs Due to Health Risks,,2024-08-28 17:04:43,https://www.deccanchronicle.com/h-upload/2024/08/28/1835105-drugs.webp,deccanchronicle,8.73851626980026e-08,19,42,111,9,63
360,Newsdata,https://www.deccanchronicle.com/southern-states/telangana/will-remove-rajiv-statue-ktr-reiterates-1819758,"Will remove Rajiv statue, KTR reiterates",,2024-08-28 17:00:16,https://www.deccanchronicle.com/h-upload/2024/08/28/1835102-8.webp,deccanchronicle,1.0018115700312916e-20,5,5,56,3,23
361,Newsdata,https://www.deccanchronicle.com/southern-states/telangana/hyderabad-waste-dumped-at-gate-troubles-church-1819757,Hyderabad: Waste Dumped at Gate Troubles Church,,2024-08-28 16:56:19,https://www.deccanchronicle.com/h-upload/2024/08/28/1835099-church.webp,deccanchronicle,3.2456498077586744e-15,8,15,79,6,52
362,Newsdata,https://www.deccanchronicle.com/southern-states/andhra-pradesh/tribal-villages-in-asr-district-hit-by-fever-outbreak-1819756,Tribal Villages in ASR District Hit by Fever Outbreak,,2024-08-28 16:55:58,https://www.deccanchronicle.com/h-upload/2024/08/28/1835097-7.webp,deccanchronicle,0.0053588844236338,8,17,84,10,42
363,Newsdata,https://www.deccanchronicle.com/southern-states/andhra-pradesh/rat-infestation-at-visakhapatnam-college-injures-five-students-1819755,Rat Infestation at Visakhapatnam College Injures Five Students,,2024-08-28 16:53:03,https://www.deccanchronicle.com/h-upload/2024/08/28/1835093-ratbite1.webp,deccanchronicle,1.5061274695739644e-08,5,9,54,4,30
364,Newsdata,https://www.deccanchronicle.com/southern-states/telangana/private-firms-key-for-security-commissioner-sreenivasa-reddy-1819754,Private Firms Key for Security: Commissioner Sreenivasa Reddy,,2024-08-28 16:53:02,https://www.deccanchronicle.com/h-upload/2024/08/28/1835090-hcsc.webp,deccanchronicle,2.4481424018270422e-52,9,28,110,2,43
365,Newsdata,https://www.deccanchronicle.com/southern-states/andhra-pradesh/ap-health-minister-counters-jagans-claims-on-health-sector-1819752,AP Health minister counters Jagan’s claims on health sector,,2024-08-28 16:45:29,https://www.deccanchronicle.com/h-upload/2024/08/28/1835088-20240828221341.webp,deccanchronicle,2.3660465822215644e-08,3,11,41,3,15
366,Newsdata,https://www.deccanchronicle.com/nation/indias-union-cabinet-unveils-major-infrastructure-boost-1819750,India’s Union Cabinet Unveils Major Infrastructure Boost,,2024-08-28 16:38:48,https://www.deccanchronicle.com/h-upload/2024/08/28/1835085-aa-2897980.jpg,deccanchronicle,4.294258204670813e-31,13,80,296,8,116
367,Newsdata,https://www.deccanchronicle.com/southern-states/tamil-nadu/kancheepuram-protest-against-airport-revives-after-govt-ad-1819749,Kancheepuram: Protest against airport revives after govt ad,"Though a series of protests, including night meetings, were regularly held by the villagers protesting against the acquisition of their land that include fertile paddy fields and green groves, the government went ahead with its proposal and started the process of taking over the land under the ‘Tamil Nadu Acquisition of Land for Industrial Purposes Act’",2024-08-28 16:37:22,https://www.deccanchronicle.com/h-upload/2024/08/28/1835074-chennaiairport.webp,deccanchronicle,5.237734670462875e-05,11,16,114,11,65
368,Newsdata,https://theprint.in/environment/musks-xai-operating-gas-turbines-without-permits-at-data-center-environmental-group-says/2242844/,"Musk’s xAI operating gas turbines without permits at data center, environmental group says","(Reuters) - Elon Musk's AI startup, xAI, is facing criticism from environmental and health advocates for allegedly contributing to pollution in Memphis, Tennessee, by using natural gas-burning",2024-08-28 16:17:39,https://static.theprint.in/wp-content/uploads/2024/08/Musks_761-696x467.jpg,theprint,5.267925982860089e-23,13,20,121,5,46
369,Newsdata,https://www.deccanchronicle.com/nation/three-arrested-in-koilakuntla-for-rape-under-pocso-act-1819746,Three Arrested in Koilakuntla for Rape Under POCSO Act,,2024-08-28 16:17:10,https://www.deccanchronicle.com/h-upload/2024/02/03/1073880-pocso.webp,deccanchronicle,2.2661375586881065e-38,1,5,51,2,25
370,Newsdata,https://www.deccanchronicle.com/southern-states/andhra-pradesh/cwc-demands-more-details-from-odisha-on-polavaram-floods-1819745,CWC Demands More Details From Odisha on Polavaram Floods,,2024-08-28 16:12:01,https://www.deccanchronicle.com/h-upload/2024/08/28/1835081-1097625-polavaramtoday.webp,deccanchronicle,1.7523079892183956e-18,14,18,115,6,50
371,Newsdata,https://www.deccanchronicle.com/nation/madhya-pradesh-four-arrested-after-viral-video-shows-cattle-tossed-in-river-1819743,Madhya Pradesh: Four Arrested After Viral Video Shows Cattle Tossed in River,,2024-08-28 16:02:41,https://www.deccanchronicle.com/h-upload/2024/08/20/1832917-arrested.webp,deccanchronicle,1.8371577126007917e-06,9,11,104,11,65
372,Newsdata,https://www.deccanchronicle.com/southern-states/tamil-nadu/tamil-nadu-hoax-bomb-threat-to-cms-flight-1819742,Tamil Nadu: Hoax Bomb Threat to CM’s Flight?,,2024-08-28 15:57:47,https://www.deccanchronicle.com/h-upload/2024/08/28/1835079-stalinandflight.webp,deccanchronicle,2.210285153377368e-17,16,22,124,7,57
373,Newsdata,https://www.deccanchronicle.com/nation/major-maoist-offensive-in-chhattisgarhs-hatchekoti-forest-1819740,Major Maoist Offensive in Chhattisgarh's Hatchekoti Forest,,2024-08-28 15:56:21,https://www.deccanchronicle.com/h-upload/2024/05/23/1092191-maoists.webp,deccanchronicle,0.009869143398199005,10,18,111,14,51
374,Newsdata,https://www.deccanchronicle.com/southern-states/telangana/leopard-electrocuted-in-yellareddy-1819738,Leopard Electrocuted in Yellareddy,,2024-08-28 15:50:11,https://www.deccanchronicle.com/h-upload/2024/05/20/1091173-leopard.webp,deccanchronicle,3.702173559676683e-24,3,4,44,2,17
375,Newsdata,https://www.deccanchronicle.com/southern-states/andhra-pradesh/tirupati-to-bangalore-bus-thieves-nabbed-loot-recovered-1819737,"Tirupati to Bangalore Bus thieves nabbed, loot recovered",,2024-08-28 15:43:43,https://www.deccanchronicle.com/h-upload/2024/05/20/1091207-robbery.webp,deccanchronicle,2.7556745501294447e-07,6,10,126,10,50
376,Newsdata,https://www.deccanchronicle.com/southern-states/telangana/telangana-snooping-case-accused-prabhakar-rao-believed-in-canada-1819736,Telangana Snooping Case Accused Prabhakar Rao Believed in Canada,,2024-08-28 15:42:52,https://www.deccanchronicle.com/h-upload/2024/08/28/1835076-tprabhakarraoincivil12.webp,deccanchronicle,0.3608762328265346,11,30,145,22,79
377,Newsdata,https://www.deccanchronicle.com/southern-states/andhra-pradesh/jana-sena-to-hold-mega-blood-donation-camp-1819735,Jana Sena To Hold Mega Blood Donation Camp,,2024-08-28 15:38:18,https://www.deccanchronicle.com/h-upload/2024/03/24/1081070-janasena.webp,deccanchronicle,1.5357623223307842e-87,1,1,53,1,17
378,Newsdata,https://www.deccanchronicle.com/southern-states/telangana/telangana-hc-issue-notices-to-police-for-registering-fir-based-on-allegations-1819734,Telangana HC Issue Notices to Police for Registering FIR Based on Allegations,,2024-08-28 15:34:51,https://www.deccanchronicle.com/h-upload/2024/01/31/1832599-telanganahighcourt.webp,deccanchronicle,1.1423740598480476e-11,7,17,109,8,54
379,Newsdata,https://timesofindia.indiatimes.com/auto/news/india-has-a-killer-commercial-vehicles-problem-led-to-more-than-70k-deaths/articleshow/112886082.cms,India has a Killer Commercial Vehicles problem: Led to more than 70k deaths,India is facing an increase in road accidents due to fraudulent fitness certificates issued to unfit commercial vehicles. The Raahat Foundation urges the Ministry of Road Transport and Highways to implement automated testing stations as per the 2021 directive to combat corruption and enhance vehicle safety. A study revealed irregularities in fitness certificate issuance in several states.,2024-08-29 05:56:29,"https://static.toiimg.com/photo/msid-112886344,imgsize-51852.cms",toi,1.7097192239843964e-69,8,32,119,2,50
380,Newsdata,https://economictimes.indiatimes.com/small-biz/sustainability/new-ice-platform-to-trace-cocoa-coffee-deforestation-from-space/articleshow/112885007.cms,"New ICE platform to trace cocoa, coffee deforestation from space",Intercontinental Exchange Inc. has partnered with Space Intelligence to launch a platform verifying deforestation-free cocoa and coffee before new European Union regulations take effect at the end of the year.,2024-08-29 05:00:56,"https://img.etimg.com/thumb/msid-112885017,width-1200,height-630,imgsize-249940,overlay-etrise/photo.jpg",economictimes_indiatimes,1.592192938113576e-82,8,23,116,2,58
381,Newsdata,https://www.thehindu.com/news/international/white-paper-report-claims-one-quarter-of-chinas-energy-now-comes-from-clean-sources/article68579798.ece,White paper claims one quarter of China's energy now comes from clean sources,"China is the world's largest emitter of greenhouse gases, though has in recent years emerged as a global leader in renewable energy",2024-08-29 04:43:11,https://th-i.thgim.com/public/news/national/wcfsgt/article68579807.ece/alternates/LANDSCAPE_1200/China_Coal_Boom_85424.jpg,thehindu,5.110645132217837e-10,12,32,95,6,44
382,Newsdata,https://theprint.in/environment/japan-hit-by-heavy-rain-power-outage-as-typhoon-shanshan-makes-landfall/2243218/,"Japan hit by heavy rain, power outage as Typhoon Shanshan makes landfall","TOKYO (Reuters) - Southwestern Japan was hit on Thursday by heavy rain and very strong winds as Typhoon Shanshan made landfall in Kagoshima prefecture, knocking out power supply for over a quarter",2024-08-29 01:16:42,https://static.theprint.in/wp-content/uploads/2024/08/Japan_118-696x464.jpg,theprint,7.1835831899619315e-81,6,22,126,2,50
383,Newsdata,https://timesofindia.indiatimes.com/city/surat/six-teens-murder-24-year-old-plumber-in-surat/articleshow/112879724.cms,Six teens kill 24-year-old plumber,,2024-08-28 23:20:05,"https://static.toiimg.com/photo/msid-112879721,imgsize-4196.cms",toi,0.0004942425921681908,10,27,122,18,83
384,Newsdata,https://timesofindia.indiatimes.com/city/surat/locals-protest-against-sexual-assault-demand-stringent-action/articleshow/112879709.cms,Locals stage protest urging stringent action,,2024-08-28 23:19:38,"https://static.toiimg.com/photo/msid-112879709,imgsize-.cms",toi,1.5775591212392051e-18,3,22,107,6,46
385,Newsdata,https://www.deccanchronicle.com/lifestyle/why-some-folks-sprint-to-the-loo-post-meal-the-fodmap-fiasco-and-more-1819883,Why Some Folks Sprint to the Loo Post-Meal: The FODMAP Fiasco and More,,2024-08-29 07:46:55,https://www.deccanchronicle.com/h-upload/2024/08/29/1835279-fodmap.webp,deccanchronicle,0.6780260145201333,48,72,185,48,130
386,Newsdata,https://www.deccanchronicle.com/southern-states/kerala/ldf-backs-mukesh-says-congress-mlas-who-faced-rape-charges-didnt-resign-1819882,"LDF backs Mukesh, says Congress MLAs who faced rape charges didn't resign",,2024-08-29 07:27:11,https://www.deccanchronicle.com/h-upload/2024/08/29/1835278-4342752719499208198558414495482619701737896n.webp,deccanchronicle,1.1416128104146008e-07,15,34,211,19,97
387,Newsdata,https://www.deccanchronicle.com/nation/wrestlers-sexual-harassment-hc-grants-time-to-brij-bhushan-to-file-note-seeking-quashing-of-fir-1819880,Wrestlers' sexual harassment: HC grants time to Brij Bhushan to file note seeking quashing of FIR,,2024-08-29 07:20:57,https://www.deccanchronicle.com/h-upload/2024/03/03/1094304-delhihighcourt.webp,deccanchronicle,3.2911283566759087e-06,8,23,145,17,79
388,Newsdata,https://www.thehindu.com/sci-tech/energy-and-environment/killings-of-invasive-owls-to-ramp-up-on-us-west-coast-in-a-bid-to-save-native-birds/article68580146.ece,Killings of invasive owls to ramp up on US West Coast in a bid to save native birds,Killing one bird species to save others has divided wildlife advocates and is reminiscent of past government efforts to save West Coast salmon by killing sea lions and cormorants.,2024-08-29 08:05:40,https://th-i.thgim.com/public/incoming/u1c41r/article68580254.ece/alternates/LANDSCAPE_1200/Killing_Owls_49118.jpg,thehindu,5.600561766394977e-06,40,79,292,34,204
389,Newsdata,https://www.deccanchronicle.com/entertainment/music/5-nikhita-gandhi-tracks-that-is-must-in-your-playlist-1819904,5 Nikhita Gandhi tracks that is must in your playlist,,2024-08-29 09:39:34,https://www.deccanchronicle.com/h-upload/2024/08/29/1835305-untitleddesign-2024-08-29t150754021.webp,deccanchronicle,2.8892747219320747e-06,10,19,97,10,45
390,Newsdata,https://www.deccanchronicle.com/entertainment/sholay-turns-49-why-49-years-later-gabbar-still-makes-us-laugh-out-loud-1819903,"Sholay Turns 49: Why 49 Years Later, Gabbar Still Makes Us Laugh Out Loud",,2024-08-29 09:12:55,https://www.deccanchronicle.com/h-upload/2024/08/29/1835300-images7.webp,deccanchronicle,0.9716829446929978,50,56,176,50,117
391,Newsdata,https://www.deccanchronicle.com/world/powerful-typhoon-shanshan-hits-japan-multiple-deaths-reported-1820104,"Powerful Typhoon Shanshan hits Japan, multiple deaths reported",,2024-08-30 01:34:01,https://www.deccanchronicle.com/h-upload/2024/08/30/1835588-gwjfc62asaalbky.webp,deccanchronicle,2.246780607141834e-05,26,59,239,22,106
392,Newsdata,https://timesofindia.indiatimes.com/city/surat/doctor-swindled-of-50l-by-woman-on-matrimonial-site/articleshow/112909483.cms,Woman from matrimonial site swindles doctor of 50L,,2024-08-29 23:42:12,"https://static.toiimg.com/photo/msid-112909482,imgsize-37148.cms",toi,0.9996757450688574,5,20,140,27,77
393,Newsdata,https://timesofindia.indiatimes.com/city/surat/asi-caught-taking-1l-bribe-in-surat/articleshow/112909234.cms,"ASI, conduit caught taking 1L bribe",,2024-08-29 23:27:52,"https://static.toiimg.com/photo/msid-112909234,imgsize-.cms",toi,1.0373140269060108e-12,7,16,145,11,64
394,Newsdata,https://timesofindia.indiatimes.com/city/surat/ahmedabad-gym-trainer-arrested-for-abetment-to-suicide-in-bharuch-double-suicide-case/articleshow/112908943.cms,Gym trainer arrested in Bharuch double suicide case,,2024-08-29 23:20:16,"https://static.toiimg.com/photo/msid-112908941,imgsize-3160.cms",toi,0.2659001525889111,10,31,160,22,79
395,Newsdata,https://theprint.in/environment/rocket-scientists-build-robot-probes-to-gauge-melting-beneath-antarctica-ice-shelf/2244947/,Rocket scientists build robot probes to gauge melting beneath Antarctica ice shelf,By Steve Gorman LOS ANGELES (Reuters) - Engineers who specialize in building NASA spacecraft to explore distant worlds are designing a fleet of underwater robot probes to measure how rapidly climate,2024-08-29 23:15:51,https://static.theprint.in/wp-content/uploads/2024/08/Rocket_626-696x392.jpg,theprint,1.6559600677968002e-23,22,45,250,10,109
396,Newsdata,https://timesofindia.indiatimes.com/city/surat/accused-addicted-to-child-pornography-in-umargam-sexual-assault-case/articleshow/112908604.cms,‘Accused used to watch child porn’,,2024-08-29 23:11:40,"https://static.toiimg.com/photo/msid-112908604,imgsize-.cms",toi,4.977307856007936e-12,7,36,123,10,86
397,Newsdata,https://timesofindia.indiatimes.com/city/surat/diamond-trader-scammed-of-rs-6869-lakh-in-cryptocurrency-fraud/articleshow/112908118.cms,Diamantaire loses 69L to crypto fraud,,2024-08-29 22:59:25,"https://static.toiimg.com/photo/msid-112908116,imgsize-38744.cms",toi,0.9994427912301133,10,20,157,26,92
398,Newsdata,https://timesofindia.indiatimes.com/city/surat/accused-watched-child-pornography-on-phone/articleshow/112903560.cms,‘Accused watched child pornography on phone’,,2024-08-29 16:31:16,"https://static.toiimg.com/photo/msid-112903560,imgsize-.cms",toi,4.93659042004451e-10,6,30,86,7,64
399,Newsdata,https://timesofindia.indiatimes.com/city/surat/smc-teams-join-rescue-relief-in-vadodara/articleshow/112901925.cms,"SMC teams join rescue, relief in Vadodara",,2024-08-29 14:37:05,"https://static.toiimg.com/photo/msid-112901925,imgsize-.cms",toi,1.1882132957782868e-69,4,15,109,2,32
400,Newsdata,https://timesofindia.indiatimes.com/city/surat/smc-teams-join-relief-work-in-vadodara/articleshow/112901924.cms,SMC teams join relief work in Vadodara,,2024-08-29 14:36:58,"https://static.toiimg.com/photo/msid-112901924,imgsize-.cms",toi,9.129646522139278e-71,8,29,220,4,65
401,Newsdata,https://theprint.in/environment/damage-from-wayanad-like-disasters-can-be-minimised-if-agencies-coordinate-vigyan-yuva-awardee-roxy-koll/2244145/,Damage from Wayanad-like disasters can be minimised if agencies coordinate—Vigyan Yuva awardee Roxy Koll,"Koll, awarded Vigyan Yuva in 'Earth Sciences’, says rainfall and landslide forecasts must be connected. He also emphasises the importance of a robust early warning system for India.",2024-08-29 14:28:38,https://static.theprint.in/wp-content/uploads/2024/08/Roxy-696x392.jpg,theprint,0.30952291921428426,78,138,459,84,286
402,Newsdata,https://theprint.in/environment/southern-california-edison-seeks-to-recover-1-6-billion-of-wildfire-related-losses/2244322/,Southern California Edison seeks to recover $1.6 billion of wildfire-related losses,"(Reuters) - Southern California Edison, a unit of utility Edison International, said on Thursday it was seeking approval for a settlement agreement to recover nearly 60% of losses related to wildfires",2024-08-29 13:30:36,https://static.theprint.in/wp-content/uploads/2024/08/Southern_258-696x467.jpg,theprint,9.615922185950067e-22,5,13,99,5,42
403,Newsdata,https://theprint.in/environment/paralympics-weather-forecast-forces-organisers-to-change-triathlon-plans/2244168/,Paralympics-Weather forecast forces organisers to change triathlon plans,"By Julien Pretot PARIS (Reuters) - Para triathlon events at the Paris Games, where the swimming leg is being held in the Seine river, will take place on Sept. 1 instead of across two days because of",2024-08-29 12:15:42,https://static.theprint.in/wp-content/uploads/2024/08/Paralympics-Weather_334-696x405.jpg,theprint,8.53809983033897e-23,14,12,107,5,47
404,Newsdata,https://www.deccanchronicle.com/southern-states/telangana/telangana-assistant-registrar-held-in-rs1-lakh-bribe-case-1819931,Telangana Assistant Registrar held in Rs.1 lakh bribe case,,2024-08-29 11:03:17,https://www.deccanchronicle.com/h-upload/2024/08/29/1835339-acb1.jfif,deccanchronicle,7.782317296200988e-23,0,12,50,2,17
405,Newsdata,https://www.deccanchronicle.com/southern-states/andhra-pradesh/ap-govt-orders-high-level-probe-into-actress-case-amid-allegations-against-police-1819930,AP Govt Orders High-Level Probe into Actress Case Amid Allegations Against Police,,2024-08-29 11:02:50,https://www.deccanchronicle.com/h-upload/2024/08/29/1835340-andhrapradeshgovernment.webp,deccanchronicle,4.627202526261804e-27,0,8,44,2,22
406,Newsdata,https://theprint.in/environment/as-sweltering-summers-ravage-crops-japan-bets-on-heat-resistant-rice/2243385/,"As sweltering summers ravage crops, Japan bets on heat-resistant rice","By Satoshi Sugiyama and Tom Bateman KUMAGAYA, Japan (Reuters) - Grappling with a rice shortage after extreme weather ravaged last year's crop, Japan is hoping new heat-resistant varieties of its",2024-08-29 05:17:28,https://static.theprint.in/wp-content/uploads/2024/08/As_100-696x465.jpg,theprint,2.1329623615111524e-13,29,71,229,14,125
407,Newsdata,https://timesofindia.indiatimes.com/auto/bikes/triumph-daytona-660-launched-in-india-price-engine-specs-features-and-more/articleshow/112914517.cms,"Triumph Daytona 660 launched in India: Price, engine specs, features and more","Triumph Motorcycles has launched the Daytona 660 in India at Rs 9.72 lakh. Featuring a 660 cc engine delivering 96.3 hp, it comes in three color options. The bike includes cutting-edge technology such as a color TFT display with Bluetooth connectivity, traction control, dual-channel ABS, and three riding modes for diverse conditions.",2024-08-30 05:28:27,"https://static.toiimg.com/photo/msid-112914612,imgsize-56240.cms",toi,2.233509862886566e-19,5,24,111,5,35
408,Newsdata,https://www.deccanchronicle.com/entertainment/barry-keoghan-joins-cast-of-peaky-blinders-movie-1820145,Barry Keoghan joins cast of Peaky Blinders movie,,2024-08-30 06:49:10,https://www.deccanchronicle.com/h-upload/2024/08/30/1835644-untitleddesign-2024-08-30t121805796.webp,deccanchronicle,1.614540708415018e-23,2,15,92,4,34
409,Newsdata,https://www.deccanchronicle.com/nation/ceiling-on-net-borrowing-sc-to-set-up-5-judge-bench-to-hear-keralas-plea-against-centre-1820143,Ceiling on net borrowing: SC to set up 5-judge bench to hear Kerala's plea against Centre,,2024-08-30 06:42:36,https://www.deccanchronicle.com/h-upload/2024/07/13/1824855-supremecourt.webp,deccanchronicle,5.376424391957398e-08,13,17,84,7,45
410,Newsdata,https://www.deccanchronicle.com/entertainment/saripodhaa-sanivaaram-draws-rs-6-cr-plus-in-aptg-1820142,Saripodhaa Sanivaaram draws Rs 6 Cr plus in AP/TG?,,2024-08-30 06:34:37,https://www.deccanchronicle.com/h-upload/2024/08/30/1835640-saripodhaasanivaaram.webp,deccanchronicle,0.9979351301809314,6,15,53,15,33
411,Newsdata,https://www.thehindu.com/sci-tech/energy-and-environment/international-whale-shark-day-saving-the-gentle-giants-of-the-sea-along-the-indian-coast/article68579871.ece,International Whale Shark Day: Saving the gentle giants of the sea along the Indian coast,"On International Whale Shark Day, explore how organisations along India’s coastline across India’s East and West Coasts are championing the conservation of the endangered whale sharks",2024-08-30 08:53:48,https://th-i.thgim.com/public/incoming/rqx1re/article68579884.ece/alternates/LANDSCAPE_1200/IMG_APTOPIX_Climate_Gala_2_1_1ND4JC0E.jpg,thehindu,7.59851952876417e-21,30,100,405,15,133
412,Newsdata,https://timesofindia.indiatimes.com/home/environment/indoor-air-pollution-poses-greater-health-risk-than-outdoor-experts/articleshow/112920110.cms,Indoor air pollution poses greater health risk than outdoor: Experts,"Indoor air pollution presents a higher health risk than outdoor pollution in India. Experts recommend extending the National Clean Air Programme to encompass household emissions. Despite initiatives like LPG subsidies, financial barriers hinder the transition from biomass cooking, affecting a significant portion of the population.",2024-08-30 08:32:11,"https://static.toiimg.com/photo/msid-112920312,imgsize-52250.cms",toi,1.326369313685117e-07,29,51,200,14,88
413,Newsdata,https://www.deccanchronicle.com/southern-states/telangana/robert-vadra-arrives-in-hyderabad-to-meet-children-with-disabilities-and-others-1820185,"Robert Vadra arrives in Hyderabad, to meet children with disabilities and others",,2024-08-30 10:54:15,https://www.deccanchronicle.com/h-upload/2024/08/30/1835689-untitleddesign1.webp,deccanchronicle,0.9999992517803896,8,6,38,12,25
414,Newsdata,https://www.thehindu.com/life-and-style/homes-and-gardens/smart-homes-technology-digital-appliances-security-systems/article68580430.ece,Smart homes of today,"Cutting-edge technology is set to redefine home automation, with security devices and AI systems becoming strategic investment",2024-08-30 10:52:07,https://th-i.thgim.com/public/incoming/mjrzro/article68580699.ece/alternates/LANDSCAPE_1200/iStock-1014664366.jpg,thehindu,2.6653889571414328e-08,25,101,249,15,124
415,Newsdata,https://www.deccanchronicle.com/nation/nhrc-organizes-open-house-discussion-on-preventing-beggary-and-rehabilitation-1820182,NHRC organizes open house discussion on preventing beggary and rehabilitation,,2024-08-30 10:42:05,https://www.deccanchronicle.com/h-upload/2024/08/30/1835687-nhrc.webp,deccanchronicle,0.0002815364736047076,13,25,134,16,72
434,Newsdata,https://www.deccanchronicle.com/southern-states/telangana/legal-briefs-scribe-gets-anticipatory-bail-in-five-year-old-forgery-case-1820314,Legal Briefs | Scribe Gets Anticipatory Bail in Five-year-old Forgery Case,,2024-08-30 19:42:06,https://www.deccanchronicle.com/h-upload/2024/08/07/1835103-telanganahighcourt.webp,deccanchronicle,8.906708394332925e-27,25,53,275,8,109
416,Newsdata,https://www.deccanchronicle.com/opinion/columnists/lekha-shankar-pattaya-plans-to-reinvent-itself-as-unesco-creative-city-for-films-1820181,Lekha Shankar | Pattaya plans to reinvent itself as Unesco Creative City for films,India a key market but blockbusters from Hollywood also being shot in Thai beach town that also has its own film festival,2024-08-30 10:40:39,https://www.deccanchronicle.com/h-upload/2024/08/30/1835685-addaheading1.webp,deccanchronicle,1.1259271596440186e-05,36,74,299,29,112
417,Newsdata,https://www.deccanchronicle.com/sports/avani-retains-paralympics-gold-in-10m-air-rifle-1820179,Paris Paralympics 2024: Avani retains gold in 10m air rifle,,2024-08-30 10:38:30,https://www.deccanchronicle.com/h-upload/2024/08/30/1835686-avanilekara.webp,deccanchronicle,0.009549862252989682,3,9,37,5,15
418,Newsdata,https://www.deccanchronicle.com/nation/modi-to-flag-off-three-vande-bharat-trains-on-saturday-1820177,Modi to flag off three Vande Bharat trains on Saturday,,2024-08-30 10:31:39,https://www.deccanchronicle.com/h-upload/2024/07/15/1824309-modi.webp,deccanchronicle,0.9999999999999423,4,14,139,0,35
419,Newsdata,https://www.deccanchronicle.com/news/vijayawada-to-host-5k-marathon-on-september-3-1820191,Vijayawada to Host 5K Marathon on September 3,"AP AIDS Control Society to host a 5K Marathon in Vijayawada on September 3 for 17-25-year-olds, leading to the National Red Run",2024-08-30 11:25:56,https://s3.ap-southeast-1.amazonaws.com/images.deccanchronicle.com/dc-Cover-4p0q76s9k7nvjom27rnsi20kn4-20231201235807.Medi.jpeg,deccanchronicle,0.9999999969389879,2,10,49,0,19
420,Newsdata,https://theprint.in/environment/bangladesh-garment-industry-short-on-cotton-as-floods-worsen-protest-backlog/2245726/,Bangladesh garment industry short on cotton as floods worsen protest backlog,"By Anmol Choubey and Ruma Paul (Reuters) - Garment factories in Bangladesh, one of the world's biggest clothing production hubs, are struggling to complete orders on time as flooding disrupts their",2024-08-30 11:16:42,https://static.theprint.in/wp-content/uploads/2024/08/Bangladesh_416-696x464.jpg,theprint,2.0762036267739634e-18,14,34,227,12,92
421,Newsdata,https://www.deccanchronicle.com/news/politics/karnataka-cm-warns-bjp-over-operation-kamala-1820189,Karnataka CM Warns BJP Over Operation Kamala,"CM Siddaramaiah criticises BJP-JD(S) for destabilisation attempts in Karnataka, vows Congress MLAs won't succumb to 'Operation Kamala'",2024-08-30 11:12:27,https://www.deccanchronicle.com/h-upload/2024/08/30/1835693-addaheading2.webp,deccanchronicle,0.6771934833801151,22,19,151,25,94
422,Newsdata,https://www.deccanchronicle.com/nation/ex-jharkhand-cm-champai-soren-joins-bjp-1820186,Ex-Jharkhand CM Champai Soren joins BJP,,2024-08-30 11:02:27,https://www.deccanchronicle.com/h-upload/2024/08/30/1835690-untitleddesign4.webp,deccanchronicle,0.003418687487956152,3,15,76,9,23
423,Newsdata,https://theprint.in/environment/us-regulator-finds-banks-have-work-to-do-on-climate-risk-sources-say/2245616/,"US regulator finds banks have work to do on climate risk, sources say",By Isla Binnie and Nupur Anand NEW YORK (Reuters) - A top U.S. banking regulator has found that major lenders are in the early stages of assessing and managing the risks climate change poses to their,2024-08-30 10:17:42,https://static.theprint.in/wp-content/uploads/2024/08/US_106-696x464.jpg,theprint,7.338529472308111e-08,10,36,159,15,86
424,Newsdata,https://theprint.in/environment/what-is-great-nicobar-project-and-why-are-bhupender-yadav-and-jairam-ramesh-butting-heads-over-it/2245249/,"What is Great Nicobar project, and why are Bhupender Yadav and Jairam Ramesh butting heads over it","Opposition says the 'mega-infrastructure project', which includes greenfield international airport & a township, could have 'disastrous' human, social, and ecological consequences.",2024-08-30 09:44:29,https://static.theprint.in/wp-content/uploads/2022/11/nicobar-696x392.jpg,theprint,9.652742923159056e-12,39,106,376,23,167
425,Newsdata,https://theprint.in/environment/rare-monsoon-cyclone-brewing-over-arabian-sea-says-imd-ongoing-heavy-rains-in-gujarat-to-intensify/2245174/,"‘Rare’ monsoon cyclone brewing over Arabian Sea, says IMD. Ongoing heavy rains in Gujarat to intensify","The cyclone is set to form over the Kachchh-Pakistan coast. However, it is unlikely to cause major damage and will move away in the next 2 days, says IMD.",2024-08-30 07:18:29,https://static.theprint.in/wp-content/uploads/2024/08/Your-paragraph-text-2024-08-30T121704.650-696x392.png,theprint,1.2807304466410553e-11,14,62,148,6,71
426,Newsdata,https://www.deccanchronicle.com/southern-states/karnataka/karnataka-surya-kiran-team-air-show-dazzles-at-bidar-fort-1820230,Karnataka: Surya Kiran team air show dazzles at Bidar fort,,2024-08-30 15:33:16,https://www.deccanchronicle.com/h-upload/2024/08/30/1835781-30-08-mgl-suryakiran-5.webp,deccanchronicle,2.5598466484856876e-42,1,18,85,2,27
427,Newsdata,https://www.deccanchronicle.com/southern-states/telangana/cmr-deadline-sept-30-nalgonda-collector-1820228,CMR deadline Sept 30: Nalgonda collector,,2024-08-30 15:15:22,https://www.deccanchronicle.com/h-upload/2024/08/30/1835778-2.webp,deccanchronicle,0.9237339922258322,3,2,48,7,25
428,Newsdata,https://www.deccanchronicle.com/nation/arriving-on-pre-poll-alliance-with-congress-wasnt-easy-task-omar-abdullah-1820225,Arriving on Pre-poll Alliance With Congress Wasn’t Easy Task: Omar Abdullah,It was NC which made elections ‘halal’ and ‘haram’: Mehbooba takes dig on Omar Abdullah,2024-08-30 15:06:08,https://www.deccanchronicle.com/h-upload/2024/03/21/1835773-omarabdullah.webp,deccanchronicle,0.9964999356654984,26,37,134,37,88
429,Newsdata,https://www.thehindu.com/sci-tech/energy-and-environment/countries-still-far-apart-on-cop29-finance-goal/article68585519.ece,Countries still far apart on COP29 finance goal,The COP29 summit will be held in Azerbaijan in November,2024-08-30 12:46:07,https://th-i.thgim.com/public/incoming/chnl5k/article68366406.ece/alternates/LANDSCAPE_1200/GettyImages-2159369869%201.jpg,thehindu,9.097558756039079e-52,7,36,129,3,66
430,Newsdata,https://timesofindia.indiatimes.com/city/surat/son-forges-cheques-to-steal-13-crore-from-nri/articleshow/112937141.cms,Son forged cheques to steal 1.3cr from NRI,,2024-08-30 23:07:24,"https://static.toiimg.com/photo/msid-112937141,imgsize-.cms",toi,0.9981496638977864,11,38,161,22,77
431,Newsdata,https://timesofindia.indiatimes.com/city/surat/catch-the-rain-paatil-urges-rainwater-conservation/articleshow/112936756.cms,‘Catch the Rain’: Paatil urges people to conserve each drop,,2024-08-30 22:57:01,"https://static.toiimg.com/photo/msid-112936751,imgsize-140584.cms",toi,1.1840768623501619e-20,8,25,155,8,73
432,Newsdata,https://timesofindia.indiatimes.com/city/surat/four-rioting-cases-filed-over-umargam-violence/articleshow/112936721.cms,Four rioting cases filed over Umargam violence,,2024-08-30 22:56:15,"https://static.toiimg.com/photo/msid-112936721,imgsize-.cms",toi,3.787387567017065e-06,12,31,166,17,85
433,Newsdata,https://timesofindia.indiatimes.com/city/surat/bjp-mla-raises-concerns-about-potholes-on-city-roads-in-surat/articleshow/112936553.cms,BJP MLA says ‘potholes reign’ on city roads,,2024-08-30 22:52:06,"https://static.toiimg.com/photo/msid-112936548,imgsize-50276.cms",toi,1.9375029277928575e-08,14,34,149,13,70
435,Newsdata,https://www.deccanchronicle.com/nation/mp-youth-congress-stages-demonstration-over-inflation-unemployment-nursing-college-scam-1820312,"MP: Youth Congress Stages Demonstration Over Inflation, Unemployment, Nursing College Scam",,2024-08-30 19:40:26,https://www.deccanchronicle.com/h-upload/2024/08/30/1835859-jitu-patwari.webp,deccanchronicle,1.274219411416668e-10,9,10,110,8,43
436,Newsdata,https://www.deccanchronicle.com/southern-states/telangana/hyderabad-man-dies-evading-arrest-in-fake-certificate-case-1820311,Hyderabad: Man Dies Evading Arrest in Fake Certificate Case,,2024-08-30 19:23:20,https://www.deccanchronicle.com/h-upload/2024/08/30/1835857-fake.webp,deccanchronicle,0.9969938765634127,4,8,43,9,21
437,Newsdata,https://www.deccanchronicle.com/southern-states/telangana/govt-funds-soon-for-completion-of-canals-uttam-1820295,Govt Funds Soon for Completion of Canals: Uttam,,2024-08-30 18:32:47,https://s3.ap-southeast-1.amazonaws.com/images.deccanchronicle.com/dc-Cover-l6c990cg6dgnc4s1tjcdth8n86-20231222002540.Medi.jpeg,deccanchronicle,1.2114452477665512e-21,2,7,124,7,48
438,Newsdata,https://www.deccanchronicle.com/southern-states/andhra-pradesh/cj-diraj-singh-lauds-services-of-retiring-judge-justice-shyam-sundar-1820294,CJ Diraj Singh Lauds Services of Retiring Judge Justice Shyam Sundar,,2024-08-30 18:31:13,https://www.deccanchronicle.com/h-upload/2024/01/29/1832637-andhrapradeshhighcourt.webp,deccanchronicle,0.9545342676995868,2,10,90,12,30
439,Newsdata,https://www.deccanchronicle.com/opinion/dc-comment/dc-edit-holistic-approach-needed-over-new-industrial-cities-1820220,DC Edit | Holistic approach needed over new industrial cities,"India's new smart industrial cities aim to elevate manufacturing with Rs 28,602 crore investment, targeting a 25% sector share",2024-08-30 18:30:55,https://www.deccanchronicle.com/h-upload/2024/07/26/1826780-manufacturing.webp,deccanchronicle,8.16753687831348e-17,24,54,174,9,100
440,Newsdata,https://www.deccanchronicle.com/opinion/columnists/farrukh-dhondy-if-trump-thinks-hes-losing-will-he-quit-the-race-whatll-be-next-1820223,"Farrukh Dhondy | If Trump thinks he’s losing, will he quit the race? What’ll be next","Indian-Americans voting intentions are split: Kamala Harris leads, but Trump remains a contender, reflecting diverse political views",2024-08-30 18:30:52,https://www.deccanchronicle.com/h-upload/2024/08/30/1835768-addaheading5.webp,deccanchronicle,0.682774847235163,54,84,258,50,154
441,Newsdata,https://www.deccanchronicle.com/opinion/dc-comment/dc-edit-rahul-stature-rises-bjp-takes-note-1820224,"DC Edit | Rahul stature rises, BJP takes note",,2024-08-30 18:30:46,https://www.deccanchronicle.com/h-upload/2024/08/30/1835772-addaheading6.webp,deccanchronicle,4.381898386823211e-05,10,29,111,11,65
442,Newsdata,https://www.deccanchronicle.com/tabloid/hyderabad-chronicle/an-oath-to-hair-me-out-1820210,An Oat(H) To Hair Me Out,"Your morning bowl of oats and honey is now your skin’s best friend, DIY oatmeal masks are taking the skincare world by storm",2024-08-30 18:30:43,https://www.deccanchronicle.com/h-upload/2024/08/30/1835728-addaheading2.webp,deccanchronicle,3.135625863530116e-05,13,58,165,17,82
443,Newsdata,https://www.deccanchronicle.com/tabloid/hyderabad-chronicle/y-chromosome-shrinking-men-may-go-extinct-1820209,"Y Chromosome Shrinking, Men May Go Extinct","New research claims that the Y chromosome (aka ‘master of manliness’) could be wiped out in 6.5 million years, raising doubts about the future of Man-kind! Experts weigh in and say there is no need to panic...",2024-08-30 18:30:13,https://www.deccanchronicle.com/h-upload/2024/08/30/1835725-addaheading1.webp,deccanchronicle,3.301774308988817e-07,66,78,347,35,196
444,Newsdata,https://www.deccanchronicle.com/opinion/columnists/patralekha-chatterjee-why-do-so-many-get-duped-in-job-scams-cyber-fraud-1820227,"Patralekha Chatterjee | Why do so many get duped in job scams, cyber fraud?","Young, educated Indians are tricked by fake job offers from Southeast Asian crime syndicates, despite ongoing warnings and advisories",2024-08-30 18:30:01,https://www.deccanchronicle.com/h-upload/2024/08/30/1835776-fraud.webp,deccanchronicle,3.193092093058363e-08,56,133,400,27,174
445,Newsdata,https://www.deccanchronicle.com/nation/strategies-every-organization-must-implement-for-a-safe-and-inclusive-workplace-for-women-1820291,Strategies every organization must implement for a safe and Inclusive workplace for women,,2024-08-30 18:28:30,https://www.deccanchronicle.com/h-upload/2024/08/30/1835850-14.webp,deccanchronicle,3.418417536764896e-08,32,54,202,14,107
446,Newsdata,https://www.deccanchronicle.com/southern-states/telangana/yadagirigutta-temple-to-get-ttd-like-board-1820289,Yadagirigutta Temple to Get TTD-Like Board,,2024-08-30 18:22:02,https://www.deccanchronicle.com/h-upload/2024/08/30/1835849-yadagiriguttatempletogetttd-likeboard.webp,deccanchronicle,5.860476663214064e-07,5,19,103,10,50
447,Newsdata,https://www.deccanchronicle.com/southern-states/telangana/trafficking-victims-need-better-support-experts-1820288,Trafficking Victims Need Better Support: Experts,,2024-08-30 18:21:02,https://www.deccanchronicle.com/h-upload/2024/05/17/1090640-bureaudirectorshikhagoel.webp,deccanchronicle,1.3002430320533753e-48,1,21,66,1,25
448,Newsdata,https://theprint.in/environment/factbox-how-trump-would-seek-to-dismantle-bidens-climate-legacy/2246486/,Factbox-How Trump would seek to dismantle Biden’s climate legacy,"(Reuters) - Donald Trump’s presidential campaign has laid out an energy policy platform centered around maximizing U.S. fuel and power output, in part by dismantling the Biden administration’s",2024-08-30 18:16:52,https://static.theprint.in/wp-content/uploads/2024/08/Factbox-How_703-696x464.jpg,theprint,6.005106719147017e-13,21,43,258,15,117
449,Newsdata,https://www.deccanchronicle.com/southern-states/andhra-pradesh/task-force-arrests-5-smugglers-seizes-28-red-sanders-logs-1820287,"Task Force arrests 5 smugglers, seizes 28 Red Sanders logs",,2024-08-30 18:14:53,https://www.deccanchronicle.com/h-upload/2024/08/30/1835846-3.webp,deccanchronicle,0.9999999999999984,0,5,71,0,23
450,Newsdata,https://www.deccanchronicle.com/southern-states/andhra-pradesh/chit-fund-organiser-dupes-gajuwaka-people-1820286,Chit Fund Organiser Dupes Gajuwaka People,,2024-08-30 18:12:31,https://www.deccanchronicle.com/h-upload/2024/02/19/1082324-money.webp,deccanchronicle,0.9630013222012408,9,13,89,13,37
451,Newsdata,https://www.deccanchronicle.com/nation/current-affairs/mach-conference-sme-ipo-from-sept4-1820284,Mach Conference SME IPO From Sept.4,,2024-08-30 18:10:18,https://www.deccanchronicle.com/h-upload/2024/08/13/1830729-ipo.webp,deccanchronicle,2.4484404207789435e-18,1,20,70,3,20
452,Newsdata,https://www.deccanchronicle.com/nation/jk-congress-leader-rasool-terms-up-court-sentence-minor-issue-1820282,J&K Congress Leader Rasool Terms UP Court Sentence ‘Minor Issue’,,2024-08-30 18:08:08,https://www.deccanchronicle.com/h-upload/2024/08/30/1835844-12.webp,deccanchronicle,0.28378105470384124,9,13,127,18,66
453,Newsdata,https://www.deccanchronicle.com/entertainment/kollywood/sexual-offenders-must-be-beaten-with-slippers-says-actor-vishal-1820280,Top Kollywood Actor’s Sensational statement on sexual harassment,,2024-08-30 18:04:17,https://www.deccanchronicle.com/h-upload/2024/08/30/1835838-vikatan-english2024-02e49c5d53-d6ab-4a71-ba01-ed2fe497f0ccvishal.webp,deccanchronicle,0.09220167865387748,23,29,150,16,77
454,Newsdata,https://www.deccanchronicle.com/nation/saini-denies-safe-seat-contest-1820279,Saini Denies Safe Seat Contest,,2024-08-30 18:04:06,https://www.deccanchronicle.com/h-upload/2024/08/30/1835842-nayabsinghsaini2023.webp,deccanchronicle,0.9895292343381229,7,18,123,20,57
455,Newsdata,https://www.deccanchronicle.com/southern-states/telangana/students-protest-poor-food-quality-abuse-at-telangana-gurukul-school-1820277,"Students protest poor food quality, abuse at Telangana Gurukul school",,2024-08-30 18:02:08,https://www.deccanchronicle.com/h-upload/2024/08/30/1835835-11.webp,deccanchronicle,0.9906175422674864,15,26,90,21,60
456,Newsdata,https://www.deccanchronicle.com/southern-states/telangana/telangana-reports-dengue-surge-1820492,Telangana Reports Dengue Surge,,2024-08-31 15:19:28,https://www.deccanchronicle.com/h-upload/2024/08/31/1836170-3.webp,deccanchronicle,0.9999999938751445,8,27,128,0,51
457,Newsdata,https://www.deccanchronicle.com/nation/up-man-gets-25-years-in-jail-for-kidnapping-raping-minor-girl-1820431,"UP: Man gets 25 years in jail for kidnapping, raping minor girl",,2024-08-31 10:23:21,https://images.deccanchronicle.com/dc-Cover-rsjk2q5bvfrgm4n21gr66l91g0-20180425022338.Medi.jpeg,deccanchronicle,1.0597835274909697e-39,4,3,54,1,24
458,Newsdata,https://www.deccanchronicle.com/nation/district-judiciary-crucial-component-of-rule-of-law-backbone-of-judiciary-cji-1820429,"District judiciary crucial component of rule of law, backbone of judiciary: CJI",,2024-08-31 10:21:35,https://www.deccanchronicle.com/h-upload/2024/08/31/1836060-untitleddesign-2024-08-31t154957091.webp,deccanchronicle,9.064788368871803e-15,10,35,192,12,79
459,Newsdata,https://www.deccanchronicle.com/entertainment/rajkummar-rao-turns-ferocious-for-tips-films-and-northern-lights-films-maalik-directed-by-pulkit-1820428,Rajkummar Rao turns ferocious for Tips Films and Northern Lights Films’ Maalik directed by Pulkit,,2024-08-31 10:11:34,https://www.deccanchronicle.com/h-upload/2024/08/31/1836057-rk.webp,deccanchronicle,9.014357709683187e-08,2,15,59,4,21
460,Newsdata,https://www.deccanchronicle.com/nation/manipur-kuki-zo-bodies-hold-rallies-demand-separate-administration-1820426,"Manipur: Kuki-Zo bodies hold rallies, demand separate administration",,2024-08-31 10:06:57,https://www.deccanchronicle.com/h-upload/2024/08/31/1836055-gwsp4unwmaa9gb.webp,deccanchronicle,3.7075356037093445e-11,10,29,158,10,64
461,Newsdata,https://www.deccanchronicle.com/southern-states/kerala/releasing-hema-committee-report-was-a-good-decision-of-govt-says-mohanlal-1820425,Mohanlal’s Big Statement on Justice Hema Commission Report,,2024-08-31 10:01:54,https://www.deccanchronicle.com/h-upload/2024/08/31/1836051-untitleddesign2.webp,deccanchronicle,0.579736675262514,7,10,72,9,30
462,Newsdata,https://www.deccanchronicle.com/world/japan-lodges-formal-protest-over-chinese-survey-ship-entering-its-territorial-waters-1820424,Japan lodges formal protest over Chinese survey ship entering its territorial waters,,2024-08-31 09:58:35,https://www.deccanchronicle.com/h-upload/2024/07/12/1823532-japan.webp,deccanchronicle,1.1877536691190323e-06,7,25,68,6,25
463,Newsdata,https://www.deccanchronicle.com/entertainment/rajkummar-rao-in-imdbs-original-segment-reviews-on-reviews-1820423,"Thank you for comparing me to Irrfan sir, says Rajkummar Rao",,2024-08-31 09:57:17,https://www.deccanchronicle.com/h-upload/2024/08/31/1836049-screenshot2024-08-31152006.webp,deccanchronicle,0.9999997011135305,28,23,164,56,109
464,Newsdata,https://www.deccanchronicle.com/technology/who-is-indian-origin-kevan-parekh-new-cfo-of-apple-1820491,"Who is Indian-Origin Kevan Parekh, Apple's New CFO?",,2024-08-31 09:40:21,https://www.deccanchronicle.com/h-upload/2024/08/31/1836172-kevan.webp,deccanchronicle,0.6229042191617093,9,22,114,16,44
465,Newsdata,https://www.deccanchronicle.com/southern-states/telangana/kings-group-accused-of-encroaching-on-gandipet-farmhouse-1820443,King's Group Accused of Encroaching on Gandipet Farmhouse,,2024-08-30 19:20:36,https://www.deccanchronicle.com/h-upload/2024/08/31/1836070-kingsgroup.webp,deccanchronicle,0.2470684883168176,2,7,85,9,27
466,Newsdata,https://www.deccanchronicle.com/southern-states/telangana/telangana-govt-appeals-order-on-250-acres-land-1820421,Telangana govt appeals order on 250 acres land,,2024-08-30 18:40:40,https://s3.ap-southeast-1.amazonaws.com/images.deccanchronicle.com/dc-Cover-be4q6v1vqdjrss71h9j2khhi23-20170408002234.Medi.jpeg,deccanchronicle,4.1044927332339125e-33,3,4,49,2,20
467,Newsdata,https://www.deccanchronicle.com/southern-states/telangana/heavy-rains-wreak-havoc-in-adilabad-imd-issues-red-alert-1820593,Heavy rains wreak havoc in Adilabad; IMD issues red alert,Irrigation officials lift gates of Yellampalli and Kadam,2024-09-01 05:05:16,https://www.deccanchronicle.com/h-upload/2024/09/01/1836359-aprains.webp,deccanchronicle,0.999999974048255,6,15,69,0,28
468,Newsdata,https://timesofindia.indiatimes.com/city/surat/father-sentenced-to-life-for-raping-minor/articleshow/112959946.cms,Father gets life for raping minor,,2024-08-31 23:14:30,"https://static.toiimg.com/photo/msid-112959944,imgsize-124444.cms",toi,0.4761479085714254,19,43,173,28,115
469,Newsdata,https://timesofindia.indiatimes.com/city/surat/surat-municipal-corporation-to-develop-19-ponds-for-ganesha-immersion/articleshow/112959835.cms,19 ponds to be made for Ganesha immersion,,2024-08-31 23:11:36,"https://static.toiimg.com/photo/msid-112959834,imgsize-179022.cms",toi,1.7455562899046403e-39,8,19,133,5,67
470,Newsdata,https://timesofindia.indiatimes.com/city/surat/smc-groundwater-recharge-plan-expansion-and-rate-approval/articleshow/112959511.cms,"SMC expands groundwater recharge plan, approves rates",,2024-08-31 23:03:39,"https://static.toiimg.com/photo/msid-112959510,imgsize-205964.cms",toi,1.2139541851632132e-08,10,19,176,15,77
471,Newsdata,https://www.deccanchronicle.com/world/polio-vaccine-campaign-begins-in-gaza-a-day-before-an-expected-pause-in-fighting-1820580,Polio Vaccine Campaign Begins in Gaza a Day Before an Expected Pause in Fighting,,2024-08-31 20:17:52,https://www.deccanchronicle.com/h-upload/2024/08/31/1836287-polio.webp,deccanchronicle,1.1436653713828166e-14,14,60,286,19,150
472,Newsdata,https://www.deccanchronicle.com/southern-states/telangana/legal-briefs-telangana-hc-refuses-habeas-corpus-against-btech-student-1820579,Legal Briefs | Telangana HC Refuses Habeas Corpus Against B.Tech. Student,,2024-08-31 20:11:36,https://www.deccanchronicle.com/h-upload/2024/01/31/1835535-telanganahighcourt.webp,deccanchronicle,2.2680463204182126e-05,25,56,293,25,132
473,Newsdata,https://www.deccanchronicle.com/southern-states/andhra-pradesh/monsoon-brings-smart-solutions-to-kk-lines-challenges-1820578,Monsoon Brings Smart Solutions to KK Line's Challenges,,2024-08-31 19:57:18,https://www.deccanchronicle.com/h-upload/2024/08/31/1836284-specializedhillgangsinactionhandlingrockyterrainandboulders.webp,deccanchronicle,1.1830737501179325e-158,6,23,104,1,60
474,Newsdata,https://www.deccanchronicle.com/world/bangladesh-could-ask-for-sheikh-hasinas-return-from-india-says-foreign-affairs-advisor-1820576,"Bangladesh Could Ask for Sheikh Hasina's Return from India, Says Foreign Affairs Advisor",,2024-08-31 19:47:42,https://www.deccanchronicle.com/h-upload/2024/08/31/1836282-sheikha.webp,deccanchronicle,0.9534817566612092,33,55,220,47,149
475,Newsdata,https://www.deccanchronicle.com/southern-states/telangana/congress-diverting-attention-from-failed-loan-waiver-laxman-1820575,Congress Diverting Attention From Failed Loan Waiver: Laxman,,2024-08-31 19:47:26,https://www.deccanchronicle.com/h-upload/2024/08/31/1836280-laxman.webp,deccanchronicle,1.989421695680965e-17,8,28,165,9,66
476,Newsdata,https://www.deccanchronicle.com/southern-states/andhra-pradesh/depression-to-cross-today-red-warning-issued-1820518,"Depression to Cross Today, Red Warning Issued",,2024-08-31 17:15:08,https://www.deccanchronicle.com/h-upload/2024/08/31/1836206-ap-rains.webp,deccanchronicle,1.2599310202561822e-71,8,28,144,2,26
477,Newsdata,https://www.deccanchronicle.com/southern-states/telangana/new-bc-commission-to-launch-caste-census-1820517,New BC commission to launch caste census,,2024-08-31 17:13:27,https://www.deccanchronicle.com/h-upload/2024/08/31/1836205-5.webp,deccanchronicle,1.637704195964422e-23,8,14,126,6,50
478,Newsdata,https://www.deccanchronicle.com/nation/politics/ajit-pawar-confirms-mahayuti-seat-sharing-talks-ignores-sena-critic-1820513,"Ajit Pawar Confirms Mahayuti Seat Sharing Talks, Ignores Sena Critic",,2024-08-31 16:56:06,https://www.deccanchronicle.com/h-upload/2024/08/31/1836197-ajitpawarmahayuti.webp,deccanchronicle,0.6145505825349878,18,20,204,28,102
479,Newsdata,https://www.deccanchronicle.com/southern-states/telangana/nizamabad-tops-in-fever-cases-1820512,Nizamabad tops in fever cases,,2024-08-31 16:54:45,https://www.deccanchronicle.com/h-upload/2024/08/31/1836201-4.webp,deccanchronicle,1.1732188053647918e-07,11,25,112,9,43
480,Newsdata,https://www.deccanchronicle.com/nation/ghanaian-nationals-found-aboard-chinese-ship-in-odisha-1820505,Ghanaian Nationals Found Aboard Chinese Ship in Odisha,,2024-08-31 16:26:08,https://www.deccanchronicle.com/h-upload/2024/08/31/1836189-ghanacitizens.webp,deccanchronicle,0.00029570844592138456,11,10,59,8,39
481,Newsdata,https://anweshanam.com/833708/unraveling-extinction-new-dna-findings-reveal-secrets-of-the-little-bush-moa/,ഡോഡോ പോലെ അപ്രത്യക്ഷമായ ലിറ്റിൽ ബുഷ് മോവ; ന്യൂസീലൻഡിലെ വംശനാശം സംഭവിച്ച പക്ഷി! | Unraveling Extinction: New DNA Findings Reveal Secrets of the Little Bush Moa,"ഡോഡോ എന്ന പക്ഷിയെ കുറിച്ച് കേൾക്കാത്തവരുണ്ടാകില്ല. മൗറീഷ്യസിലുണ്ടായിരുന്ന ഈ പക്ഷി വംശനാശം വന്നു പൂർണമായും നശിച്ച പക്ഷികളിലൊന്നാണ്. വംശനാശത്തിന്റെ പ്രതീകം എന്നു പറയാവുന്ന പക്ഷികളിലൊന്ന്. ഇതുപോലെ തന്നെ ഒരു ജീവിയായിയിരുന്നു മാമ്മത്ത്. മനുഷ്യകാലഘട്ടങ്ങളിലും ജീവിച്ച, ആഫ്രിക്കൻ ആനയുടെ വിഭാഗത്തിൽപെട്ട ഈ മൃഗവും വംശനാശം വന്ന് അപ്രത്യക്ഷമാകുകയായിരുന്നു. ഇത്തരത്തിലൊരു പക്ഷിയാണ് ലിറ്റിൽ ബുഷ് മോവ. ന്യൂസീലൻഡിലെ എമുപ്പക്ഷിയുടെ വിഭാഗത്തിലുള്ള പക്ഷിയായ ഇത് ന്യൂസീലൻഡിൽ തന്നെയായിരുന്നു താമസം. പതിമൂന്നാം നൂറ്റാണ്ട് വരെ ന്യൂസീലൻഡിൽ ജീവിച്ച ഈ പക്ഷിയും വംശനാശത്തിൽ അപ്രത്യക്ഷമാകുകയായിരുന്നു. [...]",2024-08-31 16:00:12,https://anweshanam.com/wp-content/uploads/2024/08/untitled-design-2024-08-31t212500.460-jpg.webp,anweshanam,1.8898332210700566e-142,0,19,140,0,1
482,Newsdata,https://anweshanam.com/833667/amazon-piranha-facts/,പിരാനകളിലെ വെജിറ്റേറിയൻ ബന്ധു; ശരീരത്തിൽ വരകളുള്ള സൗറോൺ | amazon-piranha-facts,പിരാന എന്ന പേര് കേൾക്കുമ്പോൾ തന്നെ എല്ലാവർക്കും ഭയമാണ്. ആമസോണിലെ ഈ മീനുമായി ബന്ധപ്പെട്ടുള്ള കുപ്രസിദ്ധി അത്രയ്ക്കുണ്ട്. നിമിഷങ്ങൾ കൊണ്ട് കൊന്ന് മാംസം കടിച്ചെടുത്ത് നീങ്ങുന്ന മീനുകളെന്നാണ് ഇവയെന്നാണ് പറയാറുള്ളത്. അനേകം സിനിമകളിലൂടെയും മറ്റും നമ്മുടെ മനസ്സി‍ൽ കയറിക്കൂടിയതാണ് ഈ പിരാനപ്പേടി. പിരാനകളുമായി അടുത്ത ബന്ധം പുലർത്തുന്ന ചില മീനുകൾ സസ്യാഹാരികളാണ്. ഇക്കൂട്ടത്തിൽ വളരെ പ്രശസ്തമാണ് പാക്കസ് എന്ന മത്സ്യം. മനുഷ്യരുടെ പല്ലുകളുമായി വളരെയേറെ സാമ്യമുള്ള ഇവയുടെ പല്ലുകൾ സമൂഹമാധ്യമങ്ങളിലും മറ്റും വൈറലായിരുന്നു. ഇത്തരത്തിൽ വെജിറ്റേറിയനായ മറ്റൊരു [...],2024-08-31 14:49:43,https://anweshanam.com/wp-content/uploads/2024/08/untitled-design-2024-08-31t201333.709-jpg.webp,anweshanam,3.641269430954019e-263,1,32,224,0,1
483,Newsdata,https://www.deccanchronicle.com/southern-states/telangana/hyderabad-floods-cm-revanth-orders-immediate-relief-measures-1820609,Heavy rains: CM Revanth orders immediate relief measures,,2024-09-01 06:43:33,https://www.deccanchronicle.com/h-upload/2024/09/01/1836391-gwu6to3a0aax70t.webp,deccanchronicle,1.5444160181125032e-12,7,8,48,3,20
484,Newsdata,https://www.deccanchronicle.com/entertainment/rajini-sir-has-been-face-of-tamil-cinema-says-suriya-1820608,"Rajini sir has been face of Tamil cinema, says Suriya",,2024-09-01 06:40:59,https://www.deccanchronicle.com/h-upload/2024/09/01/1836388-suriyaaaa.webp,deccanchronicle,0.9999760397440212,7,8,43,13,24
485,Newsdata,https://www.deccanchronicle.com/southern-states/telangana/heavy-rains-created-havoc-in-erstwhile-warangal-1820605,Heavy rains created havoc in erstwhile Warangal,,2024-09-01 06:28:52,https://www.deccanchronicle.com/h-upload/2024/09/01/1836385-1-puli-1a.webp,deccanchronicle,1.1230077187814328e-68,8,21,163,3,49
486,Newsdata,https://timesofindia.indiatimes.com/city/surat/girl-ends-life-after-father-refuses-to-fund-her-science-stream-education/articleshow/112977520.cms,Girl ends life after father says to study gen stream,,2024-09-01 23:10:53,"https://static.toiimg.com/photo/msid-112977520,imgsize-.cms",toi,0.9986880871161333,11,30,147,23,61
487,Newsdata,https://timesofindia.indiatimes.com/city/surat/minors-raped-in-separate-incidents/articleshow/112977088.cms,2 minors raped in 2 different incidents,,2024-09-01 23:00:13,"https://static.toiimg.com/photo/msid-112977088,imgsize-.cms",toi,0.7814193334484897,14,32,127,18,84
488,Newsdata,https://www.prnewswire.com/apac/news-releases/franklinwh-and-ac-solar-warehouse-forge-strategic-alliance-to-propel-solar-and-energy-storage-solutions-in-australia-and-new-zealand-302235143.html,FranklinWH and AC Solar Warehouse Forge Strategic Alliance to Propel Solar and Energy Storage Solutions in Australia and New Zealand,"SYDNEY, Sept. 2, 2024 /PRNewswire/ -- FranklinWH Australia Pty Ltd. (FranklinWH), a pioneer in advanced home energy management, has entered into a strategic partnership with AC Solar Warehouse, a leading distributor of solar and energy storage solutions across Australia and New Zealand....",2024-09-01 23:00:00,https://mma.prnewswire.com/media/2493272/FranklinWH_and_AC_Solar_Warehouse.jpg?p=original,prnewswire_apac,2.2510008177539214e-09,4,38,198,15,49
590,Newsdata,https://www.deccanchronicle.com/southern-states/andhra-pradesh/tribal-farmers-see-rewards-in-cashew-juice-1825076,Tribal farmers see rewards in cashew juice,,2024-09-21 16:10:53,https://www.deccanchronicle.com/h-upload/2024/09/21/1844120-gsunita.webp,deccanchronicle,5.6173880739028356e-34,3,23,105,3,36
489,Newsdata,https://www.prnewswire.com/apac/news-releases/first-documentary-on-ecological-survey-of-xianbin-jiao-released-if-xianbin-jiao-could-speak-302235571.html,First Documentary on Ecological Survey of Xianbin Jiao Released: If Xianbin Jiao Could Speak,"BEIJING, Sept. 2, 2024 /PRNewswire/ -- On August 30th, CMG Voice of the South China Sea released the first documentary on the ecological survey of Xianbin Jiao, titled ""If Xianbin Jiao Could Speak"". From May to July 2024, a team of Chinese scientists conducted a professional marine...",2024-09-01 22:55:00,https://mma.prnewswire.com/media/2494034/The_poster_of_First_Documentary_on_Ecological_Survey_of_Xianbin_Jiao_Released_If_Xianbin_Jiao_Could.jpg?p=original,prnewswire_apac,2.127846283981075e-18,7,41,110,2,24
490,Newsdata,https://www.deccanchronicle.com/southern-states/andhra-pradesh/andhra-pradesh-officials-directed-to-assess-crop-damages-1820688,Andhra Pradesh: Officials directed to assess crop damages,,2024-09-01 15:32:48,https://www.deccanchronicle.com/h-upload/2024/09/01/1836596-5.webp,deccanchronicle,7.305412947846887e-22,4,8,93,6,54
491,Newsdata,https://www.deccanchronicle.com/southern-states/telangana/hydraa-is-only-a-drama-doing-no-good-to-people-etala-1820687,"HYDRAA is only a drama, doing no good to people: Etala","Revanth is demolishing the houses of the poor in the state, in the name of HYDRAA. Rajender said that the Congress government should punish those encroaching government lands and lakes",2024-09-01 15:23:37,https://www.deccanchronicle.com/h-upload/2024/09/01/1836595-etala.webp,deccanchronicle,9.235763824566128e-11,9,16,99,8,51
492,Newsdata,https://www.deccanchronicle.com/southern-states/andhra-pradesh/residents-take-refuge-on-roofs-as-budameru-canal-floods-1820686,Residents take refuge on roofs as Budameru canal floods,"Three NDRF and two SDRF teams with a total of 57 personnel, were involved in the rescue work",2024-09-01 15:20:06,https://www.deccanchronicle.com/h-upload/2024/09/01/1836592-1cnr04.webp,deccanchronicle,0.9997710971117363,4,5,74,11,30
493,Newsdata,https://www.deccanchronicle.com/nation/odisha-opposition-slams-pradhans-call-to-rename-ravenshaw-university-1820684,Odisha: Opposition Slams Pradhan’s Call to Rename Ravenshaw University,,2024-09-01 15:12:38,https://www.deccanchronicle.com/h-upload/2024/09/01/1836591-ravenshawuniversityandunionministerdharmendrapradhan.webp,deccanchronicle,0.29234136630667695,17,25,144,20,68
494,Newsdata,https://www.deccanchronicle.com/southern-states/telangana/telangana-floods-and-road-breaches-hit-adilabad-district-hard-1820683,Telangana: Floods and road breaches hit Adilabad district hard,,2024-09-01 15:07:59,https://www.deccanchronicle.com/h-upload/2024/09/01/1836589-nagaram8.webp,deccanchronicle,1.4230453442783393e-50,5,15,119,2,38
495,Newsdata,https://timesofindia.indiatimes.com/world/rest-of-world/storm-floods-northern-philippine-regions-including-capital-disrupting-schools-work-and-travel/articleshow/112984181.cms,"Storm floods northern Philippine regions, including capital, disrupting schools, work and travel","Heavy rains from a storm flooded northern Philippine areas overnight, suspending classes and government work in Manila. Tropical Storm Yagi, known locally as Enteng, brought potential flash floods and landslides to Luzon. Two residents died in Camarines Sur, and evacuations were conducted in several areas. Sea travel and flights faced disruptions. Authorities monitored Ipo dam as water levels rose. Annually, about 20 typhoons impact the Philippines, a disaster-prone nation. The article highlights the weather situation and its widespread effects.",2024-09-02 06:11:02,"https://static.toiimg.com/photo/msid-112984227,imgsize-1979687.cms",toi,3.0194924827267764e-128,11,39,134,1,51
496,Newsdata,https://www.deccanchronicle.com/sports/yograj-lamblasts-at-dhoni-says-he-destroyed-yuvrajs-career-1820808,"Yograj lamblasts at Dhoni, says he destroyed Yuvraj's career",,2024-09-02 06:07:41,https://www.deccanchronicle.com/h-upload/2024/09/02/1836833-gwzh3grbqae2x5p.webp,deccanchronicle,0.9999986638715945,18,10,60,27,49
497,Newsdata,https://economictimes.indiatimes.com/industry/renewables/nitin-gadkari-calls-for-gst-reduction-on-fuel-flex-based-vehicles-across-states-issues-a-request-to-state-fms/articleshow/112983632.cms,"Nitin Gadkari calls for GST reduction on fuel flex-based vehicles across states, issues a request to state FMs","Union Minister Nitin Gadkari urged state finance ministers to reduce GST on flex-fuel vehicles by 12% during the IFGE India Bio-Energy & Tech Expo. He emphasized the importance of alternate fuels for families using second-hand vehicles, and highlighted major car manufacturers' commitment to introducing flex-engine cars in India.",2024-09-02 06:01:29,"https://img.etimg.com/thumb/msid-112983904,width-1200,height-630,imgsize-9330,overlay-economictimes/photo.jpg",economictimes_indiatimes,0.9465790652279488,17,27,150,23,80
498,Newsdata,https://www.deccanchronicle.com/southern-states/andhra-pradesh/andhra-receives-power-boats-from-centre-for-flood-relief-operations-in-vijayawada-1820807,Andhra receives power boats from Centre for flood relief operations in Vijayawada,,2024-09-02 05:56:46,https://images.deccanchronicle.com/62965238c31a9cf3708411afae41283d97850df8-tc-img-preview.jpg,deccanchronicle,1.0888833006158595e-36,4,18,89,2,43
499,Newsdata,https://www.deccanchronicle.com/entertainment/ott/who-is-shekar-basha-in-bigg-boss-telugu-8-1820806,Meet the most controversial contestant in Bigg Boss Telugu 8,,2024-09-02 05:56:22,https://www.deccanchronicle.com/h-upload/2024/09/02/1836830-shekarbashainbiggbosstelugu8.webp,deccanchronicle,0.8626315729391224,3,8,64,7,23
500,Newsdata,https://www.deccanchronicle.com/entertainment/ott/bigg-boss-telugu-8-all-about-aditya-om-a-hero-who-took-break-1820805,"Bigg Boss Telugu 8: All about Aditya Om, a hero who took break",,2024-09-02 05:47:28,https://www.deccanchronicle.com/h-upload/2024/09/02/1836826-biggbosstelugu8adityaom.webp,deccanchronicle,0.06043926871054829,20,31,173,21,80
501,Newsdata,https://theprint.in/environment/gujarat-flooded-eastern-india-parched-no-monsoon-breaks-imd-predictions-hit-the-mark/2247781/,"Gujarat flooded, eastern India parched & no ‘monsoon breaks’. IMD predictions hit the mark",Rainfall map of India from 1 June to 29 August is largely blue & green—a sign of either excess or normal rainfall. ThePrint looks at rainfall data and analyses the overall impact.,2024-09-02 04:12:15,https://static.theprint.in/wp-content/uploads/2024/08/Gujarat-floods-696x392.jpg,theprint,8.166152739847355e-06,50,113,249,15,106
502,Newsdata,https://www.deccanchronicle.com/nation/current-affairs/army-camp-in-jammu-attacked-soldier-killed-1820847,"Army camp in Jammu attacked, soldier killed",,2024-09-02 08:34:39,https://www.deccanchronicle.com/h-upload/2024/05/30/1093582-indianarmy-sixteennine.webp,deccanchronicle,7.469363032684893e-13,11,21,101,8,61
503,Newsdata,https://theprint.in/environment/africa-faces-steep-costs-as-temperatures-soar-says-wmo/2249066/,"Africa faces steep costs as temperatures soar, says WMO","(Reuters) - Africa faces an increasingly heavy toll from climate change with many countries having to spend up to 9% of their budgets battling climate extremes, a World Meteorological Organization (",2024-09-02 09:16:33,https://static.theprint.in/wp-content/uploads/2024/09/Africa_821-696x451.jpg,theprint,1.8541348777301057e-14,8,28,83,4,39
504,Newsdata,https://timesofindia.indiatimes.com/auto/cars/skoda-launches-slavia-kushaq-monte-carlo-editions-with-sporty-makeover-at-rs-14-05-lakh/articleshow/112994340.cms,"Skoda launches Slavia, Kushaq Monte Carlo editions with sporty makeover at Rs 14.05 lakh","Skoda India has launched Monte Carlo editions for Slavia and Kushaq models, incorporating numerous exterior and interior changes like blacked-out elements and red accents. Available with 1.0-litre and 1.5-litre TSI engines, these editions offer a more dynamic look. Interested customers can now book the vehicles through Skoda's dealership network.",2024-09-02 11:44:21,"https://static.toiimg.com/photo/msid-112994550,imgsize-60900.cms",toi,9.600144598326451e-20,7,53,166,7,44
505,Newsdata,https://www.deccanchronicle.com/nation/current-affairs/odisha-state-bjp-unit-to-launch-membership-drive-on-tuesday-1820929,Odisha: State BJP Unit To Launch Membership Drive on Tuesday,Saffron party targets to add 5 lakh more to its existing 41 lakh members,2024-09-02 16:09:04,https://www.deccanchronicle.com/h-upload/2024/09/02/1837059-odishabjpstatepresidentmanmohansamalspeakingtomediapersonsinbhubaneswaronmonday.webp,deccanchronicle,5.970985806238562e-08,11,18,141,13,68
506,Newsdata,https://www.deccanchronicle.com/southern-states/telangana/heavy-inflow-of-floodwater-recorded-in-lakes-tanks-and-reservoirs-in-karimnagar-1820927,"Heavy Inflow of Floodwater Recorded in Lakes, Tanks and Reservoirs in Karimnagar",,2024-09-02 16:06:17,https://www.deccanchronicle.com/h-upload/2024/09/02/1837058-2-puli-4a.webp,deccanchronicle,2.9839001752659335e-20,7,6,77,3,15
507,Newsdata,https://www.deccanchronicle.com/southern-states/telangana/breached-canals-will-be-repaired-in-a-week-uttam-1820926,Breached canals will be repaired in a week: Uttam,,2024-09-02 16:02:23,https://www.deccanchronicle.com/h-upload/2024/09/02/1837051-5.webp,deccanchronicle,1.6919652235650186e-62,0,7,91,2,28
508,Newsdata,https://www.deccanchronicle.com/southern-states/telangana/mancherial-faces-flood-threat-with-kaleshwaram-backwaters-1820925,Mancherial Faces Flood Threat With Kaleshwaram Backwaters,"Water released into Godavari from Yellampalli, Kadam and SRSP",2024-09-02 15:58:51,https://www.deccanchronicle.com/h-upload/2024/09/02/1837039-mancherial.webp,deccanchronicle,0.9999999994493314,4,19,109,0,46
509,Newsdata,https://www.deccanchronicle.com/southern-states/andhra-pradesh/gvmc-identifies-hilly-areas-affected-by-rain-1820922,GVMC identifies hilly areas affected by rain,,2024-09-02 15:48:46,https://www.deccanchronicle.com/h-upload/2024/09/02/1837034-4.webp,deccanchronicle,0.9999999999999831,5,9,92,0,38
510,Newsdata,https://www.deccanchronicle.com/southern-states/telangana/hospital-security-tightened-in-telangana-after-kolkata-incident-1820921,Hospital Security Tightened in Telangana After Kolkata Incident,,2024-09-02 15:40:07,https://www.deccanchronicle.com/h-upload/2024/09/02/1837031-3.webp,deccanchronicle,5.001794478303614e-24,5,12,100,5,42
511,Newsdata,https://www.deccanchronicle.com/southern-states/telangana/peoples-movement-comes-to-halt-in-mahbubabad-1820920,People’s Movement Comes to Halt in Mahbubabad,,2024-09-02 15:34:17,https://www.deccanchronicle.com/h-upload/2024/09/02/1837029-2-puli-1a1.webp,deccanchronicle,4.737232972193118e-149,4,5,86,1,32
512,Newsdata,https://www.deccanchronicle.com/southern-states/telangana/state-receives-1000-dengue-cases-in-just-6-days-spike-in-fever-cases-1820919,"State Receives 1000 Dengue Cases in Just 6 Days, Spike in Fever Cases",,2024-09-02 15:05:11,https://www.deccanchronicle.com/h-upload/2024/09/02/1837019-mosquito.webp,deccanchronicle,2.1781555764203516e-93,6,16,84,1,29
513,Newsdata,https://timesofindia.indiatimes.com/city/surat/south-gujarat-floods-rivers-overflow-in-tapi-navsari-and-bharuch-districts/articleshow/113006926.cms,South Gujarat gets swamped as rivers overflow,,2024-09-02 23:29:39,"https://static.toiimg.com/photo/msid-113006922,imgsize-37444.cms",toi,1.3626223294826e-18,13,39,217,11,96
514,Newsdata,https://timesofindia.indiatimes.com/city/surat/hazira-residents-demand-repair-of-nh-53-and-construction-of-new-rob/articleshow/113006746.cms,"Repair NH-53, build new ROB: Hazira residents",,2024-09-02 23:24:45,"https://static.toiimg.com/photo/msid-113006741,imgsize-64984.cms",toi,2.76238066269437e-20,11,45,204,9,69
515,Newsdata,https://timesofindia.indiatimes.com/city/surat/ukai-dam-discharge-reaches-185l-cusecs-surat-on-high-alert/articleshow/113006668.cms,"Discharge from Ukai to hit 1.85L cusecs, city on alert",,2024-09-02 23:23:05,"https://static.toiimg.com/photo/msid-113006665,imgsize-61038.cms",toi,1.0220964855820158e-41,6,46,208,6,87
516,Newsdata,https://timesofindia.indiatimes.com/city/surat/diamond-broker-booked-for-raping-college-friend/articleshow/113006219.cms,Diamond broker booked for raping college friend,,2024-09-02 23:12:01,"https://static.toiimg.com/photo/msid-113006219,imgsize-.cms",toi,0.9999991698508982,16,25,125,42,92
517,Newsdata,https://timesofindia.indiatimes.com/city/surat/bharuch-flooded-by-161mm-in-four-hours/articleshow/113005836.cms,Bharuch flooded by 161mm in four hours,,2024-09-02 23:02:20,"https://static.toiimg.com/photo/msid-113005832,imgsize-51764.cms",toi,1.785974077497116e-59,7,36,143,3,68
518,Newsdata,https://www.deccanchronicle.com/southern-states/telangana/floodwaters-enter-luxury-mokila-villas-1821023,Floodwaters Enter Luxury Mokila Villas,,2024-09-02 20:50:35,https://www.deccanchronicle.com/h-upload/2024/09/02/1837194-pav3347.webp,deccanchronicle,0.5767636566040308,11,21,101,16,62
519,Newsdata,https://www.deccanchronicle.com/southern-states/andhra-pradesh/jagan-blames-ap-government-for-vijayawada-floods-1821022,Jagan Blames AP Government for Vijayawada Floods,,2024-09-02 20:41:16,https://www.deccanchronicle.com/h-upload/2024/09/02/1837193-2cnr46.webp,deccanchronicle,2.5816088959534894e-39,6,13,126,2,42
520,Newsdata,https://www.deccanchronicle.com/southern-states/andhra-pradesh/krishna-river-reaches-peak-discharge-of-1143-lakh-cusecs-1821018,Krishna River Reaches Peak Discharge of 11.43 Lakh Cusecs,,2024-09-02 19:58:25,http://dc-cdn.s3-ap-southeast-1.amazonaws.com/dc-Cover-25rfed5l8kubl08qqquipb8qv2-20160715065202.Medi.jpeg,deccanchronicle,1.813110859222772e-58,8,20,87,2,48
521,Newsdata,https://www.deccanchronicle.com/southern-states/andhra-pradesh/andhra-pradesh-pampas-4th-gate-weakened-1821017,Andhra Pradesh: Pampa’s 4th Gate Weakened,,2024-09-02 19:51:12,https://www.deccanchronicle.com/h-upload/2024/09/02/1837185-godhgi0wgae7ajr.webp,deccanchronicle,3.0561658246840286e-16,4,17,98,5,42
522,Newsdata,https://www.deccanchronicle.com/southern-states/andhra-pradesh/vundavalli-criticises-naidu-for-supporting-margadarsi-management-1821016,Vundavalli Criticises Naidu for Supporting Margadarsi Management,,2024-09-02 19:49:27,https://www.deccanchronicle.com/h-upload/2024/09/02/1837184-2rdc6.webp,deccanchronicle,2.453397364765101e-05,5,21,126,13,54
523,Newsdata,https://www.deccanchronicle.com/southern-states/telangana/three-persons-who-swept-away-found-dead-in-mahabubabad-1820969,Three Persons Who Swept Away Found Dead in Mahabubabad,,2024-09-02 17:58:18,https://www.deccanchronicle.com/h-upload/2024/09/02/1837134-2cnr06.webp,deccanchronicle,0.00017515745607180275,6,6,94,8,36
797,Newsdata,https://www.deccanchronicle.com/southern-states/telangana/pay-salaries-pending-19-months-cpi-m-1828413,Pay salaries pending 19 months: CPI (M),,2024-10-05 20:56:51,https://www.deccanchronicle.com/h-upload/2024/10/05/1848797-15.webp,deccanchronicle,3.3852177626885793e-12,3,3,50,3,24
524,Newsdata,https://www.deccanchronicle.com/southern-states/telangana/hyderabad-metro-rail-and-svida-launch-sustainability-programme-for-metro-shuttle-services-1820968,Hyderabad Metro Rail and Svida Launch Sustainability Programme for Metro Shuttle Services,,2024-09-02 17:56:35,https://www.deccanchronicle.com/h-upload/2024/09/02/1837125-svida.webp,deccanchronicle,1.3983288790473104e-08,3,4,60,3,16
525,Newsdata,https://www.deccanchronicle.com/nation/current-affairs/loan-sanctioning-is-digital-but-recovery-still-needs-feet-on-the-street-1820966,Loan Sanctioning Is Digital but Recovery Still Needs Feet on the Street,,2024-09-02 17:43:20,https://www.deccanchronicle.com/h-upload/2024/06/07/1095479-reservebankofindia.webp,deccanchronicle,0.0012215974916194854,19,36,124,14,71
526,Newsdata,https://www.deccanchronicle.com/southern-states/telangana/stray-dog-menace-govt-and-ghmc-asked-to-file-status-report-1820965,Stray Dog Menace: Govt and GHMC Asked to File Status Report,,2024-09-02 17:35:09,https://www.deccanchronicle.com/h-upload/2024/08/07/1832630-telanganahighcourt.webp,deccanchronicle,5.340353351278528e-07,0,9,49,4,23
527,Newsdata,https://www.deccanchronicle.com/nation/modi-kicks-off-bjps-membership-drive-targets-10-crore-new-members-1820963,"Modi Kicks Off BJP's Membership Drive, Targets 10 Crore New Members",,2024-09-02 17:34:08,https://www.deccanchronicle.com/h-upload/2024/09/02/1837120-modi.webp,deccanchronicle,0.0007897914716870513,37,57,289,33,129
528,Newsdata,https://www.deccanchronicle.com/southern-states/telangana/brs-plea-seeking-transfer-of-vote-for-cash-trial-sc-issues-notices-to-revanth-1820962,BRS Plea Seeking Transfer of Vote-for-Cash Trial: SC Issues Notices to Revanth,,2024-09-02 17:33:06,https://www.deccanchronicle.com/h-upload/2024/04/23/1837121-supremecourt.webp,deccanchronicle,9.488714754985576e-11,8,5,73,5,27
529,Newsdata,https://www.deccanchronicle.com/southern-states/telangana/hc-to-hear-contempt-case-against-govt-1820961,HC to Hear Contempt Case Against Govt,,2024-09-02 17:29:32,https://www.deccanchronicle.com/h-upload/2024/01/31/1835535-telanganahighcourt.webp,deccanchronicle,1.5239531772408667e-14,1,6,62,5,33
530,Newsdata,https://www.deccanchronicle.com/southern-states/karnataka/fir-filed-against-bjp-leader-arun-kumar-puthila-for-sexual-harassment-1820959,FIR Filed Against BJP Leader Arun Kumar Puthila for Sexual Harassment,,2024-09-02 17:25:08,https://www.deccanchronicle.com/h-upload/2024/09/02/1837116-untitleddesign117.webp,deccanchronicle,0.9999989393373795,5,5,56,11,27
531,Newsdata,https://www.deccanchronicle.com/southern-states/telangana/telangana-contempt-case-against-home-secretary-1820958,Telangana: Contempt Case Against Home Secretary,,2024-09-02 17:22:50,https://www.deccanchronicle.com/h-upload/2024/09/02/1837114-high.webp,deccanchronicle,1.2405476732951768e-10,20,57,333,26,149
532,Newsdata,https://www.deccanchronicle.com/southern-states/telangana/use-art-forms-to-spread-nutrition-awareness-governor-jishnu-dev-varma-1820956,Use Art Forms To Spread Nutrition Awareness: Governor Jishnu Dev Varma,,2024-09-02 17:18:52,https://www.deccanchronicle.com/h-upload/2024/09/02/1837111-gvvqoksxaaafyhc.webp,deccanchronicle,7.050853785499133e-118,2,18,99,1,32
533,Newsdata,https://www.deccanchronicle.com/nation/modi-to-strengthen-defence-and-trade-relations-in-brunei-and-singapore-1820955,Modi to Strengthen Defence and Trade Relations in Brunei and Singapore,,2024-09-02 17:18:30,https://www.deccanchronicle.com/h-upload/2024/09/02/1837110-mo.webp,deccanchronicle,1.2132881961467414e-14,8,37,94,4,46
534,Newsdata,https://www.deccanchronicle.com/southern-states/karnataka/zameer-ahmad-khan-addresses-waqf-property-issues-in-dharwad-meeting-1820954,Zameer Ahmad Khan Addresses Waqf Property Issues in Dharwad Meeting,,2024-09-02 17:17:14,https://www.deccanchronicle.com/h-upload/2024/09/02/1837107-02-09-mgl-zameer.webp,deccanchronicle,1.1059632258538442e-67,4,11,95,2,36
535,Newsdata,https://www.deccanchronicle.com/southern-states/telangana/kcr-unfit-to-be-leader-of-the-opposition-revanth-1820953,KCR Unfit to be Leader of the Opposition: Revanth,,2024-09-02 17:12:05,https://www.deccanchronicle.com/h-upload/2024/09/02/1837105-rev.webp,deccanchronicle,7.296142710710791e-06,10,19,130,11,48
536,Newsdata,https://www.deccanchronicle.com/southern-states/karnataka/actor-darshan-provided-commode-chair-due-to-health-issues-in-prison-1820952,Actor Darshan Provided Commode Chair Due to Health Issues in Prison,,2024-09-02 17:11:33,https://www.deccanchronicle.com/h-upload/2024/06/28/1100128-darshan.webp,deccanchronicle,2.8730340115097476e-08,5,11,67,6,33
537,Newsdata,https://www.deccanchronicle.com/southern-states/telangana/dana-kishore-directs-officials-to-check-water-supply-quality-finish-pending-road-works-1820950,"Dana Kishore Directs Officials To Check Water Supply Quality, Finish Pending Road Works",,2024-09-02 17:06:39,https://www.deccanchronicle.com/h-upload/2024/09/02/1837101-gwy4m0ew4aaczvw.webp,deccanchronicle,6.064729562097164e-08,14,18,97,10,58
538,Newsdata,https://www.deccanchronicle.com/nation/current-affairs/odisha-launches-subhadra-yojana-to-provide-rs-50000-cash-assistance-to-women-1820948,"Odisha Launches Subhadra Yojana To Provide Rs 50,000 Cash Assistance to Women","BJP has betrayed Odisha women on Subhadra Yojana implementation, alleges BJD",2024-09-02 16:57:36,https://www.deccanchronicle.com/h-upload/2024/09/02/1837099-subhadrabannerofodishagovernemnt.webp,deccanchronicle,1.350703166804468e-22,9,18,125,7,69
539,Newsdata,https://www.deccanchronicle.com/nation/current-affairs/army-jawan-guarding-military-station-in-jammu-killed-in-mysterious-firing-terror-attack-ruled-out-1820946,Army Jawan Guarding Military Station in Jammu Killed in Mysterious Firing; Terror Attack Ruled Out,,2024-09-02 16:53:00,https://www.deccanchronicle.com/h-upload/2024/05/30/1093582-indianarmy-sixteennine.webp,deccanchronicle,1.2222216434542812e-14,19,26,186,14,118
540,Newsdata,https://www.deccanchronicle.com/southern-states/andhra-pradesh/four-boats-washed-away-traffic-on-prakasam-barrage-suspended-for-24-hours-1820945,"Four Boats Washed Away, Traffic on Prakasam Barrage Suspended for 24 Hours",,2024-09-02 16:52:01,https://www.deccanchronicle.com/h-upload/2024/09/02/1837095-2cnr03.webp,deccanchronicle,2.747873253158349e-54,1,12,54,1,19
541,Newsdata,https://timesofindia.indiatimes.com/city/surat/torrential-rain-swamps-s-gujarat-rivers-overflow-evacuations-begin/articleshow/113001237.cms,"Torrential rain swamps S Gujarat; rivers overflow, evacuations begin",,2024-09-02 16:46:00,"https://static.toiimg.com/photo/msid-113001237,imgsize-.cms",toi,1.706087128248725e-11,23,43,276,18,115
542,Newsdata,https://timesofindia.indiatimes.com/city/surat/torrential-rains-swamp-s-gujarat-rivers-overflow-evacuations-begin/articleshow/113001010.cms,"Torrential rains swamp S Gujarat; rivers overflow, evacuations begin",,2024-09-02 16:28:03,"https://static.toiimg.com/photo/msid-113001010,imgsize-.cms",toi,1.5363414128062245e-12,13,23,146,9,60
543,Newsdata,https://timesofindia.indiatimes.com/city/surat/1-85l-cusecs-discharged-from-ukai-dam-city-on-alert/articleshow/113001007.cms,"1.85L cusecs discharged from Ukai dam, city on alert",,2024-09-02 16:27:58,"https://static.toiimg.com/photo/msid-113001007,imgsize-.cms",toi,1.8569615730302693e-53,5,28,130,3,52
544,Newsdata,https://www.thehindu.com/sci-tech/energy-and-environment/kimchi-no-more-climate-change-puts-south-koreas-beloved-cabbage-dish-at-risk/article68599920.ece,Kimchi no more? Climate change puts South Korea's beloved cabbage dish at risk,Studies show that warmer weather brought about by climate change is now threatening the Napa cabbage.,2024-09-03 07:01:55,https://th-i.thgim.com/public/incoming/6mkmew/article68599938.ece/alternates/LANDSCAPE_1200/2024-09-03T012933Z_2022937175_RC21K9ACEU9I_RTRMADP_3_ASIA-WEATHER-SOUTHKOREA-KIMCHI.JPG,thehindu,2.7828144855223015e-06,40,49,176,16,98
545,Newsdata,https://theprint.in/india/to-curb-spiralling-air-pollution-three-indian-tier-2-cities-to-take-a-leaf-out-of-londons-playbook/2249113/,"To curb spiralling air pollution, three Indian Tier-2 cities to take a leaf out of London’s playbook","Polluting vehicles are restricted or regulated in low emission zones. Earlier, Delhi, Agra have taken piecemeal measures to address air quality issues by regulating vehicular flow.",2024-09-03 03:15:08,https://static.theprint.in/wp-content/uploads/2021/08/Photo-1-2-1-696x392.jpg,theprint,3.576120728747698e-13,59,123,559,33,259
546,Newsdata,https://www.deccanchronicle.com/nation/chhattisgarh-cm-disburses-rs-653-cr-under-mahatari-vandana-yojana-1820923,Chhattisgarh CM Disburses Rs 653 Cr Under Mahatari Vandana Yojana,,2024-09-02 15:55:37,https://www.deccanchronicle.com/h-upload/2024/09/02/1837042-saiyojana.webp,deccanchronicle,4.0166829407805624e-50,3,25,111,2,29
547,Newsdata,https://www.deccanchronicle.com/general/how-bess-is-a-key-enabler-for-indias-clean-energy-transition-1821094,How BESS is a Key Enabler for India’s Clean Energy Transition,,2024-09-03 10:20:29,http://dc-cdn.s3-ap-southeast-1.amazonaws.com/dc-Cover-n6sib2m67kmcbd9fbq28k3vnh4-20160316184447.Medi.jpeg,deccanchronicle,1.2186599951348584e-14,43,95,318,14,120
548,Newsdata,https://www.deccanchronicle.com/nation/current-affairs/bihar-three-children-die-of-mysterious-fever-in-araria-district-1821092,Bihar: Three children die of 'mysterious fever' in Araria district,"The deceased were identified as Raunak Kumar (4), Ankush Kumar (2 months old) and Gauri Kumar (7)",2024-09-03 10:13:14,https://www.deccanchronicle.com/h-upload/2024/02/18/1096021-death.webp,deccanchronicle,8.149534160759931e-13,8,25,94,7,56
549,Newsdata,https://www.deccanchronicle.com/world/neighbours/indian-national-jailed-in-singapore-for-molesting-13-year-old-girl-1821091,Indian national jailed in Singapore for molesting 13-year-old girl,"For molesting a child below 14 years old, an offender can be jailed for up to five years, fined, caned, or receive any combination of such punishments. The man cannot be caned as he is over 50",2024-09-03 10:06:56,https://s3.ap-southeast-1.amazonaws.com/images.deccanchronicle.com/dc-Cover-rqvui4u8ma7qag2gscuklclbd7-20170925051642.Medi.jpeg,deccanchronicle,0.0301120606073601,4,10,35,5,26
550,Newsdata,https://www.deccanchronicle.com/southern-states/andhra-pradesh/rinl-launches-zero-demurrage-campaign-1820960,RINL Launches Zero Demurrage Campaign,,2024-09-02 17:26:43,https://www.deccanchronicle.com/h-upload/2024/09/02/1837118-dem.webp,deccanchronicle,6.357339346613476e-14,7,20,109,7,46
551,Newsdata,https://www.deccanchronicle.com/southern-states/telangana/mahbubnagar-deputy-state-tax-officer-in-acb-net-1821110,Mahbubnagar Deputy State Tax Officer in ACB Net,,2024-09-03 10:54:37,https://www.deccanchronicle.com/h-upload/2024/09/03/1837397-untitleddesign1.webp,deccanchronicle,1.2151797425495362e-19,5,8,65,3,20
552,Newsdata,https://www.deccanchronicle.com/nation/world/im-safe-my-people-are-safe-ap-dhillon-after-shots-fired-outside-his-canada-home-1821108,I'm safe. My people are safe: AP Dhillon after shots fired outside his Canada home,,2024-09-03 10:45:34,https://www.deccanchronicle.com/h-upload/2024/09/03/1837394-untitleddesign-2024-09-03t161438840.webp,deccanchronicle,0.9869079105296593,2,16,92,16,30
553,Newsdata,https://www.deccanchronicle.com/southern-states/andhra-pradesh/17k-evacuated-as-vijayawada-faces-severe-flooding-1821104,Andhra Pradesh hit by Heaviest Rainfall in 50 years,,2024-09-03 10:38:43,https://www.deccanchronicle.com/h-upload/2024/09/03/1837391-aa-2950608-display.webp,deccanchronicle,6.235567488036422e-72,10,25,93,1,34
554,Newsdata,https://www.deccanchronicle.com/sports/wtc-final-to-be-played-at-lords-from-june-11-15-next-year-icc-1821102,ICC confirms this iconic venue for finals of World Test Championship,,2024-09-03 10:37:32,https://www.deccanchronicle.com/h-upload/2024/09/03/1837387-e31pwa1xwaep2u0.webp,deccanchronicle,9.912035299169975e-17,9,22,78,3,27
555,Newsdata,https://www.deccanchronicle.com/nation/modi-arrives-in-brunei-on-official-visit-1821097,Modi arrives in Brunei on official visit,,2024-09-03 10:26:37,https://www.deccanchronicle.com/h-upload/2024/07/25/1826722-modi.webp,deccanchronicle,0.9946036110737092,1,15,65,0,15
556,Newsdata,https://www.deccanchronicle.com/southern-states/telangana/flood-relief-funds-telangana-govt-employees-donate-one-day-basic-salary-for-victims-1821096,Flood relief funds: Telangana govt employees donate one-day basic salary for victims,"The JAC comprising unions of ordinary employees, gazetted officers, teachers, workers, pensioners, contract and outsourcing employees declared that it would contribute one day's basic salary to the treasury for the cause. They asked the government to cut the amount from their September payment and deposit the same to the treasury, which it is learnt to amount to Rs 100 crore",2024-09-03 10:26:31,https://www.deccanchronicle.com/h-upload/2024/09/03/1837384-ten.webp,deccanchronicle,0.002405949470296535,2,16,88,10,29
557,Newsdata,https://www.deccanchronicle.com/lifestyle/health-and-well-being/over-one-third-of-grocery-products-listed-on-leading-e-commerce-platform-have-information-discrepancies-finds-natfirst-study-1821095,"One-third of grocery products on leading e-commerce platform have labelling discrepancies, finds Natfirst Study","Analysis of 2,871 packaged grocery products reveals labelling discrepancies including missing nutritional table, as per FSSAI norms",2024-09-03 10:26:12,https://www.deccanchronicle.com/h-upload/2024/09/03/1837383-untitleddesign-2024-09-03t155329741.webp,deccanchronicle,4.2289153989434543e-41,12,33,119,2,37
558,Newsdata,https://timesofindia.indiatimes.com/auto/bikes/jawa-42-fj-launched-at-rs-1-99-lakh-key-things-about-this-re-classic-350-rival/articleshow/113021990.cms,Jawa 42 FJ launched at Rs 1.99 lakh: Key things about this RE Classic 350 rival,"Jawa Yezdi Motorcycles has unveiled the Jawa 42 FJ at Rs 1.99 lakh, featuring a modern-retro design and powered by a new 334 cc engine. It offers all-LED lighting, a digital instrument console, and dual-channel ABS. Bookings are now open with deliveries commencing soon. It competes with TVS Ronin and RE Classic 350.",2024-09-03 10:16:05,"https://static.toiimg.com/photo/msid-113021986,imgsize-57728.cms",toi,3.886904754458982e-12,1,37,118,8,36
588,Newsdata,https://theprint.in/environment/us-cftc-issues-first-guidelines-for-carbon-credit-markets/2277414/,US CFTC issues first guidelines for carbon credit markets,(Reuters) - The U.S. Commodity Futures Trading Commission on Friday approved the first guidelines for the trading of voluntary carbon credit derivative contracts in the country. Carbon credit,2024-09-20 19:15:34,https://static.theprint.in/wp-content/uploads/2024/09/US_809-696x464.jpg,theprint,5.86055980087972e-13,7,35,132,8,53
559,Newsdata,https://economictimes.indiatimes.com/industry/renewables/toyota-maruti-get-into-top-gear-with-marketing-for-hybrids-in-uttar-pradesh/articleshow/113021825.cms,"Toyota, Maruti get into top gear with marketing for hybrids in Uttar Pradesh","Japanese automakers Toyota and Maruti Suzuki are aggressively marketing their hybrid cars in Uttar Pradesh, leveraging tax waivers to attract buyers. This move has sparked concerns among rivals like Tata Motors and Hyundai, who fear it will hurt their electric vehicle sales. Hybrid car inquiries have surged, driven by significant tax savings.",2024-09-03 10:09:00,"https://img.etimg.com/thumb/msid-113022044,width-1200,height-630,imgsize-8476,overlay-economictimes/photo.jpg",economictimes_indiatimes,0.00013152819276712963,19,31,167,16,98
560,Newsdata,https://theprint.in/science/canadas-wildfires-last-yr-emitted-more-carbon-in-5-months-than-most-major-industrial-nations-annually/2249899/,Canada’s wildfires last yr emitted more carbon in 5 months than most major industrial nations annually,"The study, led by NASA-JPL scientists and published in Nature, used observational data from a European Space Agency satellite to quantify carbon emissions from these megafires.",2024-09-03 08:07:28,https://static.theprint.in/wp-content/uploads/2024/09/Wildfire-696x392.jpg,theprint,2.515057725307139e-16,30,92,233,7,101
561,Newsdata,https://www.deccanchronicle.com/southern-states/telangana/seminar-highlights-higher-educations-role-in-indias-2047-vision-1821147,Seminar Highlights Higher Education’s Role in India’s 2047 Vision,"St Francis College for Women organised the two-day national seminar that explores topics such as skill enhancement, national security, and the integration of digitalisation for e-governance",2024-09-03 14:07:34,https://www.deccanchronicle.com/h-upload/2024/09/03/1837483-img-20240903-wa0023.webp,deccanchronicle,1.0561036654744385e-10,3,31,77,3,27
562,Newsdata,https://www.deccanchronicle.com/southern-states/kerala/ldf-mla-meets-kerala-cm-after-levelling-allegations-against-top-cops-1821146,LDF MLA Meets Kerala CM After Levelling Allegations Against Top Cops,"""My responsibility as a comrade has ended. Now it's up to the government to take action,"" Anvar",2024-09-03 13:57:42,https://www.deccanchronicle.com/h-upload/2024/09/03/1837477-pvanvar.webp,deccanchronicle,0.7674995680136052,13,24,145,23,77
563,Newsdata,https://www.deccanchronicle.com/southern-states/telangana/revanth-reddy-felicitates-two-cis-for-providing-timely-help-to-railway-passengers-in-mahabubabad-1821145,Revanth Reddy felicitates two CIs for providing timely help to railway passengers in Mahabubabad,"Railway tracks at Kesamudram were washed away in the flood waters following which passengers got stranded at the Mahabubabad railway station. As the railway tracks got washed away, several trains were cancelled on the route due to which passengers faced many hardship",2024-09-03 13:52:04,https://www.deccanchronicle.com/h-upload/2024/09/03/1837472-feli.webp,deccanchronicle,8.974542550607073e-61,6,5,47,1,18
564,Newsdata,https://theprint.in/environment/canadas-insurance-sector-faces-climate-catastrophe-claim-deluge/2250797/,Canada’s insurance sector faces climate catastrophe claim deluge,"By Nivedita Balu TORONTO (Reuters) - Hotter summers in Canada that have sparked wildfires in tourist areas, intense hailstorms and thunderstorms with severe flooding in major cities, all likely linked",2024-09-03 10:17:21,https://static.theprint.in/wp-content/uploads/2024/09/Canadas_744-696x464.jpg,theprint,3.7977313242360525e-07,32,85,330,26,155
565,Newsdata,https://timesofindia.indiatimes.com/auto/bikes/revolt-rv1-e-bike-launched-at-rs-84990-runs-at-just-5-the-cost-of-petrol-bikes/articleshow/113431710.cms,"Revolt RV1 e-bike launched at Rs 84,990: Runs at just 5% the cost of petrol bikes","Revolt Motors has unveiled the RV1 electric commuter motorcycle in two variants: RV1 and RV1+, priced at Rs 84,990 and Rs 99,990 respectively. The bike boasts up to 95 percent savings in running costs compared to petrol motorcycles. Key features include multiple speed modes, reverse mode, and a portable battery. Bookings are now open with deliveries commencing soon.",2024-09-17 14:08:20,"https://static.toiimg.com/thumb/msid-113431702,imgsize-93266,width-400,resizemode-4/113431702.jpg",toi,1.2322202601960531e-17,9,27,88,4,38
566,Newsdata,https://theprint.in/environment/biden-administration-spending-climate-cash-fast-as-trump-threatens-to-cancel-it/2273663/,"Biden administration spending climate cash fast, as Trump threatens to cancel it",By Valerie Volcovici WASHINGTON (Reuters) - Former President Donald Trump has said he would cancel all unspent funds from President Joe Biden's signature climate law if he wins the presidential,2024-09-18 15:16:36,https://static.theprint.in/wp-content/uploads/2024/09/Biden_764-696x464.jpg,theprint,4.558222257472678e-05,23,44,221,23,107
567,Newsdata,https://theprint.in/environment/polish-power-system-is-safe-despite-flooding-grid-operator-says/2273574/,"Polish power system is safe despite flooding, grid operator says","WARSAW (Reuters) - The Polish power system is safe despite ongoing flooding, power grid operator PSE said on Wednesday. PSE is using helicopters to check power lines and transformer stations, while",2024-09-18 14:16:30,https://static.theprint.in/wp-content/uploads/2024/09/Polish_604-696x389.jpg,theprint,2.062719869557314e-21,3,12,76,3,33
568,Newsdata,https://theprint.in/environment/factbox-central-europe-experiencing-worst-floods-in-at-least-two-decades/2273571/,Factbox-Central Europe experiencing worst floods in at least two decades,"WARSAW (Reuters) - Central Europe is experiencing the worst floods in at least two decades, with a trail of destruction from Romania to Poland and and the deaths of at least 23 people so far. Below",2024-09-18 14:16:21,https://static.theprint.in/wp-content/uploads/2024/09/Factbox-Central_660-696x522.jpg,theprint,3.675915282054511e-81,19,52,266,4,108
569,Newsdata,https://www.deccanchronicle.com/general/innovative-spine-surgery-technologies-to-take-center-stage-at-the-27th-annual-conference-of-neuro-spinal-surgeons-of-india-1824374,Innovative Spine Surgery Technologies to Take Center Stage at the 27th Annual Conference of Neuro-Spinal Surgeons of India,,2024-09-18 12:32:19,https://www.deccanchronicle.com/h-upload/2024/09/18/1843075-untitleddesign13.webp,deccanchronicle,1.5965468785587318e-14,5,50,160,8,60
570,Newsdata,https://www.thehindu.com/sci-tech/energy-and-environment/india-experiences-the-second-hottest-period-since-1970-due-to-climate-change/article68656779.ece,India experiences the second hottest period since 1970 due to climate change,"A report titled released on Wednesday by climate experts at Climate Central said the months of June, July, and August 2024 recorded the second hottest season since 1970",2024-09-18 17:23:51,https://th-i.thgim.com/public/incoming/1sjck1/article68657253.ece/alternates/LANDSCAPE_1200/YE_2015_The_Hottest_Year.JPEG-045a5.jpg,thehindu,4.1601731520059035e-71,19,61,202,2,74
589,Newsdata,https://www.deccanchronicle.com/southern-states/telangana/president-murmu-to-arrive-in-city-on-sept-28-to-attend-nalsar-convocation-1825077,"President Murmu to arrive in city on Sept 28, to attend Nalsar convocation",,2024-09-21 16:16:45,https://www.deccanchronicle.com/h-upload/2024/06/27/1099938-murmu.webp,deccanchronicle,8.944472896936906e-34,3,8,65,2,18
591,Newsdata,https://www.deccanchronicle.com/southern-states/telangana/post-flood-kodad-locals-seek-hydraa-like-action-1825075,"Post flood, Kodad locals seek HYDRAA-like action",,2024-09-21 16:09:00,https://www.deccanchronicle.com/h-upload/2024/09/21/1844117-land.webp,deccanchronicle,3.52662674897714e-17,8,24,164,9,63
571,Newsdata,https://timesofindia.indiatimes.com/city/chandigarh/climate-change-exposed-2-billion-to-more-than-30-days-of-health-threatening-temperatures-between-june-august/articleshow/113466205.cms,Climate change exposed 2 billion to more than 30 days of health-threatening temperatures between June-August,"A new Climate Central report indicates that one in four people globally experienced climate change-driven temperatures daily from June to August. Over 2 billion faced more than 30 days of risky heat. India saw its second-hottest season since 1970, with major cities like Mumbai, Kanpur, and Delhi significantly impacted by extreme temperatures.",2024-09-18 17:04:14,"https://static.toiimg.com/thumb/msid-113466626,imgsize-761375,width-400,height-225,resizemode-72/113466626.jpg",toi,2.272850159653333e-14,18,79,188,3,59
572,Newsdata,https://theprint.in/environment/climate-related-one-two-punch-seen-driving-los-angeles-wildfires/2274025/,Climate-related ‘one-two punch’ seen driving Los Angeles wildfires,"By Andrew Hay (Reuters) - Wildfires around Los Angeles have burned rapidly in the past week after vegetation growth and record heat blamed on climate change, and Southern California blazes could get",2024-09-18 20:30:30,https://static.theprint.in/wp-content/uploads/2024/09/Climate-related_117-696x464.jpg,theprint,1.5115515372096093e-13,24,40,183,8,71
573,Newsdata,https://www.deccanchronicle.com/southern-states/andhra-pradesh/free-sand-is-available-from-today-1824675,Free Sand Is Available From Today,,2024-09-19 18:25:22,https://www.deccanchronicle.com/h-upload/2024/09/19/1843559-eluru.webp,deccanchronicle,2.1077156638194987e-11,3,10,44,3,19
574,Newsdata,https://www.deccanchronicle.com/southern-states/telangana/thousands-join-grand-milad-un-nabi-procession-1824674,Thousands join grand Milad-un-Nabi procession,,2024-09-19 18:25:21,https://www.deccanchronicle.com/h-upload/2024/09/19/1843557-11.webp,deccanchronicle,1.9477039722506481e-87,6,11,138,2,34
575,Newsdata,https://www.deccanchronicle.com/southern-states/andhra-pradesh/centre-sanctions-rs-6585-crore-to-ap-for-national-highways-1824672,"Centre Sanctions Rs 6,585 Crore to AP for National Highways",,2024-09-19 18:23:14,https://www.deccanchronicle.com/h-upload/2024/09/19/1843554-nitingadkari.webp,deccanchronicle,1.2013120341093049e-30,3,10,121,5,42
576,Newsdata,https://www.deccanchronicle.com/southern-states/telangana/singareni-staff-donates-rs-1025-cr-to-cmrf-1824671,Singareni staff donates Rs 10.25 cr to CMRF,,2024-09-19 18:20:30,https://www.deccanchronicle.com/h-upload/2024/09/19/1843550-10.webp,deccanchronicle,1.5642884103003504e-41,0,6,74,2,16
577,Newsdata,https://www.deccanchronicle.com/southern-states/andhra-pradesh/second-stranded-boat-salvaged-in-krishna-1824670,Second Stranded Boat Salvaged in Krishna,,2024-09-19 18:20:27,https://www.deccanchronicle.com/h-upload/2024/09/19/1843551-boat.webp,deccanchronicle,0.9998952588325928,8,8,36,7,25
578,Newsdata,https://www.deccanchronicle.com/southern-states/telangana/onoe-will-save-public-money-kishan-1824668,ONOE will save public money: Kishan,,2024-09-19 18:16:48,https://www.deccanchronicle.com/h-upload/2024/09/19/1843548-9.webp,deccanchronicle,1.6435015814946928e-28,5,13,61,2,22
579,Newsdata,https://www.deccanchronicle.com/southern-states/telangana/bandi-fumes-over-ttd-laddu-controversy-1824665,Bandi fumes over TTD laddu controversy,,2024-09-19 18:12:13,https://www.deccanchronicle.com/h-upload/2024/09/19/1843545-8.webp,deccanchronicle,3.82498284493871e-17,2,16,67,3,19
580,Newsdata,https://www.deccanchronicle.com/hyderabad-drf-team-rescues-eagle-trapped-in-wires,Hyderabad: DRF team rescues eagle trapped in wires,,2024-09-20 03:24:26,https://www.deccanchronicle.com/h-upload/2024/09/20/1843669-gx4jleiwmaalvxn.webp,deccanchronicle,1.0199606379960546e-11,4,2,42,3,18
581,Newsdata,https://timesofindia.indiatimes.com/city/surat/64-year-old-rapes-his-five-year-old-niece-in-surat/articleshow/113508002.cms,64-year-old rapes his five-year-old niece in Surat,Kapodra police have apprehended a 64-year-old man for allegedly raping his five-year-old niece on Sep 13. The crime was revealed when the child's mother returned from Uttar Pradesh and consulted a doctor. The accused is charged under the Bharatiya Nyaya Sanhita and Pocso Act.,2024-09-20 03:01:36,"https://static.toiimg.com/thumb/msid-113511655,imgsize-35946,width-400,height-225,resizemode-72/113511655.jpg",toi,0.9999341171596602,10,7,56,13,46
582,Newsdata,https://timesofindia.indiatimes.com/city/surat/con-artist-held-for-posing-as-customs-inspector-in-surat/articleshow/113507979.cms,Con artist held for posing as customs inspector in Surat,"Himanshu Rai, a 25-year-old aviation diploma holder from Bihar, was arrested in Surat for impersonating a customs inspector and scamming people with fake job offers. Over nine months, he defrauded individuals from Surat, Delhi, and Goa of Rs 12.75 lakh. Police seized various items used in his deception.",2024-09-20 03:01:21,"https://static.toiimg.com/thumb/msid-113508511,imgsize-593353,width-400,height-225,resizemode-72/113508511.jpg",toi,0.992648458297913,7,12,96,13,46
583,Newsdata,https://timesofindia.indiatimes.com/auto/bikes/royal-enfield-bullet-battalion-black-launched-at-rs-1-75-lakh-whats-new/articleshow/113512893.cms,Royal Enfield Bullet 'Battalion Black' launched at Rs 1.75 lakh: What's new,"Royal Enfield has unveiled the Bullet 350 'Battalion Black' edition at Rs 1,74,730 in Delhi. This new variant incorporates vintage design elements like a bench seat and hand-painted gold pinstripes while maintaining its existing mechanical specs. It is positioned above the military variant and adds a nostalgic touch to the lineup ahead of the festive season.",2024-09-20 05:36:08,"https://static.toiimg.com/thumb/msid-113512841,imgsize-43504,width-400,resizemode-4/113512841.jpg",toi,9.630459692419501e-10,9,32,100,7,26
584,Newsdata,https://theprint.in/environment/scant-green-premium-stalls-over-450-low-carbon-projects-analysis-shows/2275890/,"Scant green premium stalls over 450 low-carbon projects, analysis shows","SINGAPORE (Reuters) - High-emitting industries are struggling to finance more than 450 large-scale low-carbon projects, with demand for green products still too weak to justify investment, according",2024-09-20 05:16:41,https://static.theprint.in/wp-content/uploads/2024/09/Scant_643-696x465.jpg,theprint,7.756290424077953e-08,8,37,127,10,62
585,Newsdata,https://timesofindia.indiatimes.com/city/surat/brutal-lynching-of-diamond-worker-in-surat-six-arrested-two-minors-involved/articleshow/113530471.cms,"Six men, two minors held for lynching diamond worker in Surat",,2024-09-20 14:48:45,"https://static.toiimg.com/thumb/msid-47529300,imgsize-110164,width-400,height-225,resizemode-72/47529300.jpg",toi,0.7743437461115247,11,9,104,13,57
586,Newsdata,https://timesofindia.indiatimes.com/city/surat/eight-arrested-for-lynching-diamond-artisan-over-alleged-theft-in-surat/articleshow/113530469.cms,Eight held for lynching diamond artisan over alleged theft,,2024-09-20 14:48:38,"https://static.toiimg.com/thumb/msid-47529300,imgsize-110164,width-400,height-225,resizemode-72/47529300.jpg",toi,0.7249001437956241,21,18,210,26,114
587,Newsdata,https://timesofindia.indiatimes.com/city/surat/lynching-of-diamond-artisan-in-surat-six-arrested-two-minors-involved/articleshow/113530325.cms,"Six men, two minors held for lynching diamond artisan in Surat",,2024-09-20 14:39:41,"https://static.toiimg.com/thumb/msid-47529300,imgsize-110164,width-400,height-225,resizemode-72/47529300.jpg",toi,0.7743437461115247,11,9,104,13,57
592,Newsdata,https://www.deccanchronicle.com/southern-states/andhra-pradesh/andhra-pradesh-woman-sells-15-day-old-baby-for-rs-80000-1825074,"Andhra Pradesh Woman Sells 15-Day-Old Baby for Rs 80,000",,2024-09-21 16:08:56,https://www.deccanchronicle.com/h-upload/2024/09/21/1844116-childinfrantbirthtoesbaby.webp,deccanchronicle,0.3439016704535577,5,15,58,10,18
593,Newsdata,https://www.deccanchronicle.com/southern-states/telangana/girl-refuses-to-stay-in-hostel-jumps-from-building-1825073,"Karimnagar: Teen refuses to stay in hostel, jumps from building","A few days back, she went to her house and refused to come back to the hostel. But her parents convinced her to go, saying they will bring her back during Dussehra holidays",2024-09-21 16:06:57,https://www.deccanchronicle.com/h-upload/2024/08/22/1832845-patientsundergoingtreatmentinmkcghospitalinodishasberhampur.webp,deccanchronicle,0.9999999968459659,8,5,45,13,24
594,Newsdata,https://www.deccanchronicle.com/southern-states/andhra-pradesh/ttd-to-perform-maha-santhi-yagam-following-ghee-controversy-1825072,TTD to Perform Maha Santhi Yagam Following Ghee Controversy,,2024-09-21 15:44:47,https://www.deccanchronicle.com/h-upload/2024/09/21/1844114-ttdtirumalatirupatiyagam.webp,deccanchronicle,4.8126822827945614e-39,8,17,102,3,36
595,Newsdata,https://www.deccanchronicle.com/southern-states/andhra-pradesh/ysrc-calls-for-probe-into-ttd-laddu-allegations-1825213,YSRC calls for probe into TTD Laddu allegations,,2024-09-21 19:10:25,https://www.deccanchronicle.com/h-upload/2024/04/15/1084236-ambatirambabu.webp,deccanchronicle,1.940872004675021e-05,8,13,64,6,24
596,Newsdata,https://www.deccanchronicle.com/southern-states/telangana/pac-meet-ends-in-chaos-brs-mlas-walk-out-1825185,"PAC Meet Ends in Chaos, BRS MLAs Walk Out",,2024-09-21 20:29:41,https://www.deccanchronicle.com/h-upload/2024/09/21/1844224-areka.webp,deccanchronicle,0.004168742689786301,7,18,154,17,67
597,Newsdata,https://www.deccanchronicle.com/southern-states/telangana/security-guard-run-over-by-lorry-in-medchal-1825184,Security Guard Run Over by Lorry in Medchal,,2024-09-21 20:22:33,https://www.deccanchronicle.com/h-upload/2024/01/26/1844222-roadaccident.webp,deccanchronicle,0.00010738921452830125,20,40,446,40,174
598,Newsdata,https://timesofindia.indiatimes.com/home/environment/global-warming/as-drought-threat-grows-a-dead-tree-emoji-is-coming/articleshow/113558625.cms,"As drought threat grows, a 'dead tree' emoji is coming",,2024-09-21 20:20:10,"https://static.toiimg.com/thumb/msid-113558633,imgsize-262268,width-400,resizemode-4/113558633.jpg",toi,5.867595690668245e-17,19,30,124,7,62
599,Newsdata,https://theprint.in/environment/california-firefighter-accused-of-sparking-blazes-in-the-states-wine-country/2278556/,California firefighter accused of sparking blazes in the state’s wine country,"By Rich McKay (Reuters) - A California firefighter has been arrested and accused of setting five blazes in the state's wine country, even as his fellow firefighters battle flames that have consumed",2024-09-21 21:15:18,https://static.theprint.in/wp-content/uploads/2024/09/California_914-696x464.jpg,theprint,2.3375448030743967e-19,13,17,144,8,63
600,Newsdata,https://www.deccanchronicle.com/southern-states/telangana/hydraa-16-sheds-in-kukatpally-lake-three-multi-storied-buildings-27-villas-in-ameenpur-demolished-1825235,"HYDRAA: 16 sheds in Kukatpally lake, three multi-storied buildings, 27 villas in Ameenpur demolished","At Kukatpally lake, a shed raised in the FTL area where catering business is being run and where the staff are living was also demolished",2024-09-22 11:34:48,https://www.deccanchronicle.com/h-upload/2024/09/22/1844331-untitleddesign-2024-09-22t170305114.webp,deccanchronicle,0.9999999999999849,6,5,48,0,34
601,Newsdata,https://www.deccanchronicle.com/world/americas/strong-india-japan-ties-great-for-global-prosperity-pm-modi-1825233,Strong India-Japan ties great for global prosperity: PM Modi,"The two Prime Ministers reviewed the multi-faceted relationship between the two countries and exchanged views to deepen cooperation further, including defence and security ties and business to business and people-to-people collaborations",2024-09-22 11:10:35,https://www.deccanchronicle.com/h-upload/2024/09/22/1844323-indjap.webp,deccanchronicle,0.00022298529408123558,13,52,236,25,102
602,Newsdata,https://www.deccanchronicle.com/southern-states/andhra-pradesh/vizag-hosts-guinness-world-record-crochet-event-1825291,Vizag Hosts Guinness World Record Crochet Event,,2024-09-22 17:32:56,https://www.deccanchronicle.com/h-upload/2024/09/22/1844391-crochetsquares3.webp,deccanchronicle,3.1343358656426655e-71,4,10,69,1,16
603,Newsdata,https://www.deccanchronicle.com/southern-states/andhra-pradesh/andhra-pradesh-bjp-holds-special-prayers-following-laddu-row-1825290,Andhra Pradesh: BJP Holds Special Prayers Following Laddu Row,,2024-09-22 17:32:26,https://www.deccanchronicle.com/h-upload/2024/09/22/1844390-tirupati.webp,deccanchronicle,5.308435587278898e-11,5,17,79,6,39
604,Newsdata,https://www.deccanchronicle.com/southern-states/telangana/i-am-a-mega-fan-too-says-bollywood-actor-aamir-khan-1825288,"Dancing Gave My Career an Edge, Says Chiranjeevi After Guinness World Record",,2024-09-22 17:27:16,https://www.deccanchronicle.com/h-upload/2024/09/22/1844384-gani9957.webp,deccanchronicle,0.9991652423607209,20,40,203,44,79
605,Newsdata,https://www.deccanchronicle.com/jr-ntr-fans-throng-devara-pre-release-event-venue,Tarak Fans Disappointed After Devara Event Cancelled Due to Huge Turnout of People,,2024-09-22 17:10:54,https://www.deccanchronicle.com/h-upload/2024/09/22/1844376-devara.webp,deccanchronicle,6.550037523966099e-40,2,12,57,2,34
606,Newsdata,https://www.deccanchronicle.com/southern-states/andhra-pradesh/ex-ttd-chairman-accuses-naidu-of-plotting-against-ysrc-1825364,Ex-TTD chairman accuses Naidu of plotting against YSRC,,2024-09-22 18:00:43,https://www.deccanchronicle.com/h-upload/2024/09/23/1844507-buhumana.webp,deccanchronicle,0.004800393043089212,19,32,155,15,71
607,Newsdata,https://www.deccanchronicle.com/southern-states/telangana/police-rescue-2-stranded-in-musi-river-1825304,Police Rescue 2 Stranded in Musi River,,2024-09-22 17:58:15,https://www.deccanchronicle.com/h-upload/2024/09/22/1844405-whatsappimage2024-09-22at63226pm.webp,deccanchronicle,1.0998434597640984e-15,9,2,78,5,42
608,Newsdata,https://www.deccanchronicle.com/southern-states/andhra-pradesh/kurnool-minister-to-inspect-seema-projects-progress-twice-a-month-1825303,Kurnool: Minister to inspect Seema projects’ progress twice a month,"Of that, Malyala lift scheme has been constructed to lift 3,850 cusecs of water",2024-09-22 17:54:22,https://www.deccanchronicle.com/h-upload/2024/09/22/1844401-irrigationministernimmalaramanaiduperformingjalaharatiatthemalyalaliftirrigationschemei1.webp,deccanchronicle,1.4201328887687636e-13,6,18,102,7,47
609,Newsdata,https://www.deccanchronicle.com/southern-states/telangana/rainfall-lashed-some-parts-of-hyderabad-1825302,Rainfall Lashed Some Parts of Hyderabad,,2024-09-22 17:54:14,https://images.deccanchronicle.com/ca551a92d68ae20b71b56dba53e9076fdbba5819-tc-img-preview.jpg,deccanchronicle,0.9999995761701947,12,47,199,0,79
610,Newsdata,https://www.deccanchronicle.com/southern-states/telangana/harish-flays-ponnams-claims-on-yellampalli-project-1825301,Harish Flays Ponnam’s Claims on Yellampalli Project,,2024-09-22 17:53:55,https://www.deccanchronicle.com/h-upload/2024/09/22/1844399-hairsh-rao.webp,deccanchronicle,0.9981682177914837,3,5,71,12,33
611,Newsdata,https://www.deccanchronicle.com/southern-states/andhra-pradesh/400-stolen-mobile-phones-recovered-in-ntr-district-1825300,400 Stolen Mobile Phones Recovered in NTR District,,2024-09-22 17:51:25,https://www.deccanchronicle.com/h-upload/2024/09/22/1844398-mobile.webp,deccanchronicle,1.881640200372796e-13,6,25,108,7,46
612,Newsdata,https://www.deccanchronicle.com/southern-states/telangana/bjp-slams-owaisi-for-misguiding-people-on-proposed-waqf-bill-1825299,BJP Slams Owaisi for Misguiding People on Proposed Waqf Bill,,2024-09-22 17:50:16,https://www.deccanchronicle.com/h-upload/2024/09/22/1844396-ram-chander.webp,deccanchronicle,9.715263388919973e-61,1,12,53,1,21
613,Newsdata,https://www.deccanchronicle.com/southern-states/telangana/sridhar-babu-refutes-claims-of-arekapudi-gandhi-defecting-to-congress-1825298,Sridhar Babu Refutes Claims of Arekapudi Gandhi Defecting to Congress,,2024-09-22 17:47:56,https://s3.ap-southeast-1.amazonaws.com/images.deccanchronicle.com/dc-Cover-ib1gf1a3v8e4ukhn295k2vq127-20240110213902.Medi.jpeg,deccanchronicle,5.025842776333738e-06,2,3,48,5,23
614,Newsdata,https://www.deccanchronicle.com/southern-states/andhra-pradesh/3-medicos-go-missing-in-asr-district-waterfalls-1825296,3 Medicos Go Missing in ASR District Waterfalls,,2024-09-22 17:44:29,https://images.deccanchronicle.com/dc-Cover-bsnudco08r3igtj44duecnr7m4-20180317003001.Medi.jpeg,deccanchronicle,1.896047016003052e-14,3,4,56,3,27
615,Newsdata,https://www.deccanchronicle.com/nation/current-affairs/jarange-claims-fadnavis-working-against-maratha-community-1825295,Jarange Claims Fadnavis Working Against Maratha Community,,2024-09-22 17:43:20,https://www.deccanchronicle.com/h-upload/2024/05/15/1090020-tmanojjarange-patil.webp,deccanchronicle,4.7244727633750564e-11,9,10,118,10,62
616,Newsdata,https://www.deccanchronicle.com/southern-states/andhra-pradesh/onam-celebrations-bring-kerala-spirit-to-visakhapatnam-1825351,Onam celebrations bring Kerala spirit to Visakhapatnam,,2024-09-22 20:25:49,https://www.deccanchronicle.com/h-upload/2024/09/22/1844467-22kmk01.webp,deccanchronicle,0.022900199134291165,1,14,47,0,12
617,Newsdata,https://www.deccanchronicle.com/southern-states/andhra-pradesh/bjps-youth-activists-lay-siege-to-jagans-home-1825349,BJP's youth activists lay siege to Jagan's home,,2024-09-22 20:19:32,https://www.deccanchronicle.com/h-upload/2024/07/31/1827966-jagan.webp,deccanchronicle,0.004088104692135136,5,10,95,10,31
618,Newsdata,https://www.deccanchronicle.com/southern-states/andhra-pradesh/naidu-announces-sit-to-probe-ghee-row-1825347,Naidu Announces SIT to Probe Ghee Row,,2024-09-22 20:11:49,https://www.deccanchronicle.com/h-upload/2024/08/01/1841636-chiefministernarachandrababunaidu.webp,deccanchronicle,7.500395883943222e-05,11,45,235,27,131
619,Newsdata,https://www.deccanchronicle.com/southern-states/telangana/brs-leaders-benefitted-their-relatives-tpcc-spokesperson-1825345,BRS Leaders Benefitted their Relatives: TPCC Spokesperson,,2024-09-22 19:59:04,https://www.deccanchronicle.com/h-upload/2024/09/22/1844464-brs.webp,deccanchronicle,1.0756581014378693e-19,4,15,102,5,34
620,Newsdata,https://timesofindia.indiatimes.com/auto/motorsports/lando-norris-claims-victory-at-singapore-grand-prix-closing-gap-to-max-verstappen/articleshow/113583517.cms,"Lando Norris claims victory at Singapore Grand Prix, closing gap to Max Verstappen","Lando Norris emerged victorious at the Singapore Grand Prix, securing his third win of the season. He led all 62 laps, finishing ahead of Max Verstappen and Oscar Piastri. This victory narrows Verstappen's lead in the drivers' standings and extends McLaren's advantage over Red Bull in the constructor standings.",2024-09-23 03:22:41,"https://static.toiimg.com/thumb/msid-113584144,imgsize-80712,width-400,resizemode-4/113584144.jpg",toi,7.510935241869444e-05,9,16,91,7,31
621,Newsdata,https://economictimes.indiatimes.com/industry/renewables/inox-wind-signs-rs-2200-crore-consortium-agreement-led-by-icici-bank/articleshow/113583066.cms,"Inox Wind signs Rs 2,200 crore consortium agreement led by ICICI Bank","Inox Wind Limited has signed a consortium agreement with 10 banks, led by ICICI Bank, for credit facilities worth Rs 2,200 crore. The company announced that these limits are mainly non-fund based and do not require corporate guarantees from its parent company. This move highlights the banking community's confidence in Inox Wind's financial strength.",2024-09-23 03:10:51,"https://img.etimg.com/thumb/msid-113583138,width-300,height-225,imgsize-7162,resizemode-75/inox-wind-energy.jpg",economictimes_indiatimes,5.190858139638874e-07,5,19,75,4,33
622,Newsdata,https://theprint.in/environment/explainer-why-are-ndcs-important-in-global-climate-talks/2279695/,Explainer-Why are NDCs important in global climate talks?,"By Virginia Furness and Alison Withers LONDON (Reuters) - In the world's struggle to halt and reverse climate change, countries periodically report on their plans and progress in bringing down",2024-09-23 04:16:01,https://static.theprint.in/wp-content/uploads/2024/09/Explainer-Why_366-696x464.jpg,theprint,3.0351748385299383e-06,38,62,265,24,135
623,Newsdata,https://theprint.in/environment/british-water-companies-fight-2-billion-lawsuits-over-sewage-pollution/2280644/,British water companies fight $2 billion lawsuits over sewage pollution,"By Sam Tobin LONDON (Reuters) - Six British water companies under-reported sewage discharges and overcharged millions of customers up to 1.5 billion pounds ($2 billion) as a result, lawyers bringing a",2024-09-23 14:16:36,https://static.theprint.in/wp-content/uploads/2024/09/British_613-696x474.jpg,theprint,2.5542655421499676e-45,10,22,127,4,68
624,Newsdata,https://economictimes.indiatimes.com/industry/renewables/tugboat-powered-by-ammonia-sails-for-the-first-time-showing-how-to-cut-emissions-from-shipping/articleshow/113604416.cms,"Tugboat powered by ammonia sails for the first time, showing how to cut emissions from shipping","A New York-based startup, Amogy, has successfully converted a 67-year-old diesel tugboat to run on cleanly-made ammonia, demonstrating a significant step towards zero-emissions maritime propulsion. This innovation aims to address the increasing carbon dioxide emissions from shipping, which account for about 3% of global emissions.",2024-09-23 13:40:48,"https://img.etimg.com/thumb/msid-113604438,width-1200,height-630,imgsize-133828,overlay-economictimes/photo.jpg",economictimes_indiatimes,0.06410743865282298,57,81,334,49,192
625,Newsdata,https://www.deccanchronicle.com/sports/akash-deep-reveals-virat-kohlis-grand-gesture-before-bangladesh-test-1825468,Akash Deep reveals Virat Kohli's grand gesture before Bangladesh Test,,2024-09-23 12:41:15,https://www.deccanchronicle.com/h-upload/2024/09/23/1844651-untitleddesign-2024-09-23t180812199.webp,deccanchronicle,0.9999364718122061,10,16,79,22,37
626,Newsdata,https://www.deccanchronicle.com/nation/goa-ministers-condemn-land-scam-allegations-against-cm-sawant-1825466,Goa ministers condemn land scam allegations against CM Sawant,,2024-09-23 12:27:21,https://www.deccanchronicle.com/h-upload/2024/09/23/1844647-chiefministerpramodsawant.jfif,deccanchronicle,0.0011817027414291641,0,17,82,11,48
627,Newsdata,https://www.deccanchronicle.com/nation/air-india-derosters-3-cabin-crew-members-for-lapses-in-opening-b777-aircraft-door-1825464,Air India derosters 3 cabin crew members for lapses in opening B777 aircraft door,,2024-09-23 12:24:02,https://www.deccanchronicle.com/h-upload/2024/01/24/1831060-airindiadcarchive10000100.webp,deccanchronicle,1.259803625859205e-91,15,8,88,2,62
628,Newsdata,https://www.deccanchronicle.com/southern-states/karnataka/minister-hk-patil-demands-suspension-of-bjp-mla-munirathna-1825508,Minister HK Patil Demands Suspension of BJP MLA Munirathna,,2024-09-23 17:26:02,https://www.deccanchronicle.com/h-upload/2024/09/23/1844722-munirathna1.jpg,deccanchronicle,6.363464537255352e-57,2,11,110,3,45
629,Newsdata,https://www.deccanchronicle.com/nation/cbi-grills-tmc-mla-in-rg-kar-doctors-rape-murder-case-1825507,"CBI grills TMC MLA in R G Kar doctor's rape, murder case",,2024-09-23 17:25:28,https://www.deccanchronicle.com/h-upload/2024/09/23/1844721-aa-30779181.webp,deccanchronicle,0.5976187618950599,7,12,98,14,46
630,Newsdata,https://www.deccanchronicle.com/southern-states/telangana/paliar-left-canal-water-release-today-tummala-1825506,Paliar Left Canal Water Release Today: Tummala,,2024-09-23 17:23:51,https://www.deccanchronicle.com/h-upload/2024/02/01/1099371-tummalanageswararao.webp,deccanchronicle,1.5161009057349803e-23,2,6,42,2,18
631,Newsdata,https://www.deccanchronicle.com/southern-states/telangana/despite-blanket-ban-posters-and-banners-continue-to-deface-public-spaces-1825505,"Despite Blanket Ban, Posters and Banners Continue to Deface Public Spaces",,2024-09-23 17:19:41,https://www.deccanchronicle.com/h-upload/2024/09/23/1844718-banners.webp,deccanchronicle,0.26289019785441825,14,26,111,18,59
632,Newsdata,https://www.deccanchronicle.com/southern-states/telangana/adivasi-concerns-brought-to-cm-revanths-notice-1825504,Adivasi Concerns Brought to CM Revanth’s Notice,,2024-09-23 17:17:56,https://www.deccanchronicle.com/h-upload/2024/08/21/1843517-revanthreddy.webp,deccanchronicle,7.312066287673222e-58,2,6,54,1,13
633,Newsdata,https://theprint.in/environment/bolivia-wildfires-set-to-blaze-past-record-as-forests-burn/2280924/,Bolivia wildfires set to blaze past record as forests burn,"By Monica Machicao LA PAZ (Reuters) - Wildfires in Bolivia are now running on a track to set an all-time record, latest satellite data show, with fire hot-spots to-date overtaking the rate in the same",2024-09-23 17:17:00,https://static.theprint.in/wp-content/uploads/2024/09/Bolivia_581-696x464.jpg,theprint,8.41806363710977e-09,14,32,150,11,55
634,Newsdata,https://theprint.in/environment/companies-ask-world-leaders-at-un-to-follow-through-on-renewables-targets/2280922/,Companies ask world leaders at UN to follow through on renewables targets,"By Valerie Volcovici and Simon Jessop NEW YORK (Reuters) - Executives from several major companies urged world leaders on Monday to follow through on an international agreement, made at the COP28",2024-09-23 17:16:44,https://static.theprint.in/wp-content/uploads/2024/09/Companies_671-696x459.jpg,theprint,1.22084985086176e-14,6,26,149,9,58
635,Newsdata,https://www.deccanchronicle.com/southern-states/telangana/rahul-lacks-the-confidence-says-kishan-reddy-1825503,"Rahul lacks the confidence, says Kishan Reddy",,2024-09-23 17:05:01,https://www.deccanchronicle.com/h-upload/2024/09/23/1844713-8.webp,deccanchronicle,1.6931058456033187e-13,11,10,97,6,37
636,Newsdata,https://www.deccanchronicle.com/southern-states/andhra-pradesh/ap-to-get-2l-tonnes-of-duty-free-maize-1825502,AP to get 2L tonnes of duty-free maize,,2024-09-23 17:04:15,https://www.deccanchronicle.com/h-upload/2024/06/12/1096755-nirmala.webp,deccanchronicle,5.634527367178977e-13,2,3,58,3,12
637,Newsdata,https://www.deccanchronicle.com/southern-states/telangana/brs-mlas-briefly-detained-during-gandhi-hospital-visit-1825572,BRS MLAs Briefly Detained During Gandhi Hospital Visit,,2024-09-23 19:09:37,https://www.deccanchronicle.com/h-upload/2024/09/23/1844784-san.webp,deccanchronicle,0.9973398649334462,10,10,78,14,43
638,Newsdata,https://www.deccanchronicle.com/southern-states/andhra-pradesh/andhra-pradesh-protest-over-newborns-death-1825571,Andhra Pradesh: Protest Over Newborn’s Death,,2024-09-23 19:08:58,https://images.deccanchronicle.com/dc-Cover-3m7ljqi0r9kdpibcp44fgvika0-20180220122028.Medi.jpeg,deccanchronicle,0.27091995739512664,2,4,52,7,28
639,Newsdata,https://www.deccanchronicle.com/southern-states/andhra-pradesh/simhachalam-temple-sourcing-ghee-from-visakha-dairy-1825570,Simhachalam Temple Sourcing Ghee from Visakha Dairy,,2024-09-23 19:08:10,https://www.deccanchronicle.com/h-upload/2024/09/23/1844777-simha.jpg,deccanchronicle,1.2679965123444e-74,5,8,57,1,22
640,Newsdata,https://www.deccanchronicle.com/southern-states/telangana/tanras-khans-tomb-in-search-of-the-last-mughal-court-musician-and-a-call-to-remember-1825569,Tanras Khan’s Tomb: In Search of the Last Mughal Court Musician and a Call to Remember,,2024-09-23 19:07:46,https://www.deccanchronicle.com/h-upload/2024/09/23/1844757-img-20240923-wa0001.jpg,deccanchronicle,0.058405969369587425,28,62,240,33,92
641,Newsdata,https://www.deccanchronicle.com/southern-states/telangana/heavy-rains-across-ghmc-1825568,Heavy Rains Across GHMC,GHMC to have rain until Thursday,2024-09-23 19:06:57,https://www.deccanchronicle.com/h-upload/2024/09/23/1844800-ssr5477.webp,deccanchronicle,0.9999998967484705,6,31,154,0,49
642,Newsdata,https://www.deccanchronicle.com/southern-states/telangana/ministers-to-be-at-gandhi-bhavan-twice-a-week-1825566,Ministers to Be at Gandhi Bhavan Twice a Week,,2024-09-23 18:59:06,https://www.deccanchronicle.com/h-upload/2024/03/26/1844795-gandhibhavan.webp,deccanchronicle,4.699115312138382e-55,10,18,134,3,44
643,Newsdata,https://www.deccanchronicle.com/southern-states/andhra-pradesh/new-ap-government-on-the-right-path-minister-bharath-1825565,New AP Government on the Right Path: Minister Bharath,,2024-09-23 18:56:52,https://www.deccanchronicle.com/h-upload/2024/09/23/1844750-ministertgbharatinauguratingannacanteenatoldbusstandareainkurnoolcityonmonday.webp,deccanchronicle,2.0731691792506752e-10,5,17,85,6,34
644,Newsdata,https://www.deccanchronicle.com/nation/eci-team-to-review-maharashtra-assembly-poll-preparation-1825563,ECI Team to Review Maharashtra Assembly Poll Preparation,,2024-09-23 18:56:23,https://www.deccanchronicle.com/h-upload/2024/09/23/1844737-eci.webp,deccanchronicle,4.178404618073583e-196,4,16,136,1,42
645,Newsdata,https://www.deccanchronicle.com/southern-states/telangana/hydraa-demolishes-encroaching-sheds-in-kavuri-hills-1825562,HYDRAA Demolishes Encroaching Sheds in Kavuri Hills,,2024-09-23 18:55:46,https://www.deccanchronicle.com/h-upload/2024/09/23/1844725-ssr5377.webp,deccanchronicle,6.78594802199154e-56,2,4,70,2,28
646,Newsdata,https://theprint.in/environment/leaders-at-un-urge-worlds-richest-to-do-more-on-climate/2281118/,Leaders at UN urge world’s richest to do more on climate,By Valerie Volcovici and Simon Jessop NEW YORK (Reuters) -Developing nations on Monday pleaded at the U.N. General Assembly for the world's richest to do more to help them cope with the hardships they,2024-09-23 23:30:07,https://static.theprint.in/wp-content/uploads/2024/09/Leaders_489-696x459.jpg,theprint,5.92652610481738e-12,23,52,260,16,108
647,Newsdata,https://theprint.in/environment/ecb-started-issuing-fine-notices-to-banks-not-meeting-climate-expectations/2282456/,ECB started issuing fine notices to banks not meeting climate expectations,"NEW YORK (Reuters) - The European Central Bank has started issuing fine notices to lenders not meeting its long-defined expectations on disclosing and managing climate risk, Irene Heemskerk, the head",2024-09-24 15:31:49,https://static.theprint.in/wp-content/uploads/2024/09/ECB_446-696x464.jpg,theprint,0.0003421660116485699,18,36,135,14,77
648,Newsdata,https://economictimes.indiatimes.com/industry/renewables/aditya-birla-renewables-raises-rs-2500-crore/articleshow/113639925.cms,Aditya Birla Renewables raises Rs 2500 crore,"Aditya Birla Group's renewable energy arm, Aditya Birla Renewables Limited, has raised Rs 2500 crore through non-convertible debentures. The funds will be used to expand capacity, repay debt, and for general corporate purposes. The debentures were issued with a coupon of 8.6% per annum and a tenure of three years.",2024-09-24 15:30:33,"https://img.etimg.com/thumb/msid-113639916,width-1200,height-630,imgsize-40708,overlay-economictimes/photo.jpg",economictimes_indiatimes,4.8729838393542825e-29,4,21,99,2,41
649,Newsdata,https://theprint.in/environment/us-builder-vulcan-to-fight-land-expropriation-in-mexico-ordered-in-presidents-final-week/2282643/,"US builder Vulcan to fight land expropriation in Mexico, ordered in president’s final week","MEXICO CITY (Reuters) -U.S. construction firm Vulcan Materials will defend itself using all available legal means, it said on Tuesday, after Mexico's outgoing president declared land that contains a",2024-09-24 17:31:33,https://static.theprint.in/wp-content/uploads/2024/09/US_322-1-696x406.jpg,theprint,8.855232654927621e-11,18,28,195,13,90
650,Newsdata,https://theprint.in/environment/storm-helene-to-hit-cuba-reach-hurricane-force-in-florida/2282641/,"Storm Helene to hit Cuba, reach hurricane-force in Florida",By Dave Sherwood HAVANA (Reuters) - Tropical Storm Helene is expected to unleash mudslides and flooding in Cuba before reaching major hurricane strength on Thursday as it hits Florida with,2024-09-24 17:31:21,https://static.theprint.in/wp-content/uploads/2024/09/Storm_524-696x464.jpg,theprint,1.6945053791358233e-49,3,17,90,2,33
651,Newsdata,https://theprint.in/environment/cuba-florida-brace-for-impact-as-tropical-storm-helene-barrels-north/2282761/,"Cuba, Florida brace for impact as Tropical Storm Helene barrels north",By Dave Sherwood HAVANA (Reuters) -Tropical Storm Helene is expected to unleash mudslides and flooding in Cuba before reaching major hurricane strength on Thursday as it hits Florida with,2024-09-24 20:16:17,https://static.theprint.in/wp-content/uploads/2024/09/Cuba_909-696x464.jpg,theprint,1.8265662059987337e-19,20,54,220,8,83
652,Newsdata,https://www.deccanchronicle.com/nation/current-affairs/polling-begins-for-second-phase-of-jk-assembly-elections-1825831,Polling begins for second phase of J&K assembly elections,,2024-09-25 02:07:46,https://www.deccanchronicle.com/h-upload/2024/09/25/1845128-new.webp,deccanchronicle,1.345347513069247e-42,10,61,358,13,153
653,Newsdata,https://www.deccanchronicle.com/southern-states/andhra-pradesh/heavy-rain-predicted-for-coastal-ap-1825830,Heavy rain predicted for coastal AP,Low-pressure forms over Bay,2024-09-25 01:56:31,https://www.deccanchronicle.com/h-upload/2024/08/31/1836099-rains.jfif,deccanchronicle,0.02337472420078126,3,20,48,0,22
654,Newsdata,https://www.deccanchronicle.com/nation/current-affairs/india-china-relationship-key-to-asias-future-eam-jaishankar-1825828,India-China relationship key to Asia's future: EAM Jaishankar,,2024-09-25 01:49:47,https://www.deccanchronicle.com/h-upload/2024/09/25/1845127-ani-20240925002123.webp,deccanchronicle,0.4553916682535181,36,43,125,26,94
655,Newsdata,https://theprint.in/environment/explainer-california-says-exxons-recycling-claims-created-a-public-nuisance-what-does-that-mean/2284035/,Explainer-California says Exxon’s recycling claims created a ‘public nuisance.’ What does that mean?,By Brendan Pierson (Reuters) - California's lawsuit on Monday accusing Exxon of fueling global plastic waste pollution by misleading the public about the limitations of recycling is the latest in a,2024-09-25 14:30:18,https://static.theprint.in/wp-content/uploads/2024/09/Explainer-California_673-696x465.jpg,theprint,1.4977160600529818e-11,33,67,262,17,122
656,Newsdata,https://www.thehindu.com/sci-tech/science/evolution-can-change-how-an-ecosystem-collapses-study-finds/article68682173.ece,"Evolution can change how an ecosystem collapses, study finds","Evolution, especially in the microbial world, can happen very quickly.",2024-09-25 13:31:48,https://th-i.thgim.com/public/incoming/93ebpx/article68682211.ece/alternates/LANDSCAPE_1200/2168011255.jpg,thehindu,0.006890269223084154,37,101,238,36,165
657,Newsdata,https://www.thehindu.com/sci-tech/energy-and-environment/why-are-ndcs-important-in-global-climate-talks/article68681949.ece,Why are NDCs important in global climate talks?,The NDC reports help countries coordinate their climate policies action with one another.,2024-09-25 12:46:05,https://th-i.thgim.com/public/incoming/xn6lbc/article68681957.ece/alternates/LANDSCAPE_1200/IMG_A_general_view_of_Du_2_1_06CT59RI.jpg,thehindu,0.00014453275392770057,39,64,224,25,134
658,Newsdata,https://www.thehindu.com/sci-tech/energy-and-environment/the-climate-is-crazy-ecuador-minister-says-as-country-faces-12-hour-power-cuts/article68681851.ece,‘The climate is crazy’ Ecuador minister says as country faces 12-hour power cuts,President Daniel Noboa said Ecuador was experiencing its worst drought in 61 years.,2024-09-25 12:32:58,https://th-i.thgim.com/public/incoming/1hm2hh/article68681886.ece/alternates/LANDSCAPE_1200/2024-09-17T220349Z_1616942889_RC2B2AA8XKN8_RTRMADP_3_ECUADOR-POWER.JPG,thehindu,1.1597270086062896e-07,9,11,57,6,35
659,Newsdata,https://timesofindia.indiatimes.com/auto/cars/mahindra-thar-roxx-4x4-prices-out-how-much-cheaper-than-scorpion/articleshow/113668191.cms,Mahindra Thar Roxx 4x4 prices out: How much cheaper than ScorpioN,"The Thar Roxx 4x4 will be powered by a 2.2-litre, 4-cylinder, MHawk turbo diesel engine which puts it 175hp of power and 370Nm of torque. Gearbox options include a 6-speed manual or a 6-speed torque converter. The SUV also gets Mahindra's 4XPLOR 4x4 system with an electronic locking differential and terrain modes such as Snow, Sand and Mud.",2024-09-25 12:08:28,"https://static.toiimg.com/thumb/msid-113668169,imgsize-1276230,width-400,resizemode-4/113668169.jpg",toi,3.8694081646394076e-47,12,43,158,3,40
660,Newsdata,https://timesofindia.indiatimes.com/auto/bikes/tvs-ronin-gets-big-price-cut-along-with-new-colour-options-details/articleshow/113668050.cms,TVS Ronin gets big price cut along with new colour options: Details,"TVS has slashed the base price of its Ronin model to Rs 1.35 lakh, ex-showroom. The company also unveiled a limited-edition 'Midnight Blue' variant with fluorescent green accents priced at Rs 1.72 lakh, ex-showroom. Bookings are now open with deliveries set to start soon.",2024-09-25 12:07:12,"https://static.toiimg.com/thumb/msid-113668855,imgsize-36426,width-400,resizemode-4/113668855.jpg",toi,2.105188507829302e-11,4,34,99,6,33
661,Newsdata,https://theprint.in/environment/tropical-storm-helene-expected-to-gain-hurricane-strength-threaten-florida/2284124/,"Tropical Storm Helene expected to gain hurricane strength, threaten Florida","By Rich McKay and Brendan O'Brien (Reuters) -Tropical Storm Helene was poised to become a hurricane on Wednesday as it rapidly intensified in the eastern Gulf of Mexico, threatening to bring",2024-09-25 15:16:56,https://static.theprint.in/wp-content/uploads/2024/09/Tropical_834-696x464.jpg,theprint,4.17585435679097e-07,16,41,199,15,85
695,Newsdata,https://www.deccanchronicle.com/nation/cm-urges-maoists-to-surrender-and-return-to-mainstream-life-1826633,"Crime and violence against women will be seriously dealt with, says Odisha CM",Odisha CM Mohan Majhi calls for strengthened coordination and zero tolerance against crime at Bhubaneswar conference,2024-09-28 11:29:52,https://www.deccanchronicle.com/h-upload/2024/09/28/1846217-untitleddesign-2024-09-28t165849947.webp,deccanchronicle,5.858189551932446e-08,12,42,214,17,95
662,Newsdata,https://theprint.in/environment/more-firm-clean-power-needed-to-hit-california-climate-goals-edison-intl-ceo-says/2284446/,"More firm clean power needed to hit California climate goals, Edison Intl. CEO says","NEW YORK (Reuters) - Fully decarbonizing California's electrical grid will require more firm clean power sources, including advanced geothermal and natural gas with carbon capture, Edison",2024-09-25 20:15:27,https://static.theprint.in/wp-content/uploads/2024/09/More_370-696x464.jpg,theprint,1.7155619381522653e-06,10,38,141,12,68
663,Newsdata,https://theprint.in/environment/brazil-drought-dries-river-and-stops-shipping-on-key-grains-corridor/2284486/,Brazil drought dries river and stops shipping on key grains corridor,"By Roberto Samora SAO PAULO (Reuters) - A widespread drought in Brazil has halted the transport of grains through the Madeira river, an important northern waterway linking key croplands with the",2024-09-25 21:15:55,https://static.theprint.in/wp-content/uploads/2024/09/Brazil_299-696x522.jpg,theprint,2.5868416036540737e-126,10,26,121,1,42
664,Newsdata,https://theprint.in/environment/focus-on-coal-miners-power-grid-as-south-africa-spends-just-sixth-of-climate-aid/2285712/,"Focus on coal miners, power grid as South Africa spends just sixth of climate aid","By Tim Cocks JOHANNESBURG (Reuters) - South Africa's donor-funded climate programme has spent just over a sixth of its allotted $11.6 billion, with a focus on expanding the power grid and preventing",2024-09-26 14:19:24,https://static.theprint.in/wp-content/uploads/2024/09/Focus_142-696x465.jpg,theprint,1.9267644769497607e-05,21,45,193,18,86
665,Newsdata,https://timesofindia.indiatimes.com/city/surat/licence-issued-after-death-payment-of-15l-accident-claim-ordered/articleshow/113705991.cms,Licence issued after death: Payment of 15L accident claim ordered,,2024-09-26 13:57:41,"https://static.toiimg.com/thumb/msid-47529300,imgsize-110164,width-400,height-225,resizemode-72/47529300.jpg",toi,1.1774832075622518e-07,11,22,105,11,65
666,Newsdata,https://www.prnewswire.com/apac/news-releases/acen-joins-climate-week-nyc-to-highlight-crucial-role-of-transition-credits-in-early-coal-retirement-302259983.html,ACEN joins Climate Week NYC to highlight crucial role of transition credits in early coal retirement,"NEW YORK, Sept. 26, 2024 /PRNewswire/ -- ACEN, the Ayala group's listed energy platform, joined this year's Climate Week NYC, the biggest annual climate event of its kind, with leaders from the world of business, tech, politics, academia and civil society. The company's participation...",2024-09-26 13:38:00,https://mma.prnewswire.com/media/2516689/ACEN_CEO_Eric_Francia_at_Climate_Week_NYC.jpg?p=original,prnewswire_apac,4.734895407524724e-12,27,64,338,20,114
667,Newsdata,https://timesofindia.indiatimes.com/auto/cars/mahindra-thar-roxx-vs-maruti-jimny-vs-force-gurkha-engine-specs-price-comparison/articleshow/113704538.cms,"Mahindra Thar Roxx vs Maruti Jimny vs Force Gurkha: Engine specs, price comparison","India's off-road SUV segment has become more practical with five-door versions of popular models such as the Mahindra Thar Roxx, Force Gurkha, and Maruti Suzuki Jimny. These vehicles now attract both adventure seekers and families. Mahindra has disclosed the pricing for its Thar Roxx 4WD variants, beginning at Rs 18.79 lakh.",2024-09-26 12:58:50,"https://static.toiimg.com/thumb/msid-113704708,imgsize-44284,width-400,resizemode-4/113704708.jpg",toi,1.8255710763871111e-31,11,38,149,4,38
668,Newsdata,https://www.deccanchronicle.com/southern-states/andhra-pradesh/andhra-pradesh-bojjannakonda-light-sound-show-to-debut-on-world-tourism-day-1826213,"Andhra Pradesh: Bojjannakonda light, sound show to debut on World Tourism Day",,2024-09-26 15:37:26,https://www.deccanchronicle.com/h-upload/2024/09/26/1845623-6.webp,deccanchronicle,8.39261800530623e-43,3,18,88,2,29
669,Newsdata,https://www.deccanchronicle.com/nation/politics/jp-nadda-labels-congress-a-spokesperson-of-urban-naxalism-1826211,JP Nadda Labels Congress a 'Spokesperson of Urban Naxalism',,2024-09-26 15:35:20,https://www.deccanchronicle.com/h-upload/2024/09/26/1845624-jpnaddainbhubaneswar.webp,deccanchronicle,5.6247468164980455e-05,28,66,258,28,103
670,Newsdata,https://www.deccanchronicle.com/nation/in-other-news/dpiit-to-appoint-survey-agencies-to-assess-regulatory-costs-across-states-1826209,DPIIT to Appoint Survey Agencies to Assess Regulatory Costs Across States,,2024-09-26 15:32:52,https://www.deccanchronicle.com/h-upload/2024/09/26/1845621-untitled.webp,deccanchronicle,7.435407658945271e-31,4,12,105,5,57
671,Newsdata,https://www.deccanchronicle.com/nation/in-other-news/government-to-mandate-whitelisting-of-urls-in-sms-traffic-by-october-2024-1826207,Government to Mandate Whitelisting of URLs in SMS Traffic by October 2024,,2024-09-26 15:28:42,https://www.deccanchronicle.com/h-upload/2024/09/26/1845620-la-1447720.webp,deccanchronicle,1.9698767997291787e-15,10,29,94,6,60
672,Newsdata,https://www.deccanchronicle.com/southern-states/telangana/telangana-hca-faces-backlash-over-u19-team-selection-1826206,Telangana: HCA Faces Backlash Over U19 Team Selection,,2024-09-26 15:28:05,https://www.deccanchronicle.com/h-upload/2024/09/26/1845618-hyderabad-cricket-association-logo.webp,deccanchronicle,3.507809855719534e-32,11,9,96,4,44
673,Newsdata,https://www.deccanchronicle.com/nation/india-poised-for-65-7-gdp-growth-in-fy25-govt-report-1826203,India poised for 6.5-7% GDP growth in FY25: Govt. report,,2024-09-26 15:22:18,https://www.deccanchronicle.com/h-upload/2024/09/26/1845608-5.webp,deccanchronicle,1.4643978727558828e-11,15,46,130,6,60
674,Newsdata,https://theprint.in/environment/back-to-hurricane-strength-john-soaks-mexicos-pacific-coast/2285804/,"Back to hurricane strength, John soaks Mexico’s Pacific coast","MEXICO CITY (Reuters) - Hurricane John strengthened once again on Thursday as it closed in on Mexico's southwestern coast dotted with ports and tourist hotspots, an area already soaked by the",2024-09-26 15:20:20,https://static.theprint.in/wp-content/uploads/2024/09/Back_467-696x464.jpg,theprint,1.0985828299105801e-15,15,25,116,6,48
675,Newsdata,https://www.deccanchronicle.com/entertainment/hollywood/local-youth-wins-28-international-awards-for-hollywood-film-trailer-1826202,Local Youth Wins 28 International Awards for Hollywood Film Trailer,,2024-09-26 15:17:36,https://www.deccanchronicle.com/h-upload/2024/09/26/1845607-26-puli-1a.webp,deccanchronicle,0.9997600863135554,12,21,112,19,49
676,Newsdata,https://www.deccanchronicle.com/business/economics/centre-to-borrow-rs-661-lakh-cr-in-h2-of-fy25-1826201,Centre to Borrow Rs 6.61 Lakh Cr in H2 of FY25,,2024-09-26 15:12:30,https://www.deccanchronicle.com/h-upload/2024/04/30/1087030-cash.webp,deccanchronicle,3.5707289161132484e-22,2,23,92,4,50
677,Newsdata,https://timesofindia.indiatimes.com/city/surat/athwalines-psi-arrested-for-rs-1-lakh-bribe-at-surat-railway-station/articleshow/113710230.cms,Athwalines PSI caught taking 1L bribe,,2024-09-26 16:27:38,"https://static.toiimg.com/thumb/msid-47529300,imgsize-110164,width-400,height-225,resizemode-72/47529300.jpg",toi,0.0006878477739294375,4,8,117,15,60
696,Newsdata,https://www.deccanchronicle.com/lifestyle/health-and-well-being/how-screen-time-food-are-linked-to-early-heart-attacks-1826631,Emerging Trends in Heart Health,,2024-09-28 11:23:25,https://images.deccanchronicle.com/dc-Cover-36rcm2f1og18gd65ikve26gog1-20171109150559.Medi.jpeg,deccanchronicle,0.7050814615466833,21,51,150,0,55
678,Newsdata,https://theprint.in/environment/exclusive-african-countries-eye-worlds-first-joint-debt-for-nature-swap/2285918/,Exclusive-African countries eye world’s first joint ‘debt-for-nature’ swap,"(Removes double reference to official's title) LONDON (Reuters) - At least five African countries are working on what could be the world's first joint ""debt-for-nature"" swap to raise at least $2",2024-09-26 16:17:18,https://static.theprint.in/wp-content/uploads/2024/09/Exclusive-African_538-696x454.jpg,theprint,1.147413352559789e-08,26,80,258,19,129
679,Newsdata,https://timesofindia.indiatimes.com/city/surat/chennai-engineer-arrested-for-rs-189-crore-extortion-scheme-targeting-nri-doctor/articleshow/113709539.cms,Engineer nabbed for Rs 1.89cr extortion,,2024-09-26 16:03:49,"https://static.toiimg.com/thumb/msid-47529300,imgsize-110164,width-400,height-225,resizemode-72/47529300.jpg",toi,0.9979967936103386,12,28,114,31,83
680,Newsdata,https://timesofindia.indiatimes.com/city/surat/tragic-fire-in-illegal-unit-claims-one-life-and-injures-eight-in-surat/articleshow/113709452.cms,"Fire breaks out in illegal unit; one dead, 8 injured",,2024-09-26 16:01:00,"https://static.toiimg.com/thumb/msid-47529300,imgsize-110164,width-400,height-225,resizemode-72/47529300.jpg",toi,1.392625129422058e-32,5,16,72,3,41
681,Newsdata,https://timesofindia.indiatimes.com/city/surat/athwalines-psi-caught-taking-rs-one-lakh-bribe/articleshow/113709426.cms,Athwalines PSI caught taking Rs one lakh bribe,,2024-09-26 16:00:42,"https://static.toiimg.com/thumb/msid-47529300,imgsize-110164,width-400,height-225,resizemode-72/47529300.jpg",toi,3.5268770670845216e-06,1,4,59,7,31
682,Newsdata,https://www.deccanchronicle.com/southern-states/telangana/kishan-moots-double-bedroom-homes-for-lake-oustees-1826214,Kishan Moots Double Bedroom Homes for Lake Oustees,,2024-09-26 15:38:05,https://www.deccanchronicle.com/h-upload/2024/04/28/1086619-kishanreddy.webp,deccanchronicle,5.195632507170826e-08,6,22,84,8,47
683,Newsdata,https://theprint.in/environment/uae-to-unveil-national-climate-plan-under-paris-pact-before-cop29/2286004/,UAE to unveil national climate plan under Paris pact before COP29,"By Valerie Volcovici (Reuters) - The United Arab Emirates aims to release its new national climate plan under the Paris climate agreement, outlining how it will cut its greenhouse gas emissions from",2024-09-26 17:16:17,https://static.theprint.in/wp-content/uploads/2024/09/UAE_822-696x451.jpg,theprint,1.9524153762310238e-09,9,29,135,9,50
684,Newsdata,https://timesofindia.indiatimes.com/home/environment/uk-names-rachel-kyte-as-new-climate-envoy/articleshow/113710681.cms,UK names Rachel Kyte as new climate envoy,"Rachel Kyte, an Oxford University professor specializing in climate policy, has been appointed as Britain's new climate envoy. Her role begins ahead of COP 29, the upcoming UN climate summit in Azerbaijan. With a background in sustainable energy and international roles at the World Bank and United Nations, Kyte aims to bolster UK's leadership in global climate politics.",2024-09-26 16:42:57,"https://static.toiimg.com/thumb/msid-113710731,imgsize-782264,width-400,resizemode-4/113710731.jpg",toi,1.4683866082592185e-11,7,17,82,6,34
685,Newsdata,https://timesofindia.indiatimes.com/city/surat/sgcci-launches-textile-task-force-to-boost-surats-textile-industry/articleshow/113714374.cms,SGCCI sets up task force to address textile sector issues,,2024-09-26 18:36:41,"https://static.toiimg.com/photo/msid-113714374,imgsize-.cms",toi,7.944075326626361e-30,6,17,125,5,48
686,Newsdata,https://timesofindia.indiatimes.com/city/surat/rajkot-cop-killed-in-road-accident/articleshow/113713718.cms,Rajkot cop killed in road accident,,2024-09-26 18:24:49,"https://static.toiimg.com/thumb/msid-47529300,imgsize-110164,width-400,height-225,resizemode-72/47529300.jpg",toi,5.829803533284711e-14,1,5,46,4,21
687,Newsdata,https://theprint.in/environment/zombie-hurricane-john-comes-back-to-life-lashing-mexicos-pacific-coast/2286151/,"‘Zombie’ hurricane John comes back to life, lashing Mexico’s Pacific coast","MEXICO CITY (Reuters) -Hurricane John strengthened once again on Thursday as it hurled rain at Mexico's southwestern coast dotted with ports and tourist hotspots, an area already soaked by the",2024-09-26 20:16:20,https://static.theprint.in/wp-content/uploads/2024/09/Zombie_864-696x464.jpg,theprint,1.6412140720375707e-15,28,45,195,9,80
688,Newsdata,https://www.deccanchronicle.com/southern-states/andhra-pradesh/scr-team-shoots-gold-at-14th-all-india-railway-archery-champ-1826325,SCR Team Shoots Gold at 14th All India Railway Archery Champ,,2024-09-26 20:54:30,https://www.deccanchronicle.com/h-upload/2024/09/26/1845758-rail.webp,deccanchronicle,1.5193073892831096e-09,3,17,97,7,22
689,Newsdata,https://www.deccanchronicle.com/southern-states/andhra-pradesh/competitive-protests-by-jana-sena-and-ysrc-at-machilipatnam-1826324,Competitive Protests by Jana Sena and YSRC at Machilipatnam,,2024-09-26 20:48:07,https://www.deccanchronicle.com/h-upload/2024/09/26/1845756-nani.webp,deccanchronicle,2.4782030176471996e-10,2,9,81,6,30
690,Newsdata,https://www.deccanchronicle.com/nation/politics/congress-pulls-up-himachal-minister-for-controversial-nameplate-diktat-1826322,Congress Pulls Up Himachal Minister for Controversial Nameplate Diktat,,2024-09-26 20:44:50,https://www.deccanchronicle.com/h-upload/2024/09/26/1845754-vikramadityasingh.webp,deccanchronicle,1.796579201062718e-20,10,19,148,8,76
691,Newsdata,https://theprint.in/environment/eu-changes-hydrogen-project-auction-rules-to-limit-chinese-presence/2287583/,EU changes hydrogen project auction rules to limit Chinese presence,By Julia Payne BRUSSELS (Reuters) - The European Union announced changes to its rules governing auctions for hydrogen grants in an effort to limit EU dependence on China in its renewable energy supply,2024-09-27 15:16:49,https://static.theprint.in/wp-content/uploads/2024/09/EU_415-696x453.jpg,theprint,1.1208926683110729e-12,18,57,178,8,76
692,Newsdata,https://theprint.in/environment/record-galapagos-debt-for-nature-swap-scrutinized-over-transparency-irregularities-claims/2287581/,Record Galapagos debt-for-nature swap scrutinized over transparency irregularities claims,"By Marc Jones LONDON (Reuters) - The Inter-American Development Bank's oversight body is scrutinizing whether a record ""debt-for-nature"" swap struck by Ecuador for its Galapagos Islands last year",2024-09-27 15:16:38,https://static.theprint.in/wp-content/uploads/2024/09/Record_862-696x464.jpg,theprint,4.972640103657032e-10,27,44,231,17,102
693,Newsdata,https://theprint.in/environment/russian-drought-threatens-2025-grain-crops/2287337/,Russian drought threatens 2025 grain crops,"MOSCOW (Reuters) - Russia's winter crop sowing is in a very difficult situation due to severe drought, which is expected to seriously affect next year's harvest, analysts and farming company",2024-09-27 13:16:19,https://static.theprint.in/wp-content/uploads/2024/09/Russian_986-696x499.jpg,theprint,2.7770109553643578e-12,17,38,158,10,76
694,Newsdata,https://www.deccanchronicle.com/world/neighbours/india-pledges-rs-474-million-for-construction-of-12-high-impact-projects-in-nepal-1826634,India pledges Rs 474 million for construction of 12 high-impact projects in Nepal,"These include the construction of school buildings and a multipurpose foundation building, according to a press release issued by the Embassy of India here",2024-09-28 11:30:15,https://www.deccanchronicle.com/h-upload/2024/09/28/1846216-flag.webp,deccanchronicle,3.9822301606562367e-110,3,12,92,1,24
697,Newsdata,https://www.deccanchronicle.com/nation/in-other-news/air-india-passenger-finds-cockroach-in-food-served-on-delhi-new-york-flight-airline-expresses-concern-1826630,Air India passenger finds cockroach in food served on Delhi-New York flight; airline expresses concern,"In a post on X, the passenger said a cockroach was found in the omelette served on the flight from Delhi to New York",2024-09-28 11:21:12,https://www.deccanchronicle.com/h-upload/2024/08/06/1829254-airindia.webp,deccanchronicle,0.005918961087435653,6,14,87,11,41
698,Newsdata,https://www.deccanchronicle.com/first-drive-tata-curvv-is-a-family-car,First Drive: Tata Curvv is a family car,"Tata Curvv debuts in the competitive mid-size SUV segment, featuring coupe design and multiple powertrains",2024-09-28 12:54:16,https://www.deccanchronicle.com/h-upload/2024/09/28/1846233-untitleddesign4.webp,deccanchronicle,1.7469815435061e-08,24,145,340,19,124
699,Newsdata,https://timesofindia.indiatimes.com/city/surat/uninterrupted-navratri-under-ac-domes-for-surtis/articleshow/113771918.cms,Uninterrupted Navratri under AC domes for Surtis,,2024-09-28 17:27:40,"https://static.toiimg.com/thumb/msid-47529300,imgsize-110164,width-400,height-225,resizemode-72/47529300.jpg",toi,5.95984045534698e-14,7,25,98,8,66
700,Newsdata,https://theprint.in/environment/hurricane-helene-wreaks-havoc-on-us-southeast-death-toll-rises/2289692/,"Hurricane Helene wreaks havoc on US Southeast, death toll rises","(Fixes typographical error) (Reuters) -Southeastern U.S. states started a massive cleanup and recovery effort on Sunday after winds, rain and storm surges from Hurricane Helene snuffed out power,",2024-09-29 14:30:07,https://static.theprint.in/wp-content/uploads/2024/09/Hurricane_244-696x465.jpg,theprint,1.7790438280489404e-23,14,42,230,9,76
701,Newsdata,https://www.deccanchronicle.com/southern-states/karnataka/kumaraswamy-calls-adgp-probing-mining-lease-case-against-him-as-blackmailer-and-criminal-1826854,Kumaraswamy calls ADGP probing mining lease case against him as blackmailer and criminal,,2024-09-29 12:44:21,http://dc-cdn.s3-ap-southeast-1.amazonaws.com/dc-Cover-fc5751eg6no247mv9ro16pa6e2-20160213063122.Medi.jpeg,deccanchronicle,0.9999990342117829,22,18,160,44,104
702,Newsdata,https://www.deccanchronicle.com/world/middle-east/after-hezbollah-commander-another-top-leader-killed-in-airstrike-says-israel-1826853,"After Hezbollah commander, another top leader killed in airstrike, says Israel","The military said Nabil Kaouk, the deputy head of Hezbollah's Central Council, was killed on Saturday. There was no immediate comment from Hezbollah, and it was not known where the strike took place",2024-09-29 12:41:18,https://www.deccanchronicle.com/h-upload/2024/09/29/1846542-aa-3140444.webp,deccanchronicle,8.836657495219915e-07,16,32,164,16,91
703,Newsdata,https://www.deccanchronicle.com/nation/politics/bjp-gains-momentum-in-jammu-heartland-1826851,BJP Gains Momentum in Jammu Heartland,BJP's strategy shifts as Modi's rally boosts prospects in Dogra heartland before final Jammu elections,2024-09-29 12:38:24,https://www.deccanchronicle.com/h-upload/2024/07/21/1825711-bjp.webp,deccanchronicle,6.200281987615765e-05,28,56,250,25,127
704,Newsdata,https://www.deccanchronicle.com/southern-states/telangana/man-held-in-hyderabad-for-duping-people-in-the-name-of-selling-premium-liquor-1826850,Man held in Hyderabad for duping people in the name of selling premium liquor,,2024-09-29 12:36:50,https://www.deccanchronicle.com/h-upload/2024/05/25/1845367-arrest.webp,deccanchronicle,3.0775558255954655e-12,0,9,60,5,32
705,Newsdata,https://www.deccanchronicle.com/business/economics/indias-gstn-restores-july-and-august-2017-returns-data-1826849,India's GSTN restores July and August 2017 returns data,"GST Network has restored returns data for July and August 2017 on its portal, urging taxpayers to download before archival",2024-09-29 12:30:33,https://www.deccanchronicle.com/h-upload/2024/08/12/1830521-tax.webp,deccanchronicle,6.511730807379193e-08,10,12,78,9,55
706,Newsdata,https://www.deccanchronicle.com/news/telangana-govt-plans-to-roll-out-500-electric-buses-in-state-1826848,Telangana Govt plans to roll out 500 electric buses in state,"Telangana Government introduces 500 electric buses to boost RTC efficiency, with 70 allocated to the region, enhancing public transport",2024-09-29 12:24:48,https://www.deccanchronicle.com/h-upload/2024/09/29/1846540-addaheading1.webp,deccanchronicle,3.5246235156724085e-78,9,21,113,2,55
707,Newsdata,https://www.deccanchronicle.com/entertainment/shah-rukh-khan-vicky-kaushal-dance-to-pushpa-song-oo-antava-at-iifa-1826847,I can’t match Allu Arjun sir’s swag: SRK,"Shah Rukh Khan is known for his witty one liners and also sarcasm. So when he takes the stage, one can expect fireworks. So on Day 2 of IIFA, SRK and Vicky Kaushal held the audience in rapt attention with their fun banter",2024-09-29 12:17:33,https://www.deccanchronicle.com/h-upload/2024/09/29/1846539-ef94e791-4c75-4293-b49e-894a5b3a0ce3.webp,deccanchronicle,0.9964064892427946,10,11,84,16,47
708,Newsdata,https://www.deccanchronicle.com/southern-states/telangana/hyderabad-musi-riverfront-project-to-transform-commuting-1826896,Hyderabad: Musi Riverfront Project to Transform Commuting,,2024-09-29 16:46:43,https://www.deccanchronicle.com/h-upload/2024/09/29/1846605-musiriverfrontproject.webp,deccanchronicle,5.0352921653946916e-136,10,18,103,1,40
709,Newsdata,https://www.deccanchronicle.com/southern-states/telangana/crime-roundup-journalist-beaten-by-locals-over-extortion-claims-1826895,Crime Roundup: Journalist Beaten by Locals Over Extortion Claims,,2024-09-29 16:46:01,https://www.deccanchronicle.com/h-upload/2024/09/28/1846369-crime.webp,deccanchronicle,1.7862993175862323e-14,26,37,287,19,127
710,Newsdata,https://www.deccanchronicle.com/southern-states/telangana/telangana-si-suspended-for-extramarital-ties-1826894,Telangana: SI Suspended for Extramarital Ties,,2024-09-29 16:39:12,https://www.deccanchronicle.com/h-upload/2024/08/22/1832897-suspended.webp,deccanchronicle,5.038852733421475e-10,2,8,56,4,18
711,Newsdata,https://www.deccanchronicle.com/southern-states/andhra-pradesh/andhra-pradesh-case-filed-against-ex-deputy-cm-alla-nani-others-1826893,"Andhra Pradesh: Case Filed Against Ex-Deputy CM Alla Nani, Others",,2024-09-29 16:34:32,https://s3.ap-southeast-1.amazonaws.com/images.deccanchronicle.com/dc-Cover-guj8r6chenorm51g1ebijdpkv3-20230717004616.Medi.jpeg,deccanchronicle,0.8040403195298742,4,10,65,8,36
712,Newsdata,https://www.deccanchronicle.com/southern-states/telangana/encroachments-in-khanapur-tank-being-identified-before-razing-1826892,Encroachments in Khanapur tank being identified before razing,"Officials are collecting details about the owners of homes that violate the FTL and buffer zone, including family members and the type of housing, whether it is RCC, sheds, or huts",2024-09-29 16:34:31,https://www.deccanchronicle.com/h-upload/2024/09/29/1846601-khanapurtank.webp,deccanchronicle,4.2474583218802646e-32,5,13,116,6,75
713,Newsdata,https://www.deccanchronicle.com/southern-states/andhra-pradesh/andhra-pradesh-lightning-kills-couple-cows-1826891,"Andhra Pradesh: Lightning Kills Couple, Cows",,2024-09-29 16:19:20,https://www.deccanchronicle.com/h-upload/2024/03/23/1831756-suicide.webp,deccanchronicle,0.9389360852623364,6,16,67,12,28
944,Newsdata,https://www.deccanchronicle.com/southern-states/telangana/ccmb-works-on-low-gi-rice-variety-1831208,CCMB works on low GI rice variety,,2024-10-18 19:17:20,https://www.deccanchronicle.com/h-upload/2024/10/18/1853704-kdro1.webp,deccanchronicle,1.5308457075375726e-13,9,45,200,12,80
714,Newsdata,https://theprint.in/environment/hurricane-helene-wreaks-havoc-in-us-southeast-at-least-60-dead/2289761/,"Hurricane Helene wreaks havoc in US Southeast, at least 60 dead","(Reuters) -Southeastern U.S. states started a massive cleanup and recovery effort on Sunday after winds, rain and storm surges from Hurricane Helene snuffed out power for millions, destroyed roads and",2024-09-29 16:15:20,https://static.theprint.in/wp-content/uploads/2024/09/Hurricane_808-696x465.jpg,theprint,1.4579734335274145e-10,34,50,327,18,116
715,Newsdata,https://timesofindia.indiatimes.com/city/surat/cyber-fraud-engineer-duped-of-rs-1862-lakhs-in-tether-scam/articleshow/113793211.cms,Engineer loses Rs. 18.62 lakhs to cyber fraudsters,,2024-09-29 18:48:50,"https://static.toiimg.com/thumb/msid-47529300,imgsize-110164,width-400,height-225,resizemode-72/47529300.jpg",toi,0.7468338519414124,5,21,86,11,44
716,Newsdata,https://timesofindia.indiatimes.com/city/surat/miracle-of-life-6-day-old-girls-organs-save-four-lives/articleshow/113793179.cms,6-day-old girl gives new lease of life to 4 others,,2024-09-29 18:45:49,"https://static.toiimg.com/thumb/msid-47529300,imgsize-110164,width-400,height-225,resizemode-72/47529300.jpg",toi,0.16637745403117518,13,30,147,19,72
717,Newsdata,https://theprint.in/environment/hurricane-helene-leaves-at-least-69-dead-as-losses-of-a-lifetime-devastate-residents/2289863/,Hurricane Helene leaves at least 69 dead as losses of a lifetime devastate residents,"By Alyssa Pointer, Maria Alejandra Cardona and Octavio Jones FLAT ROCK, North Carolina (Reuters) -States across the Southeastern U.S. started a massive cleanup and recovery effort on Sunday after",2024-09-29 18:30:32,https://static.theprint.in/wp-content/uploads/2024/09/Hurricane_398-696x465.jpg,theprint,1.286879276017768e-06,34,52,382,29,143
718,Newsdata,https://timesofindia.indiatimes.com/india/north-india-logs-its-best-monsoon-in-11-years/articleshow/113793693.cms,North India logs its best monsoon in 11 years,,2024-09-29 20:10:35,"https://static.toiimg.com/thumb/msid-113793713,imgsize-135972,width-400,resizemode-4/113793713.jpg",toi,6.424826143191069e-18,13,59,136,3,58
719,Newsdata,https://www.deccanchronicle.com/opinion/dc-comment/dc-edit-conflict-may-escalate-as-israel-stays-on-warpath-1826944,DC Edit | Conflict may escalate as Israel stays on warpath,,2024-09-29 20:04:56,https://www.deccanchronicle.com/h-upload/2024/09/29/1846691-aa-31410991.webp,deccanchronicle,0.001464317992016632,23,51,181,17,103
720,Newsdata,https://www.deccanchronicle.com/opinion/dc-comment/dc-edit-disability-a-welcome-redefinition-1826942,DC Edit | Disability: A welcome redefinition,,2024-09-29 20:01:01,https://www.deccanchronicle.com/h-upload/2024/07/13/1842442-supremecourt.webp,deccanchronicle,0.42100029597090266,20,31,117,22,82
721,Newsdata,https://www.deccanchronicle.com/opinion/columnists/kishwar-desai-labour-mp-quits-calls-pm-hypocrite-oxford-street-to-be-free-of-traffic-1826937,"Kishwar Desai| Labour MP quits, calls PM hypocrite; Oxford Street to be free of traffic?",,2024-09-29 19:47:20,https://www.deccanchronicle.com/h-upload/2024/09/29/1846687-aa-3121916.webp,deccanchronicle,0.9868339867966683,64,54,232,49,162
722,Newsdata,https://theprint.in/environment/hurricane-helene-kills-at-least-89-in-us-homes-and-memories-washed-away/2289909/,Hurricane Helene kills at least 89 in US; homes and memories washed away,"By Alyssa Pointer, Maria Alejandra Cardona and Octavio Jones FLAT ROCK, North Carolina (Reuters) - States across the Southeastern U.S. started a massive cleanup and recovery effort on Sunday after",2024-09-29 21:15:58,https://static.theprint.in/wp-content/uploads/2024/09/Hurricane_192-696x465.jpg,theprint,3.3795847232675324e-05,33,56,390,34,147
723,Newsdata,https://www.deccanchronicle.com/opinion/columnists/sanjaya-baru-pride-politics-netas-toss-the-tirupati-laddu-around-1826940,Sanjaya Baru | Pride & politics: Netas toss the Tirupati laddu around,,2024-09-29 19:51:59,https://www.deccanchronicle.com/h-upload/2024/09/29/1846690-aa-3102766.webp,deccanchronicle,6.290086803181443e-10,43,105,371,23,168
724,Newsdata,https://www.deccanchronicle.com/southern-states/telangana/fake-transgenders-cause-rising-discrimination-rivalries-1826938,"Fake Transgenders Cause Rising Discrimination, Rivalries",,2024-09-29 19:47:26,https://www.deccanchronicle.com/h-upload/2024/09/29/1846689-trans.webp,deccanchronicle,0.7929042235554365,4,11,49,9,28
725,Newsdata,https://theprint.in/environment/hurricane-helene-kills-at-least-90-in-us-homes-and-memories-washed-away/2289952/,Hurricane Helene kills at least 90 in US; homes and memories washed away,"By Alyssa Pointer, Maria Alejandra Cardona and Octavio Jones FLAT ROCK, North Carolina (Reuters) -The Southeastern U.S. began a huge cleanup and recovery effort on Sunday and the death toll climbed",2024-09-30 00:15:11,https://static.theprint.in/wp-content/uploads/2024/09/Hurricane_211-696x465.jpg,theprint,2.19993234771769e-06,35,53,384,30,139
726,Newsdata,https://theprint.in/environment/japans-beloved-panda-couple-return-home-after-heartfelt-farewell/2289984/,Japan’s beloved panda couple return home after heartfelt farewell,"By Akiko Okamoto TOKYO (Reuters) - Japan's beloved elderly giant pandas Shin Shin and Ri Ri were safely returned to China on Sunday, Tokyo's Ueno Zoological Garden reported on its website. The two",2024-09-30 02:15:58,https://static.theprint.in/wp-content/uploads/2024/09/Japans_500-696x449.jpg,theprint,0.9406428310415017,12,17,107,18,60
727,Newsdata,https://www.deccanchronicle.com/business/autos/jlr-drives-in-range-rover-sv-ranthambore-at-rs-498-crores-1826964,JLR drives in Range Rover SV Ranthambore at Rs 4.98 crores,,2024-09-30 01:51:41,https://www.deccanchronicle.com/h-upload/2024/09/30/1846720-rangeroverranthamboreeditionexterior11.webp,deccanchronicle,2.679965920200147e-24,4,23,87,4,37
728,Newsdata,https://www.deccanchronicle.com/news/chhattisgarh-5-crpf-jawans-injured-in-maoist-ied-blast-in-bastar-1826963,Chhattisgarh: 5 CRPF jawans injured in Maoist IED blast in Bastar,,2024-09-30 01:41:48,https://www.deccanchronicle.com/h-upload/2024/09/09/1839549-maoistshotdead.webp,deccanchronicle,0.0008416208951198674,5,5,44,4,22
729,Newsdata,https://www.deccanchronicle.com/news/parastarai-village-leads-water-conservation-revolution-in-chhattisgarh-1826962,Parastarai village leads water conservation revolution in Chhattisgarh,,2024-09-30 01:38:20,https://www.deccanchronicle.com/h-upload/2024/09/30/1846718-cgarhvillage.webp,deccanchronicle,2.94304081110165e-41,8,29,122,4,59
730,Newsdata,https://theprint.in/environment/major-gaps-between-eu-farming-incentives-and-green-deal-goals-eca-says/2291275/,"Major gaps between EU farming incentives and Green Deal goals, ECA says","By Julia Payne BRUSSELS (Reuters) - The European Court of Auditors reviewed the EU's reform of agriculture subsidies and found a ""noticeable gap"" between farming incentives and the EU's overall green",2024-09-30 15:18:00,https://static.theprint.in/wp-content/uploads/2024/09/Major_528-696x464.jpg,theprint,3.468038383990628e-14,21,33,172,11,84
731,Newsdata,https://theprint.in/environment/argentine-town-battles-a-parrot-invasion/2290983/,Argentine town battles a parrot invasion,"By Miguel Lo Bianco and Agustin Marcarian HILARIO ASCASUBI, Argentina (Reuters) - The town of Hilario Ascasubi near Argentina's eastern Atlantic coast has a parrot problem. Thousands of the",2024-09-30 13:15:49,https://static.theprint.in/wp-content/uploads/2024/09/Argentine_284-696x460.jpg,theprint,4.438972324668843e-06,10,19,139,14,66
732,Newsdata,https://theprint.in/world/ecuador-launches-deforestation-free-coffee-certification/2290958/,Ecuador launches deforestation-free coffee certification,Program aims to boost local coffee productivity while protecting vital ecosystems.,2024-09-30 13:06:40,https://static.theprint.in/wp-content/uploads/2024/09/FT-Image-20-696x392.png,theprint,1.1467155396867418e-08,11,43,135,10,59
733,Newsdata,https://theprint.in/environment/helene-shuts-poultry-plants-twists-cotton-crops-in-southeastern-us/2291724/,"Helene shuts poultry plants, twists cotton crops in southeastern US",By Tom Polansek CHICAGO (Reuters) - Hurricane Helene shut at least two poultry plants in Georgia and North Carolina and twisted cotton crops in South Carolina in blows to U.S. food and fiber,2024-09-30 22:16:10,https://static.theprint.in/wp-content/uploads/2024/10/Helene_153-696x522.jpg,theprint,1.0239405720218594e-21,10,27,151,7,62
734,Newsdata,https://www.thehindu.com/sci-tech/science/from-analysis-to-action-should-climate-scientists-engage-in-activism/article68700660.ece,From analysis to action: should climate scientists engage in activism?,The debate lives between concerns that activism will distract scientists from the science and protecting people from misinformation and the risk of apathy,2024-10-01 00:00:00,https://th-i.thgim.com/public/sci-tech/science/u5xewv/article68700659.ece/alternates/LANDSCAPE_1200/mika-baumeister-f3iV8JVrsP8-unsplash.jpg,thehindu,0.9931575612029628,113,134,487,126,343
735,Newsdata,https://www.thehindu.com/sci-tech/energy-and-environment/brazil-coast-eroding-faster-than-ever-as-atlantic-ocean-advances/article68704214.ece,Brazil’s coast eroding faster than ever as Atlantic advances,"In 2023, salt water reached almost reached a city 150 km from the mouth of the Amazon, killing freshwater fish and affecting local fishers",2024-10-01 04:34:45,https://th-i.thgim.com/public/sci-tech/science/qfmbdr/article68704203.ece/alternates/LANDSCAPE_1200/jhttps___cloudfront-us-east-2.images.arcpublishing.com_reuters_EGRT2OLHMFLPLITM665LHGZRAM.jpg,thehindu,2.208592956046928e-07,25,40,186,16,97
736,Newsdata,https://theprint.in/environment/rescuers-scour-north-carolina-mountains-for-survivors-cut-off-by-hurricane-helene/2293144/,Rescuers scour North Carolina mountains for survivors cut off by Hurricane Helene,"By Andrew Hay, Daniel Trotta (Reuters) -North Carolina resumed search and rescue operations on Tuesday, intent on delivering aid and making contact with hundreds of people cut off by washed-out roads",2024-10-01 16:16:44,https://static.theprint.in/wp-content/uploads/2024/10/Rescuers_140-696x464.jpg,theprint,0.5224584839196967,19,42,263,31,125
737,Newsdata,https://timesofindia.indiatimes.com/city/surat/bus-passenger-drugging-suspect-arrested-a-27-year-crime-spree-ends/articleshow/113858881.cms,"Man drugging bus passengers, stealing their valuables caught",,2024-10-01 15:54:42,"https://static.toiimg.com/thumb/msid-47529300,imgsize-110164,width-400,height-225,resizemode-72/47529300.jpg",toi,2.8610397311659717e-07,6,23,132,13,69
738,Newsdata,https://timesofindia.indiatimes.com/city/surat/diamond-manager-steals-60l-worth-of-natural-gems-swaps-with-lab-grown-counterparts/articleshow/113858652.cms,Manager swaps natural diamonds worth 60L with lab grown ones,,2024-10-01 15:45:40,"https://static.toiimg.com/thumb/msid-47529300,imgsize-110164,width-400,height-225,resizemode-72/47529300.jpg",toi,0.23851995009045934,4,19,91,15,54
739,Newsdata,https://timesofindia.indiatimes.com/world/south-asia/rescuers-search-for-missing-people-in-nepal-as-death-toll-due-to-floods-climb-to-224/articleshow/113854931.cms,Rescuers search for missing people in Nepal as death toll due to floods climb to 224,"Rescue operations in Nepal continue after weekend floods and landslides that killed over 200 people. The disaster has disrupted road travel ahead of the Dasain festival and damaged hydroelectric plants, reducing electricity production. The government faces criticism for its response, while efforts to clear blocked highways and find missing persons persist as weather conditions improve.",2024-10-01 13:31:29,"https://static.toiimg.com/thumb/msid-113855336,imgsize-2116751,width-400,resizemode-4/113855336.jpg",toi,1.6825116341090006e-23,18,20,79,4,53
740,Newsdata,https://www.deccanchronicle.com/nation/nia-recovers-live-ied-from-assams-lakhimpur-1827355,NIA Recovers Live IED from Assam’s Lakhimpur,,2024-10-01 13:20:20,https://www.deccanchronicle.com/h-upload/2024/07/07/1102204-nia.webp,deccanchronicle,3.4958856227465843e-08,6,13,119,9,39
741,Newsdata,https://timesofindia.indiatimes.com/city/surat/aap-protests-for-increased-school-sanitation-allowance-in-surat/articleshow/113860363.cms,AAP demands raise in school sanitation allowance,,2024-10-01 17:36:40,"https://static.toiimg.com/thumb/msid-47529300,imgsize-110164,width-400,height-225,resizemode-72/47529300.jpg",toi,1.030831155559614e-05,11,21,107,11,48
742,Newsdata,https://timesofindia.indiatimes.com/city/surat/ukai-dam-reaches-maximum-water-level-for-sixth-consecutive-year-a-milestone-for-surat/articleshow/113860146.cms,Ukai hits full reservoir level of 345 feet for sixth straight year,,2024-10-01 17:18:41,"https://static.toiimg.com/thumb/msid-47529300,imgsize-110164,width-400,height-225,resizemode-72/47529300.jpg",toi,2.3583870241148684e-94,8,22,114,2,66
743,Newsdata,https://timesofindia.indiatimes.com/city/surat/experience-navratri-like-never-before-in-ac-domes-a-new-era-for-surats-festivities/articleshow/113861357.cms,Uninterrupted Navratri in AC Domes for Surtis,,2024-10-01 18:33:41,"https://static.toiimg.com/thumb/msid-47529300,imgsize-110164,width-400,height-225,resizemode-72/47529300.jpg",toi,4.975739545249511e-35,11,31,100,3,55
744,Newsdata,https://timesofindia.indiatimes.com/city/surat/three-arrested-in-surprising-foil-of-jewelry-store-heist/articleshow/113860846.cms,Three would-be robbers held with firearms,,2024-10-01 18:12:58,"https://static.toiimg.com/thumb/msid-47529300,imgsize-110164,width-400,height-225,resizemode-72/47529300.jpg",toi,2.9091886700209074e-09,7,15,85,7,37
745,Newsdata,https://theprint.in/environment/restoring-power-to-rural-areas-after-hurricane-helene-to-take-weeks-utilities-say/2293491/,"Restoring power to rural areas after hurricane Helene to take weeks, utilities say",By Laila Kearney (Reuters) -Restoring power to parts of the rural United States could take several weeks after Hurricane Helene's high winds and flooding decimated stretches of the southeast,2024-10-01 22:30:19,https://static.theprint.in/wp-content/uploads/2024/10/Restoring_428-696x507.jpg,theprint,2.406873938434918e-09,17,31,179,11,62
746,Newsdata,https://theprint.in/environment/restoring-power-to-parts-of-rural-us-after-storm-will-take-weeks-utilities-say/2293439/,"Restoring power to parts of rural US after storm will take weeks, utilities say","(Reuters) - Restoring power to parts of the rural United States could take several weeks after Hurricane Helene decimated stretches of the southeast electrical grid, electric utility officials said on",2024-10-01 21:16:17,https://static.theprint.in/wp-content/uploads/2024/10/Restoring_165-696x507.jpg,theprint,3.710752705093301e-08,7,12,109,7,34
763,Newsdata,https://www.deccanchronicle.com/southern-states/telangana/many-quit-drinking-under-oath-on-gandhi-jayanti-1827703,Adilabad: Residents of Dandepalli pledge to quit alcohol on Gandhi Jayanti,,2024-10-02 18:10:03,https://www.deccanchronicle.com/h-upload/2024/10/03/1847889-dsc41091.webp,deccanchronicle,0.9149336250205965,6,23,74,15,47
747,Newsdata,https://www.thehindu.com/sci-tech/energy-and-environment/swallowtail-butterflies-in-key-assam-habitat-face-a-citrus-worry/article68704978.ece,Swallowtail butterflies in key Assam habitat face a citrus worry,The overexploitation of 25 species of host plants valued for their medicinal properties has affected swallowtail butterflies in forests on the Brahmaputra’s northern bank,2024-10-02 00:00:00,https://th-i.thgim.com/public/sci-tech/science/sitrjj/article68704971.ece/alternates/LANDSCAPE_1200/Paris%20peacock.JPG,thehindu,1.2590551513521074e-14,16,52,245,13,85
748,Newsdata,https://theprint.in/environment/tropical-depression-off-mexican-coast-takes-aim-at-area-soaked-by-hurricane-john/2293590/,Tropical depression off Mexican coast takes aim at area soaked by Hurricane John,"MEXICO CITY (Reuters) - A new storm system, which bore down on Mexico's southern Pacific coast and nearby Guatemala on Tuesday night, is expected to move inland on Wednesday, according to the U.S.",2024-10-02 03:15:26,https://static.theprint.in/wp-content/uploads/2024/10/Tropical_621-696x464.jpg,theprint,1.556022073195779e-19,9,18,87,4,36
749,Newsdata,https://theprint.in/environment/germany-rejects-italys-proposal-for-early-review-for-eu-combustion-engine-ban/2294696/,Germany rejects Italy’s proposal for early review for EU combustion engine ban,"BERLIN (Reuters) -Germany rejected a proposal by Italy to bring forward a planned European Union review of the bloc's ban on the sale of new internal combustion engine cars from 2035, saying it would",2024-10-02 15:31:01,https://static.theprint.in/wp-content/uploads/2024/10/Germany_729-696x457.jpg,theprint,2.4202813668419722e-21,8,25,153,8,71
750,Newsdata,https://theprint.in/environment/helene-storm-survivors-piece-lives-back-together-as-biden-harris-due-to-visit/2294694/,"Helene storm survivors piece lives back together as Biden, Harris due to visit","By Bernie Woodall ASHEVILLE, North Carolina (Reuters) -Survivors of Helene struggled to piece their lives back together as President Joe Biden and Vice President Kamala Harris planned to survey damage",2024-10-02 15:30:52,https://static.theprint.in/wp-content/uploads/2024/10/Helene_110-696x464.jpg,theprint,0.9556063397920829,32,66,314,53,166
751,Newsdata,https://timesofindia.indiatimes.com/city/surat/fraudulent-legal-notice-by-consultant-attempts-to-extort-rs-4-crore-using-salman-khans-name/articleshow/113881635.cms,Consultant uses fake Salman Khan notice in bid to extort 4cr,,2024-10-02 15:12:40,"https://static.toiimg.com/thumb/msid-47529300,imgsize-110164,width-400,height-225,resizemode-72/47529300.jpg",toi,0.9954798520327454,1,11,85,14,44
752,Newsdata,https://theprint.in/environment/eu-proposes-to-delay-landmark-anti-deforestation-law-by-12-months/2294497/,EU proposes to delay landmark anti-deforestation law by 12 months,"BRUSSELS/LONDON (Reuters) -The European Commission said on Wednesday it would propose to delay implementation of its flagship law banning the import of commodities linked to deforestation by a year,",2024-10-02 13:31:45,https://static.theprint.in/wp-content/uploads/2024/10/EU_803-696x464.jpg,theprint,4.422702764780744e-09,13,31,162,13,82
753,Newsdata,https://timesofindia.indiatimes.com/city/surat/indian-diamond-traders-in-israel-assure-safety-amid-missile-attacks/articleshow/113882776.cms,"In Israel, Indian diamond traders say they are safe",,2024-10-02 16:24:41,"https://static.toiimg.com/thumb/msid-47529300,imgsize-110164,width-400,height-225,resizemode-72/47529300.jpg",toi,0.9570394407527842,14,28,133,24,64
754,Newsdata,https://timesofindia.indiatimes.com/city/surat/tragic-incident-in-navsari-leopard-cub-found-dead-after-attack-on-young-girls/articleshow/113882730.cms,"One leopard cub caged, another found dead in Navsari",,2024-10-02 16:21:41,"https://static.toiimg.com/thumb/msid-47529300,imgsize-110164,width-400,height-225,resizemode-72/47529300.jpg",toi,0.11467980557989729,13,24,110,18,75
755,Newsdata,https://timesofindia.indiatimes.com/city/surat/class-ii-officer-and-father-arrested-for-forgery-in-gujarat-government-job-scam/articleshow/113882693.cms,"Class II officer, her father held for forging documents",,2024-10-02 16:18:40,"https://static.toiimg.com/thumb/msid-47529300,imgsize-110164,width-400,height-225,resizemode-72/47529300.jpg",toi,0.0004655674604928374,6,11,134,13,56
756,Newsdata,https://theprint.in/environment/ny-fed-warns-of-big-flood-risk-for-properties-in-its-district/2294744/,NY Fed warns of big flood risk for properties in its district,"By Michael S. Derby NEW YORK (Reuters) - Homes in the New York, New Jersey and Connecticut areas face some of the most severe risk of flooding in the U.S., a report released on Wednesday by the",2024-10-02 16:16:07,https://static.theprint.in/wp-content/uploads/2024/10/NY_350-696x464.jpg,theprint,7.3923121661655185e-56,13,28,135,3,59
757,Newsdata,https://timesofindia.indiatimes.com/city/surat/chennai-man-cheated-nine-women-of-53-lakh-in-online-dating-scam/articleshow/113882938.cms,Chennai’s serial online dater cheated nine woman of Rs 53 lakh,,2024-10-02 16:36:40,"https://static.toiimg.com/thumb/msid-47529300,imgsize-110164,width-400,height-225,resizemode-72/47529300.jpg",toi,0.36373614113687497,5,19,87,10,38
758,Newsdata,https://theprint.in/environment/biden-views-north-carolina-devastated-by-helene-deploys-1000-troops/2294924/,"Biden views North Carolina devastated by Helene, deploys 1,000 troops","By Trevor Hunnicutt, Jeff Mason and Stephanie Kelly GREER, South Carolina (Reuters) -President Joe Biden and Vice President Kamala Harris traveled on Wednesday to South Carolina, North Carolina and",2024-10-02 20:30:20,https://static.theprint.in/wp-content/uploads/2024/10/Biden_635-696x464.jpg,theprint,2.628016556844641e-30,27,45,304,11,118
759,Newsdata,https://www.deccanchronicle.com/southern-states/telangana/deceased-bankers-friend-is-prime-murder-suspect-1827707,Deceased banker’s friend is prime murder suspect,,2024-10-02 19:10:08,https://www.deccanchronicle.com/h-upload/2024/10/03/1847897-bank.webp,deccanchronicle,0.6992031105451142,8,11,64,11,38
760,Newsdata,https://www.deccanchronicle.com/southern-states/telangana/ku-asst-registrar-suspended-for-encroaching-on-varsity-land-1827705,KU asst registrar suspended for encroaching on varsity land,,2024-10-02 19:00:44,https://www.deccanchronicle.com/h-upload/2024/10/03/1847891-kakatiyauniversity.webp,deccanchronicle,1.7203856489583647e-21,3,5,65,4,32
761,Newsdata,https://theprint.in/environment/thousands-in-north-carolina-still-without-water-days-after-helenes-destruction/2294880/,Thousands in North Carolina still without water days after Helene’s destruction,"By Karl Plume ASHEVILLE, North Carolina (Reuters) -Tens of thousands of western North Carolina residents remained without running water on Wednesday, six days after Hurricane Helene slammed into",2024-10-02 18:30:09,https://static.theprint.in/wp-content/uploads/2024/10/Thousands_319-696x464.jpg,theprint,0.0009014432751516754,36,82,356,37,178
762,Newsdata,https://theprint.in/environment/helene-storm-survivors-piece-lives-back-together-as-biden-harris-visit/2294872/,"Helene storm survivors piece lives back together as Biden, Harris visit","By Karl Plume ASHEVILLE, North Carolina (Reuters) -Survivors of Helene struggled to piece their lives back together as President Joe Biden and Vice President Kamala Harris surveyed damage on Wednesday",2024-10-02 18:16:12,https://static.theprint.in/wp-content/uploads/2024/10/Helene_216-696x464.jpg,theprint,0.9579952955278985,32,66,311,53,165
764,Newsdata,https://timesofindia.indiatimes.com/city/surat/massive-cleaning-drive-at-dumas-beach-collects-over-1800kg-of-waste/articleshow/113883950.cms,Over 1800kg waste collected at Dumas Beach,,2024-10-02 17:48:41,"https://static.toiimg.com/thumb/msid-47529300,imgsize-110164,width-400,height-225,resizemode-72/47529300.jpg",toi,5.629060410629806e-28,1,14,73,2,26
765,Newsdata,https://timesofindia.indiatimes.com/city/surat/13-year-old-girl-pregnant-after-incestuous-rape-by-brother/articleshow/113914636.cms,Class 8 girl pregnant after repeated rape by teen brother,,2024-10-03 15:39:48,"https://static.toiimg.com/thumb/msid-47529300,imgsize-110164,width-400,height-225,resizemode-72/47529300.jpg",toi,0.9995296284227227,10,21,82,20,53
766,Newsdata,https://theprint.in/environment/wind-energy-lobby-says-spain-needs-more-wind-power-faster/2296195/,"Wind energy lobby says Spain needs more wind power, faster","MADRID (Reuters) - Spain needs to speed up the rollout of new wind energy projects if it is to achieve its 2030 target of doubling existing capacity, Rocio Sicre, president of wind energy lobby AEE,",2024-10-03 15:16:45,https://static.theprint.in/wp-content/uploads/2024/10/Wind_942-696x436.jpg,theprint,0.0004143723358945517,11,26,99,13,56
767,Newsdata,https://timesofindia.indiatimes.com/auto/cars/nissan-magnite-facelift-launch-tomorrow-heres-what-to-expect/articleshow/113911839.cms,Nissan Magnite facelift launch tomorrow: Here’s what to expect,"The new Nissan Magnite is expected to be priced from Rs 6.3 lakh (ex-showroom). When launched, it continues to compete with the Renault Kiger, Tata Nexon, Maruti Brezza, Hyundai Venue, Kia Sonet, Mahindra XUV 3XO Maruti Fronx, Toyota Urban Cruiser Taisor and upcoming Skoda subcompact SUV.",2024-10-03 14:01:59,"https://static.toiimg.com/thumb/msid-113911886,imgsize-260358,width-400,resizemode-4/113911886.jpg",toi,2.142940916098575e-08,10,49,119,8,50
768,Newsdata,https://theprint.in/environment/world-bank-launches-new-business-climate-survey-with-hungary-estonia-singapore-in-top-spots/2295984/,"World Bank launches new business climate survey with Hungary, Estonia, Singapore in top spots","By David Lawder WASHINGTON (Reuters) - The World Bank on Thursday launched its revamped business and investment climate survey of 50 economies, with Hungary, Estonia and Singapore taking the top spots",2024-10-03 13:16:49,https://static.theprint.in/wp-content/uploads/2024/10/World_353-696x439.jpg,theprint,1.4280929214504415e-22,20,50,227,8,87
769,Newsdata,https://timesofindia.indiatimes.com/auto/electric-bikes/komaki-prime-ace-e-scooters-launched-at-rs-49999-range-features-and-more/articleshow/113911076.cms,"Komaki Prime, Ace e-scooters launched at Rs 49,999: Range, features and more","Komaki Electric Vehicle has launched the X-ONE Prime and X-ONE Ace models in its X-ONE Lithium series, priced from Rs 49,999 and Rs 59,999 respectively. These models feature regenerative braking, auto-repair functions, and offer a range of 100 to 150 km on a single charge. Additionally, they come with a 3-year warranty covering the motor, battery, and controller.",2024-10-03 13:06:11,"https://static.toiimg.com/thumb/msid-113911154,imgsize-40852,width-400,resizemode-4/113911154.jpg",toi,5.588430803263312e-27,7,20,109,4,40
770,Newsdata,https://timesofindia.indiatimes.com/city/surat/ahmedabad-businessman-dies-by-suicide-in-dumas-hotel-amid-financial-distress/articleshow/113915440.cms,Ahmedabad businessman hangs to death in Dumas hotel,,2024-10-03 16:27:40,"https://static.toiimg.com/thumb/msid-47529300,imgsize-110164,width-400,height-225,resizemode-72/47529300.jpg",toi,0.9638505067715677,6,22,72,12,42
771,Newsdata,https://timesofindia.indiatimes.com/city/surat/ukais-monsoon-power-generation-soars-to-274-mu-revenue-hits-rs-961-crore/articleshow/113915157.cms,Ukai produced 274 MU of power this monsoon,,2024-10-03 16:09:41,"https://static.toiimg.com/thumb/msid-47529300,imgsize-110164,width-400,height-225,resizemode-72/47529300.jpg",toi,6.837786595631328e-83,7,18,101,2,46
772,Newsdata,https://timesofindia.indiatimes.com/city/surat/couples-deceit-woman-falsely-accuses-beauty-salon-owner-of-rape-for-revenge/articleshow/113917194.cms,Woman tries to fix her boyfriend’s ex-lover in rape case,,2024-10-03 18:24:40,"https://static.toiimg.com/thumb/msid-47529300,imgsize-110164,width-400,height-225,resizemode-72/47529300.jpg",toi,0.9999360832128507,3,15,59,16,38
773,Newsdata,https://economictimes.indiatimes.com/industry/renewables/green-hydrogen-hype-fades-as-high-costs-force-project-retreat/articleshow/113915950.cms,Green hydrogen hype fades as high costs force project retreat,"High costs are hindering the development of green hydrogen, leading companies to cancel projects and reduce investments. Origin Energy's cancellation in Australia exemplifies broader industry struggles. Production of clean hydrogen is increasing but remains a small fraction of global demand, highlighting economic and technological challenges.",2024-10-03 17:10:00,"https://img.etimg.com/thumb/msid-113916048,width-1200,height-630,imgsize-154116,overlay-economictimes/photo.jpg",economictimes_indiatimes,4.646384539537643e-06,21,41,106,8,67
774,Newsdata,https://timesofindia.indiatimes.com/city/surat/massive-20-crore-online-shopping-scam-busted-six-arrested-in-surat/articleshow/113915765.cms,Six held for 20 crore online shopping scam,,2024-10-03 16:57:40,"https://static.toiimg.com/thumb/msid-47529300,imgsize-110164,width-400,height-225,resizemode-72/47529300.jpg",toi,4.973842765728287e-14,12,31,126,9,72
775,Newsdata,https://timesofindia.indiatimes.com/city/surat/surat-municipal-corporation-employees-stage-garba-protest-for-promotion-and-salary-demands/articleshow/113918129.cms,Employees perform garba in protest at SMC HQ,,2024-10-03 19:06:40,"https://static.toiimg.com/thumb/msid-47529300,imgsize-110164,width-400,height-225,resizemode-72/47529300.jpg",toi,0.006606339886720505,7,18,96,11,48
776,Newsdata,https://theprint.in/environment/britain-promises-up-to-21-7-billion-pounds-for-cleaner-energy/2296575/,Britain promises up to 21.7 billion pounds for cleaner energy,By Susanna Twidale LONDON (Reuters) - Britain will provide funding of up to 21.7 billion pounds ($28.46 billion) over 25 years to develop carbon capture and storage (CCS) and hydrogen technology in,2024-10-03 23:15:54,https://static.theprint.in/wp-content/uploads/2024/10/Britain_557-696x465.jpg,theprint,1.5845637783683867e-35,6,26,120,4,58
777,Newsdata,https://economictimes.indiatimes.com/industry/renewables/incentives-for-evs-must-continue-in-india-for-better-adoption-kia/articleshow/113928844.cms,Incentives for EVs must continue for better adoption in India: Kia,"Kia recommends that the Indian government maintain incentives for zero-emission vehicles to prevent a slowdown in their adoption. The company's MD noted that inadequate charging infrastructure and high repair costs are major hurdles. Kia has launched the EV9 electric and Carnival Limousine, while continuing to study the market before committing to new investments.",2024-10-04 06:00:08,"https://img.etimg.com/thumb/msid-113928857,width-1200,height-630,imgsize-50260,overlay-economictimes/photo.jpg",economictimes_indiatimes,0.3262799501274253,9,21,124,17,65
796,Newsdata,https://www.deccanchronicle.com/southern-states/telangana/railways-senior-engineer-scammed-for-rs-15-lakh-over-call-1828401,Railways Senior Engineer Scammed for Rs 1.5 Lakh Over Call,,2024-10-05 20:06:13,https://www.deccanchronicle.com/h-upload/2024/04/12/1086621-cash.webp,deccanchronicle,0.9545383835132203,8,10,58,14,50
778,Newsdata,https://timesofindia.indiatimes.com/auto/bikes/2024-ktm-duke-200-launched-at-rs-2-03-lakh-gets-this-feature-from-duke-390/articleshow/113927988.cms,2024 KTM Duke 200 launched at Rs 2.03 lakh: Gets this feature from Duke 390!,"KTM's 2024 Duke 200 introduces a 5-inch colour TFT display, enhancing navigation, music control, and call alerts through the KTM My-Ride app. Bluetooth connectivity pairs smartphones for seamless operation. The engine remains the same, maintaining a 199.5cc liquid-cooled, single-cylinder motor delivering 25 hp and 19.3 Nm.",2024-10-04 05:36:04,"https://static.toiimg.com/thumb/msid-113928039,imgsize-46590,width-400,resizemode-4/113928039.jpg",toi,3.710754750560403e-11,7,23,99,7,42
779,Newsdata,https://timesofindia.indiatimes.com/city/surat/van-driver-arrested-for-molesting-class-12-girl-in-school-van/articleshow/113945335.cms,Van driver molests class 12 girl returning from school garba,,2024-10-04 14:57:40,"https://static.toiimg.com/thumb/msid-47529300,imgsize-110164,width-400,height-225,resizemode-72/47529300.jpg",toi,0.9999999809870649,15,7,82,20,45
780,Newsdata,https://timesofindia.indiatimes.com/city/surat/surat-doctor-swindled-of-rs-22-lakh-in-high-stakes-investment-scam/articleshow/113947020.cms,Doctor losts Rs 22 lakh in investment scam,,2024-10-04 16:27:46,"https://static.toiimg.com/thumb/msid-47529300,imgsize-110164,width-400,height-225,resizemode-72/47529300.jpg",toi,0.9614057856404721,8,15,89,13,50
781,Newsdata,https://timesofindia.indiatimes.com/city/surat/surat-doctor-duped-of-rs-22-lakh-in-investment-scam-a-cautionary-tale/articleshow/113947017.cms,Doctor lost Rs 22 lakh in investment scam,,2024-10-04 16:27:40,"https://static.toiimg.com/thumb/msid-47529300,imgsize-110164,width-400,height-225,resizemode-72/47529300.jpg",toi,0.9628324190473055,16,30,177,27,101
782,Newsdata,https://timesofindia.indiatimes.com/city/surat/urgent-efforts-by-surat-diamond-bourse-to-boost-operational-trading/articleshow/113947486.cms,SDB makes another bid to make complex operational,,2024-10-04 17:06:47,"https://static.toiimg.com/thumb/msid-47529300,imgsize-110164,width-400,height-225,resizemode-72/47529300.jpg",toi,0.00026977443181074143,14,17,119,13,67
783,Newsdata,https://timesofindia.indiatimes.com/city/surat/tragic-accident-claims-life-of-14-year-old-boy-in-surat-falling-plaster-incident/articleshow/113947483.cms,14-year-old boy killed by chunk of falling plaster,,2024-10-04 17:06:40,"https://static.toiimg.com/thumb/msid-47529300,imgsize-110164,width-400,height-225,resizemode-72/47529300.jpg",toi,1.204991970339355e-06,3,5,50,5,21
784,Newsdata,https://timesofindia.indiatimes.com/city/surat/gym-partners-in-bitter-feud-over-stolen-equipment-worth-rs-125-lakh/articleshow/113947182.cms,Partners battle it out over Rander gym,,2024-10-04 16:42:59,"https://static.toiimg.com/thumb/msid-47529300,imgsize-110164,width-400,height-225,resizemode-72/47529300.jpg",toi,0.9984434995471552,10,13,120,18,43
785,Newsdata,https://timesofindia.indiatimes.com/city/surat/push-to-rename-outer-ring-road-after-keshubhai-patel-gains-momentum-in-surat/articleshow/113948297.cms,Demand to name road after Keshubhai,,2024-10-04 18:06:41,"https://static.toiimg.com/thumb/msid-47529300,imgsize-110164,width-400,height-225,resizemode-72/47529300.jpg",toi,0.6695380598969668,3,8,55,8,30
786,Newsdata,https://www.deccanchronicle.com/nation/politics/we-will-never-go-with-bjp-to-form-government-farooq-abdullah-1828277,We will never go with BJP to form government: Farooq Abdullah,"PDP leader Iltija Mufti has said that the government to be formed in J&K following the Assembly elections will be a ""toothless tiger"" and its chief minister a ""rubber stamp"" and ""glorified mayor"" of a ""municipality""",2024-10-05 11:19:08,https://www.deccanchronicle.com/h-upload/2024/01/19/1071530-farooqabdullah.webp,deccanchronicle,0.9810747445745698,10,14,122,18,50
787,Newsdata,https://www.deccanchronicle.com/lifestyle/the-secret-to-living-a-long-and-healthy-life-uncovering-the-blue-zones-1828276,The Secret to Living a Long and Healthy Life: Uncovering the Blue Zones,,2024-10-05 11:04:53,https://www.deccanchronicle.com/h-upload/2024/10/05/1848642-whatsappimage2024-10-05at45102pm.webp,deccanchronicle,0.01527400574220171,15,46,143,20,62
788,Newsdata,https://www.deccanchronicle.com/southern-states/andhra-pradesh/maritime-exercise-malabar-2024-to-commence-from-oct-8-in-visakhapatnam-have-participation-from-quad-nations-1828275,"Maritime Exercise 'Malabar 2024' to commence from Oct 8 in Visakhapatnam, have participation from Quad nations","The exercise will take place in two phases, beginning with the Harbour phase in Visakhapatnam, followed by a sea phase",2024-10-05 11:02:08,https://www.deccanchronicle.com/h-upload/2024/10/05/1848637-mari.webp,deccanchronicle,2.3072755501227925e-77,4,26,125,1,50
789,Newsdata,https://timesofindia.indiatimes.com/city/surat/diamond-workers-strike-pay-cuts-and-missing-diwali-bonuses-spark-outrage-in-surat/articleshow/113970565.cms,Diamond workers go on flash strike over pay cut,,2024-10-05 16:36:53,"https://static.toiimg.com/thumb/msid-47529300,imgsize-110164,width-400,height-225,resizemode-72/47529300.jpg",toi,0.9966395373352545,14,21,102,21,71
790,Newsdata,https://timesofindia.indiatimes.com/city/surat/desperate-times-diamond-artisan-turns-to-motorcycle-theft-after-job-loss/articleshow/113970301.cms,"Jobless for four months, diamond artisan takes to vehicle theft",,2024-10-05 16:15:40,"https://static.toiimg.com/thumb/msid-47529300,imgsize-110164,width-400,height-225,resizemode-72/47529300.jpg",toi,0.8569677228010927,13,18,100,14,66
791,Newsdata,https://timesofindia.indiatimes.com/city/surat/union-minister-inaugurates-two-beautifully-redeveloped-gardens-in-surat/articleshow/113970588.cms,Two redeveloped gardens inaugurated,,2024-10-05 16:39:49,"https://static.toiimg.com/thumb/msid-47529300,imgsize-110164,width-400,height-225,resizemode-72/47529300.jpg",toi,4.924410095767669e-82,0,11,65,1,21
792,Newsdata,https://timesofindia.indiatimes.com/city/surat/global-experts-gather-in-surat-to-champion-inclusive-education/articleshow/113971433.cms,Experts deliberate on inclusive education,,2024-10-05 17:42:57,"https://static.toiimg.com/thumb/msid-47529300,imgsize-110164,width-400,height-225,resizemode-72/47529300.jpg",toi,0.9999999999828306,1,9,80,0,12
793,Newsdata,https://timesofindia.indiatimes.com/city/surat/lgd-association-meeting-at-sdb-paving-the-way-for-growth-in-lab-grown-diamond-trade/articleshow/113971431.cms,LGD association holds meeting at SDB,,2024-10-05 17:42:49,"https://static.toiimg.com/thumb/msid-47529300,imgsize-110164,width-400,height-225,resizemode-72/47529300.jpg",toi,0.8889764578003703,5,6,51,8,33
794,Newsdata,https://www.deccanchronicle.com/southern-states/telangana/fgg-requests-cm-revanth-to-set-up-village-courts-1828414,FGG requests CM Revanth to set up village courts,,2024-10-05 20:59:59,https://www.deccanchronicle.com/h-upload/2024/10/05/1848798-16.webp,deccanchronicle,5.717115490711102e-06,5,15,62,6,34
795,Newsdata,https://www.deccanchronicle.com/southern-states/andhra-pradesh/ap-govt-cancels-randomisation-of-rice-mills-1828403,AP Govt cancels randomisation of rice mills,,2024-10-05 20:11:42,https://www.deccanchronicle.com/h-upload/2024/10/05/1848785-7.webp,deccanchronicle,3.269046396753613e-12,2,7,87,6,40
798,Newsdata,https://timesofindia.indiatimes.com/auto/electric-bikes/big-discounts-on-e-scooters-this-diwali-ola-s1x-tvs-iqube-and-more/articleshow/113986806.cms,"Big discounts on e-scooters this Diwali: Ola S1X, TVS iQube and more","To attract buyers during the festive season, major electric scooter manufacturers in India, such as Ola Electric and TVS Motor Company, are offering significant discounts and benefits. Ola's 'BOSS' sale includes price reductions on its S1 lineup, while TVS iQube offers cashback and extended warranties.",2024-10-06 12:23:43,"https://static.toiimg.com/thumb/msid-113986896,imgsize-25030,width-400,resizemode-4/113986896.jpg",toi,2.404502395634343e-16,14,36,136,5,46
799,Newsdata,https://timesofindia.indiatimes.com/city/surat/suspected-drug-supplier-arrested-after-19-years-in-major-ndps-case/articleshow/113993104.cms,Drug supplier held in 19-year-old case,,2024-10-06 18:45:40,"https://static.toiimg.com/thumb/msid-47529300,imgsize-110164,width-400,height-225,resizemode-72/47529300.jpg",toi,3.5581007634085813e-17,9,12,109,7,51
800,Newsdata,https://timesofindia.indiatimes.com/city/surat/surat-police-uncover-major-online-fraud-syndicate-scamming-unemployed-individuals/articleshow/113993105.cms,SOG busts online fraud syndicate,,2024-10-06 18:45:42,"https://static.toiimg.com/thumb/msid-47529300,imgsize-110164,width-400,height-225,resizemode-72/47529300.jpg",toi,1.5511089237081646e-12,6,19,113,6,61
801,Newsdata,https://theprint.in/environment/how-gen-zs-shopping-habits-are-starkly-against-their-eco-conscious-values/2300141/,How Gen Z’s shopping habits are starkly against their eco-conscious values,The clothing industry lacks transparency in business practice and Gen Z consumers often lack information about the products they are buying.,2024-10-07 02:00:26,https://static.theprint.in/wp-content/uploads/2024/10/ThePrint-feature-image-4-1-696x392.jpg,theprint,1.9347718990819047e-05,46,116,343,32,163
802,Newsdata,https://www.thehindu.com/news/cities/bangalore/fostering-the-urban-jungle-of-bengaluru/article68712346.ece,Fostering the urban jungle of Bengaluru,"Ant-mimicking spiders, the Indian laburnum, the Bengaluru burrowing frog, the Brahminy blind snake... These are some of the citizens of Bengaluru who have no space to stay",2024-10-07 01:45:00,https://th-i.thgim.com/public/incoming/51fk22/article68724146.ece/alternates/LANDSCAPE_1200/Slender%20Loris_01.jpg,thehindu,0.479168972941343,61,129,408,77,226
803,Newsdata,https://www.deccanchronicle.com/southern-states/telangana/couple-among-four-held-in-ganja-cases-in-hyderabad-1828708,Couple among four held in ganja cases in Hyderabad,,2024-10-07 13:36:06,https://www.deccanchronicle.com/h-upload/2024/10/07/1849254-stf.jfif,deccanchronicle,1.9019256305347112e-25,4,10,55,2,18
804,Newsdata,https://theprint.in/environment/warmer-than-usual-octobers-meteorologists-blame-climate-change-and-changing-weather-patterns/2301031/,Warmer than usual Octobers? Meteorologists blame climate change and changing weather patterns,"An IMD forecast for October shows above-normal temperatures over most parts of the country. Despite being a transitionary month, it is warming at a worrying rate, scientists say.",2024-10-07 13:35:29,https://static.theprint.in/wp-content/uploads/2024/10/Weather-1-696x392.jpg,theprint,9.819382807093605e-10,30,76,196,11,93
805,Newsdata,https://www.deccanchronicle.com/southern-states/andhra-pradesh/cbi-arrests-kakinada-customs-superintendent-another-person-in-bribe-case-1828707,"CBI arrests Kakinada Customs Superintendent, another person in bribe case",,2024-10-07 13:23:18,https://www.deccanchronicle.com/h-upload/2024/05/25/1848729-arrest.webp,deccanchronicle,3.517189624924423e-24,2,15,85,4,38
806,Newsdata,https://theprint.in/environment/englands-salmon-population-sinks-to-new-low-due-to-poor-water-quality/2301086/,England’s salmon population sinks to new low due to poor water quality,"LONDON (Reuters) - England's Atlantic salmon population has sunk to a record low, the latest indicator that its marine and freshwater ecosystems are dirty and polluted, Britain's Environment Agency (",2024-10-07 12:31:30,https://static.theprint.in/wp-content/uploads/2024/10/Englands_834-696x464.jpg,theprint,6.650593783639782e-12,6,36,115,8,61
807,Newsdata,https://www.deccanchronicle.com/southern-states/kerala/kerala-assembly-house-suspended-for-day-amid-heated-exchanges-between-cm-opposition-leader-1828697,"Kerala assembly: House suspended for day amid heated exchanges between CM, opposition leader",,2024-10-07 12:24:56,https://www.deccanchronicle.com/h-upload/2024/10/07/1849238-untitleddesign-2024-10-07t175400819.webp,deccanchronicle,0.9916547024779789,16,21,129,23,77
808,Newsdata,https://theprint.in/environment/ivory-coast-farmers-mostly-see-promising-cocoa-crops/2301520/,Ivory Coast farmers mostly see promising cocoa crops,"ABIDJAN (Reuters) - Above average rainfall recorded in most of Ivory Coast’s main cocoa producing regions boosted farmers’ hopes of higher output in the ongoing October to March season. Ivory Coast,",2024-10-07 16:15:30,https://static.theprint.in/wp-content/uploads/2024/10/Ivory_425-696x464.jpg,theprint,5.02179087381752e-05,10,31,122,13,50
809,Newsdata,https://timesofindia.indiatimes.com/city/surat/rickshaw-driver-arrested-for-rape-under-false-marriage-promise-in-surat/articleshow/114019752.cms,Man arrested for raping woman with false marriage promise,,2024-10-07 15:42:40,"https://static.toiimg.com/thumb/msid-47529300,imgsize-110164,width-400,height-225,resizemode-72/47529300.jpg",toi,0.9998759493851095,7,13,79,17,51
810,Newsdata,https://theprint.in/environment/powerful-hurricane-milton-takes-aim-at-tampa-as-florida-braces-for-fresh-blow/2301598/,Powerful Hurricane Milton takes aim at Tampa as Florida braces for fresh blow,"By Brendan O'Brien (Reuters) - As Hurricane Milton strengthened to a Category 5 storm on Monday, Floridians scrambled to prepare for its arrival this week near Tampa, where it may bring blistering",2024-10-07 17:15:48,https://static.theprint.in/wp-content/uploads/2024/10/Powerful_872-696x464.jpg,theprint,1.6685478186212173e-12,13,33,215,13,91
811,Newsdata,https://timesofindia.indiatimes.com/city/surat/principal-of-ashram-shala-arrested-for-sexual-assault-on-students-shocking-revelations/articleshow/114022815.cms,Ashram Shala principal remanded in police custody for three days,,2024-10-07 18:48:52,"https://static.toiimg.com/thumb/msid-47529300,imgsize-110164,width-400,height-225,resizemode-72/47529300.jpg",toi,8.674023415378274e-06,5,16,100,12,47
812,Newsdata,https://timesofindia.indiatimes.com/city/surat/engineer-duped-in-cyber-fraud-while-booking-garba-pass-loses-rs-2-lakhs/articleshow/114022632.cms,Woman loses 2L to cyberfraud while trying to book garba pass,,2024-10-07 18:45:41,"https://static.toiimg.com/thumb/msid-47529300,imgsize-110164,width-400,height-225,resizemode-72/47529300.jpg",toi,0.8709525384607769,3,11,82,13,51
813,Newsdata,https://timesofindia.indiatimes.com/city/surat/major-counterfeit-currency-bust-two-arrested-with-1592-fake-500-rupee-notes-in-surat/articleshow/114022630.cms,"Man held with 1,592 counterfeit 500-rupee notes",,2024-10-07 18:45:40,"https://static.toiimg.com/thumb/msid-47529300,imgsize-110164,width-400,height-225,resizemode-72/47529300.jpg",toi,0.04255092154376245,9,11,75,11,41
945,Newsdata,https://www.deccanchronicle.com/southern-states/telangana/700-kg-of-stale-chicken-seized-by-ghmc-officials-1831207,700 kg of Stale Chicken Seized by GHMC Officials,,2024-10-18 19:10:17,https://www.deccanchronicle.com/h-upload/2024/10/18/1853702-whatsappimage2024-10-19at123154am.webp,deccanchronicle,0.2675501406525774,5,9,40,7,31
814,Newsdata,https://theprint.in/environment/hurricane-milton-intensifies-into-category-5-storm-takes-aim-at-florida/2301811/,"Hurricane Milton intensifies into Category 5 storm, takes aim at Florida","By Daniel Trotta and David Alire Garcia (Reuters) -Hurricane Milton strengthened into a Category 5 storm on Monday, posing an immediate threat to Mexico's Yucatan Peninsula on its way to Florida,",2024-10-07 22:16:13,https://static.theprint.in/wp-content/uploads/2024/10/Hurricane_978-696x464.jpg,theprint,1.8866833928893653e-16,20,55,287,14,102
815,Newsdata,https://www.deccanchronicle.com/southern-states/karnataka/businessman-bm-mumtaz-alis-body-recovered-family-alleges-extortion-plot-1828838,"Businessman BM Mumtaz Ali's Body Recovered, Family Alleges Extortion Plot",,2024-10-07 22:04:17,https://www.deccanchronicle.com/h-upload/2024/10/07/1849431-2996355566026042680672748455687523432938305n.webp,deccanchronicle,2.681431513305909e-18,6,16,117,7,55
816,Newsdata,https://www.deccanchronicle.com/business/economics/india-confident-amid-rising-oil-prices-due-to-middle-east-conflict-hardeep-singh-puri-1828836,India Confident Amid Rising Oil Prices Due to Middle East Conflict: Hardeep Singh Puri,,2024-10-07 21:50:52,https://www.deccanchronicle.com/h-upload/2024/10/07/1849428-la-2788095.webp,deccanchronicle,2.0865629203714866e-16,18,36,191,11,95
817,Newsdata,https://www.deccanchronicle.com/lifestyle/health-and-well-being/going-healthy-the-intravenous-way-1828835,"Going healthy, the intravenous way",,2024-10-07 21:44:07,https://www.deccanchronicle.com/h-upload/2024/10/07/1849422-08sania1.jpg,deccanchronicle,3.014000954537259e-13,7,25,73,4,31
818,Newsdata,https://www.deccanchronicle.com/lifestyle/culture-and-society/floral-tributes-1828834,FLORAL TRIBUTES,,2024-10-07 21:37:40,https://www.deccanchronicle.com/h-upload/2024/10/07/1849423-08bathukkamatsmithasplace21.jpg,deccanchronicle,0.9742324081324136,11,26,115,21,51
819,Newsdata,https://www.deccanchronicle.com/lifestyle/culture-and-society/yurts-camping-in-luxury-1828832,Yurts: Camping in luxury,,2024-10-07 21:33:31,https://www.deccanchronicle.com/h-upload/2024/10/07/1849425-08yurt31.jpg,deccanchronicle,0.000840771327999658,23,67,168,24,74
820,Newsdata,https://theprint.in/environment/hurricane-milton-explosively-intensifies-in-gulf-of-mexico-takes-aim-at-florida/2301779/,"Hurricane Milton ‘explosively intensifies’ in Gulf of Mexico, takes aim at Florida","By Brendan O'Brien (Reuters) - Hurricane Milton strengthened rapidly in the southern Gulf of Mexico on Monday as it skirted the northern edge of the Yucatan peninsula, home to tourist hotspots and",2024-10-07 21:16:04,https://static.theprint.in/wp-content/uploads/2024/10/Hurricane_829-696x464.jpg,theprint,3.262388771143105e-17,12,37,188,10,78
821,Newsdata,https://www.thehindu.com/sci-tech/energy-and-environment/how-high-performance-buildings-are-the-next-step-towards-a-sustainable-future/article68728514.ece,How high-performance buildings are the next step towards a sustainable future,"As urbanisation accelerates, India risks surpassing global benchmarks for energy efficiency and carbon emissions in buildings. In such a scenario, HPBs offer resilience through adaptive, self-sufficient structures. They promote social well-being by nurturing healthier indoor environments, including air quality",2024-10-08 03:00:00,https://th-i.thgim.com/public/incoming/ph5vo9/article68730083.ece/alternates/LANDSCAPE_1200/iStock-1495087974.jpg,thehindu,1.7014191605183531e-15,39,123,390,17,162
822,Newsdata,https://www.thehindu.com/news/cities/Delhi/waza-suspends-delhi-zoos-membership-for-six-months/article68730176.ece,WAZA suspends Delhi zoo’s membership for six months,,2024-10-08 04:08:46,https://th-i.thgim.com/public/todays-paper/tp-national/tp-newdelhi/7itpk8/article68730961.ece/alternates/LANDSCAPE_1200/WAZA-suspends-DG1JDE9UFK.3.jpg.jpg,thehindu,4.834336007884384e-09,7,10,101,9,47
823,Newsdata,https://theprint.in/environment/malaysia-hopes-eu-legislators-will-be-more-accommodating-on-sustainable-policies/2302023/,Malaysia hopes EU legislators will be more accommodating on sustainable policies,"By Danial Azhar and Ashley Tang KUALA LUMPUR (Reuters) - Malaysia said on Tuesday it hopes European lawmakers will be ""more accommodative"" on sustainable policies, following a European Commission",2024-10-08 05:16:02,https://static.theprint.in/wp-content/uploads/2024/10/Malaysia_294-696x464.jpg,theprint,6.224168448990321e-08,14,20,111,9,58
824,Newsdata,https://www.thehindu.com/news/national/odisha/farmers-in-odishas-backward-sambalpur-district-turn-to-floriculture/article68731489.ece,Floriculture blossoms in one of backward regions of Odisha,Lucknow-based National Botanical Research Institute pitches in with scientific inputs to make the floriculture sustainable in Jujumara region of Sambalpur.,2024-10-08 06:23:18,https://th-i.thgim.com/public/incoming/yx4ob7/article68731553.ece/alternates/LANDSCAPE_1200/Odisha.jpg,thehindu,6.679562310412274e-15,30,57,194,10,98
825,Newsdata,https://timesofindia.indiatimes.com/auto/bikes/tvs-radeon-110s-new-base-model-launched-priced-at-rs-59880-whats-new/articleshow/114035267.cms,"TVS Radeon 110's new base model launched, Priced at Rs 59,880: What's new","TVS Motor Company has launched a budget-friendly variant of the Radeon 110 priced at Rs 59,880. It remains the same in design and technology but now features an all-black paint job. Powered by a 109.7cc engine, it offers practical features like a colour LCD display and a USB charging port, competing with Hero Splendor Plus and Bajaj Platina.",2024-10-08 05:40:12,"https://static.toiimg.com/thumb/msid-114035271,imgsize-24300,width-400,resizemode-4/114035271.jpg",toi,3.533169444820556e-10,4,32,109,8,31
826,Newsdata,https://timesofindia.indiatimes.com/city/surat/slingshot-gang-busted-21-thefts-solved-in-major-police-operation/articleshow/114055260.cms,"Five of ‘slingshot gang’ nabbed, 21 theft cases detected",,2024-10-08 16:21:40,"https://static.toiimg.com/thumb/msid-47529300,imgsize-110164,width-400,height-225,resizemode-72/47529300.jpg",toi,9.020772135720632e-10,10,13,115,9,49
827,Newsdata,https://theprint.in/environment/eu-olive-oil-supply-to-swell-as-spanish-crop-recovers-from-drought/2303301/,EU olive oil supply to swell as Spanish crop recovers from drought,"PARIS (Reuters) - Olive oil supply in Europe is set to rise sharply in the year ahead as top producer Spain recovers from drought, though it was unclear if households hurt by record prices will revert",2024-10-08 16:15:49,https://static.theprint.in/wp-content/uploads/2024/10/EU_211-696x464.jpg,theprint,1.8645084534222838e-18,7,36,110,5,57
828,Newsdata,https://theprint.in/environment/at-least-22-people-dead-in-devastating-floods-in-bosnia/2303218/,At least 22 people dead in devastating floods in Bosnia,By Daria Sito-Sucic SARAJEVO (Reuters) - At least 22 people have died in severe floods and landslides which wiped out whole villages across Bosnia and Herzegovina and caused huge damage to the,2024-10-08 15:17:26,https://static.theprint.in/wp-content/uploads/2024/10/At_883-696x465.jpg,theprint,1.3299569461839208e-21,11,31,136,6,62
829,Newsdata,https://timesofindia.indiatimes.com/city/surat/bjp-councillors-shocking-extortion-complaint-against-creditor-in-surat/articleshow/114056105.cms,BJP councillor files extortion complaint against creditor,,2024-10-08 17:21:48,"https://static.toiimg.com/thumb/msid-47529300,imgsize-110164,width-400,height-225,resizemode-72/47529300.jpg",toi,0.9989086845951733,6,14,68,13,38
830,Newsdata,https://timesofindia.indiatimes.com/city/surat/mystery-unfolds-18-year-old-girls-suicide-on-gujarat-queen-train-amid-allegations-of-gang-rape/articleshow/114056101.cms,Girl’s suicide aboard Gujarat Queen train remains a mystery,,2024-10-08 17:21:41,"https://static.toiimg.com/thumb/msid-47529300,imgsize-110164,width-400,height-225,resizemode-72/47529300.jpg",toi,0.9214848979463098,9,16,98,15,58
831,Newsdata,https://timesofindia.indiatimes.com/city/surat/surat-man-arrested-with-rs-35-lakh-mephedrone-as-drug-trade-surges/articleshow/114056100.cms,Man held in Surat with mephedrone worth 35L,,2024-10-08 17:21:40,"https://static.toiimg.com/thumb/msid-47529300,imgsize-110164,width-400,height-225,resizemode-72/47529300.jpg",toi,0.9999996379124872,6,8,82,24,53
832,Newsdata,https://timesofindia.indiatimes.com/city/surat/77-year-old-accident-victim-transforms-lives-through-organ-donation/articleshow/114056099.cms,Accident victim gives new life to four,,2024-10-08 17:21:40,"https://static.toiimg.com/thumb/msid-47529300,imgsize-110164,width-400,height-225,resizemode-72/47529300.jpg",toi,0.006474545863788892,5,9,61,8,31
833,Newsdata,https://timesofindia.indiatimes.com/city/surat/cybercrime-police-arrest-two-for-forging-bank-documents-for-visa-scams/articleshow/114056446.cms,Two arrested for making fake bank documents for visa,,2024-10-08 17:45:49,"https://static.toiimg.com/thumb/msid-47529300,imgsize-110164,width-400,height-225,resizemode-72/47529300.jpg",toi,8.135832735996244e-87,4,15,124,2,32
834,Newsdata,https://timesofindia.indiatimes.com/city/surat/tragic-suicide-of-diamond-artisan-driven-by-financial-struggles/articleshow/114056442.cms,Diamond artisan kills self over financial crisis,,2024-10-08 17:45:40,"https://static.toiimg.com/thumb/msid-47529300,imgsize-110164,width-400,height-225,resizemode-72/47529300.jpg",toi,0.9808365262434786,15,30,93,22,57
835,Newsdata,https://theprint.in/environment/florida-gas-stations-run-empty-amid-panic-ahead-of-hurricane-milton/2303582/,Florida gas stations run empty amid panic ahead of Hurricane Milton,"By Shariq Khan NEW YORK (Reuters) -A growing number of gas stations were flashing empty signs on Tuesday as panic-buying gripped Florida, where residents are bracing for a monster hurricane to make",2024-10-08 22:30:19,https://static.theprint.in/wp-content/uploads/2024/10/Florida_291-696x464.jpg,theprint,1.7645258417600886e-17,14,27,218,13,97
836,Newsdata,https://theprint.in/environment/explainer-more-eyes-turn-to-fema-as-hurricane-milton-approaches/2303525/,Explainer-More eyes turn to FEMA as Hurricane Milton approaches,"By Doina Chiacu (Reuters) - Hurricanes Milton and Helene are putting new pressure on the federal government's emergency response agency FEMA, which is already short of money, hit by a politics-fueled",2024-10-08 20:15:31,https://static.theprint.in/wp-content/uploads/2024/10/Explainer-More_371-696x465.jpg,theprint,2.521936375848802e-05,25,55,279,28,133
837,Newsdata,https://theprint.in/environment/hurricane-milton-prompts-some-energy-companies-to-shut-down-tampa-operations/2303517/,Hurricane Milton prompts some energy companies to shut down Tampa operations,"(Reuters) -Energy companies began shutting down their pipelines and fuel-delivery terminals in Tampa, Florida, on Tuesday ahead of Hurricane Milton's expected landfall on Wednesday. Kinder Morgan said",2024-10-08 19:30:27,https://static.theprint.in/wp-content/uploads/2024/10/Hurricane_795-696x464.jpg,theprint,0.297013352856549,3,11,92,10,27
838,Newsdata,https://theprint.in/environment/hurricane-milton-prompts-energy-companies-to-shut-down-tampa-operations/2303507/,Hurricane Milton prompts energy companies to shut down Tampa operations,"(Reuters) - Energy companies on Tuesday began shutting down their pipelines and fuel-delivery terminals in Tampa, Florida ahead of the forecast landfall of Hurricane Milton. Kinder Morgan said it has",2024-10-08 19:16:59,https://static.theprint.in/wp-content/uploads/2024/10/Hurricane_695-696x464.jpg,theprint,0.0005519177860054297,3,9,91,9,32
839,Newsdata,https://theprint.in/environment/gas-stations-run-empty-as-panic-grips-florida-ahead-of-hurricane-milton/2303505/,Gas stations run empty as panic grips Florida ahead of Hurricane Milton,"By Shariq Khan NEW YORK (Reuters) - A growing number of gasoline retailers were flashing empty signs on Tuesday as panic-buying took hold of Florida, where residents are bracing for a monster",2024-10-08 19:16:48,https://static.theprint.in/wp-content/uploads/2024/10/Gas_546-696x464.jpg,theprint,4.817860594720838e-16,16,30,211,13,95
840,Newsdata,https://theprint.in/environment/biden-announces-new-rule-to-remove-all-us-lead-pipes-in-a-decade/2303503/,Biden announces new rule to remove all US lead pipes in a decade,By Daphne Psaledakis and Jarrett Renshaw (Reuters) -The Biden administration finalized a landmark rule on Tuesday that would require water utilities to replace virtually every lead pipe in the country,2024-10-08 19:16:39,https://static.theprint.in/wp-content/uploads/2024/10/Biden_631-696x464.jpg,theprint,2.0443784910780781e-07,14,38,164,11,83
841,Newsdata,https://theprint.in/environment/renewable-energy-to-fall-short-of-un-goal-to-triple-by-2030-iea-says/2303807/,"Renewable energy to fall short of UN goal to triple by 2030, IEA says","By Nina Chestney LONDON (Reuters) - Renewable energy sources are set to meet nearly half of all electricity demand by the end of the decade, but to fall short of a U.N. goal to triple capacity to",2024-10-09 05:17:29,https://static.theprint.in/wp-content/uploads/2024/10/Renewable_309-696x401.jpg,theprint,3.1027165778075676e-24,16,22,131,5,67
842,Newsdata,https://timesofindia.indiatimes.com/city/surat/teen-girl-gang-raped-in-surat-shocking-incident-highlights-rising-crime-against-women/articleshow/114089811.cms,17-year-old out with her male friend gangraped by three near Surat,,2024-10-09 15:30:40,"https://static.toiimg.com/thumb/msid-47529300,imgsize-110164,width-400,height-225,resizemode-72/47529300.jpg",toi,0.9579303457391215,19,21,140,24,85
843,Newsdata,https://www.deccanchronicle.com/southern-states/telangana/dca-officials-conduct-raids-at-quacks-clinic-seize-drugs-1829286,"DCA officials conduct raids at quack’s clinic, seize drugs","Acting on a tip-off, the officials discovered that Gurram Sadanandam, falsely claiming to be a rural medical practitioner (RMP), was operating a clinic under the name Suhana First Aid Centre. Drug inspector M. Aravind Kumar led the raid",2024-10-09 15:17:34,https://www.deccanchronicle.com/h-upload/2024/10/09/1850067-9-puli-3.webp,deccanchronicle,2.669650260627949e-22,2,13,67,3,26
844,Newsdata,https://theprint.in/environment/carbon-removal-no-solution-if-world-overshoots-warming-target-scientists-say/2304895/,"Carbon removal no solution if world overshoots warming target, scientists say",By David Stanway SINGAPORE (Reuters) - Even greater efforts to strip carbon dioxide from the atmosphere will fail to avert climate change catastrophe as rising global temperatures threaten to cross a,2024-10-09 15:16:05,https://static.theprint.in/wp-content/uploads/2024/10/Carbon_671-696x438.jpg,theprint,2.4992290035063217e-14,30,31,166,11,84
845,Newsdata,https://www.deccanchronicle.com/southern-states/andhra-pradesh/expansion-plan-for-natural-farming-with-best-practices-of-apcnf-in-tg-1829284,Expansion Plan for Natural Farming With Best Practices of Apcnf in TG,,2024-10-09 15:10:04,https://www.deccanchronicle.com/h-upload/2024/10/09/1850062-naturalfarming.webp,deccanchronicle,1.5277381718781295e-15,4,28,137,7,34
846,Newsdata,https://www.deccanchronicle.com/nation/current-affairs/odisha-brm-holds-shastra-pujan-showcases-self-defense-skills-1829282,"Odisha: BRM Holds Shastra Pujan, Showcases Self-Defense Skills",Leaders call for national unity and cultural pride,2024-10-09 15:06:09,https://www.deccanchronicle.com/h-upload/2024/10/09/1850064-bharatrakshamanchasashtrapujanandsanatansanskrutirallyinbhubaneswar.webp,deccanchronicle,1.288634660102499e-08,10,62,201,15,70
847,Newsdata,https://theprint.in/environment/rain-affected-roads-slow-cocoa-arrivals-at-ivory-coast-ports/2304800/,Rain-affected roads slow cocoa arrivals at Ivory Coast ports,"By Ange Aboa ABIDJAN (Reuters) - Damage inflicted by heavy rains on roads in Ivory Coast's west, southwest and coastal regions is hampering the harvest, drying and transportation of cocoa beans to",2024-10-09 14:16:31,https://static.theprint.in/wp-content/uploads/2024/10/Rain-affected_549-696x464.jpg,theprint,1.9918646324717075e-05,21,30,178,19,87
848,Newsdata,https://theprint.in/environment/15500-18500-stubble-fires-predicted-in-punjab-haryana-this-winter-unless-on-ground-action-ramps-up/2304611/,"15,500-18,500 stubble fires predicted in Punjab, Haryana this winter, unless on-ground action ramps up",NASA scientist analysed area of paddy sown in the states using NASA’s MODIS Aqua satellite. He added that proactive measures by govt could reduce number of stubble fires significantly.,2024-10-09 13:43:23,https://static.theprint.in/wp-content/uploads/2020/11/StubblePunjab-696x392.jpg,theprint,1.0902165977982938e-42,25,74,275,6,119
849,Newsdata,https://theprint.in/environment/un-agency-launching-platform-to-help-small-farmers-meet-eu-deforestation-rules/2304982/,UN agency launching platform to help small farmers meet EU deforestation rules,HAMBURG (Reuters) - A United Nations trade agency is launching an online platform this month to help small farmers in developing countries maintain access to Europe once new deforestation rules kick,2024-10-09 16:16:29,https://static.theprint.in/wp-content/uploads/2024/10/UN_825-696x464.jpg,theprint,5.4408281228897605e-08,9,28,134,12,74
850,Newsdata,https://theprint.in/environment/explainer-when-will-milton-hit-florida-and-how-does-it-compare-with-other-hurricanes/2304979/,"Explainer-When will Milton hit Florida, and how does it compare with other hurricanes?","(Reuters) - Hurricane Milton became the third-fastest intensifying Atlantic storm on record as it headed towards Florida's west coast, threatening to swamp low-lying areas with a life-threatening",2024-10-09 16:16:19,https://static.theprint.in/wp-content/uploads/2024/10/Explainer-When_754-696x464.jpg,theprint,8.947070709557749e-13,23,60,227,11,72
851,Newsdata,https://timesofindia.indiatimes.com/city/surat/gang-rape-of-17-year-old-girl-near-surat-two-arrested-manhunt-for-third-suspect/articleshow/114091434.cms,17-year-old out with her male friend gang-raped by three near Surat,,2024-10-09 16:09:38,"https://static.toiimg.com/thumb/msid-47529300,imgsize-110164,width-400,height-225,resizemode-72/47529300.jpg",toi,0.9798695386681513,39,42,283,48,171
852,Newsdata,https://www.deccanchronicle.com/news/current-affairs/odisha-govt-transfers-funds-to-35-lakh-women-under-subhadra-yojana-1829290,Odisha Govt transfers funds to 35 lakh women under Subhadra Yojana,Total beneficiaries reach 60 lakh,2024-10-09 15:38:35,https://www.deccanchronicle.com/h-upload/2024/10/09/1850073-odishacmmohancharanmajhithirdfromleftanddeputycmpravatiparidasecondfromleft.bmp,deccanchronicle,1.0568605088827061e-11,10,33,122,8,58
853,Newsdata,https://theprint.in/environment/us-republican-condemns-hurricane-disinformation-spread-by-his-own-party/2305088/,US Republican condemns hurricane disinformation spread by his own party,"By Moira Warburton WASHINGTON (Reuters) -As U.S. officials struggle to push back against disinformation about natural disasters hitting the country, a Republican lawmaker from a hard-hit district",2024-10-09 17:17:12,https://static.theprint.in/wp-content/uploads/2024/10/US_510-696x464.jpg,theprint,0.2680935376581841,12,31,118,18,56
854,Newsdata,https://theprint.in/environment/european-donors-woo-south-africas-sceptical-coal-belt-on-green-energy/2305084/,European donors woo South Africa’s sceptical coal belt on green energy,"By Tim Cocks EMALAHLENI, South Africa (Reuters) - European politicians and diplomats held talks with officials and workers' unions in South Africa's coal belt on Wednesday to try to persuade them that",2024-10-09 17:16:58,https://static.theprint.in/wp-content/uploads/2024/10/European_973-696x431.jpg,theprint,5.530534578602788e-14,13,28,186,11,80
855,Newsdata,https://theprint.in/environment/milton-threatens-to-upend-shaky-florida-homeowners-insurance-market/2305082/,Milton threatens to upend shaky Florida homeowners insurance market,"By Andy Sullivan, Matt Tracy and Michelle Conlin (Reuters) - Hurricane Milton threatens to swamp Florida's troubled property-insurance market, potentially pushing prices higher and threatening",2024-10-09 17:16:45,https://static.theprint.in/wp-content/uploads/2024/10/Milton_805-696x465.jpg,theprint,2.5264952003638095e-08,39,75,335,26,170
856,Newsdata,https://timesofindia.indiatimes.com/city/surat/woman-reports-sexual-harassment-by-neighbours-in-surat-housing-society/articleshow/114094636.cms,Woman alleges sexual harassment by four neighbours,,2024-10-09 17:48:40,"https://static.toiimg.com/thumb/msid-47529300,imgsize-110164,width-400,height-225,resizemode-72/47529300.jpg",toi,0.20177467611196379,6,5,55,7,33
857,Newsdata,https://timesofindia.indiatimes.com/city/surat/major-mephedrone-lab-raided-in-umargam-gidc-17kg-seized-worth-25-crore/articleshow/114094637.cms,Mephedrone lab busted in Umargam GIDC,,2024-10-09 17:48:40,"https://static.toiimg.com/thumb/msid-47529300,imgsize-110164,width-400,height-225,resizemode-72/47529300.jpg",toi,2.7590125959892178e-93,1,11,69,1,23
858,Newsdata,https://theprint.in/environment/biden-warns-of-threat-from-hurricane-milton-condemns-misinformation/2305340/,"Biden warns of threat from Hurricane Milton, condemns misinformation","WASHINGTON (Reuters) - President Joe Biden warned on Wednesday that Hurricane Milton carried incredible destructiveness, as he urged people to take safe shelter and condemned misinformation about the",2024-10-09 22:30:22,https://static.theprint.in/wp-content/uploads/2024/10/Biden_801-696x464.jpg,theprint,0.3350643102931576,6,17,75,12,40
859,Newsdata,https://www.deccanchronicle.com/southern-states/telangana/wrongly-awarded-tender-gives-no-rights-says-hc-1829382,"Wrongly Awarded Tender Gives No Rights, Says HC",,2024-10-09 20:53:08,https://www.deccanchronicle.com/h-upload/2024/10/01/1850650-highcourt.webp,deccanchronicle,5.992127432629282e-13,25,34,275,20,144
860,Newsdata,https://www.deccanchronicle.com/southern-states/telangana/abhishek-manu-singhvi-calls-on-cm-revanth-1829380,Abhishek Manu Singhvi Calls on CM Revanth,,2024-10-09 20:47:37,https://www.deccanchronicle.com/h-upload/2024/10/09/1850648-gzddnfebsaapeus.webp,deccanchronicle,6.249906444505637e-45,4,9,76,2,24
861,Newsdata,https://theprint.in/environment/dangerous-hurricane-milton-bears-down-on-floridas-west-coast/2305293/,Dangerous Hurricane Milton bears down on Florida’s west coast,"By Leonora LaPeter Anton and Brad Brooks ST. PETERSBURG, Florida (Reuters) - An expanding Hurricane Milton closed in on Florida's west coast on Wednesday, spawning tornados and lashing the region with",2024-10-09 20:16:00,https://static.theprint.in/wp-content/uploads/2024/10/Dangerous_611-696x464.jpg,theprint,0.0006131565669624383,38,71,407,41,176
862,Newsdata,https://www.deccanchronicle.com/southern-states/andhra-pradesh/td-ministers-refute-corruption-in-flood-relief-challenge-opposition-for-open-debate-1829363,"TD Ministers Refute Corruption in Flood Relief, Challenge Opposition for Open Debate",,2024-10-09 19:44:05,https://www.deccanchronicle.com/h-upload/2024/08/29/1835340-andhrapradeshgovernment.webp,deccanchronicle,4.8574869995114144e-21,8,26,143,7,60
863,Newsdata,https://www.deccanchronicle.com/southern-states/andhra-pradesh/ap-extends-deadline-for-submission-of-liquor-shop-applications-to-oct-11-draw-of-lots-on-oct-14-1829362,"AP extends deadline for submission of liquor shop applications to Oct. 11, draw of lots on Oct. 14","Excise and Prohibition Director Nishant Kumar issued a communiqué on Wednesday extending the deadline for application submissions to Oct. 11, up to 7.00 pm",2024-10-09 19:41:29,https://www.deccanchronicle.com/h-upload/2024/05/03/1848089-liquor.webp,deccanchronicle,0.9999999999999909,3,5,52,0,17
864,Newsdata,https://www.deccanchronicle.com/southern-states/andhra-pradesh/cm-naidu-backs-one-nation-one-election-policy-1829361,CM Naidu Backs One Nation-One Election Policy,,2024-10-09 19:39:39,https://www.deccanchronicle.com/h-upload/2024/10/09/1850628-na.webp,deccanchronicle,8.451315412907378e-07,5,25,98,9,43
865,Newsdata,https://www.deccanchronicle.com/nation/pm-modi-to-start-2-day-visit-to-laos-today-1829358,PM Modi to Start 2-day Visit to Laos Today,,2024-10-09 19:34:49,https://www.deccanchronicle.com/h-upload/2024/10/09/1850624-mo.webp,deccanchronicle,2.349913514576523e-11,7,20,99,5,39
866,Newsdata,https://theprint.in/environment/biden-harris-condemn-storm-misinformation-ahead-of-hurricane-milton-landfall/2305364/,"Biden, Harris condemn storm misinformation ahead of Hurricane Milton landfall",By Nandita Bose and Jeff Mason WASHINGTON (Reuters) -President Joe Biden warned on Wednesday that Hurricane Milton carried incredible destructiveness and urged people to take safe shelter while,2024-10-10 00:15:27,https://static.theprint.in/wp-content/uploads/2024/10/Biden_668-696x464.jpg,theprint,0.9779866956791866,12,32,134,26,81
867,Newsdata,https://theprint.in/environment/hurricane-milton-kills-four-destroys-homes-in-florida-but-worst-scenario-avoided/2306543/,"Hurricane Milton kills four, destroys homes in Florida, but worst scenario avoided","By Leonara LaPeter Anton and Brad Brooks ST. PETERSBURG, Florida (Reuters) -Hurricane Milton plowed into the Atlantic Ocean on Thursday after cutting a destructive path across Florida that spawned",2024-10-10 14:30:52,https://static.theprint.in/wp-content/uploads/2024/10/Hurricane_249-696x464.jpg,theprint,1.7330494843272032e-12,30,57,380,24,151
868,Newsdata,https://theprint.in/environment/us-forecaster-sees-60-chance-of-la-nina-weather-in-september-november/2306515/,US forecaster sees 60% chance of La Niña weather in September-November,"By Rahul Paswan (Reuters) - There is a 60% chance of La Niña weather conditions emerging in September-November and they are expected to persist through January-March 2025, a U.S. government forecaster",2024-10-10 14:16:17,https://static.theprint.in/wp-content/uploads/2024/10/US_737-696x438.jpg,theprint,1.2869007002073414e-19,11,21,99,5,46
869,Newsdata,https://www.deccanchronicle.com/southern-states/telangana/scr-loco-pilots-face-immense-pressure-amid-staff-shortage-1829524,SCR loco pilots face immense pressure amid staff shortage,,2024-10-10 14:15:52,https://www.deccanchronicle.com/h-upload/2024/02/16/1075909-railways.webp,deccanchronicle,4.381807596835867e-05,20,53,142,16,86
870,Newsdata,https://www.deccanchronicle.com/entertainment/ott/mathu-vadalara-2-to-stream-on-netflix-from-this-date-1829523,Mathu Vadalara 2 OTT Release Date Confirmed,,2024-10-10 14:14:58,https://www.deccanchronicle.com/h-upload/2024/10/10/1850921-mathuvadalara2ott.webp,deccanchronicle,2.8644591274199814e-37,5,5,60,2,22
871,Newsdata,https://www.deccanchronicle.com/entertainment/ott/kapil-sharmas-zwigato-gets-an-ott-streaming-date-1829522,Kapil Sharma's Zwigato gets an OTT streaming date,,2024-10-10 14:05:14,https://www.deccanchronicle.com/h-upload/2024/10/10/1850916-kapilsharmaszwigatogetsanott.webp,deccanchronicle,0.12760476825929484,7,9,54,8,30
872,Newsdata,https://www.deccanchronicle.com/entertainment/ott/john-abrahams-vedaa-gets-an-ott-release-date-1829521,John Abraham's Vedaa gets an OTT Release Date,,2024-10-10 14:00:13,https://www.deccanchronicle.com/h-upload/2024/10/10/1850914-johnabrahamsvedaagetsanott.webp,deccanchronicle,1.1318816494975896e-39,6,11,63,2,31
873,Newsdata,https://timesofindia.indiatimes.com/city/surat/gang-rape-arrest-leads-to-tragic-custodial-death-of-45-year-old/articleshow/114127505.cms,45-year-old dies hours after his arrest for minor girl’s gang rape,,2024-10-10 16:30:41,"https://static.toiimg.com/thumb/msid-114128061,imgsize-61190,width-400,height-225,resizemode-72/114128061.jpg",toi,0.9923930948367126,16,20,157,28,85
874,Newsdata,https://theprint.in/environment/spains-top-fashion-retailers-to-launch-trial-to-collect-clothes-waste-in-2025/2306684/,Spain’s top fashion retailers to launch trial to collect clothes waste in 2025,By Corina Pons MADRID (Reuters) - Spain's largest fashion companies will start collecting discarded clothes from April next year as part of a voluntary pilot scheme to manage textile waste that,2024-10-10 16:16:19,https://static.theprint.in/wp-content/uploads/2024/10/Spains_291-696x474.jpg,theprint,2.8467070177966517e-30,8,18,143,6,64
875,Newsdata,https://timesofindia.indiatimes.com/city/surat/third-gang-rape-accused-identified-major-criminal-history-uncovered/articleshow/114129282.cms,Third gang rape accused also a history-sheeter,,2024-10-10 18:46:06,"https://static.toiimg.com/thumb/msid-47529300,imgsize-110164,width-400,height-225,resizemode-72/47529300.jpg",toi,0.4352804230081337,4,8,67,11,38
876,Newsdata,https://theprint.in/environment/hurricane-milton-leaves-at-least-10-dead-millions-without-power-in-florida/2306823/,"Hurricane Milton leaves at least 10 dead, millions without power in Florida","By Leonara LaPeter Anton and Brad Brooks ST. PETERSBURG, Florida (Reuters) -Hurricane Milton plowed into the Atlantic Ocean on Thursday after cutting a destructive path across Florida that spawned",2024-10-10 18:16:08,https://static.theprint.in/wp-content/uploads/2024/10/Hurricane_840-696x464.jpg,theprint,3.9064311780825784e-05,41,64,434,40,186
877,Newsdata,https://timesofindia.indiatimes.com/city/surat/ex-employee-flees-with-stolen-diamonds-and-gold-worth-45-lakhs-from-surat-jeweller/articleshow/114128620.cms,Former employee steals 45L from jeweller,,2024-10-10 17:51:58,"https://static.toiimg.com/thumb/msid-47529300,imgsize-110164,width-400,height-225,resizemode-72/47529300.jpg",toi,0.30633720790888236,6,9,73,11,40
878,Newsdata,https://timesofindia.indiatimes.com/city/surat/fraud-alert-man-posing-as-surat-municipal-official-swindles-rs-53-lakh-from-victims/articleshow/114128614.cms,Man held for posing as SMC official to swindle 53L from seven,,2024-10-10 17:51:49,"https://static.toiimg.com/thumb/msid-47529300,imgsize-110164,width-400,height-225,resizemode-72/47529300.jpg",toi,0.7211624572434651,5,7,62,10,34
926,Newsdata,https://www.deccanchronicle.com/nation/plea-in-delhi-hc-seeks-norms-to-regulate-re-sale-of-concert-tickets-blocking-of-illegal-sites-1830331,"Plea in Delhi HC seeks norms to regulate re-sale of concert tickets, blocking of illegal sites",,2024-10-15 11:31:49,https://www.deccanchronicle.com/h-upload/2024/03/03/1094304-delhihighcourt.webp,deccanchronicle,4.737897790291477e-19,10,51,149,5,71
879,Newsdata,https://theprint.in/environment/double-disaster-in-florida-where-tornadoes-heralded-miltons-arrival/2306894/,"‘Double disaster’ in Florida, where tornadoes heralded Milton’s arrival","By Brad Brooks LAKEWOOD PARK, Florida (Reuters) - As a tornado whipped up by Hurricane Milton approached, Crystal Coleman raced with her 17-year-old daughter to hide in the bathroom of her home in",2024-10-10 20:16:32,https://static.theprint.in/wp-content/uploads/2024/10/Double_663-696x464.jpg,theprint,0.9077432444837177,20,39,200,29,110
880,Newsdata,https://theprint.in/environment/in-floridas-st-petersburg-holdouts-awaken-to-find-milton-took-mercy-on-their-city/2306930/,"In Florida’s St Petersburg, holdouts awaken to find Milton took mercy on their city","By Leonora LaPeter Anton ST. PETERSBURG, Florida (Reuters) - Residents of St. Petersburg, Florida, who decided to ride out Hurricane Milton despite dire warnings and mandatory evacuation orders",2024-10-10 22:15:18,https://static.theprint.in/wp-content/uploads/2024/10/In_109-696x464.jpg,theprint,0.5570579450384642,21,44,236,32,118
881,Newsdata,https://theprint.in/environment/baseball-could-take-weeks-to-assess-hurricane-milton-damage-to-rays-stadium/2306924/,Baseball-Could take weeks to assess Hurricane Milton damage to Rays stadium,(Reuters) - Major League Baseball's Tampa Bay Rays said on Thursday it could take weeks to assess the damage to its ballpark which had nearly its entire roof torn off as Hurricane Milton cut a,2024-10-10 21:30:10,https://static.theprint.in/wp-content/uploads/2024/10/Baseball-Could_883-696x464.jpg,theprint,0.3666662739621089,6,17,114,17,63
882,Newsdata,https://theprint.in/environment/drought-blocks-shipping-in-another-grains-corridor-in-northern-brazil/2306950/,Drought blocks shipping in another grains corridor in northern Brazil,By Roberto Samora SAO PAULO (Reuters) - Brazilian port terminal group Amport said on Thursday that grains transport through the Tapajos waterway has come to a halt as a severe drought hit northern,2024-10-10 23:15:53,https://static.theprint.in/wp-content/uploads/2024/10/Drought_118-696x392.jpg,theprint,3.2750501947796994e-146,4,17,99,1,44
883,Newsdata,https://theprint.in/environment/hundreds-march-against-ghanas-damaging-informal-gold-mining-boom/2308209/,Hundreds march against Ghana’s damaging informal gold mining boom,"ACCRA (Reuters) - Hundreds of people marched through Ghana's capital Accra on Friday in a peaceful protest against unlicensed gold mining, calling on authorities to act against the dangerous and",2024-10-11 15:16:45,https://static.theprint.in/wp-content/uploads/2024/10/Hundreds_288-696x464.jpg,theprint,1.4786394558543443e-56,6,34,122,2,50
884,Newsdata,https://theprint.in/environment/climate-change-made-hurricane-milton-worse-scientists-say/2308207/,"Climate change made Hurricane Milton worse, scientists say","By Gloria Dickie (Reuters) - The brutal wind and torrential rainfall of Hurricane Milton that killed 16 people in Florida this week were worsened by human-caused climate change, a team of",2024-10-11 15:16:34,https://static.theprint.in/wp-content/uploads/2024/10/Climate_752-696x464.jpg,theprint,7.345195794471318e-17,11,39,133,6,55
885,Newsdata,https://theprint.in/environment/stellantis-ceo-says-eu-carbon-rules-push-industry-costs-up-40/2308112/,Stellantis CEO says EU carbon rules push industry costs up 40%,ROME (Reuters) -Stellantis Chief Executive Carlos Tavares said on Friday current European Union carbon emission rules impose 40% higher costs on the car-making industry at a time when customers are,2024-10-11 14:16:42,https://static.theprint.in/wp-content/uploads/2024/10/Stellantis_706-696x464.jpg,theprint,3.4335590531857802e-06,12,32,123,12,54
886,Newsdata,https://timesofindia.indiatimes.com/home/environment/off-argentinas-patagonian-coast-whales-and-their-calves-dive-deep-for-food/articleshow/114153020.cms,"Off Argentina's Patagonian coast, whales and their calves dive deep for food","Researchers are studying southern right whales off Argentina's Valdes Peninsula, discovering they dive to the ocean floor to feed, often accompanied by their calves. This behavior, previously unknown, reveals larger zooplankton as a significant food source. The study underscores the importance of protecting marine areas to ensure ecosystem balance and whale conservation.",2024-10-11 14:06:43,"https://static.toiimg.com/thumb/msid-114153047,imgsize-80692,width-400,resizemode-4/114153047.jpg",toi,0.16789753801173807,16,27,102,16,57
887,Newsdata,https://www.deccanchronicle.com/business/latest/india-opposes-eus-deforestation-rules-and-carbon-tax-1829705,India Opposes EU's Deforestation Rules and Carbon Tax,"India criticises EU deforestation regulations and carbon tax as unfair, warning of impacts on key exports and industries",2024-10-11 13:35:56,https://www.deccanchronicle.com/h-upload/2024/10/11/1851209-addaheading5.webp,deccanchronicle,4.527393620545257e-56,11,28,116,2,43
888,Newsdata,https://www.deccanchronicle.com/business/economics/indias-industrial-output-contracts-01-in-august-1829704,India's Industrial Output Contracts 0.1% in August,"India's industrial output fell 0.1% in August due to declines in mining and power generation sectors, down from 4.7% growth in July",2024-10-11 13:30:13,https://www.deccanchronicle.com/h-upload/2024/10/11/1851208-addaheading4.webp,deccanchronicle,5.547274912761804e-24,8,20,74,2,18
889,Newsdata,https://theprint.in/environment/the-facts-behind-hurricane-milton-conspiracies-rumors-and-ai-images/2308359/,"The facts behind Hurricane Milton conspiracies, rumors and AI images","By Esther Chan, Hardik Vyas, Lydia Morrish -The aftermath of Hurricane Milton has left a trail of misinformation surrounding relief efforts in hard-hit Florida, including conspiracy theories about",2024-10-11 17:30:17,https://static.theprint.in/wp-content/uploads/2024/10/The_881-696x464.jpg,theprint,4.367383576129763e-14,25,74,353,22,163
890,Newsdata,https://timesofindia.indiatimes.com/city/surat/doctor-scammed-of-495-crore-by-trio-in-fake-property-deal/articleshow/114156801.cms,Trio dupe doctor out of 4.95cr in property deal,,2024-10-11 17:24:40,"https://static.toiimg.com/thumb/msid-47529300,imgsize-110164,width-400,height-225,resizemode-72/47529300.jpg",toi,2.2695725144799935e-06,0,11,95,9,42
891,Newsdata,https://timesofindia.indiatimes.com/city/surat/22-year-old-delivery-worker-arrested-for-raping-11-year-old-girl-in-surat/articleshow/114156802.cms,Delivery worker rapes 11-year-old girl,,2024-10-11 17:24:40,"https://static.toiimg.com/thumb/msid-47529300,imgsize-110164,width-400,height-225,resizemode-72/47529300.jpg",toi,0.4875696698429321,6,10,66,10,40
892,Newsdata,https://theprint.in/environment/hurricane-milton-fact-checking-conspiracies-rumors-and-ai-images/2308328/,"Hurricane Milton: Fact-checking conspiracies, rumors and AI images","By Esther Chan, Hardik Vyas and Lydia Morrish The aftermath of Hurricane Milton has left a trail of misinformation surrounding relief efforts in hard-hit Florida, including conspiracy theories about",2024-10-11 17:15:55,https://static.theprint.in/wp-content/uploads/2024/10/Hurricane_733-696x464.jpg,theprint,4.83751899286119e-14,25,74,352,22,163
924,Newsdata,https://economictimes.indiatimes.com/small-biz/sustainability/eu-agrees-cop29-climate-stance-leaving-money-question-unanswered/articleshow/114234920.cms,"EU agrees COP29 climate stance, leaving money question unanswered","The EU reveals its stance for the COP29 climate talks, emphasizing the need for broadening the donor base while confronting budget constraints.",2024-10-15 03:48:29,"https://img.etimg.com/thumb/msid-114234915,width-300,height-225,imgsize-141864,resizemode-75/istock-1442965509-1.jpg",economictimes_indiatimes,8.617294319133106e-05,19,55,163,19,69
893,Newsdata,https://timesofindia.indiatimes.com/home/environment/kyrgyzstan-opens-rare-probe-into-glacier-destruction/articleshow/114174395.cms,Kyrgyzstan opens rare probe into glacier destruction,"Kyrgyzstan has opened a criminal probe into the destruction of glacial ice by a private company, a rare move pointing to concerns over water shortages in the Central Asian country. Concerns over water shortages in Central Asia are mounting, with climate change, leaky Soviet-era infrastructure and disputes over water ownership all contributing to the problem. bk-cad/oc",2024-10-12 13:58:07,"https://static.toiimg.com/thumb/msid-114174410,imgsize-142918,width-400,resizemode-4/114174410.jpg",toi,3.4867600440359195e-12,3,22,67,2,28
894,Newsdata,https://www.thehindu.com/news/national/karnataka/conservationist-appeals-government-to-stop-treating-natural-injuries-of-wild-animals-says-it-impacts-natural-cycle/article68745803.ece,"Conservationist appeals government to stop treating natural injuries of wild animals, says it impacts natural cycle","Pointing out that natural injuries or mortality of wild animals is crucial in reducing human-animal conflicts, Mr. Sanjay Gubbi noted that the government is often pressured by social media",2024-10-12 11:59:50,https://th-i.thgim.com/public/incoming/s75qb8/article68347715.ece/alternates/LANDSCAPE_1200/IMG_SANJAY_GUBBI_2_1_HLBPDMGF.jpg,thehindu,1.845714287072641e-05,14,63,129,8,80
895,Newsdata,https://timesofindia.indiatimes.com/city/surat/chief-ministers-unite-for-groundbreaking-water-harvesting-initiative-in-surat/articleshow/114177832.cms,Three CMs in city for water harvesting event,,2024-10-12 19:06:41,"https://static.toiimg.com/thumb/msid-47529300,imgsize-110164,width-400,height-225,resizemode-72/47529300.jpg",toi,2.593826695863705e-185,7,9,114,1,39
896,Newsdata,https://timesofindia.indiatimes.com/city/surat/gang-rape-accused-arrested-police-secure-five-day-custody-for-voice-analysis/articleshow/114177058.cms,Police get five-day custody of gang rape accused,,2024-10-12 17:57:48,"https://static.toiimg.com/thumb/msid-47529300,imgsize-110164,width-400,height-225,resizemode-72/47529300.jpg",toi,0.9965458904814168,9,12,101,17,54
897,Newsdata,https://timesofindia.indiatimes.com/city/surat/surat-diamond-bourse-welcomes-40-new-traders-amid-dussehra-celebrations/articleshow/114177052.cms,40 traders start operations at SDB,,2024-10-12 17:57:41,"https://static.toiimg.com/thumb/msid-47529300,imgsize-110164,width-400,height-225,resizemode-72/47529300.jpg",toi,8.878843334734442e-05,4,2,42,4,18
898,Newsdata,https://theprint.in/environment/biden-surveys-milton-storm-damage-in-twice-hit-florida/2309986/,Biden surveys Milton storm damage in twice-hit Florida,"By Trevor Hunnicutt TAMPA (Reuters) -U.S. President Joe Biden arrived in Florida on Sunday to survey damage from Hurricane Milton, the second storm to hit the low-lying state in recent weeks, as",2024-10-13 14:30:29,https://static.theprint.in/wp-content/uploads/2024/10/Biden_568-696x522.jpg,theprint,1.2959724769469012e-17,24,31,214,13,108
899,Newsdata,https://theprint.in/environment/biden-to-survey-milton-storm-damage-in-twice-hit-florida/2309959/,Biden to survey Milton storm damage in twice-hit Florida,"By Trevor Hunnicutt WASHINGTON (Reuters) - U.S. President Joe Biden arrives in Florida on Sunday to survey damage from Hurricane Milton, the second storm to hit the low-lying state in recent weeks",2024-10-13 14:15:47,https://static.theprint.in/wp-content/uploads/2024/10/Biden_154-696x522.jpg,theprint,1.268549353310464e-23,12,24,109,5,57
900,Newsdata,https://timesofindia.indiatimes.com/city/surat/surat-nurse-assaulted-21-year-old-victim-harassed-by-former-employee-inside-hospital/articleshow/114194354.cms,Nurse sexually harassed inside hospital premises,,2024-10-13 16:21:40,"https://static.toiimg.com/thumb/msid-47529300,imgsize-110164,width-400,height-225,resizemode-72/47529300.jpg",toi,0.9999988120647575,8,10,66,17,57
901,Newsdata,https://theprint.in/environment/biden-tours-floridas-storm-hit-streets-as-milton-debris-piles-up/2310084/,Biden tours Florida’s storm-hit streets as Milton debris piles up,"By Trevor Hunnicutt ST PETE BEACH, Florida (Reuters) -U.S. President Joe Biden on Sunday surveyed the damage from Florida's Hurricane Milton, the second storm to batter the low-lying state in recent",2024-10-13 16:15:34,https://static.theprint.in/wp-content/uploads/2024/10/Biden_529-696x464.jpg,theprint,2.6994296927117665e-30,32,41,285,11,123
902,Newsdata,https://timesofindia.indiatimes.com/city/surat/murder-triggered-by-social-media-abuse-in-surat-jigar-patel-killed/articleshow/114194884.cms,Abuse over WA post culminates in man’s murder,,2024-10-13 17:24:49,"https://static.toiimg.com/thumb/msid-47529300,imgsize-110164,width-400,height-225,resizemode-72/47529300.jpg",toi,0.9999662184355382,6,8,81,16,43
903,Newsdata,https://timesofindia.indiatimes.com/city/surat/surge-in-public-participation-for-indias-water-harvesting-campaign-paatil/articleshow/114194879.cms,People joining water harvesting campaign in big way: Paatil,,2024-10-13 17:24:40,"https://static.toiimg.com/thumb/msid-47529300,imgsize-110164,width-400,height-225,resizemode-72/47529300.jpg",toi,0.004341385551204493,11,11,93,9,47
904,Newsdata,https://www.deccanchronicle.com/southern-states/telangana/nizamabad-daylight-gold-chain-snatching-shocks-locals-1829969,NIZAMABAD: Daylight Gold Chain Snatching Shocks Locals,,2024-10-13 22:01:56,https://www.deccanchronicle.com/h-upload/2024/10/13/1851676-img4259.webp,deccanchronicle,2.033924036760599e-49,2,8,69,2,30
905,Newsdata,https://timesofindia.indiatimes.com/auto/cars/audi-q6-sportback-e-tron-breaks-cover-656-km-range-100-kmph-in-4-3-seconds/articleshow/114200801.cms,"Audi Q6 Sportback e-tron breaks cover: 656 km range, 100 kmph in 4.3 seconds!","Audi unveils the new Q6 Sportback e-tron and SQ6 Sportback e-tron with improved aerodynamics and extended ranges ahead of the 2024 Paris Motor Show. The SUV-coupe hybrids feature advanced tech interiors, AI-driven voice assistance, and substantial towing capacity. Prices start at €65,900.",2024-10-14 03:10:38,"https://static.toiimg.com/thumb/msid-114201474,imgsize-116474,width-400,resizemode-4/114201474.jpg",toi,3.911196599665003e-17,11,36,160,8,45
906,Newsdata,https://www.deccanchronicle.com/southern-states/tamil-nadu/equity-investments-in-realty-at-89-bn-in-nine-months-1830109,Equity Investments in Realty at $8.9 Bn in Nine Months,,2024-10-14 14:39:42,https://www.deccanchronicle.com/h-upload/2024/01/28/1072933-apartments.webp,deccanchronicle,3.479550832854736e-53,3,22,84,1,18
907,Newsdata,https://theprint.in/environment/climate-change-finance-could-land-at-hundreds-of-billions-cop29-leaders-say/2311491/,"Climate change finance could land at ‘hundreds of billions’, COP29 leaders say","By Gloria Dickie and Nailia Bagirova BAKU (Reuters) - Trillions of dollars are needed to help address the causes and impacts of climate change, but leaders of the upcoming COP29 United Nations climate",2024-10-14 14:30:22,https://static.theprint.in/wp-content/uploads/2024/10/Climate_705-696x464.jpg,theprint,2.8013460675431632e-12,7,36,157,10,78
925,Newsdata,https://theprint.in/environment/kenya-moves-50-elephants-to-larger-reserve-to-ease-overcrowding/2312867/,Kenya moves 50 elephants to larger reserve to ease overcrowding,"EMBU, Kenya (Reuters) - Kenya is moving 50 elephants to a new home after overcrowding in the Mwea National Reserve has seen the creatures stray into nearby human settlements and damage local",2024-10-15 13:17:50,https://static.theprint.in/wp-content/uploads/2024/10/Kenya_528-696x450.jpg,theprint,3.422618404361457e-07,12,27,116,8,51
908,Newsdata,https://economictimes.indiatimes.com/industry/renewables/research-on-15-pc-ethanol-blending-in-diesel-in-advanced-stages-nitin-gadkari/articleshow/114220609.cms,Research on 15 pc ethanol blending in diesel in advanced stages: Nitin Gadkari,"Union Minister Nitin Gadkari announces advanced research on blending 15% ethanol in diesel and sets a goal to achieve 20% ethanol blending in petrol by 2025. Efforts in fast-tracking ethanol infrastructure, flex-engine cars, and bio-CNG from waste are discussed to reduce India's fossil fuel dependency.",2024-10-14 12:56:03,"https://img.etimg.com/thumb/msid-114220709,width-1200,height-630,imgsize-23174,overlay-economictimes/articleshow.jpg",economictimes_indiatimes,3.560908753788454e-05,16,30,150,15,74
909,Newsdata,https://theprint.in/environment/2-kuno-cheetahs-may-be-out-in-wild-by-october-end-gandhi-sagar-ready-for-use-as-2nd-site-envt-ministry/2311113/,2 Kuno cheetahs may be out in wild by October-end; Gandhi Sagar ready for use as 2nd site—envt ministry,"As part of Project Cheetah phase 2, next batch of cheetahs to come from South Africa & Kenya. 2nd plan is to prepare districts & states near Kuno to deal with cheetahs if they stray out.",2024-10-14 12:27:19,https://static.theprint.in/wp-content/uploads/2024/10/A-cheetah-in-Kuno-National-Park-Kuno-National-Park-696x392.jpg,theprint,4.335315275661137e-22,22,38,205,11,113
910,Newsdata,https://timesofindia.indiatimes.com/auto/electric-bikes/raptee-hv-t30-electric-bike-launched-at-rs-2-39-lakh-with-200-km-range-car-charger-compatible/articleshow/114219255.cms,Raptee.HV T30 electric bike launched at Rs 2.39 lakh with 200 km range: Car charger compatible!,"Chennai-based Raptee.HV has launched its electric motorcycle, T30, at Rs 2.39 lakh to compete with traditional 250-300cc bikes and models like Tork Kratos and Ultraviolette F77 Mach 2. The T30 features a 7-inch touchscreen, 22 kW motor, and 150 km range. Deliveries start January 2025, with pre-bookings open for Rs 1,000.",2024-10-14 12:22:46,"https://static.toiimg.com/thumb/msid-114219237,imgsize-49676,width-400,resizemode-4/114219237.jpg",toi,2.956725838964434e-29,5,34,136,4,46
911,Newsdata,https://www.deccanchronicle.com/southern-states/telangana/nakashi-art-through-the-eyes-of-a-lensman-1830114,Nakashi Art: Through the Eyes of a Lensman,Shutterbug Laxman captures the essence of mural paintings revealing dexterity of artisans of Adilabad,2024-10-14 15:00:38,https://www.deccanchronicle.com/h-upload/2024/10/14/1851880-nakkashi5.webp,deccanchronicle,7.491703058864447e-05,10,41,165,15,76
912,Newsdata,https://www.deccanchronicle.com/nation/current-affairs/odisha-govt-unveils-new-crowd-management-system-for-jagannath-temple-1830132,Odisha Govt Unveils New Crowd Management System for Jagannath Temple,,2024-10-14 16:20:36,https://www.deccanchronicle.com/h-upload/2024/10/14/1851908-srimandirinodishaspuri.webp,deccanchronicle,9.705493842995475e-39,5,26,108,3,48
913,Newsdata,https://www.deccanchronicle.com/southern-states/kerala/kerala-assembly-passes-resolution-against-2024-waqf-amendment-bill-1830131,Kerala Assembly Passes Resolution Against 2024 Waqf Amendment Bill,,2024-10-14 16:13:36,https://www.deccanchronicle.com/h-upload/2024/10/14/1851903-kkk.webp,deccanchronicle,7.683495511961369e-24,5,10,64,3,29
914,Newsdata,https://www.deccanchronicle.com/lifestyle/health-and-well-being/kanha-shanti-vanam-a-rescue-for-people-from-urban-chaos-1830129,Kanha Shanti Vanam: A rescue for people from urban chaos,,2024-10-14 16:11:46,https://www.deccanchronicle.com/h-upload/2024/10/14/1851902-whatsappimage2024-10-14at182512920d856f.webp,deccanchronicle,1.3922670668916463e-05,18,78,244,21,91
915,Newsdata,https://www.deccanchronicle.com/southern-states/telangana/tummala-commits-to-rural-development-initiatives-in-telangana-1830128,Tummala Commits to Rural Development Initiatives in Telangana,,2024-10-14 16:04:23,https://dc-cdn.s3-ap-southeast-1.amazonaws.com/dc-Cover-i385na1k963nvb19kieb5q1gc0-20160519150511.Medi.jpeg,deccanchronicle,6.908833329832006e-28,2,10,79,3,26
916,Newsdata,https://www.deccanchronicle.com/southern-states/telangana/dissidence-in-nalgonda-congress-as-juniors-get-nominated-posts-1830127,Dissidence in Nalgonda Congress As Juniors Get Nominated Posts,,2024-10-14 15:59:39,https://www.deccanchronicle.com/h-upload/2024/09/08/1839340-congress.webp,deccanchronicle,1.55183027589831e-06,11,20,120,10,48
917,Newsdata,https://timesofindia.indiatimes.com/city/surat/cousin-arrested-for-raping-nine-year-old-girl-in-surat/articleshow/114224270.cms,"Nine-year-old girl raped by first cousin, 19-year-old accused arrested",,2024-10-14 15:45:41,"https://static.toiimg.com/thumb/msid-47529300,imgsize-110164,width-400,height-225,resizemode-72/47529300.jpg",toi,0.9999887812004515,12,20,114,32,62
918,Newsdata,https://www.deccanchronicle.com/southern-states/karnataka/51st-all-india-oriental-conference-to-take-place-in-udupi-from-oct-24-26-1830123,51st All India Oriental Conference to Take Place in Udupi from Oct 24-26,,2024-10-14 15:42:01,https://www.deccanchronicle.com/h-upload/2024/10/14/1851896-14-10-mgl-puthige.webp,deccanchronicle,1.316685932446577e-29,4,23,137,4,50
919,Newsdata,https://www.thehindu.com/sci-tech/energy-and-environment/how-did-the-haber-bosch-process-change-the-world/article68752579.ece,How did the Haber-Bosch process change the world?,"The Haber-Bosch method allowed industries to develop cheap synthetic fertilizers, which was a critical component in the sevenfold rise in the world’s food supply during the 20th century. But environmentalists have said the utility of fertilizers can’t be taken for granted. For one, Haber’s nitrogen fertilizer is not harmless",2024-10-15 03:00:00,https://th-i.thgim.com/public/incoming/5gynf0/article68754081.ece/alternates/LANDSCAPE_1200/IMG_90092_29_8_2023_12_3_2_1_2CCBO0MP.jpg,thehindu,1.146419055744045e-07,82,169,500,37,239
920,Newsdata,https://www.deccanchronicle.com/southern-states/telangana/gaddar-awards-panel-accelerates-selection-process-1830216,Gaddar Awards Panel Accelerates Selection Process,,2024-10-14 22:02:22,https://s3.ap-southeast-1.amazonaws.com/images.deccanchronicle.com/dc-Cover-nvbr9sbco2bddnt2f76uk03nr2-20231221231110.Medi.jpeg,deccanchronicle,1.6476891272644868e-21,5,12,123,5,28
921,Newsdata,https://www.deccanchronicle.com/southern-states/telangana/students-to-protest-across-state-on-oct-22-for-enhanced-scholarship-amounts-krishnaiah-1830215,Students to Protest Across State on Oct 22 for Enhanced Scholarship Amounts: Krishnaiah,,2024-10-14 22:00:12,https://s3.ap-southeast-1.amazonaws.com/images.deccanchronicle.com/dc-Cover-be4q6v1vqdjrss71h9j2khhi23-20170408002234.Medi.jpeg,deccanchronicle,0.8925694337952743,5,14,64,12,39
922,Newsdata,https://www.deccanchronicle.com/southern-states/telangana/lightning-kills-labourer-rains-lash-several-parts-of-state-1830214,"Lightning Kills Labourer, Rains Lash Several Parts of State",,2024-10-14 21:55:12,https://www.deccanchronicle.com/h-upload/2024/10/13/1851631-lighting.webp,deccanchronicle,1.528341616478625e-28,2,13,78,3,26
923,Newsdata,https://www.deccanchronicle.com/southern-states/telangana/harish-takes-on-govt-for-failure-on-bathukamma-saris-1830213,Harish Takes on Govt for Failure on Bathukamma Saris,"Cong fails to give Bathukamma saris, says Harish",2024-10-14 21:52:48,https://www.deccanchronicle.com/h-upload/2024/08/28/1835095-harishrao.webp,deccanchronicle,1.0933399156245355e-11,7,15,82,6,39
927,Newsdata,https://www.deccanchronicle.com/nation/world/eam-jaishankar-arrives-in-islamabad-to-attend-sco-meeting-1830329,EAM Jaishankar arrives in Islamabad to attend SCO meeting,,2024-10-15 11:24:55,https://s3.ap-southeast-1.amazonaws.com/images.deccanchronicle.com/dc-Cover-kob1l5sdfpjmpbhpstcge4b465-20240106002540.Medi.jpeg,deccanchronicle,2.2576301184130512e-15,9,25,129,7,48
928,Newsdata,https://timesofindia.indiatimes.com/city/surat/sikligar-gang-members-arrested-in-major-surat-jewellery-heist/articleshow/114259017.cms,Three of Sikligar gang nabbed in jewellery theft case,,2024-10-15 16:21:40,"https://static.toiimg.com/thumb/msid-47529300,imgsize-110164,width-400,height-225,resizemode-72/47529300.jpg",toi,2.7622889870521804e-07,3,16,130,13,58
929,Newsdata,https://timesofindia.indiatimes.com/city/surat/22-year-old-diamond-worker-arrested-for-raping-14-year-old-during-navratri-celebrations/articleshow/114259602.cms,Diamond worker raped 14-year-old during Navratri,,2024-10-15 17:00:40,"https://static.toiimg.com/thumb/msid-47529300,imgsize-110164,width-400,height-225,resizemode-72/47529300.jpg",toi,0.9999292574170316,9,10,80,13,47
930,Newsdata,https://timesofindia.indiatimes.com/city/surat/anaesthetist-couple-balances-work-and-family-amidst-challenges/articleshow/114260951.cms,Anaesthetist couples strike work-life balance,,2024-10-15 18:27:56,"https://static.toiimg.com/thumb/msid-47529300,imgsize-110164,width-400,height-225,resizemode-72/47529300.jpg",toi,0.9996045621913375,17,19,100,22,38
931,Newsdata,https://timesofindia.indiatimes.com/city/surat/surat-kids-shine-11-year-olds-win-gold-in-global-reading-challenge/articleshow/114260892.cms,Surat’s 11-year-olds win gold at international reading challenge,,2024-10-15 18:24:58,"https://static.toiimg.com/thumb/msid-47529300,imgsize-110164,width-400,height-225,resizemode-72/47529300.jpg",toi,0.22431813648497625,5,22,83,13,54
932,Newsdata,https://timesofindia.indiatimes.com/city/surat/surats-man-made-fibre-sector-receives-major-boost-from-new-textile-policy/articleshow/114261565.cms,Boost for Surat’s man-made fibre sector,,2024-10-15 18:46:09,"https://static.toiimg.com/thumb/msid-47529300,imgsize-110164,width-400,height-225,resizemode-72/47529300.jpg",toi,1.558001957024035e-56,5,19,108,3,55
933,Newsdata,https://theprint.in/environment/heavy-rain-batters-chennai-bengaluru-is-this-years-northeast-monsoon-an-aberration/2314578/,Heavy rain batters Chennai & Bengaluru. Is this year’s Northeast Monsoon an aberration,"Also known as the retreating monsoon, Northeast Monsoon typically begins in October. It brings cold and dry winds from Himalayas towards warmer Indian Ocean & Deccan Peninsula.",2024-10-16 15:00:29,https://static.theprint.in/wp-content/uploads/2024/10/Chennai-rain-696x392.jpg,theprint,1.5578860685949363e-16,31,63,262,12,94
934,Newsdata,https://www.thehindu.com/news/cities/Delhi/sc-asks-lg-to-file-personal-affidavit-on-delhi-ridge-tree-felling/article68761806.ece,SC asks LG to file personal affidavit on Delhi ridge tree-felling,A three-judge Bench headed by Chief Justice of India D.Y. Chandrachud said the court wanted to get its information from the highest authority in the DDA,2024-10-16 16:28:57,https://th-i.thgim.com/public/incoming/3917vd/article68762038.ece/alternates/LANDSCAPE_1200/IMG_Tree_Cutting_Satbari_2_1_K8D35SA2.jpg,thehindu,1.5011575318884758e-07,20,53,233,21,112
935,Newsdata,https://theprint.in/environment/earthquake-damages-buildings-in-eastern-turkey-rattles-syria/2314801/,"Earthquake damages buildings in eastern Turkey, rattles Syria","ISTANBUL (Reuters) - A magnitude-5.9 earthquake struck eastern Turkey's Malatya province on Wednesday, causing damage to some buildings but no casualties, the country's disaster and emergency",2024-10-16 14:17:36,https://static.theprint.in/wp-content/uploads/2024/10/Earthquake_968.jpg,theprint,1.4031140514493171e-27,3,6,101,4,28
936,Newsdata,https://www.thehindu.com/news/national/climate-change-impact-harsher-on-poorer-farmers-in-india-fao-report/article68761901.ece,Climate change impact harsher on poorer farmers in India: FAO report,"FAO recommends enhanced social security net for all, Niti Aayog member says India doing its best to deal with climate change.",2024-10-16 17:07:17,https://th-i.thgim.com/public/incoming/z8kceo/article68762151.ece/alternates/LANDSCAPE_1200/IMG_90092_29_8_2023_12_3_2_1_ABDF1O6G.jpg,thehindu,6.077316468562714e-06,16,74,194,19,101
937,Newsdata,https://timesofindia.indiatimes.com/city/surat/notorious-criminal-arrested-with-firearms-recovered-from-tapi-river/articleshow/114291349.cms,History-sheeter caught with firearms he fished out from Tapi River,,2024-10-16 16:39:40,"https://static.toiimg.com/thumb/msid-47529300,imgsize-110164,width-400,height-225,resizemode-72/47529300.jpg",toi,0.9980582935973186,9,12,95,17,47
938,Newsdata,https://timesofindia.indiatimes.com/home/environment/flora-fauna/kaziranga-national-park-records-446-butterfly-species/articleshow/114293038.cms,Kaziranga National Park records 446 butterfly species,,2024-10-16 18:28:56,"https://static.toiimg.com/thumb/msid-114293049,imgsize-49480,width-400,resizemode-4/114293049.jpg",toi,5.540757376205375e-28,5,24,140,4,29
939,Newsdata,https://timesofindia.indiatimes.com/city/surat/tragic-bus-accident-in-surat-kills-one-and-injures-another/articleshow/114356311.cms,1 killed as bus hits 4 motorcycles,,2024-10-18 15:39:40,"https://static.toiimg.com/thumb/msid-47529300,imgsize-110164,width-400,height-225,resizemode-72/47529300.jpg",toi,0.009964384192850513,7,8,69,7,30
940,Newsdata,https://theprint.in/environment/azores-create-largest-marine-protected-area-in-north-atlantic/2318511/,Azores create largest marine protected area in North Atlantic,By Patricia Vicente Rua LISBON (Reuters) - The regional assembly of Portugal's Azores Islands approved the creation of the largest protected marine area in the North Atlantic to reach international,2024-10-18 15:32:58,https://static.theprint.in/wp-content/uploads/2024/10/Azores_294-696x464.jpg,theprint,3.3064130409843745e-21,12,28,119,4,39
941,Newsdata,https://timesofindia.indiatimes.com/city/surat/binaa-patels-vibrant-warli-art-exhibition-kicks-off-in-surat/articleshow/114356012.cms,Three-day exhibition on Warli art begins,,2024-10-18 15:21:41,"https://static.toiimg.com/thumb/msid-47529300,imgsize-110164,width-400,height-225,resizemode-72/47529300.jpg",toi,1.3734324712390486e-07,5,7,73,5,26
942,Newsdata,https://www.thehindu.com/sci-tech/energy-and-environment/citizen-science-projects-in-visakhapatnam-engage-community-members-to-document-biodiversity/article68761544.ece,Citizen science projects in Visakhapatnam engage community members to document biodiversity,"Environmental organisations in Visakhapatnam, Vizianagaram and Srikakulam are leading citizen science projects, transforming individual observations into contributors to science",2024-10-18 14:21:29,https://th-i.thgim.com/public/incoming/1tfhhs/article68761729.ece/alternates/LANDSCAPE_1200/WhatsApp%20Image%202024-10-16%20at%2019.56.38.jpeg,thehindu,2.1725915758995124e-07,36,79,354,29,143
943,Newsdata,https://theprint.in/environment/coastal-erosion-eats-away-at-irish-familys-200-year-old-home/2318362/,Coastal erosion eats away at Irish family’s 200-year-old home,"By Clodagh Kilcoyne BALLYHEALY, Ireland (Reuters) - An elderly Irish couple fear they are running out of time to save their family home as accelerating coastal erosion brings the sea ever closer to",2024-10-18 14:16:37,https://static.theprint.in/wp-content/uploads/2024/10/Coastal_458-696x392.jpg,theprint,0.9487735438218765,24,28,120,24,78
946,Newsdata,https://www.deccanchronicle.com/southern-states/telangana/hike-old-age-pensions-in-phases-1831206,Hike Old Age Pensions in Phases,,2024-10-18 19:07:30,https://www.deccanchronicle.com/h-upload/2024/10/18/1853701-hikeoldagepensionsinphases.webp,deccanchronicle,1.0932766064547685e-05,2,19,76,8,36
947,Newsdata,https://www.deccanchronicle.com/nation/mp-19-year-old-girl-set-ablaze-by-son-of-man-accused-of-molestation-succumbs-to-injuries-1831204,"MP: 19-Year-Old Girl, Set Ablaze by Son of Man Accused of Molestation, Succumbs to Injuries",,2024-10-18 19:04:47,https://www.deccanchronicle.com/h-upload/2024/09/12/1841278-fire.webp,deccanchronicle,0.9999832735875493,4,8,59,11,32
948,Newsdata,https://www.deccanchronicle.com/southern-states/andhra-pradesh/de-addiction-ward-to-open-at-anantapur-ggh-1831203,De-Addiction Ward to Open at Anantapur GGH,,2024-10-18 19:01:23,https://www.deccanchronicle.com/h-upload/2024/10/18/1853699-ggh.webp,deccanchronicle,7.161146495212354e-84,2,9,76,1,16
949,Newsdata,https://www.deccanchronicle.com/southern-states/telangana/cops-book-6-persons-for-trespass-1831201,Cops Book 6 Persons for Trespass,,2024-10-18 18:58:02,https://www.deccanchronicle.com/h-upload/2024/10/18/1853698-cyberabadpolice.webp,deccanchronicle,1.4821700436935994e-23,19,19,194,9,74
950,Newsdata,https://www.deccanchronicle.com/nation/cgarh-ed-arrests-chhattisgarh-ias-officer-in-dmf-scam-1831200,C’garh: ED Arrests Chhattisgarh IAS Officer in DMF Scam,,2024-10-18 18:57:24,https://www.deccanchronicle.com/h-upload/2024/10/11/1851296-enforcementdirectorate.webp,deccanchronicle,5.238814936189794e-66,8,19,160,3,47
951,Newsdata,https://www.deccanchronicle.com/southern-states/andhra-pradesh/union-mos-murugan-visits-puttaparthi-1831199,Union MoS Murugan visits Puttaparthi,,2024-10-18 18:50:38,https://www.deccanchronicle.com/h-upload/2024/10/18/1853696-18mosmuruganatputtaparthi.webp,deccanchronicle,2.2203291900520867e-28,1,1,50,2,15
952,Newsdata,https://www.deccanchronicle.com/southern-states/telangana/special-branch-plays-key-role-in-governments-decision-making-says-cv-anand-1831198,"Special Branch Plays Key Role in Government’s Decision Making, Says C.V. Anand",,2024-10-18 18:48:52,https://www.deccanchronicle.com/h-upload/2024/10/18/1853694-gxasgosxwaafijy.webp,deccanchronicle,1.3259362526438288e-08,6,10,46,4,21
953,Newsdata,https://theprint.in/environment/colombian-scientists-develop-supplement-to-protect-bees-from-pesticides/2319491/,Colombian scientists develop supplement to protect bees from pesticides,"By Camilo Cohecha BOGOTA (Reuters) - Scientists in Colombia say they have developed a novel food supplement that protects bees' brains from pesticides, keeping the insects safe from neurological",2024-10-19 13:15:37,https://static.theprint.in/wp-content/uploads/2024/10/Colombian_883-696x464.jpg,theprint,2.1021137062606508e-11,5,19,98,8,52
954,Newsdata,https://timesofindia.indiatimes.com/city/surat/surat-establishes-new-fire-prevention-wing-to-enhance-safety/articleshow/114381347.cms,New fire prevention wing being set up in city,,2024-10-19 17:33:40,"https://static.toiimg.com/thumb/msid-47529300,imgsize-110164,width-400,height-225,resizemode-72/47529300.jpg",toi,5.091151373472587e-77,8,23,102,2,55
955,Newsdata,https://www.deccanchronicle.com/southern-states/andhra-pradesh/ex-ysrc-party-doctor-blames-ap-government-for-diarrhea-deaths-1831397,Ex-YSRC Party Doctor Blames AP Government for Diarrhea Deaths,,2024-10-19 17:31:42,https://s3.ap-southeast-1.amazonaws.com/images.deccanchronicle.com/dc-Cover-qsptm006klu86e6ki3eakvj9q3-20240104231939.Medi.jpeg,deccanchronicle,0.7939990925493287,8,19,70,14,36
956,Newsdata,https://www.deccanchronicle.com/southern-states/telangana/alcoholics-search-for-mobile-after-double-murder-lands-him-in-jail-1831396,Alcoholic’s search for mobile after double-murder lands him in jail,,2024-10-19 17:28:20,https://www.deccanchronicle.com/h-upload/2024/10/19/1853992-rachakonda.webp,deccanchronicle,0.9857344565173295,14,17,111,16,62
957,Newsdata,https://www.deccanchronicle.com/southern-states/telangana/four-pubs-in-hyderabad-shut-for-preying-on-drunk-customers-1831395,Four Pubs in Hyderabad Shut for Preying on Drunk Customers,,2024-10-19 17:26:00,https://www.deccanchronicle.com/h-upload/2024/10/19/1853989-screenshot2024-10-19224227.webp,deccanchronicle,0.8828197377111601,10,19,132,21,73
958,Newsdata,https://www.deccanchronicle.com/entertainment/tollywood/i-have-nothing-to-do-with-sustainkart-or-kanthi-dutt-shilpa-reddy-1831394,I have nothing to do with SustainKart or Kanthi Dutt: Shilpa Reddy,,2024-10-19 17:22:17,https://www.deccanchronicle.com/h-upload/2024/10/19/1853990-screenshot2024-10-19225008.webp,deccanchronicle,0.6644621709755345,11,15,73,10,43
959,Newsdata,https://www.deccanchronicle.com/entertainment/ott/bigg-boss-telugu-8-in-an-unexpected-turn-this-actor-gets-eliminated-1831393,"Bigg Boss Telugu 8: In an Unexpected Turn, THIS actor gets eliminated",,2024-10-19 17:17:06,https://www.deccanchronicle.com/h-upload/2024/10/19/1853985-newproject-2024-09-06t114654-021-1725603913.webp,deccanchronicle,5.606038154179349e-05,7,11,81,9,41
960,Newsdata,https://www.deccanchronicle.com/nation/police-find-zeeshan-siddiques-photo-from-phone-of-arrested-accused-1831389,Police find Zeeshan Siddique’s photo from phone of arrested accused,,2024-10-19 16:55:49,https://www.deccanchronicle.com/h-upload/2024/10/19/1853981-ncpmla.webp,deccanchronicle,5.164758691231196e-06,15,19,167,17,91
961,Newsdata,https://timesofindia.indiatimes.com/city/surat/congress-organizes-janmanch-to-support-diamond-artisans-amid-industry-crisis/articleshow/114381551.cms,Cong holds ‘janmanch’ to address issues of diamond artisans,,2024-10-19 17:54:40,"https://static.toiimg.com/thumb/msid-47529300,imgsize-110164,width-400,height-225,resizemode-72/47529300.jpg",toi,0.16489281993535101,8,11,114,14,56
962,Newsdata,https://www.deccanchronicle.com/southern-states/andhra-pradesh/ap-earned-rs-1797-crore-from-liquor-applications-kollu-ravindra-1831398,"AP Earned Rs 1,797 Crore From Liquor Applications: Kollu Ravindra",,2024-10-19 17:46:11,https://www.deccanchronicle.com/h-upload/2024/07/27/1826968-kolluravindra.jfif,deccanchronicle,8.152325042159306e-06,11,29,127,15,75
963,Newsdata,https://timesofindia.indiatimes.com/city/surat/surat-man-arrested-for-rapist-ruse-promised-marriage-to-35-year-old-woman/articleshow/114404444.cms,Man booked for raping 35-yr-old on pretext of marriage,,2024-10-20 18:39:59,"https://static.toiimg.com/thumb/msid-47529300,imgsize-110164,width-400,height-225,resizemode-72/47529300.jpg",toi,0.00011081772310254767,3,5,31,3,18
964,Newsdata,https://timesofindia.indiatimes.com/city/surat/drunk-drivers-reckless-actions-garment-trader-killed-in-fatal-crash/articleshow/114403173.cms,Garment trader becomes victim of repeat rash driving offender,,2024-10-20 17:33:40,"https://static.toiimg.com/thumb/msid-47529300,imgsize-110164,width-400,height-225,resizemode-72/47529300.jpg",toi,0.4497833937818039,21,30,179,22,94
965,Newsdata,https://www.deccanchronicle.com/nation/politics/maratha-quota-activist-to-field-candidates-for-assembly-1831582,Maratha Quota Activist to Field Candidates for Assembly,,2024-10-20 16:49:25,https://www.deccanchronicle.com/h-upload/2024/10/20/1854266-la-24676351.webp,deccanchronicle,0.9999713849392867,17,15,121,28,85
966,Newsdata,https://www.deccanchronicle.com/opinion/columnists/as-dulat-jk-the-importance-of-being-farooq-abdullah-1831580,AS Dulat | J&K: The importance of being Farooq Abdullah,"Off and on, when I asked him how he would manage “accommodation”, Doctor Sahab’s response was: “Togetherness, not accommodation, is the key”. Also: “we need to unite or perish”",2024-10-20 16:43:10,https://www.deccanchronicle.com/h-upload/2024/01/19/1071530-farooqabdullah.webp,deccanchronicle,0.9994055329300489,70,56,362,67,196
967,Newsdata,https://www.deccanchronicle.com/southern-states/telangana/go-317-affected-staff-likely-to-get-relief-1831579,GO 317-Affected Staff Likely to Get Relief,Cabinet sub-committee submits report to CM,2024-10-20 16:33:38,https://www.deccanchronicle.com/h-upload/2024/10/20/1854257-go317.webp,deccanchronicle,8.747183116164856e-25,6,33,129,5,57
968,Newsdata,https://theprint.in/environment/top-eu-countries-spend-45-billion-subsidizing-fossil-fuel-company-cars-study-says/2320851/,"Top EU countries spend $45 billion subsidizing fossil-fuel company cars, study says","By Nick Carey (Reuters) - The EU's five biggest members spend 42 billion euros ($45.60 billion) annually subsidizing fossil-fuel company cars, according to a study commissioned by environmental group",2024-10-20 22:15:49,https://static.theprint.in/wp-content/uploads/2024/10/Top_113-696x464.jpg,theprint,2.5023988934690512e-36,14,28,145,4,49
1231,Newsdata,https://www.deccanchronicle.com/southern-states/telangana/telangana-enumerators-get-positive-responses-to-household-survey-1837318,Telangana: Enumerators Get Positive Responses to Household Survey,,2024-11-11 14:41:00,https://www.deccanchronicle.com/h-upload/2024/11/06/1859960-castecensus.webp,deccanchronicle,0.9860125016232408,12,34,141,31,100
970,Newsdata,https://theprint.in/environment/creating-a-plastic-free-tourism-sector-is-a-challenge-heres-why-its-worth-it/2320777/,Creating a plastic-free tourism sector is a challenge. Here’s why it’s worth it,"The tourism industry significantly contributes to plastic pollution. In places like the Mediterranean, there is a marked increase in marine pollution during peak travel seasons.",2024-10-21 02:30:45,https://static.theprint.in/wp-content/uploads/2024/10/ThePrint-feature-image-1-696x392.png,theprint,6.7543155185168e-11,61,137,505,33,283
971,Newsdata,https://www.thehindu.com/sci-tech/energy-and-environment/on-climate-finance-to-developing-nations-explained/article68776888.ece,On climate finance to developing nations | Explained,Why are developing countries more vulnerable to climate change? How does the United Nations Framework Convention on Climate Change define climate finance? Why have the figures mentioned in the OECD report been called into question? Does India need climate financing?,2024-10-21 03:00:00,https://th-i.thgim.com/public/incoming/akcqkg/article68776899.ece/alternates/LANDSCAPE_1200/AFP_36K96KB.jpg,thehindu,9.96834417304637e-16,35,89,263,12,135
972,Newsdata,https://www.deccanchronicle.com/world/australia-and-new-zealand/king-charles-heckled-by-senator-lidia-thorpe-at-australian-parliament-1831663,King Charles heckled by senator Lidia Thorpe at Australian parliament,,2024-10-21 05:09:57,https://www.deccanchronicle.com/h-upload/2024/10/21/1854384-aa-3292988.webp,deccanchronicle,0.9612880395794295,13,26,80,18,50
973,Newsdata,https://www.deccanchronicle.com/southern-states/andhra-pradesh/cyclonic-storm-likely-to-form-in-bay-of-bengal-by-oct-23-imd-1831662,Cyclonic storm likely to form in Bay of Bengal by Oct 23: IMD,,2024-10-21 04:54:42,https://www.deccanchronicle.com/h-upload/2024/05/24/1092310-cyclone.jfif,deccanchronicle,0.999999998584147,4,8,44,0,17
974,Newsdata,https://timesofindia.indiatimes.com/auto/reviews/bajaj-pulsar-n125-first-ride-review-more-than-just-a-commuter/articleshow/114427278.cms,Bajaj Pulsar N125 first-ride review: More than just a commuter!,"The Bajaj Pulsar N125, a stylish and youthful bike, stands out in the 125cc segment. It boasts a sporty design, vibrant colors, and a segment-leading 11.8 hp engine. The five-speed gearbox and lightweight chassis enhance agility. Although the braking system could benefit from ABS, it performs impressively overall.",2024-10-21 11:47:03,"https://static.toiimg.com/thumb/msid-114427496,imgsize-66054,width-400,resizemode-4/114427496.jpg",toi,0.00043784086194416903,28,83,185,32,84
975,Newsdata,https://theprint.in/environment/bhp-trying-to-avoid-responsibility-over-brazilian-dam-collapse-uk-court-told/2321617/,"BHP trying to avoid responsibility over Brazilian dam collapse, UK court told","By Sam Tobin LONDON (Reuters) -BHP is cynically trying to avoid its responsibility for Brazil's worst environmental disaster, lawyers representing thousands of victims told London's High Court on",2024-10-21 11:16:55,https://static.theprint.in/wp-content/uploads/2024/10/BHP_885-696x465.jpg,theprint,2.3766252140506748e-09,26,44,211,17,112
976,Newsdata,https://economictimes.indiatimes.com/industry/renewables/india-needs-rs-32-lakh-cr-investment-in-renewable-by-2030-ireda-cmd/articleshow/114435729.cms,India needs Rs 32 lakh cr investment in renewable by 2030: IREDA CMD,"India will need about Rs 32 lakh crore in renewable energy investments by 2030 to meet its net-zero emission targets, according to IREDA's Pradip Kumar Das. Emphasis on customer-centric financial solutions and innovative technologies like Green Hydrogen, Offshore Wind, and E-Mobility is crucial for achieving these objectives.",2024-10-21 17:05:14,"https://img.etimg.com/thumb/msid-114435832,width-1200,height-630,imgsize-33070,overlay-economictimes/articleshow.jpg",economictimes_indiatimes,0.00015749656390750335,8,27,80,8,38
977,Newsdata,https://timesofindia.indiatimes.com/city/surat/surat-rain-disrupts-diwali-preparations/articleshow/114437807.cms,Rain affects pre-Diwali activities,,2024-10-21 18:36:48,"https://static.toiimg.com/thumb/msid-47529300,imgsize-110164,width-400,height-225,resizemode-72/47529300.jpg",toi,0.9999999911304042,4,14,50,0,28
978,Newsdata,https://timesofindia.indiatimes.com/city/surat/massive-drug-bust-mephedrone-factory-raided-in-ankleshwar-gidc/articleshow/114437802.cms,Another factory making drugs busted in Ankleshwar GIDC,,2024-10-21 18:36:41,"https://static.toiimg.com/thumb/msid-47529300,imgsize-110164,width-400,height-225,resizemode-72/47529300.jpg",toi,0.016108200468339988,4,23,175,22,78
979,Newsdata,https://timesofindia.indiatimes.com/city/surat/major-rave-party-raid-in-surat-14-arrested-including-9-women/articleshow/114437612.cms,"14, including 9 women, arrested from rave party",,2024-10-21 18:33:49,"https://static.toiimg.com/thumb/msid-47529300,imgsize-110164,width-400,height-225,resizemode-72/47529300.jpg",toi,0.012893901538109114,5,15,100,12,42
980,Newsdata,https://theprint.in/environment/leaders-urge-world-to-pay-up-to-save-nature-as-cop16-talks-open/2322484/,Leaders urge world to pay up to save nature as COP16 talks open,"CALI, Colombia (Reuters) - The nearly 200 countries meeting in Colombia for the United Nations COP16 summit must act urgently to mobilize billions of dollars to stop rapid nature destruction, U.N.",2024-10-21 21:30:40,https://static.theprint.in/wp-content/uploads/2024/10/Leaders_667-696x465.jpg,theprint,1.4110338838176472e-27,15,15,153,7,73
981,Newsdata,https://www.thehindu.com/opinion/op-ed/the-case-for-a-nature-restoration-law-in-india/article68780219.ece,The case for a nature restoration law in India,The law enacted by the European Union recently is a model worth following,2024-10-21 19:28:00,https://th-i.thgim.com/public/opinion/op-ed/rd4um6/article68780222.ece/alternates/LANDSCAPE_1200/iStock-533577883.jpg,thehindu,3.362787105551703e-16,24,86,317,12,133
982,Newsdata,https://timesofindia.indiatimes.com/city/surat/diamond-units-to-resume-after-21-days-amid-economic-slowdown-what-it-means-for-the-industry/articleshow/114437963.cms,Vacation amid slowdown: Leading diamond units to start work after 21 days,,2024-10-21 18:48:52,"https://static.toiimg.com/thumb/msid-47529300,imgsize-110164,width-400,height-225,resizemode-72/47529300.jpg",toi,7.049297453146233e-55,6,31,126,3,64
983,Newsdata,https://www.thehindu.com/sci-tech/energy-and-environment/how-policies-shape-high-performance-building-standards-and-climate-goals/article68778947.ece,How policies shape high-performance building standards and climate goals,"Governments are trying to adopt high-performance buildings through policies and financing mechanisms that promote energy efficiency, resource management, and carbon neutrality. India has made significant progress through initiatives under its National Action Plan on Climate Change",2024-10-22 03:00:00,https://th-i.thgim.com/public/incoming/wo0fpt/article68780583.ece/alternates/LANDSCAPE_1200/iStock-1491412611%201.jpg,thehindu,1.6419595220035582e-16,30,100,367,16,130
984,Newsdata,https://timesofindia.indiatimes.com/auto/bikes/bajaj-pulsar-n125-launched-at-rs-94707-variants-engine-specs-features-and-more/articleshow/114449598.cms,"Bajaj Pulsar N125 launched at Rs 94,707: Variants, engine specs, features and more","Bajaj Auto launches the Pulsar N125 at a starting price of Rs 94,707, targeting Gen-Z riders. It features a sharp design, a 125cc engine producing 11.8 hp, a 5-speed gearbox, and an LCD instrument cluster with Bluetooth. Available in two variants and seven colors, it competes with TVS Raider and Hero Xtreme 125R.",2024-10-22 05:34:46,"https://static.toiimg.com/thumb/msid-114449616,imgsize-53492,width-400,resizemode-4/114449616.jpg",toi,8.821602187867714e-05,10,26,114,12,44
985,Newsdata,https://www.deccanchronicle.com/tabloid/hyderabad-chronicle/understanding-medical-emergencies-1832139,Understanding Medical Emergencies,"Experts explain the differences between situations such as heart attack, heart failure, cardiac arrest, and stroke",2024-10-22 18:30:53,https://www.deccanchronicle.com/h-upload/2024/10/22/1854944-untitleddesign.webp,deccanchronicle,2.411463814952423e-39,23,63,260,7,120
986,Newsdata,https://www.deccanchronicle.com/tabloid/hyderabad-chronicle/filmmaking-is-risky-actors-have-to-accept-that-1832143,"Filmmaking is risky, actors have to accept that","Says Ajay Devgn, when talking about his latest project ‘Singham Again’",2024-10-22 18:30:37,https://www.deccanchronicle.com/h-upload/2024/10/22/1854950-untitleddesign2.webp,deccanchronicle,0.6310689895669265,15,30,116,22,80
987,Newsdata,https://www.deccanchronicle.com/news/crime/life-sentences-to-convicts-in-rape-cases-1832211,Life sentences to convicts in rape cases,,2024-10-22 18:30:17,http://dc-cdn.s3-ap-southeast-1.amazonaws.com/dc-Cover-n2h02m8dg63ql3us43o41a91t5-20160812065507.Medi.jpeg,deccanchronicle,1.3932957839036796e-24,2,8,54,2,14
988,Newsdata,https://www.deccanchronicle.com/tabloid/hyderabad-chronicle/naidu-stalin-say-have-more-kids-but-many-young-couples-opt-for-1-or-no-child-1832127,"Naidu, Stalin say Have more kids But many young couples opt for 1 or no child","While the Chief Ministers of Andhra Pradesh and Tamil Nadu push for bigger families, in response to declining birth rates and ageing populations, a growing number of couples think otherwise. They feel it’s a huge financial and emotional burden",2024-10-22 18:30:17,https://www.deccanchronicle.com/h-upload/2024/10/22/1854939-untitleddesign.webp,deccanchronicle,5.986165141738735e-06,11,17,72,7,42
989,Newsdata,https://www.deccanchronicle.com/tabloid/hyderabad-chronicle/a-spooky-tale-of-ghosts-and-defiant-teens-1832132,A Spooky Tale Of Ghosts And Defiant Teens,An unputdownable YA horror ride that will make you laugh one moment and send shivers down your spine in the next,2024-10-22 18:30:09,https://www.deccanchronicle.com/h-upload/2024/10/22/1854941-untitleddesign1.webp,deccanchronicle,0.00030089143424686743,14,25,111,10,48
990,Newsdata,https://www.deccanchronicle.com/news/crime/quthbullapur-man-held-in-26-cr-chit-fund-scam-1832210,Quthbullapur Man Held in 2.6-Cr Chit Fund Scam,,2024-10-22 18:28:36,https://www.deccanchronicle.com/h-upload/2024/08/30/1841863-arrested.webp,deccanchronicle,1.1532228048923676e-10,3,8,61,5,28
991,Newsdata,https://timesofindia.indiatimes.com/city/surat/devastating-rainfall-causes-agricultural-crisis-in-south-gujarat/articleshow/114475875.cms,Four months of rain precipitate agrarian distress,,2024-10-22 18:25:24,"https://static.toiimg.com/thumb/msid-47529300,imgsize-110164,width-400,height-225,resizemode-72/47529300.jpg",toi,1.6176184679292848e-28,10,29,123,5,57
992,Newsdata,https://www.deccanchronicle.com/southern-states/telangana/msf-secretary-reiterates-his-complaints-against-jntu-ex-vc-1832209,MSF secretary reiterates his complaints against JNTU ex-VC,,2024-10-22 18:25:01,https://www.deccanchronicle.com/h-upload/2024/10/22/1855053-telangana-sectraiat.webp,deccanchronicle,0.5199620944981808,9,23,131,20,68
993,Newsdata,https://theprint.in/environment/hurricanes-to-cut-floridas-citrus-crop-to-lowest-on-record/2324155/,Hurricanes to cut Florida’s citrus crop to lowest on record,"By Seher Dareen and Marcelo Teixeira NEW YORK (Reuters) - Early evaluations of the impact of hurricanes Helene and Milton in the citrus-growing area in Florida indicates production will fall further,",2024-10-22 19:30:50,https://static.theprint.in/wp-content/uploads/2024/10/Hurricanes_983-696x464.jpg,theprint,4.646638033170431e-20,15,25,132,6,55
994,Newsdata,https://theprint.in/india/cyclone-dana-schools-in-seven-west-bengal-districts-to-remain-shut-between-23-26-october/2324357/,Cyclone Dana: Schools in seven West Bengal districts to remain shut between 23-26 October,"In anticipation of the cyclone and its landfall on 24 October, emergency services teams have been deployed at 85 stations.",2024-10-23 03:48:02,https://static.theprint.in/wp-content/uploads/2024/10/FT-Image-2-1-696x392.png,theprint,7.741927300383362e-27,7,18,106,5,52
995,Newsdata,https://www.deccanchronicle.com/road-caves-in-after-sewerage-pipeline-in-goshamahal-collapses,Road caves in after sewerage pipeline in Goshamahal collapses,,2024-10-23 07:16:56,https://www.deccanchronicle.com/h-upload/2024/10/23/1855216-road.jfif,deccanchronicle,7.879860304033547e-10,10,17,61,5,38
996,Newsdata,https://timesofindia.indiatimes.com/auto/policy-and-industry/car-bike-owners-to-pay-double-parking-charges-in-delhi-heres-why/articleshow/114494688.cms,"Car, bike owners to pay double parking charges in Delhi: Here's why","NDMC plans to double parking charges in Delhi to encourage public transport use amidst rising pollution levels, especially during winter. The hike affects both two-wheelers and four-wheelers as air quality worsens. While NDMC moves forward, MCD's similar proposal is pending approval.",2024-10-23 06:51:45,"https://static.toiimg.com/thumb/msid-114495139,imgsize-81068,width-400,resizemode-4/114495139.jpg",toi,0.9999999999515803,12,20,119,0,51
1012,Newsdata,https://theprint.in/environment/afro-descendants-push-for-official-recognition-at-un-nature-talks/2325966/,Afro-descendants push for official recognition at UN nature talks,"By Jake Spring and Javier Andres Rojas CALI, Colombia (Reuters) - Colombia and Brazil are pushing the United Nations COP16 nature summit under way in the city of Cali on Wednesday to officially",2024-10-23 22:15:50,https://static.theprint.in/wp-content/uploads/2024/10/Afro-descendants_867-696x464.jpg,theprint,2.1189990441873013e-06,11,31,197,17,67
997,Newsdata,https://timesofindia.indiatimes.com/auto/news/hyundais-stock-market-debut-india-focused-commitment-decoded/articleshow/114491276.cms,Hyundai’s stock market debut: India-focused commitment decoded,"Hyundai Motor Company has made its debut on Indian stock exchanges with shares listed on the BSE and NSE. The company's Rs 27,870 crore IPO saw a strong response, signaling Hyundai's confidence in India as a key automotive market. Upcoming models include the next-gen Venue, Tucson, and electric vehicles like the Creta EV, highlighting Hyundai's commitment to India's growing market.",2024-10-23 05:29:23,"https://static.toiimg.com/thumb/msid-114491618,imgsize-98420,width-400,resizemode-4/114491618.jpg",toi,2.713487863230545e-18,10,37,133,6,62
998,Newsdata,https://timesofindia.indiatimes.com/auto/bikes/bajaj-pulsar-n125-vs-hero-xtreme-125r-engine-specs-features-and-more-compared/articleshow/114500586.cms,"Bajaj Pulsar N125 vs Hero Xtreme 125R: Engine specs, features, and more compared","Bajaj Auto has launched the Pulsar N125 to compete with Hero Xtreme 125R in the 125cc segment. The Pulsar N125 boasts a 125cc engine with 12 hp, offering more power than the Xtreme's 11.5 hp. Both bikes feature similar hardware, but differ in lighting and braking options. Prices for the Pulsar are slightly more affordable.",2024-10-23 08:56:44,"https://static.toiimg.com/thumb/msid-114500604,imgsize-44896,width-400,resizemode-4/114500604.jpg",toi,2.3105797575625546e-24,9,36,117,4,40
999,Newsdata,https://www.thehindu.com/sci-tech/energy-and-environment/leaders-urge-world-to-pay-up-to-save-nature-as-cop16-talks-open/article68786289.ece,Leaders urge world to pay up to save nature as COP16 talks open,"Two years earlier, countries adopted the landmark Kunming-Montreal Global Biodiversity Framework agreement with a list of 23 goals to help halt nature loss by 2030.",2024-10-23 08:47:35,https://th-i.thgim.com/public/incoming/fdiomm/article68786353.ece/alternates/LANDSCAPE_1200/2180093675.jpg,thehindu,1.6548815284157042e-25,16,15,122,6,66
1000,Newsdata,https://www.deccanchronicle.com/southern-states/tamil-nadu/no-fissures-only-debate-in-dmk-led-alliance-says-tn-cm-stalin-1832423,"No fissures, only debate in DMK-led alliance, says TN CM Stalin",,2024-10-23 12:39:12,https://www.deccanchronicle.com/h-upload/2024/09/17/1842806-mkstalin.jpg,deccanchronicle,0.9974340855888985,22,20,137,24,73
1001,Newsdata,https://www.deccanchronicle.com/lifestyle/food/diwali-feast-at-jw-marriott-bengaluru-prestige-golfshire-resort-spa-1832421,Diwali Feast at JW Marriott Bengaluru Prestige Golfshire Resort & Spa,,2024-10-23 12:35:10,https://www.deccanchronicle.com/h-upload/2024/10/23/1855342-untitleddesign-2024-10-23t180400287.webp,deccanchronicle,3.0282971776600764e-44,5,35,104,1,28
1002,Newsdata,https://www.deccanchronicle.com/southern-states/karnataka/cp-yogeshwars-defection-to-congress-unfortunate-bommai-1832419,CP Yogeshwar's Defection to Congress Unfortunate: Bommai,"Yogeshwar, a BJP MLC and former minister in BS Yediyurappa's government, was eyeing the BJP ticket for Channapatna",2024-10-23 12:32:54,https://www.deccanchronicle.com/h-upload/2024/10/23/1855337-23-10-mgl-bommai1.webp,deccanchronicle,0.0038443017779831983,7,20,106,13,45
1003,Newsdata,https://www.deccanchronicle.com/lifestyle/relationship/dating-app-tinder-survey-on-first-time-intros-1832417,34pc of Bengaluru GenZ Introduce Dates to Friends and Family During Festivals: Tinder,,2024-10-23 12:31:48,https://www.deccanchronicle.com/h-upload/2024/10/23/1855336-image0021.webp,deccanchronicle,0.0645944652100632,16,56,206,30,91
1004,Newsdata,https://www.deccanchronicle.com/nation/student-groups-clash-in-jamia-millia-islamia-during-diwali-celebrations-1832416,Student groups clash in Jamia Millia Islamia during Diwali celebrations,,2024-10-23 12:30:37,https://www.deccanchronicle.com/h-upload/2024/10/23/1855334-jamia.webp,deccanchronicle,1.337421212397651e-18,6,20,124,7,71
1005,Newsdata,https://www.deccanchronicle.com/lifestyle/social-presents-the-freak-show-the-biggest-halloween-party-in-town-1832415,SOCIAL presents The Freak Show: The Biggest Halloween Party In Town!,,2024-10-23 12:26:11,https://www.deccanchronicle.com/h-upload/2024/10/23/1855331-untitleddesign-2024-10-23t175522282.webp,deccanchronicle,0.00019611365408652128,4,27,76,12,27
1006,Newsdata,https://www.deccanchronicle.com/nation/krishna-janmabhoomi-shahi-idgah-case-hc-refuses-to-recall-order-on-consolidating-all-suits-1832412,Krishna Janmabhoomi-Shahi Idgah case: HC refuses to recall order on consolidating all suits,,2024-10-23 12:20:16,https://s3.ap-southeast-1.amazonaws.com/images.deccanchronicle.com/dc-Cover-v1llba9qgiq72kh78h2c58trd1-20231214220813.Medi.jpeg,deccanchronicle,1.3402424255808663e-20,10,8,124,7,68
1007,Newsdata,https://theprint.in/environment/brazil-launches-platform-to-attract-foreign-investment-for-climate-and-ecological-projects/2325510/,Brazil launches platform to attract foreign investment for climate and ecological projects,"WASHINGTON (Reuters) - Brazil's government launched a climate and ecological transformation investment platform in Washington on Wednesday, named BIP, aimed at mobilizing international capital with an",2024-10-23 14:30:11,https://static.theprint.in/wp-content/uploads/2024/10/Brazil_799-696x522.jpg,theprint,2.973985444465706e-23,4,17,95,4,36
1008,Newsdata,https://theprint.in/environment/bhp-says-claim-it-put-profit-over-safety-unjustified-in-brazilian-dam-collapse-case/2325489/,BHP says claim it put profit over safety ‘unjustified’ in Brazilian dam collapse case,"(Corrects headline to 'profit over safety', not 'safety over profit') By Sam Tobin LONDON (Reuters) -BHP said on Wednesday that allegations a pursuit of profit over safety contributed to Brazil's",2024-10-23 14:16:56,https://static.theprint.in/wp-content/uploads/2024/10/BHP_860-696x465.jpg,theprint,8.017175975549165e-08,13,33,162,13,85
1009,Newsdata,https://theprint.in/environment/giant-mural-in-sao-paulo-uses-ash-from-wildfires-to-highlight-deforestation/2325596/,Giant mural in Sao Paulo uses ash from wildfires to highlight deforestation,By Amanda Perobelli and Lais Morais SAO PAULO (Reuters) -Brazilian street artist Mundano's latest work incorporates ash from forest fires and mud from flooding in Brazil to create a giant mural,2024-10-23 15:16:24,https://static.theprint.in/wp-content/uploads/2024/10/Giant_276-696x464.jpg,theprint,0.0002554417469910692,12,40,202,20,80
1010,Newsdata,https://economictimes.indiatimes.com/industry/renewables/ev-adoption-in-shared-mobility-is-a-team-sport-uber-india-president-prabhjeet-singh/articleshow/114517258.cms,EV adoption in shared mobility is a team sport: Uber India president Prabhjeet Singh,"Uber India is seeing rapid growth in its two- and three-wheeler segments, attracting new drivers and consumers. Prabhjeet Singh, president of Uber India and South Asia, highlights the importance of shared mobility's deeper adoption and stresses the need for collaboration in electrification efforts.",2024-10-23 18:18:30,"https://img.etimg.com/thumb/msid-114517288,width-1200,height-630,imgsize-38980,overlay-economictimes/articleshow.jpg",economictimes_indiatimes,0.012580591107217914,6,14,44,5,24
1011,Newsdata,https://timesofindia.indiatimes.com/city/surat/students-punished-for-unpaid-annual-function-fees-at-surat-school/articleshow/114516034.cms,Students made to stand outside class for not paying annual function fees,,2024-10-23 17:12:47,"https://static.toiimg.com/thumb/msid-47529300,imgsize-110164,width-400,height-225,resizemode-72/47529300.jpg",toi,0.9988008901362793,7,14,86,21,57
1013,Newsdata,https://timesofindia.indiatimes.com/city/surat/cleaning-couple-steals-valuables-worth-rs-14-lakh-in-surat-bungalow-heist/articleshow/114518112.cms,"Hired couple clean out bungalow, steal 14L",,2024-10-23 18:42:59,"https://static.toiimg.com/thumb/msid-47529300,imgsize-110164,width-400,height-225,resizemode-72/47529300.jpg",toi,0.999971852933739,5,6,59,12,28
1014,Newsdata,https://timesofindia.indiatimes.com/city/surat/surat-textile-trade-thrives-this-diwali-with-record-orders-and-high-demand/articleshow/114518091.cms,Textile trade sees good business this Diwali,,2024-10-23 18:42:40,"https://static.toiimg.com/thumb/msid-47529300,imgsize-110164,width-400,height-225,resizemode-72/47529300.jpg",toi,1.09895798026545e-32,8,26,113,4,50
1015,Newsdata,https://www.thehindu.com/sci-tech/energy-and-environment/india-close-to-finalising-industry-carbon-targets-ahead-of-baku-climate-meet/article68788389.ece,India close to finalising industry carbon targets ahead of Baku climate meet,Numerically specifying the targets is a precursor to the setting up of a ‘compliance’ carbon market. This means that companies have to ensure that their carbon emissions intensity is within the specified limit or they must ‘buy’ credits from organisations that have surplus credits.,2024-10-23 23:00:00,https://th-i.thgim.com/public/incoming/ihyv4b/article68788797.ece/alternates/LANDSCAPE_1200/2024-10-18T124636Z_1832680320_RC2WMAAHVYWR_RTRMADP_3_CLIMATE-COP29-VENUE.JPG,thehindu,1.1396469138255832e-30,8,32,150,6,74
1016,Newsdata,https://kashmirobserver.net/2024/10/24/rs-41-47-cr-levied-as-environ-compensation-on-smc/,Rs. 41.47 Cr Levied As Environ Compensation On SMC,"The J&K Pollution Control Committee (JKPCC) has levied over Rs. 41.47 crore upon Commissioner, Srinagar Municipal Corporation Srinagar, as Environmental Compensation for its failure to comply with for violation of Solid and Liquid Waste Management Rules, 2016.",2024-10-24 17:46:00,https://kashmirobserver.net/wp-content/uploads/2020/01/SMC-Srinagar.jpg,kashmirobserver,8.440094678810202e-16,12,16,206,12,67
1017,Newsdata,https://timesofindia.indiatimes.com/city/surat/surat-jewellers-thrive-despite-rising-gold-prices-during-pushya-nakshatra/articleshow/114557087.cms,"Despite high price, gold rush strong on Pushya Nakshatra",,2024-10-24 17:39:40,"https://static.toiimg.com/thumb/msid-47529300,imgsize-110164,width-400,height-225,resizemode-72/47529300.jpg",toi,1.7129715657874863e-19,10,17,86,5,48
1018,Newsdata,https://timesofindia.indiatimes.com/city/surat/persistent-stench-from-rivulets-plagues-surat-residents-year-round/articleshow/114556718.cms,Rivulets raise year-round stink for residents,,2024-10-24 17:21:48,"https://static.toiimg.com/thumb/msid-47529300,imgsize-110164,width-400,height-225,resizemode-72/47529300.jpg",toi,0.0002701288364923902,24,32,141,14,57
1019,Newsdata,https://timesofindia.indiatimes.com/city/surat/parents-protest-principals-punishment-over-school-fees-in-surat/articleshow/114556618.cms,Ruckus over fees: DEO to take action against school,,2024-10-24 17:15:49,"https://static.toiimg.com/thumb/msid-47529300,imgsize-110164,width-400,height-225,resizemode-72/47529300.jpg",toi,4.940132723354728e-10,3,10,71,6,29
1020,Newsdata,https://timesofindia.indiatimes.com/city/surat/mob-attacks-60-year-old-for-allegedly-molesting-18-year-old-in-surat/articleshow/114556360.cms,Mob beats senior citizen for molesting 18-yr-old,,2024-10-24 16:57:40,"https://static.toiimg.com/thumb/msid-47529300,imgsize-110164,width-400,height-225,resizemode-72/47529300.jpg",toi,0.9999996120855165,8,9,64,24,46
1021,Newsdata,https://timesofindia.indiatimes.com/city/surat/extortion-call-center-busted-in-surats-delta-hotel/articleshow/114556298.cms,Extortion operation running from hotel busted,,2024-10-24 16:54:42,"https://static.toiimg.com/thumb/msid-47529300,imgsize-110164,width-400,height-225,resizemode-72/47529300.jpg",toi,0.9785527809118242,11,18,91,18,61
1022,Newsdata,https://timesofindia.indiatimes.com/home/environment/global-warming/world-already-paying-terrible-price-for-climate-inaction-guterres/articleshow/114556111.cms,World already 'paying terrible price' for climate inaction: Guterres,"UN Secretary General Antonio Guterres warns that humanity is suffering severely from global warming inaction, with time running out to correct course. A new UNEP report indicates that without drastic emission cuts by 2035, limiting warming to 1.5C is unlikely. The current pace points to catastrophic 3.1C warming, urging immediate increased investment in technologies like solar and wind to bridge the emissions gap.",2024-10-24 16:44:41,"https://static.toiimg.com/thumb/msid-114556176,imgsize-35160,width-400,resizemode-4/114556176.jpg",toi,3.296934412660331e-19,29,61,166,7,106
1023,Newsdata,https://timesofindia.indiatimes.com/city/surat/massive-rs-77-crore-cyberfraud-uncovered-in-surat-three-arrested-dubai-connections-revealed/articleshow/114556077.cms,"77cr cyberfraud busted, 3 held from Mota Varachha",,2024-10-24 16:42:40,"https://static.toiimg.com/thumb/msid-47529300,imgsize-110164,width-400,height-225,resizemode-72/47529300.jpg",toi,9.912805707930222e-25,11,10,107,6,61
1024,Newsdata,https://www.deccanchronicle.com/nation/over-1600-babies-born-in-odisha-amidst-cyclone-dana-1832860,The miracle of life amidst Nature’s Fury in Odisha,,2024-10-25 04:41:18,https://www.deccanchronicle.com/h-upload/2024/10/25/1855913-newborns.webp,deccanchronicle,0.0002462568242357187,16,38,157,16,56
1025,Newsdata,https://www.prnewswire.com/apac/news-releases/all-energy-australia-2024-sungrows-transformative-energy-solutions-bridging-to-a-sustainable-future-302286883.html,All-Energy Australia 2024: Sungrow's Transformative Energy Solutions Bridging to a Sustainable Future,"MELBOURNE, Australia, Oct. 25, 2024 /PRNewswire/ -- In a major event for the renewable energy sector, Sungrow showcased its latest innovations at All-Energy Australia at the Melbourne Convention and Exhibition Centre, featuring the next-generation liquid-cooled energy storage systems,...",2024-10-25 03:09:00,https://mma.prnewswire.com/media/2540273/Sungrow_s_Booth_at_All_Energy_Australia.jpg?p=original,prnewswire_apac,8.22458067002083e-14,10,74,221,10,61
1026,Newsdata,https://www.prnewswire.com/apac/news-releases/hiconf-seoul-2024-successfully-wraps-up-sparks-up-discussions-for-future-of-food-tech-and-international-partnerships-302286853.html,"HiConf Seoul 2024 successfully wraps up, sparks up discussions for future of food tech and international partnerships","Global food tech experts gathered to share innovative ideas, discuss market insights, and explore development potential Abu Dhabi-based investment firm HITI partners with Dongwha Pharmaceutical to manufacture and distribute cognitive enhancement ingredients in the Middle East HITI joins...",2024-10-25 02:39:00,https://mma.prnewswire.com/media/2540283/1st_photo.jpg?p=original,prnewswire_apac,1.464545633930033e-33,8,63,248,6,68
1027,Newsdata,https://www.deccanchronicle.com/nation/current-affairs/severe-cyclone-dana-begins-landfall-on-odisha-coast-imd-1832829,Severe cyclone Dana begins landfall on Odisha coast: IMD,,2024-10-24 20:43:27,https://www.deccanchronicle.com/h-upload/2024/10/24/1855868-cyclone.webp,deccanchronicle,0.9999999990043078,4,11,68,0,20
1028,Newsdata,https://www.deccanchronicle.com/southern-states/telangana/group-1-mains-exam-candidate-debarred-for-cheating-attempt-1833114,Group 1 Mains Exam Candidate Debarred for Cheating Attempt,,2024-10-25 18:58:19,https://www.deccanchronicle.com/h-upload/2024/06/21/1098770-exam.webp,deccanchronicle,2.3300962513197837e-09,4,11,85,6,36
1029,Newsdata,https://www.deccanchronicle.com/southern-states/andhra-pradesh/cm-calls-for-united-push-by-alliance-partners-to-win-graduate-constituency-mlc-polls-1833113,CM Calls for United Push by Alliance Partners to Win Graduate Constituency MLC Polls,,2024-10-25 18:56:47,https://www.deccanchronicle.com/h-upload/2024/10/25/1856225-25cnr10.webp,deccanchronicle,4.811024885580004e-06,2,18,134,14,63
1030,Newsdata,https://www.deccanchronicle.com/southern-states/telangana/medigadda-urgency-marked-rush-to-finish-project-1833112,Medigadda - 'Urgency' marked rush to finish project,,2024-10-25 18:53:37,https://www.deccanchronicle.com/h-upload/2024/10/25/1856222-kaleshwaram.webp,deccanchronicle,1.1281619927758017e-18,22,37,182,10,87
1031,Newsdata,https://www.deccanchronicle.com/southern-states/andhra-pradesh/wild-elephants-attack-people-destroy-crops-1833111,"Wild Elephants Attack People, Destroy Crops",,2024-10-25 18:46:04,https://www.deccanchronicle.com/h-upload/2024/10/25/1856219-la-2642938.webp,deccanchronicle,1.3952140874361424e-07,11,55,195,17,94
1032,Newsdata,https://www.deccanchronicle.com/opinion/columnists/farrukh-dhondy-a-titanic-fate-lies-ahead-for-tories-as-anti-immigrant-bigots-lead-in-race-1833097,Farrukh Dhondy | A Titanic fate lies ahead for Tories as anti-immigrant bigots lead in race,,2024-10-25 18:40:58,https://www.deccanchronicle.com/h-upload/2024/10/25/1856202-untitleddesign1.webp,deccanchronicle,0.9785630966747884,45,66,267,59,169
1033,Newsdata,https://www.deccanchronicle.com/opinion/dc-comment/dc-edit-a-timely-warning-by-the-pope-1833103,DC Edit | A timely warning by the Pope,,2024-10-25 18:40:58,https://www.deccanchronicle.com/h-upload/2024/10/25/1856209-aa-3323715.webp,deccanchronicle,0.1657064063061545,19,30,94,20,79
1034,Newsdata,https://www.deccanchronicle.com/southern-states/telangana/employees-jac-seeks-nativity-as-basis-for-justice-on-go-317-1833120,Employees JAC Seeks Nativity as Basis for Justice on G.O. 317,,2024-10-25 19:43:20,https://www.deccanchronicle.com/h-upload/2024/10/16/1852749-chiefministerarevanthreddy.webp,deccanchronicle,5.18386567454261e-09,2,6,67,6,31
1035,Newsdata,https://www.deccanchronicle.com/nation/lawrence-bishnoi-interview-row-7-cops-including-two-dsps-suspended-1833165,"Lawrence Bishnoi interview row: 7 Cops, including two DSPs suspended",,2024-10-26 05:35:38,https://www.deccanchronicle.com/h-upload/2024/10/26/1856306-untitleddesign12.webp,deccanchronicle,4.2305228638356215e-83,2,15,122,2,39
1036,Newsdata,https://www.deccanchronicle.com/technology/nvidia-overtakes-apple-as-worlds-most-valuable-company-1833162,Nvidia Overtakes Apple As World's Most Valuable Company,,2024-10-26 05:24:51,https://www.deccanchronicle.com/h-upload/2024/10/26/1856304-nvidia.webp,deccanchronicle,4.017393585484155e-18,25,48,241,10,83
1037,Newsdata,https://www.deccanchronicle.com/sports/india-bowl-out-nz-for-255-need-to-chase-359-to-win-second-test-1833160,India bowl out NZ for 255; need to chase 359 to win second Test,,2024-10-26 05:21:50,https://www.deccanchronicle.com/h-upload/2024/10/26/1856303-untitleddesign11.webp,deccanchronicle,7.535888403530655e-09,3,7,42,3,8
1038,Newsdata,https://www.deccanchronicle.com/technology/the-9-yard-enigma-by-apple-a-true-celebration-of-diwali-1833158,"The 9 Yard Enigma by Apple, a True Celebration of Diwali",,2024-10-26 05:13:43,https://www.deccanchronicle.com/h-upload/2024/10/26/1856301-untitleddesign.webp,deccanchronicle,0.0010950068663920839,6,25,82,11,32
1039,Newsdata,https://www.deccanchronicle.com/nation/politics/maharashtra-all-seats-will-be-declared-today-says-congress-1833150,"Maharashtra: All seats will be declared today, says Congress",,2024-10-26 01:35:16,https://www.deccanchronicle.com/h-upload/2024/10/26/1856272-aa-3323337.webp,deccanchronicle,0.04599175340149869,17,11,177,22,89
1040,Newsdata,https://www.deccanchronicle.com/world/middle-east/israel-targets-iranian-military-sites-escalating-mideast-tensions-1833149,"Israel targets Iranian military sites, escalating Mideast tensions",,2024-10-26 01:27:10,https://www.deccanchronicle.com/h-upload/2024/10/26/1856271-ezgif-7-c1d04a3099.webp,deccanchronicle,4.492654983091386e-15,22,96,331,17,157
1041,Newsdata,https://www.deccanchronicle.com/southern-states/telangana/congress-committed-to-empowering-yadav-community-revanth-reddy-1833495,Congress committed to empowering Yadav community: Revanth Reddy,"Sadar means khadar of Yadavs, he said and emphasised the need to organise such festival in the villages too",2024-10-27 11:38:59,https://www.deccanchronicle.com/h-upload/2024/10/27/1856752-reva.webp,deccanchronicle,9.182716538952562e-08,6,8,85,7,42
1042,Newsdata,https://www.deccanchronicle.com/nation/centre-taking-steps-to-ban-hoax-bomb-perpetrators-from-flying-says-aviation-minister-naidu-1833493,"Centre taking steps to ban hoax bomb perpetrators from flying, says Aviation Minister Naidu",,2024-10-27 11:34:29,https://www.deccanchronicle.com/h-upload/2024/08/22/1832922-rammohannaidu.webp,deccanchronicle,3.110646711333614e-05,9,13,61,8,44
1043,Newsdata,https://www.deccanchronicle.com/nation/amit-shah-slams-tmc-govt-for-state-sponsored-infiltration-in-bengal-1833490,Amit Shah slams TMC govt for 'state-sponsored infiltration' in Bengal,,2024-10-27 11:30:06,https://www.deccanchronicle.com/h-upload/2024/09/06/1838819-amitshah.webp,deccanchronicle,5.338259294460683e-11,6,20,112,7,44
1044,Newsdata,https://www.deccanchronicle.com/nation/assam-cm-urges-bordering-states-to-collab-with-bsf-on-rohingiya-influx-1833489,Collab With BSF on Rohingiya Influx: Assam CM,,2024-10-27 11:30:03,https://www.deccanchronicle.com/h-upload/2024/10/27/1856751-himantabiswasarma.jfif,deccanchronicle,9.086192392528119e-10,15,23,126,11,66
1045,Newsdata,https://theprint.in/environment/india-176-of-180-in-1st-ever-nature-conservation-index-marine-conservation-affects-rank/2330884/,"India 176 of 180 in 1st-ever Nature Conservation Index, marine conservation affects rank","India scored 0/100 in management of marine protected areas and protection of marine species, in index compiled by Goldman Sonnenfeldt School of Sustainability & Climate Change and BioDB.com.",2024-10-27 11:26:52,https://static.theprint.in/wp-content/uploads/2024/10/Coral-reef-696x392.jpg,theprint,1.3439823325175583e-06,22,58,221,17,90
1046,Newsdata,https://theprint.in/environment/moo-deng-the-celebrated-hippos-real-home-has-disappeared-will-world-restore-it/2330710/,Moo Deng: the celebrated hippo’s real home has disappeared. Will world restore it?,"West African forests have lost over 80% of their original area, which confines wild pygmy hippos to small spots in Gola National Forest and Sapo National Park.",2024-10-27 08:07:20,https://static.theprint.in/wp-content/uploads/2024/10/ThePrint-feature-image-3-696x392.png,theprint,0.0005962998602478321,43,94,268,34,124
1047,Newsdata,https://www.deccanchronicle.com/news/mumbai-9-persons-hurt-in-stampede-at-bandra-railway-station-1833426,Mumbai: 9 persons hurt in stampede at Bandra railway station,,2024-10-27 05:12:00,https://www.deccanchronicle.com/h-upload/2024/10/27/1856649-new.webp,deccanchronicle,1.0,0,3,53,0,16
1048,Newsdata,https://www.deccanchronicle.com/nation/politics/congress-faces-unrest-amid-allegations-of-groupism-and-seat-losses-1833606,Congress Faces Unrest amid Allegations of Groupism and Seat Losses,,2024-10-27 20:24:37,https://www.deccanchronicle.com/h-upload/2024/06/03/1850608-congress.webp,deccanchronicle,9.463563406465504e-09,10,45,287,22,96
1049,Newsdata,https://www.deccanchronicle.com/southern-states/telangana/ktrs-kin-raj-pakala-named-in-farmhouse-raid-1833626,KTR's Kin Raj Pakala Named in Farmhouse Raid,,2024-10-27 22:11:40,https://www.deccanchronicle.com/h-upload/2024/10/23/1855439-ktr.webp,deccanchronicle,8.290072787989252e-08,18,49,353,32,162
1050,Newsdata,https://www.deccanchronicle.com/nation/no-leopard-found-in-bhubaneswar-airport-area-says-forest-department-1833625,"No leopard found in bhubaneswar airport area, says forest department",,2024-10-27 22:10:57,https://www.deccanchronicle.com/h-upload/2024/10/27/1856950-11.webp,deccanchronicle,4.1197304481794206e-08,6,11,59,6,37
1051,Newsdata,https://www.deccanchronicle.com/southern-states/telangana/tgnpdcl-take-up-awareness-on-electricity-safety-measures-1833624,TGNPDCL take up awareness on electricity safety measures,,2024-10-27 22:06:55,https://www.deccanchronicle.com/h-upload/2024/10/27/1856949-10.webp,deccanchronicle,4.06856188203336e-06,4,19,73,7,31
1052,Newsdata,https://www.deccanchronicle.com/lifestyle/fashion-beauty/bag-of-charms-1833623,Bag of charms,"We are obsessed with bag charms these days. The sound of an ‘it-girl’ walking isn’t just the tap of her heels. For over a year, bag customisation has evolved from quirky to a full-blown explosion of key rings, charms and whimsical trinkets",2024-10-27 22:06:16,https://www.deccanchronicle.com/h-upload/2024/10/27/1856948-28gigihadidbagcharms1.webp,deccanchronicle,0.3635287968438459,20,78,253,45,124
1053,Newsdata,https://www.deccanchronicle.com/southern-states/andhra-pradesh/east-godavari-collector-launches-week-long-assessment-of-ethanol-factorys-pollution-1833622,East Godavari Collector Launches Week-Long Assessment of Ethanol Factory's Pollution,,2024-10-27 22:04:33,https://www.deccanchronicle.com/h-upload/2024/10/27/1856947-9.webp,deccanchronicle,8.097150585658832e-12,7,12,125,11,73
1054,Newsdata,https://www.deccanchronicle.com/lifestyle/food/a-taste-of-autumn-1833621,A Taste of Autumn,,2024-10-27 22:03:34,https://www.deccanchronicle.com/h-upload/2024/10/27/1856946-28credits-freepikpumpkin1.jpg,deccanchronicle,2.9120150984479124e-08,29,87,306,20,90
1055,Newsdata,https://www.deccanchronicle.com/sports/post-performance-blues-and-blows-1833619,Post-Performance Blues And Blows,,2024-10-27 22:01:45,https://www.deccanchronicle.com/h-upload/2024/10/27/1856945-28navdeepsinghindianparalympic1.webp,deccanchronicle,0.9183616276411956,70,102,375,73,207
1056,Newsdata,https://www.deccanchronicle.com/southern-states/telangana/hanamkonda-3-yr-old-falls-into-water-tank-dies-1833618,"Hanamkonda: 3-yr-old falls into water tank, dies",,2024-10-27 21:57:50,https://www.deccanchronicle.com/h-upload/2024/10/27/1856943-8.webp,deccanchronicle,0.9999999915311814,4,3,38,10,19
1057,Newsdata,https://www.deccanchronicle.com/southern-states/andhra-pradesh/ed-has-evidence-against-naidu-in-skill-development-scam-kannababu-1833617,ED has evidence against Naidu in skill development scam: Kannababu,,2024-10-27 21:55:26,https://www.deccanchronicle.com/h-upload/2024/10/27/1856942-7.webp,deccanchronicle,0.741928861094131,7,17,82,12,41
1058,Newsdata,https://www.deccanchronicle.com/southern-states/andhra-pradesh/portion-of-retaining-wall-along-krishna-river-on-sitanagaram-side-collapses-1833616,Portion of retaining wall along Krishna River on Sitanagaram side collapses,,2024-10-27 21:52:53,https://www.deccanchronicle.com/h-upload/2024/10/27/1856941-27cnr02.webp,deccanchronicle,3.1513479317538574e-54,7,8,45,1,21
1059,Newsdata,https://www.deccanchronicle.com/nation/107-fake-lawyers-removed-from-bci-roll-in-delhi-1833728,107 fake lawyers removed from BCI roll in Delhi,,2024-10-28 09:39:55,https://www.deccanchronicle.com/h-upload/2024/08/01/1828025-supremecourt1.webp,deccanchronicle,3.3737741627778936e-10,7,18,88,6,44
1060,Newsdata,https://www.deccanchronicle.com/nation/prime-accused-in-assams-multi-crore-trading-scam-arrested-in-goa-1833726,Prime accused in Assam’s multi-crore trading scam arrested in Goa,,2024-10-28 09:19:25,https://www.deccanchronicle.com/h-upload/2024/10/05/1852420-arrest.webp,deccanchronicle,3.770314460407638e-11,12,21,140,10,55
1061,Newsdata,https://www.deccanchronicle.com/nation/70-year-old-man-dies-after-son-hits-him-with-stick-1833718,70-year-old man dies after son hits him with stick,,2024-10-28 08:30:19,https://www.deccanchronicle.com/h-upload/2024/02/18/1847491-death.webp,deccanchronicle,0.9983411777055108,2,3,42,7,20
1062,Newsdata,https://www.deccanchronicle.com/nation/heated-exchange-between-haryana-cop-bus-conductor-sparks-fines-for-buses-1833717,"Heated exchange between Haryana cop, bus conductor sparks fines for buses",,2024-10-28 08:28:23,https://www.deccanchronicle.com/h-upload/2024/10/28/1857071-bus.webp,deccanchronicle,0.009263078146633486,6,9,62,7,44
1063,Newsdata,https://www.deccanchronicle.com/technology/android-16-may-bring-notification-feature-similar-to-apples-dynamic-island-1833715,Android 16 May Bring Notification Feature Similar to Apple's Dynamic Island,,2024-10-28 08:26:27,https://www.deccanchronicle.com/h-upload/2024/10/28/1857072-dynamic.webp,deccanchronicle,1.0635661345328957e-15,11,15,76,6,52
1064,Newsdata,https://www.deccanchronicle.com/jammu-three-terrorists-who-attacked-army-convoy-gunned-down,Jammu: Three terrorists who attacked army convoy gunned down,,2024-10-29 04:09:03,https://www.deccanchronicle.com/h-upload/2024/10/29/1857363-aa-3345622.webp,deccanchronicle,3.7358183058842753e-16,12,35,181,11,96
1065,Newsdata,https://www.deccanchronicle.com/sports/rizwan-was-initially-reluctant-but-later-accepted-pak-white-ball-captaincy-source-1834111,Rizwan was initially reluctant but later accepted Pak white-ball captaincy: Source,,2024-10-29 12:45:49,https://www.deccanchronicle.com/h-upload/2024/10/29/1857565-untitleddesign20.webp,deccanchronicle,1.4375389926260036e-15,11,19,90,5,41
1066,Newsdata,https://www.deccanchronicle.com/lifestyle/health-and-well-being/polio-free-but-not-risk-free-the-ongoing-fight-against-polio-1834110,Polio-Free but Not Risk-Free: The Ongoing Fight Against Polio,,2024-10-29 12:40:55,https://www.deccanchronicle.com/h-upload/2024/10/29/1857563-la-2182259.webp,deccanchronicle,2.1708939501844804e-11,16,52,166,9,73
1067,Newsdata,https://www.deccanchronicle.com/southern-states/andhra-pradesh/ancient-telugu-inscription-discovered-at-simhachalam-temple-1834227,Ancient Telugu inscription discovered at Simhachalam temple,,2024-10-29 19:44:33,https://www.deccanchronicle.com/h-upload/2024/10/29/1857723-simhachalam.webp,deccanchronicle,1.0484081953359439e-35,5,8,78,2,13
1068,Newsdata,https://www.deccanchronicle.com/southern-states/telangana/cooking-mishap-kills-two-in-yakutpura-1834226,Cooking Mishap Kills Two in Yakutpura,,2024-10-29 19:42:44,https://www.deccanchronicle.com/h-upload/2024/04/16/1840041-suicideinbasariiit.webp,deccanchronicle,0.003779828066044539,1,6,70,6,28
1069,Newsdata,https://www.deccanchronicle.com/southern-states/andhra-pradesh/ysrc-decries-removal-of-ambedkars-name-for-statue-in-vijayawada-1834225,YSRC decries removal of Ambedkar's name for statue in Vijayawada,,2024-10-29 19:42:19,https://www.deccanchronicle.com/h-upload/2024/10/29/1857722-ambedkar-vijayawada.webp,deccanchronicle,3.888315823281244e-08,5,11,71,6,30
1245,Newsdata,https://www.deccanchronicle.com/southern-states/andhra-pradesh/assembly-in-session-till-november-22-1837409,Assembly in session till November 22,,2024-11-11 19:43:10,https://www.deccanchronicle.com/h-upload/2024/11/11/1861750-13.webp,deccanchronicle,3.943826265501508e-15,6,10,76,5,37
1070,Newsdata,https://www.deccanchronicle.com/southern-states/telangana/flyovers-bridges-spots-for-boozing-stunts-and-reels-1834224,"Flyovers, bridges: Spots for boozing, stunts and reels",,2024-10-29 19:38:45,https://www.deccanchronicle.com/h-upload/2024/10/29/1857721-bridge.webp,deccanchronicle,0.0019713002285545685,15,19,109,14,69
1071,Newsdata,https://www.deccanchronicle.com/southern-states/andhra-pradesh/streamlining-liquor-sales-free-sand-supply-says-minister-1834223,"Streamlining liquor sales, free sand supply, says minister",,2024-10-29 19:36:33,https://www.deccanchronicle.com/h-upload/2024/10/29/1857720-minister.webp,deccanchronicle,9.777727509393607e-06,7,11,78,9,46
1072,Newsdata,https://www.deccanchronicle.com/entertainment/bollywood/as-singham-again-bhool-bhulaiyaa-3-hit-screens-hopes-rise-for-blockbusters-1834222,"As ‘Singham Again’, ‘Bhool Bhulaiyaa 3’ hit screens, hopes rise for blockbusters",,2024-10-29 19:35:30,https://www.deccanchronicle.com/h-upload/2024/10/29/1857719-30singhamagain1.jpg,deccanchronicle,8.037645910344458e-08,21,64,332,29,152
1073,Newsdata,https://www.deccanchronicle.com/lifestyle/culture-and-society/chocolates-and-cookies-hog-diwali-sweet-spot-1834220,Chocolates and cookies hog Diwali sweet spot,,2024-10-29 19:33:37,https://www.deccanchronicle.com/h-upload/2024/10/29/1857717-30photocredit-freepikdiwali21.jpg,deccanchronicle,0.00030738829844151674,30,74,232,23,103
1074,Newsdata,https://www.deccanchronicle.com/southern-states/telangana/telangana-will-be-dirt-roads-free-state-in-country-rb-min-1834219,Telangana will be dirt roads free state in country: R&B min.,,2024-10-29 19:31:46,https://www.deccanchronicle.com/h-upload/2024/05/01/1844993-komatireddyvenkatreddy.webp,deccanchronicle,7.62453087516145e-09,1,8,75,7,36
1075,Newsdata,https://theprint.in/environment/us-sets-new-safety-measures-as-deep-sea-oil-drillers-test-new-depths/2334564/,US sets new safety measures as deep sea oil drillers test new depths,"By Georgina McCartney HOUSTON (Reuters) - The Bureau of Safety and Environmental Enforcement (BSEE) rolled out new rules for U.S. offshore drillers on Tuesday, as breakthrough technology enables them",2024-10-29 21:15:27,https://static.theprint.in/wp-content/uploads/2024/10/US_751-696x464.jpg,theprint,4.240508898710346e-26,12,46,213,7,70
1076,Newsdata,https://theprint.in/environment/air-pollution-killed-16-lakh-indians-in-2021-says-lancet-report-india-second-highest-pm2-5-emitter/2333790/,"Air pollution killed 16 lakh Indians in 2021, says Lancet report. India second-highest PM2.5 emitter","In 2023, Indians faced moderate/higher risk of heat stress for 100 days/yr during light activities, finds Lancet Countdown on Health and Climate Change's 8th annual indicator report.",2024-10-30 00:30:35,https://static.theprint.in/wp-content/uploads/2024/06/HEATWAVE-2-696x392.jpg,theprint,1.885500605080005e-55,25,97,285,3,109
1077,Newsdata,https://www.deccanchronicle.com/world/middle-east/israeli-strikes-in-northern-gaza-kill-at-least-88-officials-say-1834247,"Israeli strikes in northern Gaza kill at least 88, officials say",,2024-10-30 02:26:23,https://www.deccanchronicle.com/h-upload/2024/10/30/1857755-aa-3351888.webp,deccanchronicle,1.0264741327746532e-07,31,97,392,34,210
1078,Newsdata,https://www.deccanchronicle.com/southern-states/telangana/dc-report-makes-pcb-go-into-a-huddle-1834245,DC report makes PCB go into a huddle,,2024-10-30 02:01:18,https://www.deccanchronicle.com/h-upload/2024/10/30/1857751-whatsappimage2024-10-29at40407pm.webp,deccanchronicle,1.186040172145411e-09,3,24,96,7,43
1079,Newsdata,https://www.deccanchronicle.com/southern-states/telangana/teachers-to-be-involved-in-caste-census-bhatti-1834498,Teachers to Be Involved in Caste Census: Bhatti,,2024-10-30 18:37:54,https://www.deccanchronicle.com/h-upload/2024/10/30/1858015-screenshot2024-10-30at23-14-341bhattivikramarkamallubhattimallux.webp,deccanchronicle,0.9479076716994175,3,9,76,11,34
1080,Newsdata,https://www.deccanchronicle.com/southern-states/andhra-pradesh/ai-to-be-used-for-building-amaravati-minister-narayana-1834497,AI to Be Used for Building Amaravati: Minister Narayana,,2024-10-30 18:37:13,https://www.deccanchronicle.com/h-upload/2024/10/30/1858039-ministernarayana.webp,deccanchronicle,8.52143541785375e-06,4,16,89,11,59
1081,Newsdata,https://www.deccanchronicle.com/southern-states/telangana/zomato-warehouse-inspection-reveals-future-packing-dates-on-food-items-1834496,Zomato Warehouse Inspection Reveals Future Packing Dates on Food Items,,2024-10-30 18:31:32,https://www.deccanchronicle.com/h-upload/2024/10/30/1858038-ozm.webp,deccanchronicle,2.5238465575020566e-53,2,7,41,1,18
1082,Newsdata,https://www.deccanchronicle.com/southern-states/telangana/indian-youth-among-the-best-in-innovation-and-technology-pm-modi-1834495,Indian youth among the best in innovation and technology: PM Modi,,2024-10-30 18:29:36,https://www.deccanchronicle.com/h-upload/2024/10/27/1856796-modi.webp,deccanchronicle,0.0006820548471803802,6,20,54,7,27
1083,Newsdata,https://www.deccanchronicle.com/southern-states/telangana/hc-asks-state-to-set-up-dedicated-commission-for-bc-quota-in-local-polls-1834494,HC asks state to set up Dedicated Commission for BC quota in local polls,,2024-10-30 18:25:40,https://www.deccanchronicle.com/h-upload/2024/08/07/1855031-telanganahighcourt.webp,deccanchronicle,5.404124121073546e-71,14,37,251,5,101
1084,Newsdata,https://www.deccanchronicle.com/nation/deepotsav-begins-in-ayodhya-cm-adityanath-leads-celebrations-1834492,"Deepotsav Begins in Ayodhya, CM Adityanath Leads Celebrations",,2024-10-30 18:24:28,https://www.deccanchronicle.com/h-upload/2024/10/30/1858032-yogi.webp,deccanchronicle,1.012777109577321e-11,12,23,263,15,82
1085,Newsdata,https://www.deccanchronicle.com/nation/mva-kicks-off-first-joint-rally-for-maharashtra-polls-today-1834490,MVA Kicks Off First Joint Rally for Maharashtra Polls Today,,2024-10-30 18:17:54,https://www.deccanchronicle.com/h-upload/2024/10/30/1858029-screenshot20241030234457x.webp,deccanchronicle,1.6089047486548788e-09,6,28,204,15,75
1086,Newsdata,https://frontline.thehindu.com/news/e-waste-ai-computers-artificial-intelligence-escalate-by-2030-environmental-damage/article68814329.ece,E-waste from AI computers could ‘escalate beyond control’: study,"Researchers predicting a 1,000-fold increase in such e-waste by 2030 have called for recycling strategies to reduce environmental impact.",2024-10-31 04:30:00,https://fl-i.thgim.com/public/incoming/x91cld/article68814283.ece/alternates/LANDSCAPE_1200/AI%20computers%20e%20waste.jpg,frontline_thehindu,5.816767770204414e-10,38,87,288,22,155
1087,Newsdata,https://theprint.in/environment/farm-fires-caused-just-4-of-delhis-air-pollution-vehicles-main-culprit-finds-pre-diwali-analysis/2335820/,"Farm fires caused just 4% of Delhi’s air pollution, vehicles main culprit, finds pre-Diwali analysis","Number of bad air days increased as compared to same period in 2023 & 2022, according to CSE. Local sources in Delhi & neighbouring areas responsible for this, it adds.",2024-10-31 02:00:14,https://static.theprint.in/wp-content/uploads/2024/10/Delhi-pollution-696x392.jpg,theprint,6.928648628788141e-26,29,79,278,7,82
1121,Newsdata,https://www.deccanchronicle.com/southern-states/andhra-pradesh/vizag-online-quick-delivery-services-overpower-retail-stores-1835313,Vizag: Online quick delivery services overpower retail stores,,2024-11-03 22:47:23,https://www.deccanchronicle.com/h-upload/2024/11/03/1858955-16.webp,deccanchronicle,0.001592787073775859,20,47,152,17,69
1088,Newsdata,https://www.prnewswire.com/apac/news-releases/regal-hotels-pioneers-green-meetings-elevating-sustainable-practices-for-mice-events-in-hong-kong-302292250.html,Regal Hotels Pioneers Green Meetings Elevating Sustainable Practices for MICE Events in Hong Kong,"HONG KONG, Oct. 30, 2024 /PRNewswire/ -- Regal Hotels is proud to introduce Green Meetings, a unique, all-in-one business solution designed to empower event organisers to achieve their sustainable goals. By collaborating with Regal Hotels, event organisers can effortlessly offset their...",2024-10-31 01:20:00,https://mma.prnewswire.com/media/2544216/Photo_1.jpg?p=original,prnewswire_apac,2.497254667937605e-13,24,93,460,25,127
1089,Newsdata,https://theprint.in/environment/with-coral-reefs-in-jeopardy-un-emergency-meeting-seeks-to-raise-money-to-aid-them/2336294/,"With coral reefs in jeopardy, UN emergency meeting seeks to raise money to aid them","By Jake Spring CALI, Colombia (Reuters) - The United Nations and coastal countries warned on Wednesday that the world's coral reefs are being devastated by the effects of warming oceans and urged",2024-10-31 01:15:54,https://static.theprint.in/wp-content/uploads/2024/10/With_777-696x464.jpg,theprint,0.00012322043827736931,5,30,131,13,63
1090,Newsdata,https://theprint.in/environment/let-countries-access-imf-held-reserves-to-protect-nature-mexicos-barcena-says/2336248/,"Let countries access IMF-held reserves to protect nature, Mexico’s Barcena says","By Oliver Griffin CALI, Colombia (Reuters) - Developing countries should be allowed to draw on international reserves allocated by the International Monetary Fund and unused by richer nations, to pay",2024-10-30 23:16:27,https://static.theprint.in/wp-content/uploads/2024/10/Let_799.jpg,theprint,9.77505705982986e-08,11,38,151,13,78
1091,Newsdata,https://theprint.in/environment/spanish-floods-kill-95-as-year-of-rain-falls-in-a-day-in-valencia/2336117/,Spanish floods kill 95 as year of rain falls in a day in Valencia,Footage shot by emergency services showed bridges that had collapsed and cars and trucks piled on top of each other on highways between flooded fields outside the city of Valencia.,2024-10-30 19:15:16,https://static.theprint.in/wp-content/uploads/2024/10/Spanish_602-e1730361661104-696x392.jpg,theprint,5.547085322577932e-14,22,67,313,19,131
1092,Newsdata,https://theprint.in/environment/bitter-harvest-for-spanish-farmers-as-floods-swamp-fields/2337118/,Bitter harvest for Spanish farmers as floods swamp fields,By Corina Pons MADRID (Reuters) - Spanish fruit farmer Bernardo Ferrer was just about to harvest his crop of oranges and persimmon when deadly floods devastated vast tracts of farmland in the Valencia,2024-10-31 15:16:36,https://static.theprint.in/wp-content/uploads/2024/10/Bitter_436-696x450.jpg,theprint,0.0024780565732722857,22,30,167,18,89
1093,Newsdata,https://theprint.in/environment/ghanas-cocoa-farmers-file-complaint-over-prices-and-child-labour/2336922/,Ghana’s cocoa farmers file complaint over prices and child labour,"By Joe Bavier JOHANNESBURG - Cocoa growers in Ghana filed a complaint with state regulator Cocobod on Thursday listing key environmental and social issues, including a demand for a ""living income"" for",2024-10-31 12:16:26,https://static.theprint.in/wp-content/uploads/2024/10/Ghanas_363-696x464.jpg,theprint,1.845198910193359e-16,13,30,142,7,56
1094,Newsdata,https://theprint.in/environment/israeli-conservationists-release-endangered-hawksbill-turtles-into-the-red-sea-2/2337272/,Israeli conservationists release endangered hawksbill turtles into the Red Sea,"EILAT, Israel (Reuters) - Israeli conservationists released three hawksbill turtles into the Red Sea in an effort to rehabilitate the population of the critically endangered species in the wild, the",2024-10-31 18:32:23,https://static.theprint.in/wp-content/uploads/2024/11/Israeli_230-696x392.jpg,theprint,2.213151749056335e-05,7,13,97,10,53
1095,Newsdata,https://theprint.in/environment/environmentalists-sue-over-us-approval-of-ioneers-nevada-lithium-mine/2337413/,Environmentalists sue over US approval of ioneer’s Nevada lithium mine,"By Nate Raymond, Ernest Scheyder (Reuters) -Environmental and Indigenous groups on Thursday filed a lawsuit challenging the U.S. Interior Department's approval of ioneer's Rhyolite Ridge lithium mine",2024-10-31 23:17:35,https://static.theprint.in/wp-content/uploads/2024/11/Environmentalists_665-696x464.jpg,theprint,1.9210934052301563e-10,13,32,174,11,72
1096,Newsdata,https://theprint.in/environment/prince-william-heads-to-south-africa-for-green-prize-ceremony/2337452/,Prince William heads to South Africa for green prize ceremony,LONDON (Reuters) - Prince William jets to South Africa next week for the start of a four day trip which will take in the annual awards ceremony for the British heir-to-the throne's multi-million,2024-11-01 00:30:07,https://static.theprint.in/wp-content/uploads/2024/11/Prince_854-696x464.jpg,theprint,0.000488122183181013,9,23,148,13,49
1097,Newsdata,https://theprint.in/environment/pepsico-beats-new-york-states-predatory-lawsuit-over-plastics-pollution/2338369/,PepsiCo beats New York state’s ‘predatory’ lawsuit over plastics pollution,"By Jonathan Stempel NEW YORK (Reuters) - PepsiCo won the dismissal of New York's lawsuit accusing the beverage and snack-food company of polluting the environment with single-use plastic packaging, as",2024-11-01 15:16:53,https://static.theprint.in/wp-content/uploads/2024/11/PepsiCo_638-696x464.jpg,theprint,1.6269142683875128e-05,10,27,192,18,79
1098,Newsdata,https://www.thehindu.com/sci-tech/energy-and-environment/india-spells-out-finance-needs-for-biodiversity-conservation/article68819736.ece,"India spells out finance needs for biodiversity, conservation",Indian officials at the convention in Colombia (COP-16) say international finance will be necessary to meet goals,2024-11-01 13:56:45,https://th-i.thgim.com/public/incoming/oo72n3/article68819923.ece/alternates/LANDSCAPE_1200/2024-10-31T183445Z_772621102_RC2TVAATEI6C_RTRMADP_3_ENVIRONMENT-COP16.JPG,thehindu,3.3297197534178215e-37,8,20,102,3,43
1099,Newsdata,https://theprint.in/environment/washington-state-vote-a-harbinger-for-wider-carbon-markets/2337996/,Washington state vote a harbinger for wider carbon markets,"By Timothy Gardner (Reuters) - A ballot initiative to ax Washington state's carbon market would, if passed next week, send an ominous signal to other U.S. states and Canadian regions looking to build",2024-11-01 11:16:56,https://static.theprint.in/wp-content/uploads/2024/11/Washington_113-696x464.jpg,theprint,7.706236283621443e-06,18,52,300,28,148
1100,Newsdata,https://www.deccanchronicle.com/southern-states/andhra-pradesh/go-issued-on-new-ttd-trust-board-bjp-leader-added-as-member-1834789,"GO Issued on New TTD Trust Board, BJP Leader Added As Member",,2024-11-01 20:24:09,https://www.deccanchronicle.com/h-upload/2024/11/01/1858408-naidu.webp,deccanchronicle,3.545597083299349e-13,7,21,118,6,37
1101,Newsdata,https://www.deccanchronicle.com/world/trump-vows-to-boost-ties-with-india-if-re-elected-1834787,Trump vows to boost ties with India if re-elected,,2024-11-01 20:09:17,https://www.deccanchronicle.com/h-upload/2024/11/01/1858404-trump.webp,deccanchronicle,0.028310655797953884,20,46,174,24,72
1102,Newsdata,https://www.deccanchronicle.com/southern-states/telangana/officials-grill-raj-pakala-for-eight-hours-1834786,Officials Grill Raj Pakala for Eight Hours,,2024-11-01 20:02:13,https://www.deccanchronicle.com/h-upload/2024/11/01/1858405-rajendra.webp,deccanchronicle,3.3788027335416057e-13,4,4,50,3,16
1103,Newsdata,https://theprint.in/environment/pepsico-beats-new-york-states-lawsuit-over-plastics-pollution/2338538/,PepsiCo beats New York state’s lawsuit over plastics pollution,"By Jonathan Stempel NEW YORK (Reuters) - PepsiCo won the dismissal of New York's lawsuit accusing the beverage and snack-food company of polluting the environment with single-use plastic packaging, as",2024-11-01 17:18:10,https://static.theprint.in/wp-content/uploads/2024/11/PepsiCo_314-696x464.jpg,theprint,0.0005441519346876945,8,30,202,20,86
1104,Newsdata,https://theprint.in/environment/warmest-october-since-1901-early-diwali-saved-delhis-air-quality-from-sliding-into-severe/2338403/,"Warmest October since 1901, early Diwali saved Delhi’s air quality from sliding into ‘severe’","CPCB bulletin showed AQI in Delhi Friday, a day after Diwali, was 339, only 11 points higher than that Thursday (328). Accumulation of pollutants started to ease by Friday.",2024-11-01 17:17:07,https://static.theprint.in/wp-content/uploads/2024/11/smog-india-gate-696x392.jpg,theprint,2.1306160375271465e-35,22,39,191,5,66
1105,Newsdata,https://www.deccanchronicle.com/southern-states/andhra-pradesh/kaisika-dwadasi-procession-of-ugra-srinivasa-murty-in-tirumala-on-13-november-1834788,Kaisika Dwadasi procession of Ugra Srinivasa Murty in Tirumala on 13 November,,2024-11-01 20:09:48,https://www.deccanchronicle.com/h-upload/2024/11/01/1858406-ttd.webp,deccanchronicle,5.28985413707938e-38,4,10,70,2,22
1106,Newsdata,https://www.thehindu.com/sci-tech/energy-and-environment/un-summit-approves-fund-to-share-benefits-of-natures-sequenced-genetic-data/article68823148.ece,UN summit approves fund to share benefits of nature's sequenced genetic data,The issue had been a bone of contention at the 16th Conference of Parties (COP16) to the UN's Convention on Biological Diversity (CBD),2024-11-02 16:13:09,https://th-i.thgim.com/public/incoming/hbva7n/article68823566.ece/alternates/LANDSCAPE_1200/2024-11-02T082820Z_689785410_RC2SWAA5199K_RTRMADP_3_ENVIRONMENT-COP16.JPG,thehindu,3.038079224805908e-08,18,26,129,11,64
1107,Newsdata,https://www.deccanchronicle.com/nation/crime/bengal-girl-raped-murdered-accused-lynched-1834866,"Bengal: Girl raped, murdered; accused lynched",,2024-11-02 08:49:20,https://www.deccanchronicle.com/h-upload/2024/09/20/1843760-stoprape.webp,deccanchronicle,0.7108959550342295,3,5,41,7,31
1108,Newsdata,https://www.deccanchronicle.com/southern-states/andhra-pradesh/elephant-herd-wreaks-havoc-in-parvathipuram-manyam-1834865,Elephant herd wreaks havoc in Parvathipuram Manyam,,2024-11-02 08:44:35,https://images.deccanchronicle.com/dc-Cover-fqkrapfctfg3rvbf8shc2cckg1-20171229054926.Medi.jpeg,deccanchronicle,9.961921147777358e-08,10,26,83,8,53
1109,Newsdata,https://www.deccanchronicle.com/nation/maharashtra-polls-cong-releases-ad-to-target-mahayuti-govt-over-farmers-issues-1834863,Maharashtra polls: Cong releases ad to target Mahayuti govt over farmers' issues,,2024-11-02 08:31:22,https://www.deccanchronicle.com/h-upload/2024/06/03/1853388-congress.webp,deccanchronicle,1.8134829899225397e-15,8,12,97,4,28
1110,Newsdata,https://www.deccanchronicle.com/entertainment/rishab-shetty-replaces-sunny-deol-in-jai-hanuman-1834862,Rishab Shetty replaces Sunny Deol in Jai Hanuman,,2024-11-02 08:18:12,https://www.deccanchronicle.com/h-upload/2024/11/02/1858486-untitleddesign-2024-11-02t135101141.webp,deccanchronicle,0.8623703535704051,12,24,115,19,55
1111,Newsdata,https://www.deccanchronicle.com/nation/mumbai-cops-push-for-anmol-bishnois-extradition-after-alert-from-us-1834860,Mumbai cops push for Anmol Bishnoi's extradition after alert from US,,2024-11-02 08:16:28,https://www.deccanchronicle.com/h-upload/2024/11/02/1858484-untitleddesign22.webp,deccanchronicle,5.067314727727639e-15,7,21,146,9,58
1112,Newsdata,https://www.deccanchronicle.com/southern-states/telangana/health-minister-directs-infrastructure-setup-for-new-nursing-colleges-1835041,Health Minister Directs Infrastructure Setup for New Nursing Colleges,,2024-11-02 19:52:42,https://www.deccanchronicle.com/h-upload/2024/11/02/1858669-damodar.webp,deccanchronicle,8.420885218015364e-30,3,7,51,2,21
1113,Newsdata,https://www.thehindu.com/sci-tech/energy-and-environment/what-are-the-key-takeaways-from-cop-16-convention-of-biological-diversity/article68823555.ece,What are the key takeaways from COP-16?,Is a bigger corpus going to be available for the conservation and preservation of biological diversity?,2024-11-02 22:07:00,https://th-i.thgim.com/public/latest-news/atk2df/article68823867.ece/alternates/LANDSCAPE_1200/COP-16.jpg,thehindu,1.6155503180356113e-12,26,57,223,14,123
1114,Newsdata,https://www.thehindu.com/sci-tech/energy-and-environment/how-is-tamil-nadu-bracing-for-heatwaves-explained/article68823532.ece,How is Tamil Nadu bracing for heatwaves?,"What is a heatwave condition? Why are Indian cities, towns and villages vulnerable both in the hills and the plains? Will notifying it as a State-specific disaster help? Why is it important to have a focused management plan in place?",2024-11-02 23:13:00,https://th-i.thgim.com/public/incoming/jcz11c/article68823849.ece/alternates/LANDSCAPE_1200/9217_17_5_2021_19_25_24_1_HEATWAVE.JPG,thehindu,2.9955084753613165e-26,39,111,362,11,168
1115,Newsdata,https://theprint.in/environment/czech-republic-joining-italy-to-fight-carmakers-co2-fines/2340164/,Czech Republic joining Italy to fight carmakers’ CO2 fines,"PRAGUE (Reuters) - The Czech Republic will join Italy in seeking to prevent carmakers from facing heavy penalties from next year when tougher CO2 emission rules take effect in the European Union,",2024-11-03 15:15:56,https://static.theprint.in/wp-content/uploads/2024/11/Czech_298-696x470.jpg,theprint,3.534932040980243e-17,5,14,131,8,57
1116,Newsdata,https://www.thehindu.com/sci-tech/energy-and-environment/himalayan-glacial-lakes-saw-1081-area-expansion-from-2011-to-2024-report/article68825163.ece,Himalayan glacial lakes saw 10.81% area expansion from 2011 to 2024: Report,"The Central Water Commission's (CWC) report, states that with a 33.7% expansion of the surface area, the lakes in India experienced an even more substantial rise",2024-11-03 07:55:39,https://th-i.thgim.com/public/incoming/qgk7p4/article68825194.ece/alternates/LANDSCAPE_1200/IMG_India_Sikkim_Floods_2_1_FRBRQ2R9.jpg,thehindu,4.5991283367641844e-20,22,76,246,8,93
1117,Newsdata,https://www.deccanchronicle.com/entertainment/prabhass-next-film-fauji-set-to-become-his-2nd-costliest-project-1835130,Prabhas's next film 'Fauji' set to become his 2nd costliest project,,2024-11-03 07:53:06,https://www.deccanchronicle.com/h-upload/2024/11/03/1858739-prabhaswithimanviatthelaunchoffauji.webp,deccanchronicle,0.002330400880868373,10,23,89,11,49
1118,Newsdata,https://www.deccanchronicle.com/nation/portals-of-kedarnath-closed-1835128,Portals of Kedarnath closed,,2024-11-03 07:45:35,https://www.deccanchronicle.com/h-upload/2024/11/03/1858738-kedarnath.jfif,deccanchronicle,5.37181607554017e-18,2,9,64,4,31
1119,Newsdata,https://www.deccanchronicle.com/entertainment/diwali-dhamaka-three-films-set-telugu-box-office-ablaze-1835126,Diwali Dhamaka: Three Films Set Telugu Box Office Ablaze,,2024-11-03 07:41:50,https://www.deccanchronicle.com/h-upload/2024/11/03/1858735-movies.webp,deccanchronicle,6.748870658637856e-05,16,31,144,13,64
1120,Newsdata,https://www.deccanchronicle.com/sports/new-zealand-beats-india-by-25-runs-to-complete-series-clean-sweep-1835125,New Zealand beats India by 25 runs,,2024-11-03 07:40:50,https://www.deccanchronicle.com/h-upload/2024/11/03/1858736-aa-3386041.webp,deccanchronicle,7.379181685123721e-10,8,21,80,5,26
1122,Newsdata,https://www.deccanchronicle.com/southern-states/andhra-pradesh/ayyappa-devotees-urge-airlines-to-operate-direct-flight-to-kerala-1835312,Ayyappa devotees urge airlines to operate direct flight to Kerala,,2024-11-03 22:41:14,https://www.deccanchronicle.com/h-upload/2024/11/03/1858954-15.webp,deccanchronicle,2.8591171608197525e-13,5,14,108,5,31
1123,Newsdata,https://www.deccanchronicle.com/southern-states/andhra-pradesh/tobacco-farmers-in-prakasam-reap-record-profits-1835311,Tobacco farmers in Prakasam reap record profits,,2024-11-03 22:38:23,https://www.deccanchronicle.com/h-upload/2024/11/03/1858953-14.webp,deccanchronicle,1.6879282523841745e-28,7,30,92,3,41
1124,Newsdata,https://www.deccanchronicle.com/southern-states/andhra-pradesh/ap-cryptocurrency-scam-320-victim-lose-over-23-crore-1835310,AP Cryptocurrency scam: 320 victim lose over 23 crore,,2024-11-03 22:34:13,https://www.deccanchronicle.com/h-upload/2024/11/03/1858952-13.webp,deccanchronicle,1.611304673339082e-10,8,15,83,6,43
1125,Newsdata,https://www.deccanchronicle.com/nation/chhattisgarh-to-celebrate-state-foundation-day-with-three-day-rajyotsava-festivities-1835308,Chhattisgarh to Celebrate State Foundation Day with Three-Day Rajyotsava Festivities,,2024-11-03 22:32:05,https://www.deccanchronicle.com/h-upload/2024/11/03/1858950-rajyotsava.webp,deccanchronicle,3.5961498613666236e-81,3,16,108,2,50
1126,Newsdata,https://www.deccanchronicle.com/nation/chhattisgarh-2-jawans-injured-in-maoist-attack-in-bastar-weapons-looted-1835306,"Chhattisgarh: 2 jawans injured in Maoist attack in Bastar, weapons looted",,2024-11-03 22:28:57,https://www.deccanchronicle.com/h-upload/2024/11/03/1858948-12.webp,deccanchronicle,6.63154598340178e-07,9,25,112,9,44
1127,Newsdata,https://www.deccanchronicle.com/nation/bandhavgarh-elephant-deaths-initial-probe-rules-out-foul-play-1835304,Bandhavgarh Elephant Deaths: Initial Probe Rules Out Foul Play,,2024-11-03 22:26:26,https://www.deccanchronicle.com/h-upload/2024/11/03/1858947-10.webp,deccanchronicle,1.2702754183380424e-51,11,28,107,2,48
1128,Newsdata,https://www.deccanchronicle.com/nation/mp-govt-takes-action-after-deaths-of-ten-elephants-in-bandhavgarh-reserve-1835302,MP Govt Takes Action After Deaths of Ten Elephants in Bandhavgarh Reserve,,2024-11-03 22:24:03,https://www.deccanchronicle.com/h-upload/2024/11/03/1858945-9.webp,deccanchronicle,9.137874383685774e-05,10,27,132,14,67
1129,Newsdata,https://www.deccanchronicle.com/world/americas/kamala-harris-vows-end-to-gaza-war-at-michigan-rally-1835315,Kamala Harris vows end to Gaza war at Michigan rally,,2024-11-04 01:13:21,https://www.deccanchronicle.com/h-upload/2024/11/04/1858961-kamala.webp,deccanchronicle,0.4699663733714287,25,40,169,29,97
1130,Newsdata,https://theprint.in/environment/indonesias-laki-laki-volcano-on-flores-island-erupts-killing-9-people/2340456/,Nine dead in Indonesia’s Laki-laki volcano eruption on Flores Island,The authorities have raised the status of the volcano to level IV or the highest and recommended a seven-kilometre radius must be cleared.,2024-11-04 03:16:12,https://static.theprint.in/wp-content/uploads/2024/11/Indonesia-Laki-Laki-volcano-696x392.jpg,theprint,4.492976726740177e-33,3,30,155,5,58
1131,Newsdata,https://www.prnewswire.com/apac/news-releases/samho-bamboo-forest-in-south-koreas-ulsan-namgu-a-haven-for-migratory-birds-where-nature-and-people-thrive-together-302293956.html,"Samho Bamboo Forest in South Korea's Ulsan Namgu: A Haven for Migratory Birds, Where Nature and People Thrive Together","- Samho Bamboo Forest, a premier ecological site in South Korea, draws visitors for its stunning winter rook murmurations. - 2024 Samho Bird Festival will take place November 9–10, featuring performances, birdwatching, and family activities at Samho Migratory Bird Park. ULSAN, South...",2024-11-04 02:00:00,https://mma.prnewswire.com/media/2546526/PHOTO.jpg?p=original,prnewswire_apac,3.595605797793002e-18,10,43,171,7,47
1132,Newsdata,https://www.prnewswire.com/apac/news-releases/bedra-alloy-debuts-eco-friendly-copper-innovations-at-metal-japan-2024-302292614.html,bedra Alloy Debuts Eco-Friendly Copper Innovations at METAL JAPAN 2024,"TOKYO, Nov. 4, 2024 /PRNewswire/ -- From October 29 to 31, 2024, the METAL JAPAN exhibition took place at the Makuhari Messe in Chiba, Tokyo. In response to the evolving demands of the Japanese market, bedra Vietnam Alloy Material Co., Ltd. (""bedra Alloy "") made its debut at this...",2024-11-04 02:00:00,https://mma.prnewswire.com/media/2545651/2.jpg?p=original,prnewswire_apac,3.7944827426707234e-16,9,112,320,10,91
1133,Newsdata,https://www.thehindu.com/sci-tech/energy-and-environment/ahead-of-cop29-rich-countries-expect-private-money-to-fill-green-funding-gap-analysis/article68827790.ece,"Ahead of COP29, rich countries expect private money to fill green funding gap | Analysis","At the COP16 negotiations in Colombia, countries failed to figure out how they would mobilise $200 billion a year in conservation funding by 2030",2024-11-04 04:24:53,https://th-i.thgim.com/public/incoming/pxtxes/article68809527.ece/alternates/LANDSCAPE_1200/COP29_Climate_Summit_27035.jpg,thehindu,5.235712687208019e-19,30,48,225,11,106
1134,Newsdata,https://theprint.in/environment/toxic-haze-envelopes-delhi-air-quality-very-poor/2340546/,"Delhi covered in thick layer of smog with 373 AQI, 39 stations record ‘severe’ pollution levels","Despite a temporary relief provided by winds, the national capital saw a spike in pollution levels following Diwali.",2024-11-04 05:15:38,https://static.theprint.in/wp-content/uploads/2024/10/Delhi-pollution-696x392.jpg,theprint,1.061834484469064e-73,3,22,91,1,25
1135,Newsdata,https://www.deccanchronicle.com/southern-states/kerala/ec-reschedules-palakkad-assembly-by-poll-to-november-20-1835426,EC Reschedules Palakkad Assembly By-Poll to November 20,,2024-11-04 14:05:40,https://www.deccanchronicle.com/h-upload/2024/11/04/1859153-ani-20241104085615.webp,deccanchronicle,0.04188646768965722,12,12,83,12,50
1136,Newsdata,https://www.thehindu.com/news/national/himachal-pradesh/himachal-urges-centre-to-explore-possibility-of-running-trains-on-green-hydrogen-on-kalka-shimla-heritage-rail-track/article68828638.ece,Himachal urges Centre to explore possibility of running trains on green hydrogen on Kalka-Shimla heritage rail track,"The Kalka–Shimla railway is a narrow-gauge railway in Himachal Pradesh, which traverses a mostly-mountainous route from Kalka to Shimla",2024-11-04 11:52:18,https://th-i.thgim.com/public/incoming/wnn47m/article68828696.ece/alternates/LANDSCAPE_1200/IMG_Train_service_resume_2_1_6RBQ67CE.jpg,thehindu,2.6266740670820363e-20,10,35,151,7,68
1137,Newsdata,https://theprint.in/environment/spain-deploys-7500-troops-to-flood-zone-where-anger-rises-at-slow-help/2340971/,"Spain deploys 7,500 troops to flood zone where anger rises at slow help","By Susana Vera and Raul Cadenas PAIPORTA, Spain (Reuters) - Spain is deploying 7,500 troops to its eastern region hit by devastating floods, the government said on Monday in the face of rising",2024-11-04 10:16:46,https://static.theprint.in/wp-content/uploads/2024/11/Spain_979-696x464.jpg,theprint,4.573945791534669e-28,12,29,170,6,58
1138,Newsdata,https://www.deccanchronicle.com/nation/will-discuss-issues-of-inter-state-movement-of-elephants-with-chhattisgarh-govt-mp-cm-1835376,Will discuss issues of inter-state movement of elephants with Chhattisgarh govt: MP CM,,2024-11-04 09:10:25,https://s3.ap-southeast-1.amazonaws.com/images.deccanchronicle.com/dc-Cover-rc2o99qc3c17ttm7d6ph8pb3l2-20231213121145.Medi.jpeg,deccanchronicle,0.003958024808080646,9,35,126,17,67
1139,Newsdata,https://www.deccanchronicle.com/nation/cbse-to-open-office-in-tripura-after-affiliated-schools-dismal-performance-in-board-exams-1835374,CBSE to open office in Tripura after affiliated schools' dismal performance in board exams,,2024-11-04 09:03:12,https://www.deccanchronicle.com/h-upload/2024/11/04/1859057-untitleddesign5.webp,deccanchronicle,9.67794204404315e-16,4,21,100,6,44
1140,Newsdata,https://www.deccanchronicle.com/nation/pm-modi-terms-jmm-led-coalition-gushpaithiya-bandhan-mafia-ka-ghulam-1835370,"PM Modi terms JMM-led coalition 'Gushpaithiya Bandhan', 'Mafia ka Ghulam'",,2024-11-04 08:55:27,https://www.deccanchronicle.com/h-upload/2024/11/04/1858971-modi.webp,deccanchronicle,3.258899767732811e-06,12,48,364,35,173
1141,Newsdata,https://economictimes.indiatimes.com/industry/renewables/india-re-elected-as-president-of-international-solar-alliance-till-2026/articleshow/114940436.cms,India re-elected as President of International Solar Alliance till 2026,"India has been re-elected as President of the International Solar Alliance (ISA) from 2024 to 2026, with France as Vice-President. The announcement came at the 7th ISA General Assembly, where eight Vice Presidents and the next Director General, Ashish Khanna, were also selected.",2024-11-04 08:41:10,"https://img.etimg.com/thumb/width-1200,height-900,imgsize-17726,resizemode-75,msid-114940436/industry/renewables/india-re-elected-as-president-of-international-solar-alliance-till-2026.jpg",economictimes_indiatimes,3.7076857049989564e-12,9,21,172,8,66
1142,Newsdata,https://www.deccanchronicle.com/nation/priyanka-gandhi-slams-bjp-for-politicising-landslide-disaster-in-wayanad-1835372,Priyanka Gandhi slams BJP for politicising landslide disaster in Wayanad,,2024-11-04 08:59:35,https://s3.ap-southeast-1.amazonaws.com/images.deccanchronicle.com/dc-Cover-0eek2bgcq6st2dk9fm30d2pgg6-20231228121152.Medi.jpeg,deccanchronicle,0.9999241521416968,13,26,121,29,76
1143,Newsdata,https://timesofindia.indiatimes.com/auto/bikes/royal-enfield-flying-flea-c6-electric-motorcycle-revealed-launch-details-out/articleshow/114955919.cms,Royal Enfield Flying Flea C6 electric motorcycle revealed: Launch details out,"The Flying Flea C6 is based on a forged aluminium frame, a rarity in the budget-friendly EV market. Nestled within this frame is a magnesium battery casing, which helps in improved cooling and also weight reduction. The company has not revealed any details regarding the battery pack or e-motor. The e-motorcycle is based on a forged aluminium frame and gets round headlight, tail-light and indicators which are LEDs.",2024-11-04 18:25:29,"https://static.toiimg.com/thumb/msid-114955930,width-1070,height-580,imgsize-793470,resizemode-75,overlay-toi_sw,pt-32,y_pad-40/photo.jpg",toi,3.265326975692226e-07,17,58,195,17,97
1144,Newsdata,https://timesofindia.indiatimes.com/auto/cars/maruti-suzuki-evx-design-out-unveiled-as-e-vitara-india-launch-battery-range/articleshow/114953129.cms,"Maruti Suzuki eVX design out! Unveiled as e-Vitara: India launch, battery, range","At the rear, it features connecting taillights with an integrated spoiler. Other highlights include e-Vitara lettering on the centre, a high mounted stop lamp, a skid plate and there’s also a small squarish fog lamp at the lower part of the bumper. In terms of dimensions, the e-Vitara measures 4,275mm in length, 1,800mm in width, 1,635mm in height and has a generous 2,700mm wheelbase. It has 180mm ground clearance and has a kerb weight of up to 1,900 kgs.",2024-11-04 15:50:31,"https://static.toiimg.com/thumb/msid-114953144,imgsize-1217344,width-400,resizemode-4/114953144.jpg",toi,1.4324056393673964e-11,17,57,198,12,85
1145,Newsdata,https://timesofindia.indiatimes.com/auto/bikes/royal-enfield-bear-650-launched-in-india-at-rs-3-39-lakh-variants-price-features-and-specs/articleshow/114978666.cms,"Royal Enfield Bear 650 launched in India at Rs 3.39 lakh Variants, price, features and specs","The new Royal Enfield Bear 650 is based on Interceptor 650 which means it uses the same chassis setup. However, it gets different suspension and wheel sizes. The Bear has updated its wheel configuration from an 18-inch front and rear setup to a 19-inch front and 17-inch rear, aligning it more closely with scrambler designs.",2024-11-05 11:08:53,"https://static.toiimg.com/thumb/msid-114978854,imgsize-1450264,width-400,resizemode-4/114978854.jpg",toi,1.2969525838612992e-09,14,40,131,8,50
1146,Newsdata,https://timesofindia.indiatimes.com/auto/bikes/royal-enfield-classic-650-unveiled-engine-specs-features-and-more/articleshow/114976050.cms,"Royal Enfield Classic 650 unveiled: Engine specs, features and more!","Royal Enfield has unveiled the Classic 650 at EICMA 2024. Inspired by the Classic 350, the 650 boasts a larger frame, a 648cc engine, and modern features like Tripper navigation and LED lighting. Bookings open in India in January 2025.",2024-11-05 09:43:15,"https://static.toiimg.com/thumb/msid-114976071,imgsize-91542,width-400,resizemode-4/114976071.jpg",toi,7.953239970384372e-07,9,45,121,12,42
1147,Newsdata,https://theprint.in/india/twenty-five-tigers-missing-from-ranthambore-rajasthan-chief-wildlife-warden-orders-inquiry/2342368/,"Twenty-five tigers missing from Ranthambore, Rajasthan chief wildlife warden orders inquiry","While there was 'no concrete sighting' of 14 tigers for over a year, 11 not seen for less than a year. Three-member panel given two months to submit its findings.",2024-11-05 14:27:52,https://static.theprint.in/wp-content/uploads/2024/11/Untitled-design-2024-11-05T194411.760-696x392.png,theprint,1.4901188671549689e-09,34,61,286,23,161
1148,Newsdata,http://economictimes.indiatimes.com/industry/renewables/global-renewable-energy-investment-to-touch-usd-3-1-trillion-mark-in-2024-report/articleshow/114985638.cms,Global renewable energy investment to touch USD 3.1 trillion mark in 2024: Report,"Global renewable energy investments are poised for a significant surge, projected to reach USD 3.1 trillion by 2024. The solar sector dominates these investments, driven by falling costs and the Asia Pacific region's leadership. This growth is fueled by remarkable advancements in solar technology, making it increasingly efficient and affordable.",2024-11-05 14:24:42,"https://img.etimg.com/thumb/msid-114985757,width-1200,height-630,imgsize-249644,overlay-economictimes/articleshow.jpg",economictimes_indiatimes,1.2714683733364304e-12,7,30,108,4,47
1149,Newsdata,https://theprint.in/environment/us-gulf-coast-energy-facilities-brace-for-storm-rafael/2343196/,US Gulf Coast energy facilities brace for storm Rafael,(Reuters) - Major energy companies said on Tuesday they are evacuating some oil production workers and securing offshore platforms as they prepare for the approach of tropical storm Rafael toward the,2024-11-05 16:18:08,https://static.theprint.in/wp-content/uploads/2024/11/US_832-696x464.jpg,theprint,0.0013473492231640416,2,11,85,8,30
1150,Newsdata,https://www.thehindu.com/sci-tech/energy-and-environment/watch-climate-finance-issues-in-cop29-rooftop-farming-in-chennai/article68832641.ece,"Watch: Climate finance issues in COP29, rooftop farming in Chennai","Climate finance issues expected to come up at COP29 in Baku; floods in western and central Africa, and the Chennai Urban Farming Initiative",2024-11-05 15:37:56,https://th-i.thgim.com/public/incoming/2thtj/article68832645.ece/alternates/LANDSCAPE_1200/TIPPING%20Point%209.jpg,thehindu,7.884640633178842e-50,10,18,119,3,48
1218,Newsdata,https://www.deccanchronicle.com/southern-states/telangana/agri-women-staff-complains-to-womens-panel-1837071,Agri Women Staff Complains to Women’s Panel,,2024-11-10 16:49:20,https://www.deccanchronicle.com/h-upload/2024/11/10/1861248-womencommissonmetaeos.webp,deccanchronicle,0.9926247891516631,27,39,187,39,121
1151,Newsdata,https://timesofindia.indiatimes.com/city/surat/surge-in-fire-incidents-during-diwali-celebrations-emergency-services-report/articleshow/114989831.cms,Sharp rise in fires during Diwali festivities,,2024-11-05 17:30:58,"https://static.toiimg.com/thumb/msid-47529300,imgsize-110164,width-400,height-225,resizemode-72/47529300.jpg",toi,4.531873330377929e-14,9,15,74,4,32
1152,Newsdata,https://timesofindia.indiatimes.com/city/surat/fatal-leopard-attack-in-valsad-victim-identified-and-predator-captured/articleshow/114989821.cms,Leopard that killed Valsad woman captured,,2024-11-05 17:30:40,"https://static.toiimg.com/thumb/msid-47529300,imgsize-110164,width-400,height-225,resizemode-72/47529300.jpg",toi,4.7547832421228623e-07,11,22,107,11,70
1153,Newsdata,https://timesofindia.indiatimes.com/city/surat/tragic-suicide-of-young-doctor-at-surat-health-centre-highlights-mental-health-crisis/articleshow/114989098.cms,Doctor of SMC health centre ends life in Mindhola River,,2024-11-05 16:57:40,"https://static.toiimg.com/thumb/msid-47529300,imgsize-110164,width-400,height-225,resizemode-72/47529300.jpg",toi,0.9999317654739959,8,13,93,19,51
1154,Newsdata,https://www.deccanchronicle.com/education/number-of-attempts-for-jee-advanced-2025-increased-to-3-1835811,Number of attempts for JEE Advanced 2025 increased to 3,,2024-11-06 03:17:32,https://www.deccanchronicle.com/h-upload/2024/11/06/1859690-jee.webp,deccanchronicle,1.4770587612191537e-23,9,25,134,6,54
1155,Newsdata,https://theprint.in/environment/tropical-storm-rafael-strengthens-as-it-barrels-toward-cayman-islands-cuba/2343541/,"Tropical Storm Rafael strengthens as it barrels toward Cayman Islands, Cuba","(Reuters) - Tropical Storm Rafael was rapidly picking up steam on Tuesday afternoon as it chugged toward the Cayman Islands in the Caribbean, and will likely become a hurricane in the next few hours,",2024-11-05 23:15:25,https://static.theprint.in/wp-content/uploads/2024/11/Tropical_998-696x464.jpg,theprint,1.4576496287421846e-18,13,28,153,8,69
1156,Newsdata,https://theprint.in/environment/texas-port-freeport-reopens-after-briefly-closing-ahead-of-tropical-storm/2343505/,Texas’ port Freeport reopens after briefly closing ahead of tropical storm,"HOUSTON (Reuters) -The port of Freeport in south Texas reopened on Tuesday after briefly closing to inbound vessel traffic due to offshore conditions ahead of Tropical Storm Rafael, according to a",2024-11-05 22:16:11,https://static.theprint.in/wp-content/uploads/2024/11/Texas_157-696x438.jpg,theprint,1.8136606496527226e-19,3,12,92,3,37
1157,Newsdata,https://theprint.in/environment/oil-and-gas-producers-cut-us-gulf-of-mexico-output-ahead-of-storm/2343475/,Oil and gas producers cut US Gulf of Mexico output ahead of storm,(Reuters) -Oil and gas producers began shutting in U.S. Gulf of Mexico output and pulling workers off platforms on Tuesday ahead of a late hurricane season storm threatening offshore fields. The U.S.,2024-11-05 21:15:26,https://static.theprint.in/wp-content/uploads/2024/11/Oil_352-696x464.jpg,theprint,1.26632314266914e-08,4,15,124,9,47
1158,Newsdata,https://economictimes.indiatimes.com/industry/renewables/tpg-plans-green-financing-nbfc-looks-to-invest-1-bn/articleshow/114991597.cms,"TPG plans green financing NBFC, looks to invest $1 bn","TPG, a private equity firm, is creating a $2-3 billion green financing platform in India to support the country's transition to cleaner energy sources. The platform will provide a range of financial services, including project finance and working capital, to renewable energy companies and other businesses involved in the green economy.",2024-11-05 19:01:29,"https://img.etimg.com/thumb/msid-114991588,width-1200,height-630,imgsize-8512,overlay-economictimes/articleshow.jpg",economictimes_indiatimes,2.6653601449780957e-15,38,77,344,18,148
1159,Newsdata,https://timesofindia.indiatimes.com/city/surat/jewellery-sector-braces-for-major-changes-in-wastage-norms-starting-january-2025/articleshow/114991230.cms,Jewellery sector preps for new wastage norms from Jan,,2024-11-05 18:36:48,"https://static.toiimg.com/thumb/msid-47529300,imgsize-110164,width-400,height-225,resizemode-72/47529300.jpg",toi,1.1185056368757416e-42,8,29,121,3,54
1160,Newsdata,https://timesofindia.indiatimes.com/city/surat/surat-municipal-corporation-restores-streetlights-after-years-of-darkness/articleshow/114991224.cms,SMC restores long-awaited streetlights,,2024-11-05 18:36:41,"https://static.toiimg.com/thumb/msid-47529300,imgsize-110164,width-400,height-225,resizemode-72/47529300.jpg",toi,1.1144008566456638e-14,13,13,67,6,53
1161,Newsdata,https://timesofindia.indiatimes.com/city/surat/tragic-fire-at-city-light-spa-claims-lives-of-two-women-employees/articleshow/115026796.cms,Fire in City Light spa leaves two women employees dead,,2024-11-06 17:19:09,"https://static.toiimg.com/thumb/msid-47529300,imgsize-110164,width-400,height-225,resizemode-72/47529300.jpg",toi,7.655852765119386e-12,11,30,136,10,69
1162,Newsdata,https://www.deccanchronicle.com/southern-states/telangana/hydraa-will-not-examine-building-approvals-bhatti-tells-bankers-meet-1835984,"HYDRAA will not examine building approvals, Bhatti tells Bankers meet",,2024-11-06 17:13:28,https://www.deccanchronicle.com/h-upload/2024/11/06/1859913-10.webp,deccanchronicle,7.582510438020994e-10,11,35,124,11,73
1163,Newsdata,https://www.deccanchronicle.com/sports/hi-flying-pawan-sehrawat-leads-the-telugu-titans-to-third-straight-victory-1835982,Hi-flying Pawan Sehrawat leads the Telugu Titans to third-straight victory,,2024-11-06 17:12:29,https://www.deccanchronicle.com/h-upload/2024/11/06/1859911-whatsappimage2024-11-06at102837pm.webp,deccanchronicle,0.0018714432162965926,15,31,160,15,52
1164,Newsdata,https://www.deccanchronicle.com/southern-states/telangana/telangana-paddy-farmers-have-hard-time-at-ppcs-1835981,Telangana paddy farmers have hard time at PPCs,Forced to wait for 10 days to sell produce,2024-11-06 17:10:35,https://www.deccanchronicle.com/h-upload/2024/11/06/1859910-9.webp,deccanchronicle,0.99998365472611,12,16,140,33,83
1165,Newsdata,https://www.deccanchronicle.com/southern-states/karnataka/man-arrested-in-haveri-for-threatening-actor-salman-khan-1835980,Man Arrested in Haveri for Threatening Actor Salman Khan,,2024-11-06 17:09:38,https://www.deccanchronicle.com/h-upload/2024/11/06/1859909-gbtaofobeaane6s.webp,deccanchronicle,7.139498972002989e-15,2,1,41,3,20
1166,Newsdata,https://www.deccanchronicle.com/southern-states/andhra-pradesh/tirupati-auto-driver-arrested-for-assaulting-minor-girl-1835979,Tirupati: Auto Driver Arrested for Assaulting Minor Girl,,2024-11-06 17:05:02,https://www.deccanchronicle.com/h-upload/2024/05/25/1858027-arrest.webp,deccanchronicle,0.9999999393589899,8,5,44,9,21
1167,Newsdata,https://www.deccanchronicle.com/southern-states/telangana/first-aid-cpr-training-for-roadside-shopkeepers-in-sircilla-1835977,"First-Aid, CPR Training for Roadside Shopkeepers in Sircilla",,2024-11-06 16:58:52,https://www.deccanchronicle.com/h-upload/2024/10/19/1853970-lodgekeysno297organisedacprtrainingprograminassociationwithgvkgreenhealthserviceswhe.webp,deccanchronicle,5.6184576000048105e-14,11,35,95,4,46
1168,Newsdata,https://timesofindia.indiatimes.com/city/surat/causeway-closure-due-to-overflow-a-129-day-traffic-halt-in-surat/articleshow/115028449.cms,Overflow keeps key causeway closed for 129 days,,2024-11-06 18:30:57,"https://static.toiimg.com/thumb/msid-47529300,imgsize-110164,width-400,height-225,resizemode-72/47529300.jpg",toi,1.5578737962623303e-24,8,26,81,3,42
1169,Newsdata,https://timesofindia.indiatimes.com/city/surat/marriage-fraud-unemployed-diamond-artisan-scammed-of-175-lakh/articleshow/115028360.cms,Unemployed diamond artisan falls victim to marriage fraud,,2024-11-06 18:28:05,"https://static.toiimg.com/thumb/msid-47529300,imgsize-110164,width-400,height-225,resizemode-72/47529300.jpg",toi,0.9999344928644905,29,24,136,29,92
1170,Newsdata,https://theprint.in/environment/european-investment-bank-to-give-900-million-euros-to-flood-hit-spain/2345248/,European Investment Bank to give 900 million euros to flood-hit Spain,MADRID (Reuters) - The European Investment Bank on Wednesday announced a 900-million-euro financial aid package to help Spain's recovery and reconstruction efforts after last week's deadly flash,2024-11-06 19:16:08,https://static.theprint.in/wp-content/uploads/2024/11/European_377-696x465.jpg,theprint,6.221507579343431e-15,13,30,94,4,41
1171,Newsdata,https://www.deccanchronicle.com/entertainment/ott/aha-ott-announces-writers-talent-hunt-in-collaboration-with-mass-movie-makers-amrutha-productions-1836180,"aha OTT announces Writers Talent Hunt in collaboration with Mass Movie Makers, Amrutha Productions",,2024-11-07 15:06:08,https://www.deccanchronicle.com/h-upload/2024/11/07/1860212-whatsappimage2024-11-07at75852pm.webp,deccanchronicle,0.08595410008850002,31,82,287,43,146
1172,Newsdata,https://www.deccanchronicle.com/southern-states/telangana/caste-census-is-a-historic-step-sridhar-babu-1836177,Caste Census Is a Historic Step: Sridhar Babu,,2024-11-07 15:00:54,https://www.deccanchronicle.com/h-upload/2024/11/07/1860209-sridharbabu.webp,deccanchronicle,1.5619513495396627e-12,1,16,96,6,27
1173,Newsdata,https://www.deccanchronicle.com/nation/andhra-pradesh-elephant-shelter-proposed-in-manyam-dist-1836174,Andhra Pradesh: Elephant shelter proposed in Manyam dist,,2024-11-07 14:45:18,https://www.deccanchronicle.com/h-upload/2024/11/07/1860203-untitleddesign7.webp,deccanchronicle,9.76432549757445e-08,9,28,88,8,53
1174,Newsdata,https://www.deccanchronicle.com/southern-states/andhra-pradesh/lokesh-appointed-head-of-gom-on-job-creation-meets-suzlon-energy-ceo-1836173,"Lokesh Appointed Head of GoM on Job Creation, Meets Suzlon Energy CEO",,2024-11-07 14:40:42,https://www.deccanchronicle.com/h-upload/2024/11/07/1860202-lokesh.webp,deccanchronicle,3.557423276787535e-16,6,27,170,9,63
1175,Newsdata,https://theprint.in/environment/plummeting-bus-ridership-explosion-of-cars-delhis-mobility-crisis-is-driving-up-winter-pollution/2346346/,"Plummeting bus ridership, explosion of cars, Delhi’s mobility crisis is driving up winter pollution","Delhi needs to incentivise its public transport system and make it cost-effective and faster, say climate scientists.",2024-11-07 14:22:15,https://static.theprint.in/wp-content/uploads/2019/06/TCars-696x486.jpg,theprint,1.810914690229148e-18,35,97,350,14,128
1176,Newsdata,https://www.deccanchronicle.com/southern-states/telangana/telangana-farmers-rice-millers-urge-govt-to-lift-restrictions-1836172,"Telangana: Farmers, Rice Millers Urge Govt. To Lift Restrictions",,2024-11-07 14:13:04,https://www.deccanchronicle.com/h-upload/2024/11/07/1860199-1100785-rice.webp,deccanchronicle,3.945544295738708e-55,3,15,64,1,20
1177,Newsdata,https://www.thehindu.com/sci-tech/energy-and-environment/pm-modi-environment-minister-unlikely-to-attend-un-climate-summit-in-baku/article68841277.ece,"PM Modi, Environment Minister unlikely to attend U.N. climate summit in Baku","Union Minister of State for Environment, Forest and Climate Change Kirti Vardhan Singh will lead the Indian delegation at the high-level segment on November 18-19",2024-11-07 13:39:48,https://th-i.thgim.com/public/incoming/bid3j2/article68841447.ece/alternates/LANDSCAPE_1200/2024-11-06T183901Z_1494856183_RC2NVAATOT28_RTRMADP_3_CLIMATE-COP29-AGENDA.JPG,thehindu,2.0388826482106197e-43,7,21,160,3,69
1178,Newsdata,https://www.deccanchronicle.com/nation/oben-rorr-ez-bike-launched-at-rs-89999-range-upto-175-km-1836179,"Oben Rorr EZ bike launched at Rs 89,999, range upto 175 km",,2024-11-07 15:05:29,https://www.deccanchronicle.com/h-upload/2024/11/07/1860210-obenrorrezgroupimage01.webp,deccanchronicle,1.8669409055815102e-38,4,17,97,3,39
1179,Newsdata,https://www.deccanchronicle.com/nation/politics/rahul-priyanka-kharge-to-lead-congresss-maharashtra-campaign-1836226,"Rahul, Priyanka, Kharge to Lead Congress’s Maharashtra Campaign",,2024-11-07 17:27:03,https://www.deccanchronicle.com/h-upload/2024/11/07/1860273-untitleddesign1.webp,deccanchronicle,4.540106373792447e-32,10,18,190,8,79
1180,Newsdata,https://www.deccanchronicle.com/southern-states/kerala/food-packets-with-pics-of-rahul-priyanka-triggers-political-row-1836224,"Food Packets With Pics of Rahul, Priyanka, Triggers Political Row","Opposition alleges “provision for votes” scam. Congress denies the charge, says food kits were stocked before polls",2024-11-07 17:17:58,https://www.deccanchronicle.com/h-upload/2024/11/07/1860269-ani-20240605063340.webp,deccanchronicle,2.66979644921532e-23,9,16,143,8,76
1181,Newsdata,https://www.deccanchronicle.com/southern-states/telangana/groom-flees-with-rs-10l-dowry-a-day-before-wedding-1836223,Groom flees with Rs 10L dowry a day before wedding,,2024-11-07 17:17:37,https://www.deccanchronicle.com/h-upload/2024/11/07/1860271-bride.webp,deccanchronicle,0.9999415207068808,4,8,45,9,22
1182,Newsdata,https://www.deccanchronicle.com/sports/all-round-performance-ensures-haryana-steelers-secure-ecstatic-victory-over-gujarat-giants-1836222,All-round performance ensures Haryana Steelers secure ecstatic victory over Gujarat Giants,,2024-11-07 17:17:28,https://www.deccanchronicle.com/h-upload/2024/11/07/1860270-whatsappimage2024-11-07at104351pm.webp,deccanchronicle,0.8229356007595899,10,19,129,14,39
1183,Newsdata,https://www.deccanchronicle.com/southern-states/telangana/telangana-hc-issues-notices-to-hca-bcci-on-corruption-1836221,"Telangana HC issues notices to HCA, BCCI on corruption",,2024-11-07 17:14:16,https://www.deccanchronicle.com/h-upload/2024/11/07/1860266-bcci.webp,deccanchronicle,3.0109637962717816e-27,4,9,71,3,24
1184,Newsdata,https://www.deccanchronicle.com/southern-states/telangana/lens-on-tg-borders-for-illegal-paddy-imports-1836220,Lens on TG borders for illegal paddy 'imports',"In Nizamabad, farmers cultivated paddy on 4.33 lakh acres during the kharif season, with 3.71 lakh acres dedicated to fine varieties",2024-11-07 17:13:22,https://s3.ap-southeast-1.amazonaws.com/images.deccanchronicle.com/dc-Cover-g9s21qqhjq4d4k5gicum9bms62-20231228222153.Medi.jpeg,deccanchronicle,7.471890469715292e-51,4,18,99,2,30
1185,Newsdata,https://www.deccanchronicle.com/sports/ashu-malik-caps-off-well-rounded-team-effort-as-dabang-delhi-kc-beat-bengal-warriorz-1836218,Ashu Malik caps off well-rounded team effort as Dabang Delhi K.C. beat Bengal Warriorz,,2024-11-07 17:07:34,https://www.deccanchronicle.com/h-upload/2024/11/07/1860265-whatsappimage2024-11-07at102805pm.webp,deccanchronicle,0.08765989282223945,13,34,206,22,70
1186,Newsdata,https://www.deccanchronicle.com/southern-states/karnataka/karnataka-cm-seeks-apology-from-modi-over-bjps-false-claims-1836217,Karnataka CM seeks apology from Modi over BJP's false claims,,2024-11-07 17:04:19,https://www.deccanchronicle.com/h-upload/2024/11/07/1860263-07-11-mgl-cm.webp,deccanchronicle,0.9994937251759656,11,10,84,17,47
1187,Newsdata,https://www.deccanchronicle.com/southern-states/andhra-pradesh/vijayawada-mp-kesineni-sivanath-prioritizes-public-welfare-1836216,Vijayawada MP Kesineni Sivanath prioritizes public welfare,"Commissioner Dhyana Chandra presented a detailed overview of several key projects, including improvements to the drainage system, enhancements to drinking water supply and the development of a new sports stadium",2024-11-07 16:54:53,https://www.deccanchronicle.com/h-upload/2024/11/07/1860262-untitleddesign74.webp,deccanchronicle,2.4574565722436925e-19,2,19,85,4,33
1188,Newsdata,https://www.deccanchronicle.com/southern-states/telangana/farmers-wait-for-dry-spell-to-start-cutting-paddy-1836215,Farmers Wait for Dry Spell to Start Cutting Paddy,,2024-11-07 16:53:49,https://www.deccanchronicle.com/h-upload/2024/11/07/1860260-crop.webp,deccanchronicle,1.550572204208312e-08,5,16,68,7,45
1189,Newsdata,https://timesofindia.indiatimes.com/city/surat/deadly-fire-at-city-light-spa-sparks-investigation-into-safety-violations/articleshow/115061796.cms,Probe launched into fire at City Light spa,,2024-11-07 17:42:56,"https://static.toiimg.com/thumb/msid-47529300,imgsize-110164,width-400,height-225,resizemode-72/47529300.jpg",toi,3.4520883017725244e-20,7,20,133,8,70
1190,Newsdata,https://timesofindia.indiatimes.com/city/surat/tapi-district-enforces-48-hour-liquor-ban-ahead-of-maharashtra-assembly-elections/articleshow/115061791.cms,Dry Day notified in Tapi district of dry Gujarat,,2024-11-07 17:42:49,"https://static.toiimg.com/thumb/msid-47529300,imgsize-110164,width-400,height-225,resizemode-72/47529300.jpg",toi,2.2818312979192717e-40,4,15,67,2,29
1191,Newsdata,https://theprint.in/environment/thousands-under-evacuation-near-los-angeles-as-wildfire-torches-homes/2347003/,Thousands under evacuation near Los Angeles as wildfire torches homes,"By David Swanson and Kanishka Singh SANTA PAULA, California (Reuters) -Over ten thousand people were ordered to evacuate communities northwest of Los Angeles as fierce seasonal winds drove a wildfire",2024-11-07 19:16:51,https://static.theprint.in/wp-content/uploads/2024/11/Thousands_445-696x464.jpg,theprint,5.565446432900963e-46,10,31,166,4,65
1192,Newsdata,https://timesofindia.indiatimes.com/city/surat/fire-incident-at-richter-themis-medicare-seven-injured-in-vapi/articleshow/115062878.cms,Seven injured in fire at pharma company in Vapi,,2024-11-07 18:52:17,"https://static.toiimg.com/thumb/msid-47529300,imgsize-110164,width-400,height-225,resizemode-72/47529300.jpg",toi,5.383295164923634e-38,1,9,48,2,30
1193,Newsdata,https://www.thehindu.com/sci-tech/energy-and-environment/developing-world-faces-multi-billion-climate-adaptation-cash-gap-un-report/article68846434.ece,Developing world faces multi-billion climate adaptation cash gap: U.N. report,How much money richer countries agree to send to developing countries to help them cope is expected to be central to the COP29 talks,2024-11-08 15:28:59,https://th-i.thgim.com/public/incoming/5oyis2/article68828143.ece/alternates/LANDSCAPE_1200/2152127685.jpg,thehindu,8.37863927232692e-18,13,25,107,6,54
1194,Newsdata,https://theprint.in/environment/cop29-climate-agenda-clouded-by-trade-tensions-ahead-of-summit/2348431/,COP29 climate agenda clouded by trade tensions ahead of summit,"By Kate Abnett and Tim Cocks BRUSSELS/JOHANNSEBURG (Reuters) - China has put trade talks onto the proposed agenda for the COP29 summit, a U.N. document showed, raising the prospect that the issue",2024-11-08 15:16:05,https://static.theprint.in/wp-content/uploads/2024/11/COP29_562-696x490.jpg,theprint,1.8905559167960536e-18,12,22,174,9,79
1195,Newsdata,https://theprint.in/environment/cop29-starts-next-week-whats-on-agenda-how-global-climate-action-fared-in-9-yrs-since-paris-agreement/2347624/,COP29 starts next week. What’s on agenda & how global climate action fared in 9 yrs since Paris Agreement,"COP29 is expected to be the ‘Finance COP’ given the focus is on long-term climate finance, adaptation, and loss and damage funding. Discussions will be on who will pay and how much.",2024-11-08 12:24:59,https://static.theprint.in/wp-content/uploads/2024/11/COP29-696x392.jpg,theprint,7.366540670486749e-29,41,65,405,16,192
1196,Newsdata,https://theprint.in/environment/south-africa-concerned-trump-election-will-impact-climate-talks/2348064/,South Africa concerned Trump election will impact climate talks,"By Tim Cocks JOHANNESBURG (Reuters) - South Africa is concerned by the impact Donald Trump's election as the next president of the United States may have on talks to tackle climate change, its",2024-11-08 12:18:55,https://static.theprint.in/wp-content/uploads/2024/11/South_770-696x486.jpg,theprint,0.20824262964791818,12,29,150,24,91
1197,Newsdata,https://theprint.in/environment/firefighters-gaining-control-over-devastating-wildfire-near-los-angeles/2348903/,Firefighters gaining control over devastating wildfire near Los Angeles,"By Rich McKay and Daniel Trotta (Reuters) - Firefighters started gaining control on Friday over a stubborn wildfire near Los Angeles that destroyed at least 132 buildings and damaged 88 others, as",2024-11-09 03:30:22,https://static.theprint.in/wp-content/uploads/2024/11/Firefighters_784-696x392.jpg,theprint,0.0726986676148836,23,50,236,32,122
1198,Newsdata,https://timesofindia.indiatimes.com/auto/cars/mahindra-xev-9e-be-6e-interior-teased-ahead-of-official-debut-gets-three-screens/articleshow/115102259.cms,"Mahindra XEV 9e, BE 6e interior teased ahead of official debut: Gets three screens!","The XEV 9e is electrified couple version of the ICE XUV 700 and Mahindra says that XEV 9e will bring “electric luxury” to a new level, likely incorporating premium materials, cutting-edge interior design, and an array of comfort-focused technologies. There are no any details on battery, e-motor, features or range.",2024-11-09 03:30:10,"https://static.toiimg.com/photo/msid-115102636,imgsize-599911.cms",toi,1.8567173021602604e-06,20,65,193,17,91
1199,Newsdata,https://theprint.in/india/ahead-of-sc-hearing-on-stubble-burning-ppcb-says-punjab-farm-fires-down-70-compared-to-last-year/2348021/,"Ahead of SC hearing on stubble burning, PPCB says Punjab farm fires down 70% compared to last year","According to Punjab Pollution Control Board, the number of farm fire incidents between 15 September and 4 November this year stood at 4,145, compared to 14,173 in same period last year.",2024-11-09 02:00:08,https://static.theprint.in/wp-content/uploads/2024/11/Farm-fires-696x392.jpg,theprint,1.832345747921674e-15,60,86,413,25,222
1200,Newsdata,https://theprint.in/environment/cuba-restores-power-to-parts-of-havana-following-hurricane/2348839/,Cuba restores power to parts of Havana following hurricane,"HAVANA (Reuters) - Cuba had restored power to nearly 20% of the capital Havana by late on Friday afternoon, the government said, two days after hurricane Rafael struck the island and collapsed the",2024-11-08 23:15:30,https://static.theprint.in/wp-content/uploads/2024/11/Cuba_643-696x464.jpg,theprint,3.66443990190199e-24,23,33,157,6,65
1201,Newsdata,https://www.deccanchronicle.com/southern-states/telangana/household-survey-senior-officials-collect-details-from-governor-1836816,Household survey: Senior officials collect details from Governor,,2024-11-09 12:57:40,https://www.deccanchronicle.com/h-upload/2024/11/09/1860905-survey.jfif,deccanchronicle,8.445685263039786e-10,9,9,99,5,26
1472,Newsdata,https://www.deccanchronicle.com/opinion/dc-comment/dc-edit-ipl-rewards-reach-young-desis-1841582,DC Edit | IPL rewards reach young desis,,2024-11-26 18:40:13,https://www.deccanchronicle.com/h-upload/2024/11/26/1866844-aa-3522912.webp,deccanchronicle,3.5858806115838902e-06,17,39,128,12,56
1202,Newsdata,https://www.deccanchronicle.com/world/pakistan-imran-khan-gets-bail-in-four-cases-related-to-may-9-violence-1836815,Pakistan: Imran Khan gets bail in four cases related to May 9 violence,,2024-11-09 12:56:28,https://www.deccanchronicle.com/h-upload/2024/08/21/1832532-imrankhan.webp,deccanchronicle,9.442799163695133e-09,9,21,145,10,49
1203,Newsdata,https://www.deccanchronicle.com/education/quality-thought-announces-cyber-security-free-scholarship-test-1836814,Quality Thought Announces Cyber Security Free Scholarship Test,,2024-11-09 12:51:54,https://www.deccanchronicle.com/h-upload/2024/11/09/1860903-seenqualitythoughtfounderandchiefinformationsecurityofficercisomrramanabhupathiandmrrajendraboddaannouncingcybersecurityfreescholorshiptest.webp,deccanchronicle,2.0080762953716126e-10,7,32,111,8,49
1204,Newsdata,https://www.deccanchronicle.com/nation/minor-neet-aspirant-held-hostage-raped-for-over-six-months-in-kanpur-2-teachers-arrested-1836812,"Minor NEET aspirant held hostage, raped for months in Kanpur by coaching teachers",,2024-11-09 12:46:04,https://www.deccanchronicle.com/h-upload/2024/09/03/1837639-rape.webp,deccanchronicle,0.9999550229464081,19,22,114,26,61
1205,Newsdata,https://timesofindia.indiatimes.com/world/us/brush-fire-strike-neversink-mountain-in-pennsylvania-evacuations-underway/articleshow/115122159.cms,"Brush fire strike Neversink Mountain in Pennsylvania, evacuations underway","A large wildfire on Neversink Mountain in Reading, Pennsylvania, forced evacuations late Friday night. The fire, fueled by dry conditions and wind, was visible from miles away. Firefighters battled the blaze, which threatened approximately 100 homes. By Saturday morning, the winds subsided, and firefighters made progress, allowing residents to return home. One firefighter sustained a minor injury.",2024-11-09 17:21:22,"https://static.toiimg.com/thumb/msid-115122173,imgsize-1134046,width-400,resizemode-4/115122173.jpg",toi,1.6677215936067128e-193,15,28,132,1,70
1206,Newsdata,https://timesofindia.indiatimes.com/city/surat/owner-arrested-after-20-women-suffocate-in-surat-basement-hall-incident/articleshow/115122088.cms,Surat basement hall owner arrested in suffocation incident,,2024-11-09 17:15:40,"https://static.toiimg.com/thumb/msid-47529300,imgsize-110164,width-400,height-225,resizemode-72/47529300.jpg",toi,9.3161059555528e-09,5,10,56,5,26
1207,Newsdata,https://timesofindia.indiatimes.com/city/surat/tragic-warehouse-fire-in-navsari-three-dead-four-injured/articleshow/115122031.cms,"Navsari warehouse blaze claims three lives, injures four",,2024-11-09 17:12:40,"https://static.toiimg.com/thumb/msid-47529300,imgsize-110164,width-400,height-225,resizemode-72/47529300.jpg",toi,0.9999999999999793,3,5,49,0,27
1208,Newsdata,https://timesofindia.indiatimes.com/city/surat/gold-worth-rs-5-crore-hidden-in-underwear-seized-at-surat-airport/articleshow/115122030.cms,Rs5 cr worth gold concealed in underwear seized at Surat airport,,2024-11-09 17:12:40,"https://static.toiimg.com/thumb/msid-47529300,imgsize-110164,width-400,height-225,resizemode-72/47529300.jpg",toi,5.96130945006707e-07,6,10,85,9,47
1209,Newsdata,https://timesofindia.indiatimes.com/city/surat/shocking-crime-crpf-constable-kidnaps-and-murders-8-year-old-neighbor/articleshow/115121977.cms,"CRPF constable kidnaps, kills neighbour’s 8-year-old son",,2024-11-09 17:09:40,"https://static.toiimg.com/thumb/msid-47529300,imgsize-110164,width-400,height-225,resizemode-72/47529300.jpg",toi,0.06540942276950847,9,16,121,18,77
1210,Newsdata,https://www.deccanchronicle.com/southern-states/telangana/govt-delaying-paddy-purchase-to-avoid-bonus-payment-bandi-1837065,Govt. delaying paddy purchase to avoid bonus payment: Bandi,,2024-11-10 16:36:35,https://www.deccanchronicle.com/h-upload/2024/09/29/1846683-bandii.webp,deccanchronicle,0.9737275093255234,11,10,102,15,46
1211,Newsdata,https://www.deccanchronicle.com/southern-states/andhra-pradesh/vizag-baby-declared-dead-at-kgh-hospital-found-alive-during-handover-1837010,Vizag: Baby declared dead at KGH Hospital found alive during handover,"The incident occurred on Friday evening when a couple arrived at KGH after the mother's water broke. Due to the extremely premature stage of pregnancy at 25 weeks, doctors performed an emergency procedure",2024-11-10 10:57:12,https://www.deccanchronicle.com/h-upload/2024/11/10/1861160-baby.webp,deccanchronicle,1.0627735732600339e-19,14,11,73,4,40
1212,Newsdata,https://theprint.in/environment/why-a-carbon-removal-budget-is-necessary-to-combat-climate-change/2350160/,Why a carbon removal budget is necessary to combat climate change,Efforts to ramp up carbon removal globally remain contested and controversial. But there are ongoing processes around the world to define what counts as carbon removal.,2024-11-10 10:51:11,https://static.theprint.in/wp-content/uploads/2024/06/As-India-discusses-EU-carbon-tax-report-finds-how-renewables-can-reduce-heavy-industries-emissions-696x392.jpg,theprint,3.282699307317939e-05,61,89,321,36,204
1213,Newsdata,https://www.deccanchronicle.com/fire-in-container-on-hyderabad-mumbai-highway-causes-traffic-jam,Fire in container on Hyderabad-Mumbai highway causes traffic jam,,2024-11-10 10:48:38,https://www.deccanchronicle.com/h-upload/2024/11/10/1861159-fire.webp,deccanchronicle,2.037281347937697e-25,7,10,83,4,38
1214,Newsdata,https://www.deccanchronicle.com/nation/shah-has-failed-to-understand-maharashtra-says-raut-on-bjp-leaders-savarkar-dare-1837007,"Shah has failed to understand Maharashtra, says Raut on BJP leader's Savarkar dare",,2024-11-10 10:48:06,https://www.deccanchronicle.com/h-upload/2024/09/10/1839726-sanjayraut.webp,deccanchronicle,3.0400189270146943e-27,6,3,119,5,41
1215,Newsdata,https://www.deccanchronicle.com/southern-states/karnataka/udipi-district-accused-dies-in-police-custody-1837006,Udipi district: Accused dies in police custody,"Officers arrived at the spot, detained the individual, and brought him to the station. The complainant who came to the station filed an official complaint stating that the individual had entered their home and allegedly harassed them",2024-11-10 10:40:57,https://www.deccanchronicle.com/h-upload/2024/02/18/1845090-death.webp,deccanchronicle,0.0016476812998592262,7,5,71,9,43
1216,Newsdata,https://timesofindia.indiatimes.com/city/surat/family-demands-justice-after-20-year-old-girl-found-dead-in-surat/articleshow/115149874.cms,"Seeking justice, family brings girl’s body to police station",,2024-11-10 17:30:50,"https://static.toiimg.com/thumb/msid-47529300,imgsize-110164,width-400,height-225,resizemode-72/47529300.jpg",toi,0.9954401280534468,14,25,139,27,75
1217,Newsdata,https://timesofindia.indiatimes.com/home/environment/india-to-focus-on-climate-finance-accountability-protection-for-vulnerable-communities-at-cop29/articleshow/115149670.cms,"India to focus on climate finance, accountability, protection for vulnerable communities at COP29","India is poised to prioritize climate finance accountability and safeguarding vulnerable communities at COP29 in Baku. Leading a 19-member delegation, India will urge developed nations to accelerate their net-zero commitments and deliver on climate finance promises, emphasizing the need for equitable energy transition and robust support for adaptation measures.",2024-11-10 17:19:42,"https://static.toiimg.com/thumb/msid-115149685,imgsize-112502,width-400,resizemode-4/115149685.jpg",toi,3.448286370850402e-15,15,49,237,13,112
1219,Newsdata,https://www.deccanchronicle.com/southern-states/telangana/telangana-congress-mps-participate-in-maharashtra-poll-campaign-1837070,Telangana Congress MPs Participate in Maharashtra Poll Campaign,,2024-11-10 16:46:57,https://s3.ap-southeast-1.amazonaws.com/images.deccanchronicle.com/dc-Cover-1agsfbakggc20282gg6iolk9t6-20210827073650.Medi.jpeg,deccanchronicle,2.004883021753764e-63,4,6,60,1,12
1220,Newsdata,https://www.deccanchronicle.com/southern-states/telangana/congress-failed-bcs-did-not-keep-promises-ktr-1837068,"Congress failed BCs, did not keep promises: KTR",,2024-11-10 16:41:22,https://www.deccanchronicle.com/h-upload/2024/03/29/1094777-ktramarao.webp,deccanchronicle,2.300093535717404e-08,12,9,95,8,43
1221,Newsdata,https://www.deccanchronicle.com/nation/politics/ajit-pawar-says-batenge-toh-katenge-not-acceptable-in-maharashtra-1837066,Ajit Pawar says ‘batenge toh katenge’ not acceptable in Maharashtra,,2024-11-10 16:38:45,https://www.deccanchronicle.com/h-upload/2024/06/09/1096007-ajitpawar.webp,deccanchronicle,0.0019117455666898533,13,23,146,16,68
1222,Newsdata,https://www.deccanchronicle.com/southern-states/telangana/caste-survey-will-detect-social-ills-like-an-x-ray-ponnam-1837083,Caste Survey will Detect Social Ills like an X-ray: Ponnam,,2024-11-10 18:00:21,https://www.deccanchronicle.com/h-upload/2024/11/10/1861238-pon.webp,deccanchronicle,4.4940703140136694e-13,3,17,92,6,35
1223,Newsdata,https://www.deccanchronicle.com/southern-states/andhra-pradesh/from-beaches-to-stages-vizag-emerges-as-entertainment-destination-1837082,From Beaches to Stages: Vizag Emerges as Entertainment Destination,,2024-11-10 17:59:42,https://www.deccanchronicle.com/h-upload/2024/11/10/1861281-10vzdc08.webp,deccanchronicle,2.4581847776653386e-12,8,31,123,7,42
1224,Newsdata,https://www.deccanchronicle.com/southern-states/andhra-pradesh/pawan-thanks-naidu-for-naming-medical-college-after-dr-yellapragada-subbarow-1837081,Pawan Thanks Naidu for Naming Medical College After Dr. Yellapragada Subbarow,,2024-11-10 17:58:54,https://www.deccanchronicle.com/h-upload/2024/06/20/1846307-pawankalyan.webp,deccanchronicle,0.0043561928333168,1,10,74,8,23
1225,Newsdata,https://www.deccanchronicle.com/southern-states/telangana/ugc-nod-likely-for-overseas-post-doctoral-experience-for-promotions-in-state-varsities-1837080,UGC Nod Likely for Overseas Post-Doctoral Experience for Promotions in State Varsities,,2024-11-10 17:53:21,https://www.deccanchronicle.com/h-upload/2024/11/10/1861276-untitleddesign8.webp,deccanchronicle,5.093096771073027e-19,11,41,117,2,40
1228,Newsdata,https://theprint.in/environment/exclusive-adb-increases-climate-finance-after-us-japan-give-worlds-first-sovereign-guarantees/2350789/,"Exclusive-ADB increases climate finance after US, Japan give world’s first sovereign guarantees","By Simon Jessop, Karin Strohecker and Katy Daigle BAKU (Reuters) - The Asian Development Bank will increase its climate-related lending by up to $7.2 billion after the United States and Japan agreed",2024-11-11 04:16:42,https://static.theprint.in/wp-content/uploads/2024/11/Exclusive-ADB_818-696x447.jpg,theprint,1.6909431388021008e-20,14,51,229,12,117
1230,Newsdata,https://www.deccanchronicle.com/southern-states/andhra-pradesh/new-education-policy-aims-to-shape-future-generations-says-au-vice-chancellor-1837319,"New education policy aims to shape future generations, says AU Vice-Chancellor",,2024-11-11 15:03:20,https://www.deccanchronicle.com/h-upload/2024/06/28/1100092-andhrauniversity.webp,deccanchronicle,1.3880419733027033e-12,4,23,90,6,41
1232,Newsdata,https://www.deccanchronicle.com/southern-states/andhra-pradesh/endowments-lands-encroached-in-hanamkonda-1837317,Endowments Lands Encroached in Hanamkonda,,2024-11-11 14:40:07,https://www.deccanchronicle.com/h-upload/2024/11/11/1861617-justicecvramulu.webp,deccanchronicle,1.0060217833519826e-17,13,19,113,6,49
1233,Newsdata,https://theprint.in/environment/cop-29-day-1-baku-summit-sets-tone-with-ambitious-finance-goal-amid-leader-absences-trump-threat/2351500/,"COP 29, Day 1: Baku summit sets tone with ambitious finance goal amid leader absences, Trump threat","Summit's top agenda is a deal for up to $1 trillion in annual climate finance for developing countries, replacing existing target of $100 billion.",2024-11-11 14:06:18,https://static.theprint.in/wp-content/uploads/2024/11/FT-Image-20-696x392.png,theprint,1.2081783714540672e-06,33,77,309,28,135
1234,Newsdata,https://timesofindia.indiatimes.com/auto/policy-and-industry/pm-e-drive-and-the-promise-of-sustainable-development-through-electric-mobility/articleshow/115182767.cms,PM E-DRIVE and the promise of sustainable development through electric mobility,"India is making strides in electric vehicle (EV) adoption, aiming for significant economic and environmental benefits. Despite challenges like limited charging infrastructure and high upfront costs, government initiatives like PM E-DRIVE and private sector innovation are driving progress.",2024-11-11 12:49:59,"https://static.toiimg.com/thumb/msid-115183015,imgsize-31548,width-400,resizemode-4/115183015.jpg",toi,7.929155002163565e-16,40,140,359,14,182
1235,Newsdata,https://timesofindia.indiatimes.com/city/surat/major-international-cybercrime-ring-busted-in-surat-200-fraud-cases-exposed/articleshow/115188232.cms,Int’l cybercrime ring busted in Surat; 200 frauds detected in one go,,2024-11-11 16:09:52,"https://static.toiimg.com/thumb/msid-47529300,imgsize-110164,width-400,height-225,resizemode-72/47529300.jpg",toi,2.5226766045148212e-14,17,37,216,13,90
1236,Newsdata,https://www.thehindu.com/sci-tech/energy-and-environment/cop29-talks-open-paris-agreement-climate-goals-in-great-peril-warns-un/article68856764.ece,"COP29 talks open; Paris agreement climate goals ‘in great peril’, warns UN","The warming trend is accelerating the shrinking of glaciers and sea-level rise, and unleashing extreme weather that has wrought havoc on communities and economies around the world.",2024-11-11 15:50:13,https://www.thehindu.com/theme/images/th-online/1x1_spacer.png,thehindu,8.483050163055377e-07,20,65,239,22,113
1237,Newsdata,https://theprint.in/environment/spains-flood-survivors-strive-to-save-their-photos-and-memories/2352000/,Spain’s flood survivors strive to save their photos and memories,"By Eva Manez BURJASSOT/ALDAIA, Spain (Reuters) - A mud-covered frame holding a wet, disintegrating photo was one of the most precious things that Ana Piedra Carbonell managed to salvage when",2024-11-11 17:16:02,https://static.theprint.in/wp-content/uploads/2024/11/Spains_451-696x464.jpg,theprint,0.7857756265090872,16,39,135,20,79
1238,Newsdata,https://timesofindia.indiatimes.com/city/surat/paroled-rapist-arrested-for-horrific-sexual-assault-on-five-year-old-girl/articleshow/115189046.cms,Rape convict on parole sexually assaults five-year-old,,2024-11-11 17:03:41,"https://static.toiimg.com/thumb/msid-47529300,imgsize-110164,width-400,height-225,resizemode-72/47529300.jpg",toi,0.0872438850205081,5,9,72,10,44
1240,Newsdata,https://theprint.in/environment/trump-taps-ex-congressman-zeldin-to-run-environmental-protection-agency/2352162/,Trump taps ex-congressman Zeldin to run Environmental Protection Agency,"By Timothy Gardner and David Shepardson WASHINGTON (Reuters) -U.S. President-elect Donald Trump said on Monday he will appoint Republican former Congressman Lee Zeldin, who frequently voted against",2024-11-11 21:30:18,https://static.theprint.in/wp-content/uploads/2024/11/Trump_805-1-696x464.jpg,theprint,1.6256534488156835e-09,7,31,168,13,67
1239,Newsdata,https://www.prnewswire.com/apac/news-releases/rspo-roundtable-conference-calls-for-bold-new-approaches-to-transform-sustainable-palm-oil-302301402.html,"RSPO Roundtable Conference Calls for Bold, New Approaches to Transform Sustainable Palm Oil","RT2024 sees new strategic partnerships to better address deforestation, improve smallholder inclusion through climate-smart programmes and drive global demand for RSPO Certified products BANGKOK, Nov. 12, 2024 /PRNewswire/ -- Building upon two decades of impact, the Roundtable on...",2024-11-11 16:19:00,https://mma.prnewswire.com/media/2554094/Press_Conference.jpg?p=publish,prnewswire_apac,6.193633146256401e-26,28,156,691,20,180
1241,Newsdata,https://www.deccanchronicle.com/entertainment/bollywood/i-would-love-to-do-a-comedy-or-a-negative-role-next-1837424,‘I would love to do a comedy or a negative role next’,"Vidya Balan, who is basking in the success of Bhool Bhulaiya 3’, talks about what success means to her",2024-11-11 20:21:10,https://www.deccanchronicle.com/h-upload/2024/11/11/1861763-12vidya1.jpg,deccanchronicle,0.999978247855228,42,38,156,72,126
1242,Newsdata,https://www.deccanchronicle.com/southern-states/telangana/we-are-using-advanced-equipment-to-fill-potholes-on-roads-komatireddy-1837412,We are Using Advanced Equipment to Fill Potholes on Roads: Komatireddy,,2024-11-11 19:45:20,https://www.deccanchronicle.com/h-upload/2024/11/11/1861752-pot.webp,deccanchronicle,1.8605616040414465e-07,4,11,58,5,24
1244,Newsdata,https://www.deccanchronicle.com/southern-states/andhra-pradesh/maulana-azad-a-role-model-for-youth-collector-ansaria-1837410,Maulana Azad a Role Model for Youth: Collector Ansaria,,2024-11-11 19:44:44,https://www.deccanchronicle.com/h-upload/2024/11/11/1861739-thameemansaria.webp,deccanchronicle,1.1556398154513659e-18,2,13,90,2,19
1246,Newsdata,https://www.deccanchronicle.com/southern-states/andhra-pradesh/ap-aims-for-15-growth-rate-cm-naidu-1837408,AP Aims for 15% Growth Rate: CM Naidu,"State creating wealth through opportunities under Golden Andhra Pradesh Vision-2047, says CM",2024-11-11 19:41:50,https://www.deccanchronicle.com/h-upload/2024/11/11/1861749-11cnr25.webp,deccanchronicle,0.00011342694050972564,9,46,227,24,92
1247,Newsdata,https://theprint.in/environment/new-jersey-wildfire-continues-to-grow-despite-rainfall/2352185/,New Jersey wildfire continues to grow despite rainfall,"By Brendan O'Brien and Maria Tsvetkova (Reuters) -Rainfall did little to slow a wildfire burning on the border of New York and New Jersey on Monday, officials said, as strong winds helped the fire",2024-11-11 23:15:25,https://static.theprint.in/wp-content/uploads/2024/11/New_966-696x392.jpg,theprint,2.3048437752294534e-41,16,39,239,7,95
1248,Newsdata,https://www.prnewswire.com/apac/news-releases/totalenergies-eneos-completes-solar-rooftop-project-with-pt-perusahaan-industri-ceres-indonesias-leading-chocolate-confectionery-producer-302301068.html,"TotalEnergies ENEOS Completes Solar Rooftop Project with PT. Perusahaan Industri Ceres, Indonesia's leading Chocolate Confectionery Producer","JAKARTA, Indonesia, Nov. 12, 2024 /PRNewswire/ -- TotalEnergies ENEOS has successfully completed the installation of a 2.2 megawatt-peak (MWp) solar rooftop project with PT. Perusahaan Industri Ceres (Ceres), a leader in Indonesian chocolate confectionery products. With over 3700 modules...",2024-11-12 02:00:00,https://mma.prnewswire.com/media/2552532/Site_of_PT__Perusahaan_Industri_Ceres__solar_rooftop_project_installed_by_TotalEnergies_ENEOS.jpg?p=original,prnewswire_apac,2.3996348939825182e-08,34,112,450,29,155
1249,Newsdata,https://www.thehindu.com/sci-tech/energy-and-environment/us-climate-envoy-says-work-will-continue-despite-trumps-return/article68858150.ece,US climate envoy says work will continue despite Trump’s return,"Trump has promised to again remove the U.S., the world’s biggest historic greenhouse gas emitter, from international climate cooperation",2024-11-12 03:12:21,https://th-i.thgim.com/public/sci-tech/energy-and-environment/izxabf/article68856782.ece/alternates/LANDSCAPE_1200/2024-11-11T114004Z_19107634_RC2X2BAAU4HL_RTRMADP_3_CLIMATE-COP29-VENUE.JPG,thehindu,3.082823150055865e-14,25,67,290,19,148
1250,Newsdata,https://kashmirobserver.net/2024/11/12/dry-spell-cuts-migratory-bird-arrivals-at-hokersar-by-40/,Dry Spell Cuts Migratory Bird Arrivals At Hokersar By 40%,"The ongoing dry spell in Kashmir has severely impacted the arrival of migratory birds in the region, with officials reporting a 40 percent decrease in the current bird population at the Hokersar wetland.",2024-11-12 04:26:37,https://kashmirobserver.net/wp-content/uploads/2022/04/Wetlands-Migratory-Birds-Hokersar.jpeg,kashmirobserver,2.045923019724519e-16,18,52,253,14,106
1251,Newsdata,https://theprint.in/environment/indonesia-to-build-75-gw-of-renewable-energy-in-the-next-15-years-cop29-envoy-says/2352361/,"Indonesia to build 75 GW of renewable energy in the next 15 years, COP29 envoy says","JAKARTA (Reuters) - Indonesia plans to offer to international investors opportunities to build 75 gigawatts (GW) of renewable power in the country in the next 15 years, its climate envoy said on the",2024-11-12 05:16:03,https://static.theprint.in/wp-content/uploads/2024/11/Indonesia_464-696x407.jpg,theprint,5.003593203199915e-14,11,35,150,9,61
1252,Newsdata,https://theprint.in/environment/what-are-they-saying-at-the-cop29-climate-summit/2353564/,What are they saying at the COP29 climate summit?,"BAKU (Reuters) -World leaders are speaking at the U.N. climate summit in Baku on Tuesday where United Nations Secretary General Antonio Guterres has told them to ""pay up"" to prevent climate-led",2024-11-12 15:30:47,https://static.theprint.in/wp-content/uploads/2024/11/What_443-696x464.jpg,theprint,0.23460098821661718,31,64,288,36,138
1253,Newsdata,https://theprint.in/environment/what-is-article-6-4-of-the-paris-agreement-adopted-at-cop29-why-climate-researchers-are-sceptical/2353086/,What is Article 6.4 of the Paris Agreement adopted at COP29 & why climate researchers are sceptical,"Multiple attempts previously to both define and adopt it have failed. Yalchin Rafiyev, the lead negotiator of COP29 from Azerbaijan, called it a 'game-changing tool'.",2024-11-12 14:42:21,https://static.theprint.in/wp-content/uploads/2024/11/COP29-1-696x392.jpg,theprint,1.8882974640583462e-07,65,91,416,34,202
1254,Newsdata,https://theprint.in/environment/big-oils-climate-targets/2353427/,Big Oil’s climate targets,"(Reuters) - The world's biggest oil and gas companies have set varying targets to reduce greenhouse gas emissions from their operations and the combustion of the products they sell. On Tuesday, Shell",2024-11-12 14:17:01,https://static.theprint.in/wp-content/uploads/2024/11/Big_369-696x464.jpg,theprint,1.426851488683242e-31,14,31,193,8,70
1255,Newsdata,https://www.deccanchronicle.com/southern-states/andhra-pradesh/andhra-pradesh-563-kg-ganja-seized-3-inter-state-smugglers-arrested-1837640,Andhra Pradesh: 563 kg ganja seized; 3 inter-state smugglers arrested,"Maji is accused of cultivating the Ganja, Bardhan is involved in the transportation and Majji was facilitating its movement. Police made the arrests after a two-week search operation",2024-11-12 16:22:44,https://www.deccanchronicle.com/h-upload/2024/11/11/1861661-ganja.webp,deccanchronicle,2.6960289261798967e-19,1,3,72,4,25
1256,Newsdata,https://www.prnewswire.com/apac/news-releases/intrepid-hk-based-swimmers-swam-around-hk-island-to-raise-funds-for-oyster-reef-restoration-302302888.html,Intrepid HK based swimmers swam around HK island to raise funds for oyster reef restoration,"The swim, fully supported by Wheelock Properties, successfully raises funds for The Nature Conservancy's (TNC) oyster reef restoration program, contributing to the improvement of water quality in Hong Kong. HONG KONG, Nov. 12, 2024 /PRNewswire/ -- The ""Happy Oysters Healthier Waters 80km...",2024-11-12 15:58:00,https://mma.prnewswire.com/media/2555224/From_left_Ryan_Leung_Andres_Tung_Thomas_Launay_Dario_Pong.jpg?p=original,prnewswire_apac,3.528977983034694e-11,25,44,322,19,111
1261,Newsdata,https://timesofindia.indiatimes.com/city/surat/panic-on-pashchim-express-smoke-erupts-in-general-coach/articleshow/115228573.cms,Smoke on Pashchim Express causes alarm,,2024-11-12 18:27:58,"https://static.toiimg.com/photo/msid-115228573,imgsize-.cms",toi,4.5040627783051256e-15,3,5,41,3,32
1257,Newsdata,https://www.thehindu.com/sci-tech/energy-and-environment/global-carbon-dioxide-emissions-set-to-rise-08-over-2023-indias-contribution-to-go-up-46/article68860602.ece,"Global carbon dioxide emissions set to rise 0.8% over 2023, India’s contribution to go up 4.6%","In 2023, the largest absolute contributions to global fossil CO2 (carbon dioxide) emissions were from China (31%), followed by the United States with 13% and India taking up 8%",2024-11-12 16:59:43,https://th-i.thgim.com/public/incoming/5hnmse/article68861153.ece/alternates/LANDSCAPE_1200/_DSC0477.jpg,thehindu,1.4898443693908022e-30,20,42,182,7,87
1258,Newsdata,https://www.deccanchronicle.com/southern-states/telangana/new-scam-emerges-now-with-whatsapp-getting-compromised-1837642,New scam emerges now with WhatsApp getting compromised,"The victim had received a WhatsApp message from his daughter-in-law’s father, asking for Rs 2 lakh, promising to return the money in two days. However, to the victim’s dismay, the person behind his relative’s WhatsApp chat was indeed a scammer",2024-11-12 16:38:21,https://www.deccanchronicle.com/h-upload/2024/11/12/1862009-untitleddesign86.webp,deccanchronicle,0.9987955337455546,42,25,174,38,122
1259,Newsdata,https://www.deccanchronicle.com/southern-states/andhra-pradesh/dispose-of-sc-st-revenue-cases-within-a-month-panel-chief-1837641,"Dispose of SC, ST Revenue Cases Within a Month: Panel Chief",,2024-11-12 16:37:04,https://www.deccanchronicle.com/h-upload/2024/11/12/1862007-bakkivenkataiah.webp,deccanchronicle,0.8564496121238164,2,4,67,10,33
1260,Newsdata,https://www.prnewswire.com/apac/news-releases/moving-forward-on-climate-change-malaysias-commitment-to-a-just-and-accelerated-transition-towards-a-sustainable-future-302302756.html,MOVING FORWARD ON CLIMATE CHANGE: MALAYSIA'S COMMITMENT TO A JUST AND ACCELERATED TRANSITION TOWARDS A SUSTAINABLE FUTURE,"BAKU, Azerbaijan, Nov. 12, 2024 /PRNewswire/ -- Malaysia has firmly set itself on the path of climate action. We are determined to act, regardless of what is happening in the world, because that is the right thing to do for the future of our people and country. Despite contributing only 0....",2024-11-12 14:35:00,https://mma.prnewswire.com/media/2555424/The_Minister_of_Natural_Resources_and_Environmental_Sustainability__YB_Nik_Nazmi_bin_Nik_Ahmad.jpg?p=original,prnewswire_apac,0.005873182973771882,37,79,336,41,157
1262,Newsdata,https://timesofindia.indiatimes.com/city/surat/insurance-company-ordered-to-pay-denied-claim-after-delay-controversy/articleshow/115228569.cms,Insurer told to pay claim denied over filing delay,,2024-11-12 18:27:50,"https://static.toiimg.com/photo/msid-115228569,imgsize-.cms",toi,9.039530708356519e-09,16,13,152,12,62
1263,Newsdata,https://timesofindia.indiatimes.com/city/surat/notorious-criminal-tries-to-kill-policemen-in-surat-suv-attack-on-police-control-room/articleshow/115228567.cms,History-sheeter booked for trying to kill policemen,,2024-11-12 18:27:41,"https://static.toiimg.com/photo/msid-115228567,imgsize-.cms",toi,0.028988587752478506,10,14,87,12,45
1264,Newsdata,https://timesofindia.indiatimes.com/city/surat/horrifying-case-of-rape-and-blackmail-by-neighbour-in-surat/articleshow/115228503.cms,"Neighbour rapes, blackmails woman in Surat",,2024-11-12 18:24:41,"https://static.toiimg.com/photo/msid-115228503,imgsize-.cms",toi,0.999999995337898,11,12,78,29,57
1265,Newsdata,https://theprint.in/environment/new-jersey-new-york-wildfire-keeps-burning-fed-by-dry-windy-conditions/2353859/,"New Jersey-New York wildfire keeps burning, fed by dry, windy conditions",By Brendan O'Brien and Rich McKay (Reuters) - Strengthening winds and bone-dry conditions were hindering firefighters working to gain control of a stubborn wildfire burning in a forested stretch along,2024-11-12 20:15:52,https://static.theprint.in/wp-content/uploads/2024/11/New_262-696x464.jpg,theprint,3.68293310251449e-19,17,42,240,12,92
1266,Newsdata,https://theprint.in/environment/us-oil-industry-urges-trump-to-ditch-biden-climate-policies/2353842/,US oil industry urges Trump to ditch Biden climate policies,"By Nichola Groom (Reuters) - The U.S. oil and gas industry on Tuesday called on President-elect Donald Trump to scrap many of President Joe Biden's policies aimed at fighting climate change, saying",2024-11-12 19:30:18,https://static.theprint.in/wp-content/uploads/2024/11/US_536-696x464.jpg,theprint,2.3123596540904805e-15,2,27,152,9,56
1267,Newsdata,https://theprint.in/environment/global-co2-emissions-to-hit-record-high-in-2024-report-says/2353921/,"Global CO2 emissions to hit record high in 2024, report says","By Kate Abnett BAKU (Reuters) - Global carbon dioxide emissions, including those from burning fossil fuels, are set to hit a record high this year, pulling the world further off course from averting",2024-11-13 00:15:30,https://static.theprint.in/wp-content/uploads/2024/11/Global_330-696x522.jpg,theprint,3.791839379073415e-31,22,45,204,6,96
1268,Newsdata,https://www.thehindu.com/sci-tech/energy-and-environment/flood-hit-towns-in-space-brace-for-another-storm/article68862272.ece,Flood-hit towns in Space brace for another storm,"Two weeks after the worst floods in Spain’s modern history, its national weather service issued an alert for torrential rains in the same area",2024-11-13 03:21:58,https://th-i.thgim.com/public/sci-tech/science/nlrdrb/article68862269.ece/alternates/LANDSCAPE_1200/U2Q6R43C7JPOPEVK45ID75O4YU.jpg,thehindu,1.1609334103487095e-22,15,30,126,5,55
1269,Newsdata,https://www.thehindu.com/sci-tech/energy-and-environment/the-climate-targets-of-the-worlds-major-oil-and-gas-companies/article68862266.ece,The climate targets of the world’s major oil and gas companies,Direct comparisons of the oil companies’ climate plans are difficult as they emphasise different approaches to intensity-based targets,2024-11-13 03:16:10,https://th-i.thgim.com/public/sci-tech/science/bnpto9/article68862265.ece/alternates/LANDSCAPE_1200/jakub-pabis-_pK_OlB-pjo-unsplash.jpg,thehindu,1.306782410735984e-09,3,14,89,6,35
1270,Newsdata,https://www.thehindu.com/sci-tech/energy-and-environment/cop29-host-azerbaijan-hits-out-at-west-in-defence-of-oil-and-gas/article68862239.ece,COP29 host Azerbaijan hits out at West in defence of oil and gas,"Within moments, U.N. Secretary General Antonio Guterres took to the stage to say that doubling down on fossil fuels was an absurd strategy",2024-11-13 03:00:00,https://th-i.thgim.com/public/incoming/1pxxmn/article68592420.ece/alternates/LANDSCAPE_1200/Azerbaijan_Election_43652.jpg,thehindu,2.197690468956973e-09,25,75,292,20,138
1271,Newsdata,https://www.deccanchronicle.com/lifestyle/food/a-taste-of-delhi-in-hyderabad-cafe-delhi-heights-review-1837748,Cafe Delhi Heights Brings a Taste of Dilli to Hyderabad,,2024-11-13 04:08:41,https://www.deccanchronicle.com/h-upload/2024/11/13/1862162-food.webp,deccanchronicle,0.027280690943664008,22,45,150,21,71
1272,Newsdata,https://www.deccanchronicle.com/business/companies/hripl-ceo-dheeraj-arora-on-capturing-shampoo-hair-color-market-share-in-south-india-1837747,Streax Expands its Footprint in South India with Innovative Hair Colour Solutions,,2024-11-13 04:00:21,https://www.deccanchronicle.com/h-upload/2024/11/13/1862161-latest.webp,deccanchronicle,0.00025416216346010965,10,58,201,20,87
1273,Newsdata,https://timesofindia.indiatimes.com/world/south-asia/bangladesh-leader-muhammad-yunus-slams-rich-nations-for-burning-up-the-planet-at-un-climate-talks/articleshow/115261463.cms,Bangladesh leader Muhammad Yunus slams rich nations for burning up the planet at UN climate talks,"Muhammad Yunus, Bangladesh's interim leader, has strongly criticized the upcoming UN climate talks, arguing that negotiations are pointless and wealthy nations should simply provide funds to address the climate crisis they created. He compared the talks to a ""fish market"" and highlighted the vulnerability of Bangladesh to climate change impacts like rising sea levels and cyclones.",2024-11-13 14:30:37,"https://static.toiimg.com/thumb/msid-115261562,imgsize-790452,width-400,resizemode-4/115261562.jpg",toi,0.8992584809090498,22,27,96,23,66
1274,Newsdata,https://theprint.in/environment/imf-urged-to-cash-in-on-gold-price-to-help-poor-countries-hit-by-climate-change/2355038/,IMF urged to cash in on gold price to help poor countries hit by climate change,"By Duncan Miriri NAIROBI (Reuters) - The International Monetary Fund should sell 4% of its gold to help offer debt relief to low income countries devastated by climate-related catastrophes, a study",2024-11-13 13:16:58,https://static.theprint.in/wp-content/uploads/2024/11/IMF_517-696x465.jpg,theprint,2.538278010689255e-09,8,35,179,14,84
1275,Newsdata,https://theprint.in/environment/indias-emissions-could-go-up-4-6-by-2024-end-50-chance-world-will-breach-1-5%E2%84%83-limit-by-2030/2354802/,"India’s emissions could go up 4.6% by 2024-end, 50% chance world will breach 1.5°C limit by 2030","Global Carbon Budget report projects that by the end of 2024, the world will emit 41.6 billion tonnes of carbon dioxide, which is one billion tonnes more than that emitted in 2023.",2024-11-13 12:30:06,https://static.theprint.in/wp-content/uploads/2024/11/The-Global-Carbon-Budget-report-was-released-on-13-November-at-COP29-in-Baku-REUTERSAziz-Karimov-696x392.jpg,theprint,4.760865989588888e-28,33,67,260,8,114
1276,Newsdata,https://timesofindia.indiatimes.com/auto/cars/vinfast-vietnams-top-automaker-all-set-for-india-debut-in-few-weeks/articleshow/115257518.cms,"Vinfast, Vietnam's top automaker all set for India debut in few weeks","VinFast, Vietnam's leading electric vehicle manufacturer, is set to enter the Indian auto market. With a new manufacturing plant planned in Tamil Nadu, the company aims to replicate its domestic success where it sold over 51,000 EVs in 2024, becoming Vietnam's top-selling auto brand. VinFast's India debut is slated for early 2025 at the Bharat Mobility Show.",2024-11-13 12:15:48,"https://static.toiimg.com/thumb/msid-115257531,imgsize-28740,width-400,resizemode-4/115257531.jpg",toi,7.249421638318471e-16,14,31,114,4,41
1277,Newsdata,https://www.deccanchronicle.com/southern-states/telangana/cricket-strategy-and-mythical-legends-shine-at-igdc-2024-1837997,Cricket strategy and mythical legends shine at IGDC 2024,"The IGDC was also a platform for next-gen technology, with numerous AI-driven stalls offering immersive gameplay experiences",2024-11-13 17:48:31,https://www.deccanchronicle.com/h-upload/2024/11/13/1862446-untitleddesign91.webp,deccanchronicle,0.0051208813988968685,32,54,211,26,104
1278,Newsdata,https://www.deccanchronicle.com/southern-states/kerala/low-turnout-in-priyanka-gandhis-debut-contest-in-wayanad-chelakkara-records-respectable-percentage-1837996,"Low turnout in Priyanka Gandhi's debut contest in Wayanad, Chelakkara records respectable percentage",,2024-11-13 17:44:48,https://www.deccanchronicle.com/h-upload/2024/11/13/1862441-20241113231256.webp,deccanchronicle,1.1513061455008785e-08,14,18,147,11,54
1279,Newsdata,https://www.deccanchronicle.com/southern-states/telangana/long-awaited-multi-level-parking-facility-nearing-completion-1837995,Long-Awaited Multi-Level Parking Facility Nearing Completion,,2024-11-13 17:44:15,https://www.deccanchronicle.com/h-upload/2024/11/13/1862440-kdro5.webp,deccanchronicle,1.1715874217807472e-37,5,15,81,3,43
1280,Newsdata,https://timesofindia.indiatimes.com/city/surat/urgent-action-needed-sgcci-demands-repair-of-nh-48-and-restoration-of-andheri-stoppage/articleshow/115265661.cms,"Repair NH-48, restore Andheri stoppage: SGCCI",,2024-11-13 17:39:44,"https://static.toiimg.com/thumb/msid-47529300,imgsize-110164,width-400,height-225,resizemode-72/47529300.jpg",toi,1.0819325270352196e-20,12,32,158,6,54
1281,Newsdata,https://timesofindia.indiatimes.com/city/surat/diamond-industry-adapts-vacation-period-amidst-market-turmoil/articleshow/115265658.cms,Market conditions force units change vacation period,,2024-11-13 17:39:41,"https://static.toiimg.com/thumb/msid-47529300,imgsize-110164,width-400,height-225,resizemode-72/47529300.jpg",toi,3.061312731441096e-57,13,33,133,3,74
1282,Newsdata,https://www.deccanchronicle.com/southern-states/andhra-pradesh/uproar-in-ap-legislative-council-over-deaths-due-to-diarrhoea-1837994,Uproar in AP legislative council over deaths due to diarrhoea,,2024-11-13 17:39:31,https://www.deccanchronicle.com/h-upload/2024/11/13/1862436-images7.webp,deccanchronicle,7.047215322382702e-11,16,26,147,14,91
1283,Newsdata,https://timesofindia.indiatimes.com/city/surat/major-gst-evasion-racket-busted-in-surat-one-arrested/articleshow/115265551.cms,"One held, GST evasion racket busted",,2024-11-13 17:34:07,"https://static.toiimg.com/thumb/msid-47529300,width-1070,height-580,imgsize-110164,resizemode-75,overlay-toi_sw,pt-32,y_pad-40/photo.jpg",toi,1.7505140081718866e-94,5,9,62,1,24
1284,Newsdata,https://www.deccanchronicle.com/nation/politics/madhya-pradesh-by-elections-in-budhni-vijapur-record-74-polling-1837992,"Madhya Pradesh: By-Elections in Budhni, Vijapur Record 74% Polling",,2024-11-13 17:33:33,https://images.deccanchronicle.com/dc-Cover-u8firosud6prg3udce7rt2d961-20170605000142.Medi.jpeg,deccanchronicle,7.804917518476006e-174,8,17,134,1,41
1285,Newsdata,https://www.deccanchronicle.com/southern-states/telangana/the-magic-of-urdu-poetry-draws-an-italian-to-the-city-1837991,The Magic of Urdu Poetry Draws an Italian to the City,'Raahi Italvi' travels all the way to Hyd and enthralls poetry lovers,2024-11-13 17:32:24,https://www.deccanchronicle.com/h-upload/2024/11/13/1862424-whatsappimage2024-11-13at142027.webp,deccanchronicle,0.8650644825407708,14,36,143,29,61
1286,Newsdata,https://timesofindia.indiatimes.com/city/surat/arrest-made-in-shocking-rape-and-suicide-case-of-20-year-old-woman/articleshow/115265485.cms,"Man held for rape of 20-year-old woman, abetting her suicide",,2024-11-13 17:30:49,"https://static.toiimg.com/thumb/msid-47529300,imgsize-110164,width-400,height-225,resizemode-72/47529300.jpg",toi,0.9999987180321249,8,10,98,30,77
1287,Newsdata,https://timesofindia.indiatimes.com/city/surat/surat-spa-fire-investigation-who-really-owns-the-building/articleshow/115308618.cms,Spa fire: Police yet to find out who is actual owner,,2024-11-14 17:33:53,"https://static.toiimg.com/thumb/msid-47529300,imgsize-110164,width-400,height-225,resizemode-72/47529300.jpg",toi,8.626223244674776e-05,7,13,97,10,38
1288,Newsdata,https://www.thehindu.com/sci-tech/energy-and-environment/centre-exempts-white-category-industries-from-key-state-pollution-board-permits/article68868439.ece,Centre exempts ‘white category’ industries from key State pollution board permits,Union Environment Ministry says it has complied with a “long standing demand by industry”,2024-11-14 15:52:07,https://th-i.thgim.com/public/incoming/3sr3zl/article68805440.ece/alternates/LANDSCAPE_1200/2023-12-29T090957Z_1301127424_RC294X98UJN4_RTRMADP_3_WAAREE-IPO.JPG,thehindu,5.956125290064906e-37,16,36,191,6,83
1289,Newsdata,https://www.thehindu.com/sci-tech/energy-and-environment/first-extensive-study-of-butterflies-in-eastern-ghats-documents-190-species/article68865415.ece,First extensive study of butterflies in Eastern Ghats documents 190 species,"The study of butterflies recently published in the October edition of Indian Forester documents 190 species in the Visakhapatnam and neighbouring Eastern Ghats, including many protected varieties",2024-11-14 15:19:32,https://th-i.thgim.com/public/incoming/m9px6m/article68866656.ece/alternates/LANDSCAPE_1200/blue%20pancy.JPG,thehindu,1.7135593082642008e-08,30,74,244,16,94
1290,Newsdata,https://theprint.in/environment/us-forecaster-sees-57-chance-of-la-nina-developing-between-now-and-december/2357096/,US forecaster sees 57% chance of La Nina developing between now and December,"(Reuters) - There is a 57% chance of La Niña emerging from now to December, and it is expected to persist through January to March 2025, a U.S. government forecaster said on Thursday. WHY IT'S",2024-11-14 15:16:50,https://static.theprint.in/wp-content/uploads/2024/11/US_920-696x464.jpg,theprint,2.3953251434668603e-18,10,25,115,6,53
1291,Newsdata,https://timesofindia.indiatimes.com/city/surat/high-end-cars-stolen-by-cheats-in-surat-shocking-incidents-reported/articleshow/115310240.cms,Three people lose high-end cars to cheats,,2024-11-14 18:36:49,"https://static.toiimg.com/thumb/msid-47529300,imgsize-110164,width-400,height-225,resizemode-72/47529300.jpg",toi,0.9999510157733785,20,8,130,20,70
1292,Newsdata,https://timesofindia.indiatimes.com/city/surat/enforcement-directorate-raids-businessman-linked-to-politician-in-surat/articleshow/115309884.cms,ED conducts searches at Mandvi bizman’s premises,,2024-11-14 18:30:43,"https://static.toiimg.com/thumb/msid-115309880,imgsize-32868,width-400,height-225,resizemode-72/115309880.jpg",toi,1.2928695254531708e-22,15,13,157,9,85
1293,Newsdata,https://timesofindia.indiatimes.com/city/surat/surat-communities-unite-for-blood-donation-amid-diwali-shortages/articleshow/115309820.cms,Surat communities rally to combat vacation blood shortage,,2024-11-14 18:27:57,"https://static.toiimg.com/thumb/msid-115309815,imgsize-79942,width-400,height-225,resizemode-72/115309815.jpg",toi,0.0003467543865188715,38,50,281,30,118
1294,Newsdata,https://timesofindia.indiatimes.com/city/surat/couple-loses-rs-13-lakh-in-uk-visa-fraud-scheme/articleshow/115309311.cms,Singanpor couple cheated of Rs 13 lakh in visa fraud,,2024-11-14 18:06:41,"https://static.toiimg.com/thumb/msid-47529300,imgsize-110164,width-400,height-225,resizemode-72/47529300.jpg",toi,0.9994434078221454,8,18,112,21,48
1295,Newsdata,https://www.thehindu.com/sci-tech/energy-and-environment/cop29-basic-countries-ask-rich-nations-to-honour-commitments-for-climate-finance-rather-than-diluting-obligations/article68869710.ece,COP29: BASIC countries ask rich nations to honour commitments for climate finance rather than “diluting obligations”,"As the annual climate change summit entered the fourth day Brazil, South Africa, India and China (BASIC) also reiterated the need to fully implement the Paris Agreement 2015, a legally binding international treaty",2024-11-14 19:45:00,https://th-i.thgim.com/public/incoming/stgkvr/article68869735.ece/alternates/LANDSCAPE_1200/2024-11-14T174354Z_173215268_RC205BAC54B0_RTRMADP_3_CLIMATE-COP29.JPG,thehindu,2.429196128472843e-15,23,47,216,10,94
1296,Newsdata,https://theprint.in/environment/new-york-to-launch-9-manhattan-congestion-charge-in-january/2357418/,New York to launch $9 Manhattan congestion charge in January,"By David Shepardson (Reuters) -New York plans to revive a $9 congestion mitigation charge for driving in Manhattan starting in January that the state indefinitely put on hold earlier this year,",2024-11-14 21:15:58,https://static.theprint.in/wp-content/uploads/2024/11/New_337-696x462.jpg,theprint,1.1304691297069037e-34,9,20,180,7,81
1297,Newsdata,https://theprint.in/environment/bhp-awaits-ruling-after-reports-that-unit-cleared-of-criminal-charges-in-2015-dam-disaster/2357437/,BHP awaits ruling after reports that unit cleared of criminal charges in 2015 dam disaster,(Reuters) -BHP Group said it was waiting to formally receive the court ruling on the 2015 Fundão tailings dam collapse in Brazil after media reports said a lower court has ruled that its unit and,2024-11-14 22:17:06,https://static.theprint.in/wp-content/uploads/2024/11/BHP_854-696x400.jpg,theprint,9.160455325838847e-17,10,25,119,6,59
1298,Newsdata,https://www.thehindu.com/books/books-reviews/review-of-ramachandra-guhas-speaking-with-nature/article68855085.ece,Review of Ramachandra Guha’s Speaking With Nature: Under the banyan tree,The author profiles 10 people who he credits with laying the foundation of environmentalism in India,2024-11-15 03:32:00,https://th-i.thgim.com/public/incoming/b7le24/article68855218.ece/alternates/LANDSCAPE_1200/GettyImages-557703741.jpg,thehindu,0.002132123373864557,27,64,229,27,95
1299,Newsdata,https://theprint.in/environment/australia-eyes-us-climate-policy-shift-for-green-energy-boost/2357508/,Australia eyes US climate policy shift for green energy boost,By Kirsty Needham SYDNEY (Reuters) - Any move by the Trump administration to change U.S. climate policy could benefit Australia's ambitions to attract greater investment to its critical minerals and,2024-11-15 01:15:17,https://static.theprint.in/wp-content/uploads/2024/11/Australia_213-696x464.jpg,theprint,0.00013900119737830067,5,29,129,14,52
1300,Newsdata,https://www.thehindu.com/sci-tech/energy-and-environment/shanghai-tokyo-new-york-houston-spew-most-greenhouse-gas-of-world-cities/article68871565.ece,"Shanghai, Tokyo, New York, Houston spew most greenhouse gas of world cities","China, India, Iran, Indonesia and Russia had the biggest increases in emissions from 2022 to 2023",2024-11-15 08:17:53,https://th-i.thgim.com/public/incoming/6ljjjt/article68871589.ece/alternates/LANDSCAPE_1200/2017-01-02T044605Z_351822364_RC18DD8E3440_RTRMADP_3_CHINA-POLLUTION.JPG,thehindu,1.4394518228583962e-11,17,73,248,13,101
1301,Newsdata,https://theprint.in/environment/uk-announces-transnational-partnerships-to-combat-deforestation-support-indigenous-people/2357905/,"UK announces transnational partnerships to combat deforestation, support indigenous people","At COP29, the UK Foreign Secretary announced partnerships and funding to support indigenous communities and forest protection.",2024-11-15 07:57:59,https://static.theprint.in/wp-content/uploads/2024/11/Screenshot-2024-11-15-at-1.23.59-PM-e1731657269195.png,theprint,8.64414792118015e-11,10,37,116,7,49
1302,Newsdata,https://www.thehindu.com/sci-tech/energy-and-environment/cop29-india-voices-dissent-on-discriminatory-trade-barriers-linked-to-carbon-emissions/article68873143.ece,COP29: India voices dissent on ‘discriminatory trade barriers linked to carbon emissions,"Sources say India’s opposition, echoing a Chinese petition, is directed against an EU proposal; such measures put the cost of a low-carbon transition on developing and poor countries, violating principles of equity, India says",2024-11-15 16:38:21,https://th-i.thgim.com/public/incoming/p97u0p/article68873450.ece/alternates/LANDSCAPE_1200/2184906264.jpg,thehindu,3.332031730014544e-15,13,28,129,7,63
1303,Newsdata,https://timesofindia.indiatimes.com/city/surat/tragic-drowning-incident-at-shuklatirth-fair-claims-three-lives/articleshow/115340794.cms,Three drown in Shuklatirth fair,,2024-11-15 16:36:40,"https://static.toiimg.com/thumb/msid-47529300,imgsize-110164,width-400,height-225,resizemode-72/47529300.jpg",toi,2.6030270270124325e-06,1,8,40,3,16
1304,Newsdata,https://timesofindia.indiatimes.com/city/surat/drunk-municipal-engineer-crashes-suv-and-flees-the-scene-in-surat-incident/articleshow/115340796.cms,"Drunk municipal engineer crashes SUV into cars, flees",,2024-11-15 16:36:40,"https://static.toiimg.com/thumb/msid-47529300,imgsize-110164,width-400,height-225,resizemode-72/47529300.jpg",toi,0.5785212727394835,11,8,81,11,43
1305,Newsdata,https://timesofindia.indiatimes.com/city/surat/police-inspector-arrested-for-accepting-iphone-bribe-in-surat/articleshow/115339943.cms,Cop caught taking iPhone as bribe,,2024-11-15 15:48:41,"https://static.toiimg.com/thumb/msid-47529300,width-1070,height-580,imgsize-110164,resizemode-75,overlay-toi_sw,pt-32,y_pad-40/photo.jpg",toi,0.9999961692572324,3,4,56,9,23
1306,Newsdata,https://theprint.in/environment/europe-may-have-set-bar-too-high-on-climate-says-cyprus/2358759/,"Europe may have set bar too high on climate, says Cyprus","NICOSIA (Reuters) - Europe may have set the bar too high on its climate goals without focusing enough on economic competitiveness, the president of Cyprus said on Friday, adding to a growing debate on",2024-11-15 15:16:09,https://static.theprint.in/wp-content/uploads/2024/11/Europe_545-696x464.jpg,theprint,0.005790592880863378,20,26,102,12,65
1307,Newsdata,https://www.deccanchronicle.com/southern-states/telangana/3-hours-for-darshan-on-kartheeka-pournami-in-yadadri-1838535,3 hours for darshan on Kartheeka Pournami in Yadadri,"Thousands of couples took part in Sri Sathyanarayana Swamy vratahams, which were conducted in six batches in the vratha mandapam located down the hill shrine",2024-11-15 15:04:15,https://www.deccanchronicle.com/h-upload/2024/11/15/1862977-yadagirigutta.webp,deccanchronicle,4.378477947887923e-65,3,11,66,1,14
1308,Newsdata,https://theprint.in/india/ngt-takes-suo-motu-cognizance-of-kodo-poisoning-mysterious-deaths-of-10-bandhavgarh-elephants/2357843/,"NGT takes suo-motu cognizance of ‘kodo poisoning’, mysterious deaths of 10 Bandhavgarh elephants","The tribunal stressed the need for stronger enforcement of environmental norms, transferring the case to its central zone bench. A hearing is scheduled for 23 December.",2024-11-15 07:22:29,https://static.theprint.in/wp-content/uploads/2024/09/Untitled-design-3-696x392.jpg,theprint,1.3743537881049247e-39,9,27,141,4,54
1326,Newsdata,https://www.deccanchronicle.com/nation/surat-police-bust-cybercrime-gang-arrest-3-1838993,"Surat police bust cybercrime gang, arrest 3",,2024-11-17 08:39:47,https://www.deccanchronicle.com/h-upload/2024/10/05/1859933-arrest.webp,deccanchronicle,7.78189339455024e-57,2,11,50,1,21
1309,Newsdata,https://theprint.in/environment/with-delhi-aqi-severe-for-3rd-day-grap-iii-measures-enforced-how-these-aim-to-tackle-citys-smog/2357661/,"With Delhi AQI ‘severe’ for 3rd day, GRAP-III measures enforced. How these aim to tackle city’s smog","Graded Response Action Plan Stage III came into effect in NCR region today, imposing strict ban on various construction activities & on entry of BS-III petrol and BS-IV diesel vehicles.",2024-11-15 06:21:00,https://static.theprint.in/wp-content/uploads/2024/11/Untitled-design-2024-11-15T111748.501-696x392.png,theprint,2.6529137998323243e-18,55,123,449,19,187
1310,Newsdata,https://www.thehindu.com/sci-tech/energy-and-environment/almost-everyone-in-india-vulnerable-to-climate-change-impacts-need-for-concerted-efforts-dr-swaminathan-at-cop29/article68871116.ece,Almost everyone in India vulnerable to climate change impacts; need for concerted efforts: Dr. Swaminathan at COP29,"Climate-related health risks in India are varied, ranging from immediate effects such as respiratory illnesses due to air pollution, to long-term issues like malnutrition stemming from disrupted agricultural cycles",2024-11-15 05:50:33,https://th-i.thgim.com/public/incoming/h5nhen/article68871193.ece/alternates/LANDSCAPE_1200/2786_17_10_2024_17_52_6_1_10PY17ANNAMALAIUNIVERSITYCONVO5.JPG,thehindu,0.0017157835207037887,51,129,349,45,188
1311,Newsdata,https://timesofindia.indiatimes.com/city/surat/revolutionary-ai-based-traffic-management-system-developed-by-svnit-scholar/articleshow/115343131.cms,SVNIT scholar develops AI-based traffic mgmt tech,,2024-11-15 18:39:56,"https://static.toiimg.com/thumb/msid-115343129,imgsize-147058,width-400,height-225,resizemode-72/115343129.jpg",toi,7.450535608669055e-08,27,78,299,26,142
1312,Newsdata,https://timesofindia.indiatimes.com/city/surat/tragic-accident-in-bharuch-three-bhavnagar-men-killed-in-high-speed-crash/articleshow/115343123.cms,Three die as car crashes into tree,,2024-11-15 18:39:42,"https://static.toiimg.com/thumb/msid-47529300,imgsize-110164,width-400,height-225,resizemode-72/47529300.jpg",toi,2.1558922237537594e-17,2,7,49,2,21
1313,Newsdata,https://timesofindia.indiatimes.com/city/surat/diamond-exports-surge-1132-in-october-indicating-market-recovery/articleshow/115343121.cms,Signs of recovery: Diamond exports rise 11.32% in Oct,,2024-11-15 18:39:41,"https://static.toiimg.com/thumb/msid-47529300,imgsize-110164,width-400,height-225,resizemode-72/47529300.jpg",toi,4.696570124414686e-11,8,33,111,9,54
1314,Newsdata,https://timesofindia.indiatimes.com/city/surat/chief-minister-bhupendra-patel-launches-rs-102-crore-development-projects-in-dang/articleshow/115342996.cms,CM inaugurates projects worth Rs 102 cr in Dang,,2024-11-15 18:33:41,"https://static.toiimg.com/thumb/msid-47529300,width-1070,height-580,imgsize-110164,resizemode-75,overlay-toi_sw,pt-32,y_pad-40/photo.jpg",toi,8.63848522939235e-14,3,23,119,6,39
1315,Newsdata,https://www.thehindu.com/news/national/madhya-pradesh/a-jumbo-crisis-in-madhya-pradesh/article68873222.ece,A jumbo crisis in Madhya Pradesh,"Ten elephants died at the Bandhavgarh Tiger Reserve between October 29 and 31. Lab reports found that they had eaten large quantities of fungus-infected Kodo millet, which had caused acute toxicity. Mehul Malpani reports on the tragic incident in a State that is struggling to deal with its increasing jumbo population",2024-11-15 21:50:00,https://th-i.thgim.com/public/incoming/ryew6d/article68873233.ece/alternates/LANDSCAPE_1200/ELEPHANT%20LEAD.JPG,thehindu,0.0008159846341711026,106,190,787,94,413
1316,Newsdata,https://timesofindia.indiatimes.com/home/environment/global-warming/un-climate-process-needs-urgent-overhaul-experts/articleshow/115369526.cms,UN climate process needs urgent overhaul: Experts,"A group of prominent figures, including Ban Ki-moon and Christiana Figueres, are urging a major overhaul of the UN climate process. They argue that while 28 COPs have established policy frameworks, the process needs to shift from negotiation to implementation to achieve rapid change and phase out fossil fuels.",2024-11-16 19:14:40,"https://static.toiimg.com/thumb/msid-115369555,width-1070,height-580,imgsize-707255,resizemode-75,overlay-toi_sw,pt-32,y_pad-40/photo.jpg",toi,0.0011122851519708148,4,25,91,10,39
1317,Newsdata,https://www.deccanchronicle.com/nation/current-affairs/ib-minister-calls-for-digital-media-accountability-1838895,I&B Minister Calls for Digital Media Accountability,,2024-11-16 19:07:22,https://www.deccanchronicle.com/h-upload/2024/02/14/1075302-ashwinivaishnaw.webp,deccanchronicle,1.0403001676180395e-09,4,24,75,4,29
1318,Newsdata,https://www.deccanchronicle.com/360-degree/neta-natter-nizamabad-cops-eagerly-seek-transfer-1838893,NETA NATTER | NIZAMABAD COPS EAGERLY SEEK TRANSFER,,2024-11-16 19:01:29,https://www.deccanchronicle.com/h-upload/2024/11/16/1863388-17netatransfer.jpg,deccanchronicle,1.283329218811765e-11,50,77,329,20,152
1319,Newsdata,https://www.deccanchronicle.com/southern-states/andhra-pradesh/andhra-pradesh-madhupada-school-headmaster-held-for-rape-1838892,Andhra Pradesh: Madhupada School Headmaster Held for Rape,,2024-11-16 19:00:30,https://www.deccanchronicle.com/h-upload/2024/10/05/1859933-arrest.webp,deccanchronicle,0.9999999980469965,9,6,64,16,29
1320,Newsdata,https://www.deccanchronicle.com/southern-states/andhra-pradesh/andhra-pradesh-cyclonic-circulation-might-bring-thundershowers-1838891,Andhra Pradesh: Cyclonic Circulation Might Bring Thundershowers,,2024-11-16 18:56:57,http://dc-cdn.s3-ap-southeast-1.amazonaws.com/dc-Cover-unnhhnl1l2h6r5ea3dknu00p94-20160929011937.Medi.jpeg,deccanchronicle,2.0664093631987514e-11,4,31,79,0,19
1321,Newsdata,https://www.deccanchronicle.com/southern-states/telangana/sharp-rise-in-trend-of-cops-caught-taking-bribe-1838890,Sharp Rise in Trend of Cops Caught Taking Bribe,,2024-11-16 18:56:25,https://images.deccanchronicle.com/dc-Cover-7qenb96ri7pcis8l63bd483vn2-20180707032055.Medi.jpeg,deccanchronicle,7.597546008234429e-147,7,13,99,1,40
1322,Newsdata,https://www.deccanchronicle.com/nation/modi-embarks-on-five-day-tour-to-nigeria-brazil-guyana-to-attend-the-g20-summit-and-india-caricom-summit-1838888,"Modi embarks on five-day tour to Nigeria, Brazil, Guyana to attend the G20 summit and India-Caricom summit",,2024-11-16 18:50:54,https://www.deccanchronicle.com/h-upload/2024/11/08/1860714-modi.webp,deccanchronicle,0.6808365910382675,14,48,191,34,93
1323,Newsdata,https://www.deccanchronicle.com/technology/tiktok-parent-bytedances-valuation-hits-300-billion-report-1839008,TikTok parent ByteDance's valuation hits $300 billion: Report,,2024-11-17 10:59:22,https://www.deccanchronicle.com/h-upload/2024/11/17/1863528-byte.webp,deccanchronicle,1.3153971773750349e-18,6,12,92,6,52
1324,Newsdata,https://www.deccanchronicle.com/world/xi-says-china-is-ready-to-work-with-trump-to-boost-relations-1839007,Xi Says China Is Ready to Work With Trump to Boost Relations,,2024-11-17 10:49:58,https://www.deccanchronicle.com/h-upload/2024/11/17/1863526-aa-3475752.webp,deccanchronicle,2.5382112484059376e-08,30,79,377,33,186
1325,Newsdata,https://www.deccanchronicle.com/southern-states/telangana/revanth-aims-to-make-1-crore-women-crorepatis-says-seethakka-1839006,"Revanth aims to make 1 crore women crorepatis, says Seethakka",,2024-11-17 10:43:53,https://www.deccanchronicle.com/h-upload/2024/03/02/1077963-seethakka.webp,deccanchronicle,5.547932983389769e-85,6,12,60,1,30
1327,Newsdata,https://www.deccanchronicle.com/nation/man-injured-in-2019-road-accident-gets-rs-3139-lakh-as-compensation-1838991,Man injured in 2019 road accident gets Rs 31.39 lakh as compensation,,2024-11-17 08:33:39,https://www.deccanchronicle.com/h-upload/2024/11/11/1861588-legal11.webp,deccanchronicle,0.012310527533210793,2,5,54,6,18
1328,Newsdata,https://www.deccanchronicle.com/news/odishas-patapur-police-station-selected-as-best-in-india-1838990,Odisha's Patapur police station selected as best in India,,2024-11-17 08:27:13,https://www.deccanchronicle.com/h-upload/2024/11/17/1863497-thumb-52.webp,deccanchronicle,2.5257235071965732e-20,3,17,114,6,31
1329,Newsdata,https://theprint.in/world/india-is-pivotal-in-closing-climate-finance-gaps-philanthropy-is-key/2360795/,India is pivotal in closing climate finance gaps. Philanthropy is key,"Having funded everything from education to livelihoods to gender, India’s philanthropists are increasingly aware of their country’s climate challenge and the need for big bets.",2024-11-17 15:14:02,https://static.theprint.in/wp-content/uploads/2024/11/Untitled-design-22-696x392.png,theprint,7.94973501764607e-13,38,134,397,18,168
1330,Newsdata,https://www.deccanchronicle.com/world/europe/thousands-march-through-athens-to-mark-student-uprising-1839140,Thousands March Through Athens to Mark Student Uprising,,2024-11-17 20:51:14,https://www.deccanchronicle.com/h-upload/2024/11/17/1863693-aa-3479664.webp,deccanchronicle,3.698963807701036e-27,15,29,129,5,62
1331,Newsdata,https://www.deccanchronicle.com/world/dozens-fall-sick-one-person-dies-after-eating-e-coli-contaminated-carrots-in-us-1839139,"Dozens fall sick, one person dies after eating E coli contaminated carrots in US",,2024-11-17 20:36:32,http://dc-cdn.s3-ap-southeast-1.amazonaws.com/dc-Cover-aq3bkpkk8969rm4bgsn3oojnr4-20160510084623.Medi.jpeg,deccanchronicle,2.177527089192708e-31,10,31,118,4,62
1332,Newsdata,https://www.deccanchronicle.com/world/americas/us-oks-ukraine-use-of-long-range-missiles-inside-russia-us-official-1839138,US Oks Ukraine Use of Long-Range Missiles Inside Russia: US Official,,2024-11-17 20:34:58,https://www.deccanchronicle.com/h-upload/2024/11/17/1863691-aa-3480758.webp,deccanchronicle,4.488343723741598e-08,8,20,116,10,61
1333,Newsdata,https://www.thehindu.com/opinion/op-ed/a-devastating-blow-to-global-climate-efforts/article68879732.ece,A devastating blow to global climate efforts,Donald’s Trump’s re-election casts an ominous shadow over the climate crisis,2024-11-17 19:29:00,https://th-i.thgim.com/public/incoming/r4znnj/article68879749.ece/alternates/LANDSCAPE_1200/2024-11-17T000046Z_621866015_RC2E5BAHDY63_RTRMADP_3_AUSTRALIA-POLITICS.JPG,thehindu,8.693995472657572e-10,41,113,314,18,150
1334,Newsdata,https://timesofindia.indiatimes.com/city/surat/air-india-flight-ix2750-successfully-lands-after-two-unsuccessful-attempts-at-surat-airport/articleshow/115392481.cms,Flight lands after two failed attempts at Surat airport,,2024-11-17 18:39:57,"https://static.toiimg.com/thumb/msid-115392479,width-1070,height-580,imgsize-89166,resizemode-75,overlay-toi_sw,pt-32,y_pad-40/photo.jpg",toi,0.999999466605478,12,30,116,0,50
1335,Newsdata,https://theprint.in/environment/honduras-battles-flooding-as-tropical-storm-sara-unleashes-heavy-rainfall-2/2360995/,Honduras battles flooding as Tropical Storm Sara unleashes heavy rainfall,"By Marvin Valladares TELA, Honduras (Reuters) - Wading through waist-deep water, residents along the northern coast of Honduras trudged through the streets on Friday carrying their belongings and pets",2024-11-17 18:30:18,https://static.theprint.in/wp-content/uploads/2024/11/Honduras_178-696x465.jpg,theprint,3.311134931640488e-30,9,31,132,4,50
1336,Newsdata,https://timesofindia.indiatimes.com/city/surat/horrific-road-rage-incident-in-surat-man-killed-by-tempo-driver/articleshow/115391717.cms,"Road rage: Man crushed under tempo, dragged away",,2024-11-17 18:00:42,"https://static.toiimg.com/thumb/msid-115391714,imgsize-41772,width-400,height-225,resizemode-72/115391714.jpg",toi,2.995768465628016e-05,11,14,121,10,48
1337,Newsdata,https://timesofindia.indiatimes.com/city/surat/schoolboy-severely-injured-in-dumper-truck-accident-in-surat/articleshow/115391686.cms,"School boy hit by dumper, suffers multiple injuries",,2024-11-17 17:57:41,"https://static.toiimg.com/thumb/msid-115391682,imgsize-38854,width-400,height-225,resizemode-72/115391682.jpg",toi,0.9887589378699057,4,11,77,15,44
1338,Newsdata,https://theprint.in/environment/plastic-waste-chokes-congo-dam-causing-widespread-power-cuts/2361450/,"Plastic waste chokes Congo dam, causing widespread power cuts","By Crispin Kyala BUKAVU, Democratic Republic of Congo (Reuters) - A tide of plastic waste flowing into a major hydroelectric dam in eastern Congo is causing regular power cuts in several major cities,",2024-11-18 07:15:54,https://static.theprint.in/wp-content/uploads/2024/11/Plastic_421-696x419.jpg,theprint,4.666449916883787e-07,4,17,136,14,72
1339,Newsdata,https://timesofindia.indiatimes.com/auto/news/beware-rs-20000-fine-on-specific-petrol/diesel-vehicles-in-delhi-is-yours-affected/articleshow/115407664.cms,"Beware! Rs 20,000 fine on specific petrol/diesel vehicles in Delhi: Is yours affected?","Delhi implemented a ban on BS-III petrol and BS-IV diesel four-wheelers as part of its Graded Response Action Plan to combat severe air pollution. The ban extends to certain commercial vehicles and buses. Authorities increased road sweeping, water sprinkling, and halted construction activities. Fines for pollution control violations surged this year.",2024-11-18 07:04:42,"https://static.toiimg.com/thumb/msid-115407776,imgsize-20032,width-400,resizemode-4/115407776.jpg",toi,9.308492591767059e-79,9,25,129,1,51
1340,Newsdata,https://theprint.in/world/adb-approves-100-million-loan-for-climate-investment-in-mongolia/2361374/,ADB approves $100 million loan for climate investment in Mongolia,"The program aims to support NDC goals, NAP implementation, and gender-responsive actions.",2024-11-18 06:47:08,https://static.theprint.in/wp-content/uploads/2024/11/Untitled-design-5-2-696x392.png,theprint,1.4153908400450385e-17,2,15,43,1,24
1341,Newsdata,https://timesofindia.indiatimes.com/auto/motorsports/jorge-martin-crowned-motogp-champion-key-highlights-of-his-season/articleshow/115404983.cms,Jorge Martin crowned MotoGP champion: Key highlights of his season,"Jorge Martin has secured the 2024 MotoGP World Championship title, becoming the first independent rider in the modern era to do so. Despite a strong challenge from Francesco Bagnaia, Martin's consistent podium finishes and strategic riding throughout the season earned him enough points to clinch the championship in the final race at Barcelona.",2024-11-18 05:54:12,"https://static.toiimg.com/thumb/msid-115405116,imgsize-74450,width-400,resizemode-4/115405116.jpg",toi,0.00011897436497332152,15,44,159,16,57
1342,Newsdata,https://www.thehindu.com/news/international/from-the-amazon-rainforest-joe-biden-declares-nobody-can-reverse-us-progress-on-clean-energy/article68880793.ece,"From the Amazon rainforest, Joe Biden declares nobody can reverse U.S. progress on clean energy",Joe Biden witnessed the devastation of drought up close as the first sitting American president to set foot the Amazon rainforest,2024-11-18 04:45:33,https://www.thehindu.com/theme/images/th-online/1x1_spacer.png,thehindu,0.0006027383614449876,38,95,422,45,184
1356,Newsdata,https://www.deccanchronicle.com/southern-states/telangana/3-held-for-threatening-and-robbery-1839357,3 held for threatening and robbery,,2024-11-18 17:29:02,https://www.deccanchronicle.com/h-upload/2024/11/18/1863903-9.webp,deccanchronicle,0.9997923906689382,2,6,55,12,30
1343,Newsdata,https://timesofindia.indiatimes.com/world/us/joe-biden-announces-major-climate-initiatives-from-amazon-rainforest-says-protecting-planet-a-fight-for-humanity/articleshow/115401432.cms,"Joe Biden announces major climate initiatives from Amazon rainforest, says 'protecting planet a fight for humanity'","During a historic visit to the Amazon rainforest, President Biden announced a $50 million pledge to Brazil's Amazon Fund, emphasizing the fight against climate change as a cornerstone of his presidency. Biden's visit included meetings with Brazilian President Lula and Indigenous leaders, focusing on collaborative efforts to combat deforestation and promote sustainable development.",2024-11-18 03:54:27,"https://static.toiimg.com/thumb/msid-115401423,width-1070,height-580,imgsize-1277134,resizemode-75,overlay-toi_sw,pt-32,y_pad-40/photo.jpg",toi,3.2614349240534354e-14,16,38,161,8,72
1344,Newsdata,https://timesofindia.indiatimes.com/auto/cars/new-toyota-camry-india-launch-date-revealed-design-engine-features-and-changes-explained/articleshow/115409418.cms,"New Toyota Camry India launch date revealed: Design, engine, features and changes explained","The interior is all new and again it follows Toyota’s global design language with a new interior layout. It gets a 7.0-inch digital instrument cluster, a floating 12.3-inch touchscreen infotainment system, a nine-speaker JBL audio system, ventilated seats, a 360-degree camera, wireless Apple Caraplay/Android Auto, HUD display, dual-zone climate control, heated and ventilated front seats, dual-pane sunroof and much more.",2024-11-18 08:48:45,"https://static.toiimg.com/thumb/msid-115410008,imgsize-1440593,width-400,resizemode-4/115410008.jpg",toi,2.38538050320264e-20,8,60,156,5,62
1345,Newsdata,https://theprint.in/environment/delhis-vehicular-fumes-contribute-17-of-air-pollution-monday-crop-burning-no-wind-make-it-worse/2361548/,"Delhi’s vehicular fumes contribute 17% of air pollution Monday. Crop burning, no wind make it worse","Till Saturday, a majority of Delhi’s pollution load was from stubble fires (25.10%), followed by vehicular emission (12.58%), & contamination from neighbouring states.",2024-11-18 10:24:33,https://static.theprint.in/wp-content/uploads/2024/11/DD4A8262-scaled-e1731925537287-696x392.jpg,theprint,3.457051087700259e-31,32,73,333,10,125
1346,Newsdata,https://theprint.in/environment/cop29-us-uae-climate-friendly-farming-partnership-grows-to-29-billion/2362004/,COP29: US-UAE climate-friendly farming partnership grows to $29 billion,"By Leah Douglas (Reuters) - Funding for a climate-friendly farming effort led by the U.S. and United Arab Emirates has reached $29.2 billion, the countries announced on Monday at the COP29 climate",2024-11-18 12:31:18,https://static.theprint.in/wp-content/uploads/2024/11/COP29_541-696x445.jpg,theprint,1.3993088932121123e-40,5,15,99,3,39
1347,Newsdata,https://www.deccanchronicle.com/nation/odisha-cm-invites-singapore-deputy-pm-to-attend-mega-business-conclave-1839297,Odisha CM invites Singapore Deputy PM to attend mega business conclave,,2024-11-18 12:16:41,https://www.deccanchronicle.com/h-upload/2024/11/18/1863908-cmwithsingaporedeputypm.webp,deccanchronicle,4.846580299531596e-38,8,51,243,6,62
1348,Newsdata,https://theprint.in/environment/chiles-seed-guardians-grow-and-protect-forgotten-food-varieties/2361867/,Chile’s ‘seed guardians’ grow and protect forgotten food varieties,"By Nicolas Cortes SAN VICENTE DE TAGUA TAGUA, Chile (Reuters) - An emerging group of farmers and growers in Chile, known as seed guardians, aim to protect the traditional crops of their ancestors,",2024-11-18 11:16:16,https://static.theprint.in/wp-content/uploads/2024/11/Chiles_482-696x464.jpg,theprint,0.0013734360340619054,12,28,135,13,59
1349,Newsdata,https://theprint.in/environment/analysis-can-a-cop29-deal-clean-up-scandal-ridden-carbon-offsets/2361864/,Analysis-Can a COP29 deal clean up scandal-ridden carbon offsets?,By Kate Abnett and Virginia Furness BAKU (Reuters) - A deal at the COP29 climate talks on trading carbon credits could see billions of dollars move into emissions-reduction projects this decade but,2024-11-18 11:16:05,https://static.theprint.in/wp-content/uploads/2024/11/Analysis-Can_848-696x522.jpg,theprint,7.659659308015791e-07,30,59,304,27,171
1350,Newsdata,https://www.prnewswire.com/apac/news-releases/blue-planet-ranks-in-forbes-indias-select-200-global-companies-302308594.html,Blue Planet ranks in Forbes India's Select 200 Global Companies,"SINGAPORE, Nov. 18, 2024 /PRNewswire/ -- Blue Planet, a pioneering leader in sustainable waste management and circular economy solutions, is thrilled to announce its selection as one of Forbes India's ""Select 200"" companies. This prestigious recognition, awarded by Forbes India in...",2024-11-18 14:31:00,https://mma.prnewswire.com/media/2560465/Blue_Planet_Forbes_Select_200.jpg?p=original,prnewswire_apac,2.0931956892632564e-10,5,31,119,7,38
1351,Newsdata,https://theprint.in/environment/delhis-aqi-at-494-one-of-the-worst-pollution-spells-since-2022/2361989/,"Delhi’s AQI at 494, one of the ‘worst pollution spells’ since 2022","Many localities including Ashok Vihar, Bawana, Dwarka, Jahangirpuri, Mundka, Najafgarh and Patparganj record 500 AQI.",2024-11-18 12:44:51,https://static.theprint.in/wp-content/uploads/2024/11/Untitled-design-6-1-696x392.png,theprint,1.5944587634205433e-27,7,26,96,3,40
1352,Newsdata,https://theprint.in/environment/azim-premji-university-report-details-climate-crisis-impact-in-india-hotter-ladakh-floods-in-gujarat/2362021/,"Azim Premji University report details climate crisis impact in India. ‘Hotter Ladakh, floods in Gujarat’","The data on how extreme weather events could affect communities, agriculture, and natural resources in the country is meant to support climate resilience and adaptation efforts.",2024-11-18 14:59:35,https://static.theprint.in/wp-content/uploads/2023/12/Chennai-flooding-696x392.jpg,theprint,1.2747866414346345e-33,22,79,283,8,121
1353,Newsdata,https://www.thehindu.com/sci-tech/energy-and-environment/rajasthan-vidyut-nigam-reiterates-doubts-about-chhattisgarh-st-commissions-findings-on-parsa-mine-clearances/article68882249.ece,Rajasthan Vidyut Nigam reiterates doubts about Chhattisgarh ST Commission’s findings on Parsa mine clearances,This comes after reports on the Commission’s findings and its recommendation to cancel forest clearances for the mining project in the biodiversity-rich area,2024-11-18 16:28:07,https://th-i.thgim.com/public/incoming/o9yh8n/article68882555.ece/alternates/LANDSCAPE_1200/IMG_INDIA-ENVIRONMENT-CL_2_1_FNCOJG8H.jpg,thehindu,9.270259629353218e-32,9,17,114,3,41
1354,Newsdata,https://www.deccanchronicle.com/nation/odisha-former-minister-and-veteran-bjp-leader-samir-dey-passes-away-at-67-1839326,Odisha: Former minister and veteran BJP leader Samir Dey passes away at 67,,2024-11-18 15:42:07,https://www.deccanchronicle.com/h-upload/2024/11/18/1863853-filephotographofformerministerandveteranbjpleadersamirdey.webp,deccanchronicle,0.08138495490101591,16,28,159,21,67
1355,Newsdata,https://www.deccanchronicle.com/southern-states/telangana/laxman-claims-1000-suicides-since-revanth-became-cm-1839358,"Laxman claims 1,000 suicides since Revanth became CM",,2024-11-18 17:34:33,https://www.deccanchronicle.com/h-upload/2024/08/31/1836280-laxman.webp,deccanchronicle,3.731118981427791e-21,6,14,101,6,51
1397,Newsdata,https://www.deccanchronicle.com/southern-states/telangana/dca-raids-unlicensed-shops-seizes-drugs-1839910,"DCA raids unlicensed shops, seizes drugs",,2024-11-20 17:22:15,https://www.deccanchronicle.com/h-upload/2024/11/20/1864512-10.webp,deccanchronicle,0.9999999737793541,8,16,80,0,29
1357,Newsdata,https://www.thehindu.com/sci-tech/energy-and-environment/experts-call-for-more-efficient-methods-of-tracking-farm-fires-say-current-count-may-be-an-underestimation/article68883072.ece,Experts call for more efficient methods of tracking farm fires; say current count may be an underestimation,"The current data from polar-orbiting satellites that pass over a location only at a set time every day may be leading to an underestimation, say experts; they seek more data on extent of stubble burning",2024-11-18 17:05:07,https://th-i.thgim.com/public/incoming/jhs1z3/article68883336.ece/alternates/LANDSCAPE_1200/20241027164L.jpg,thehindu,3.9239343091348677e-11,25,84,261,16,119
1358,Newsdata,https://www.thehindu.com/news/national/cop29-india-asks-rich-countries-to-remove-tech-transfer-restrictions-unilateral-trade-measures/article68882533.ece,"COP29: India asks rich countries to remove tech transfer restrictions, unilateral trade measures","Govt. representative Leena Nandan, Union Environment Secretary, urges rich countries to take the lead in cutting emissions and achieving net-zero by 2030",2024-11-18 16:58:20,https://th-i.thgim.com/public/incoming/h1q13h/article68883331.ece/alternates/LANDSCAPE_1200/IMG_Upcoming_COP29_In_Ba_2_1_CBD2B9A7.jpg,thehindu,4.667610913292169e-12,10,52,153,10,86
1359,Newsdata,https://timesofindia.indiatimes.com/city/surat/tragic-accident-truck-runs-over-sleeping-laborers-one-dead/articleshow/115427239.cms,"Truck crushes two men sleeping on ground, one dies",,2024-11-18 18:51:54,"https://static.toiimg.com/thumb/msid-115427237,imgsize-68650,width-400,height-225,resizemode-72/115427237.jpg",toi,0.0059783644465240555,3,4,38,6,34
1360,Newsdata,https://timesofindia.indiatimes.com/city/surat/illegal-multispeciality-hospital-shut-down-hours-after-opening/articleshow/115426511.cms,Quacks’ multispeciality hospital sealed hours after inauguration,,2024-11-18 18:24:41,"https://static.toiimg.com/thumb/msid-47529300,width-1070,height-580,imgsize-110164,resizemode-75,overlay-toi_sw,pt-32,y_pad-40/photo.jpg",toi,0.9511224934215834,7,23,131,22,53
1361,Newsdata,https://timesofindia.indiatimes.com/city/surat/tragic-car-accident-claims-five-lives-in-bharuch/articleshow/115426512.cms,Five killed as car crashes into parked truck,,2024-11-18 18:24:40,"https://static.toiimg.com/thumb/msid-47529300,imgsize-110164,width-400,height-225,resizemode-72/47529300.jpg",toi,4.459222714285216e-06,3,7,33,3,20
1362,Newsdata,https://theprint.in/environment/biden-urges-congress-to-approve-nearly-100-billion-in-disaster-relief/2362552/,Biden urges Congress to approve nearly $100 billion in disaster relief,WASHINGTON (Reuters) - President Joe Biden's administration called on U.S. lawmakers on Monday to quickly pass roughly $100 billion in emergency disaster relief funding in the wake of damaging storms,2024-11-18 18:16:27,https://static.theprint.in/wp-content/uploads/2024/11/Biden_664-696x464.jpg,theprint,1.347423383408413e-23,15,34,206,7,69
1363,Newsdata,https://www.deccanchronicle.com/southern-states/andhra-pradesh/no-move-to-fix-smart-meters-to-farm-connections-says-energy-minister-1839364,"No move to fix smart meters to farm connections, says energy minister",,2024-11-18 17:52:41,https://www.deccanchronicle.com/h-upload/2024/11/18/1863923-11.webp,deccanchronicle,4.611217197456261e-17,7,22,99,5,37
1364,Newsdata,https://www.deccanchronicle.com/southern-states/telangana/foresters-find-two-cattle-kills-by-tigers-in-2-districts-1839363,Foresters find two cattle kills by tigers in 2 districts,,2024-11-18 17:47:47,https://www.deccanchronicle.com/h-upload/2024/11/18/1863916-10.webp,deccanchronicle,1.498576024371838e-23,2,16,97,4,31
1365,Newsdata,https://www.deccanchronicle.com/nation/india-shortlists-8-key-projects-under-pm-gati-shakti-plan-1839361,India Shortlists 8 Key Projects Under PM Gati Shakti Plan,,2024-11-18 17:43:27,https://www.deccanchronicle.com/h-upload/2024/11/18/1863917-primeministergatishaktiorpmgatishaktilogo.webp,deccanchronicle,5.815053126917358e-39,10,31,158,4,52
1366,Newsdata,https://www.deccanchronicle.com/southern-states/telangana/release-lagcharla-farmers-now-aruna-etala-1839359,"Release Lagcharla Farmers Now: Aruna, Etala",,2024-11-18 17:36:00,https://www.deccanchronicle.com/h-upload/2024/11/18/1863907-whatsappimage2024-11-18at95651pm.webp,deccanchronicle,0.8471350593265367,10,23,128,20,70
1367,Newsdata,https://www.deccanchronicle.com/world/3-people-are-killed-in-random-stabbings-in-new-york-city-a-suspect-is-in-custody-1839437,3 people are killed in random stabbings in New York City. A suspect is in custody,,2024-11-19 02:09:53,https://www.deccanchronicle.com/h-upload/2024/11/19/1863987-ny.webp,deccanchronicle,2.8209252220376905e-08,26,36,161,12,74
1368,Newsdata,https://www.deccanchronicle.com/world/europe/chinas-xi-urges-g20-to-help-cool-ukraine-crisis-1839436,China's Xi urges G20 to help cool Ukraine crisis,,2024-11-19 02:09:12,https://www.deccanchronicle.com/h-upload/2024/11/19/1863988-aa-3487316.webp,deccanchronicle,6.894552599814353e-06,7,29,114,9,55
1369,Newsdata,https://www.deccanchronicle.com/world/photo-shoot-fail-biden-trudeau-miss-traditional-photo-with-world-leaders-at-g20-1839434,"Photo-shoot fail: Biden, Trudeau miss traditional photo with world leaders at G20",,2024-11-19 01:54:47,https://www.deccanchronicle.com/h-upload/2024/11/19/1863980-mylittlefamilyphotocollage.webp,deccanchronicle,3.8481206669288736e-18,11,17,71,3,29
1370,Newsdata,https://www.deccanchronicle.com/world/middle-east/lebanon-says-israeli-strike-on-central-beirut-kills-at-least-five-1839433,Lebanon says Israeli strike on central Beirut kills at least five,,2024-11-19 01:54:06,https://www.deccanchronicle.com/h-upload/2024/11/19/1863983-aa-3484741.webp,deccanchronicle,3.1596215981991014e-39,9,26,112,4,56
1371,Newsdata,https://www.deccanchronicle.com/world/americas/brazils-g20-summit-produces-broad-declaration-that-is-short-on-specifics-1839432,Brazil's G20 Summit produces broad declaration that is short on specifics,Experts had doubted Brazil 's President Luiz Inacio Lula da Silva could convince assembled leaders to hammer out agreement given uncertainty about the incoming administration of US President-elect Donald Trump and heightened global tensions amid the wars in Ukraine and the Middle East,2024-11-19 01:52:56,https://www.deccanchronicle.com/h-upload/2024/11/19/1863981-g20.webp,deccanchronicle,5.4562191936816044e-11,20,66,303,18,115
1372,Newsdata,https://www.deccanchronicle.com/nation/crime/gangster-lawrence-bishnois-brother-anmol-held-in-us-report-1839442,Gangster Lawrence Bishnoi's brother Anmol held in US: Report,"Anmol, who was believed to be living in Canada and making regular travels to the US, is the younger brother of Lawrence Bishnoi, accused of running a global criminal syndicate despite being in jail",2024-11-19 02:43:38,https://www.deccanchronicle.com/h-upload/2024/11/19/1863995-untitleddesign99.webp,deccanchronicle,8.151748091931058e-19,12,20,183,10,75
1373,Newsdata,https://economictimes.indiatimes.com/small-biz/sustainability/climate-finance-is-failing-farmers-punished-by-global-warming/articleshow/115435981.cms,Climate finance is failing farmers punished by global warming,"While COP28 acknowledged the role of food systems in climate change, COP29's focus seems less pronounced.",2024-11-19 04:18:40,"https://img.etimg.com/thumb/width-1200,height-900,imgsize-392698,resizemode-75,msid-115435981/small-biz/sustainability/climate-finance-is-failing-farmers-punished-by-global-warming.jpg",economictimes_indiatimes,0.0009281891438687043,33,56,219,23,93
1374,Newsdata,https://www.thehindu.com/sci-tech/energy-and-environment/new-climate-finance-goal-should-be-founded-in-principle-of-climate-justice-india-at-cop29/article68886321.ece,New climate finance goal should be founded in principle of climate justice: India at COP29,Union Minister of State for Environment Kirti Vardhan Singh also said that restrictive unilateral trade measures of some developed countries are impeding climate action in developing countries,2024-11-19 13:54:43,https://th-i.thgim.com/public/incoming/e7bp6z/article68886337.ece/alternates/LANDSCAPE_1200/AP11_19_2024_000366B.jpg,thehindu,2.512840124999494e-13,14,35,149,8,76
1375,Newsdata,https://timesofindia.indiatimes.com/auto/news/accelerating-sales-the-integration-of-ai-in-xr-for-modern-automobiles/articleshow/115454294.cms,Accelerating sales: The integration of AI in XR for modern automobiles,"The automotive industry is being revolutionized by AI, transforming car showrooms into immersive digital spaces. Virtual showrooms and AI-powered tools are enhancing customer interaction, personalization, and sales processes, signaling a shift in how cars are bought and sold.",2024-11-19 12:49:44,"https://static.toiimg.com/thumb/msid-115454419,imgsize-146888,width-400,resizemode-4/115454419.jpg",toi,4.0505622001436435e-55,17,67,247,4,97
1376,Newsdata,https://timesofindia.indiatimes.com/city/surat/surat-man-arrested-for-rape-after-victim-consumes-acid-in-suicide-attempt/articleshow/115459104.cms,Man booked for rape after woman attempts suicide by acid,,2024-11-19 16:12:50,"https://static.toiimg.com/thumb/msid-47529300,imgsize-110164,width-400,height-225,resizemode-72/47529300.jpg",toi,0.9999999186096211,6,7,50,16,39
1377,Newsdata,https://timesofindia.indiatimes.com/auto/electric-bikes/major-fire-breaks-out-at-electric-scooter-showroom-in-bengaluru-claiming-one-life-fire-prevention-tips/articleshow/115459621.cms,Major fire breaks out at electric scooter showroom in Bengaluru claiming one life: Fire prevention tips,"Firefighters and emergency services rushed to the scene, deploying fire engines to control the flames. Concerns over the potential for explosions due to bike batteries led police to evacuate the area and establish a perimeter for safety.",2024-11-19 17:31:47,"https://static.toiimg.com/thumb/msid-115459995,imgsize-1041999,width-400,resizemode-4/115459995.jpg",toi,1.0528730852697108e-45,21,48,191,5,104
1378,Newsdata,https://www.deccanchronicle.com/southern-states/andhra-pradesh/pawan-assures-potable-water-to-all-households-in-ap-1839668,Pawan assures potable water to all households in AP,,2024-11-19 20:36:08,https://www.deccanchronicle.com/h-upload/2024/11/19/1864244-19cnr02.webp,deccanchronicle,6.812252019599823e-20,3,12,92,5,38
1379,Newsdata,https://timesofindia.indiatimes.com/city/surat/accountant-seriously-injured-by-chinese-thread-in-surat/articleshow/115462139.cms,Chinese thread slits accountant’s throat,,2024-11-19 18:48:41,"https://static.toiimg.com/thumb/msid-47529300,width-1070,height-580,imgsize-110164,resizemode-75,overlay-toi_sw,pt-32,y_pad-40/photo.jpg",toi,0.007103400625900152,7,18,86,10,33
1380,Newsdata,https://www.prnewswire.com/apac/news-releases/greenco-captures-over-1-market-share-in-sgx-sustainability-reporting-with-comprehensive-esg-solutions-302309412.html,GreenCo Captures over 1% Market Share in SGX Sustainability Reporting with Comprehensive ESG Solutions,"SINGAPORE, Nov. 20, 2024 /PRNewswire/ -- GreenCo, a leading ESG advisory firm with ISO 9001 accreditation in ESG Reporting and Climate Policy Advisory Services, has achieved a key milestone by securing over 1% of the market share in Sustainability Reporting for SGX-listed companies. With...",2024-11-20 01:45:00,https://mma.prnewswire.com/media/2467123/Greenco_Logo.jpg?p=original,prnewswire_apac,2.7663218596787104e-06,19,65,264,24,103
1381,Newsdata,http://economictimes.indiatimes.com/small-biz/sustainability/why-being-climate-positive-is-the-buzzy-new-goal-of-green-building/articleshow/115471238.cms,Why being climate ‘positive’ is the buzzy new goal of green building,"These structures, often featuring distinctive tilted roofs for solar energy capture, aim to offset the substantial carbon emissions associated with construction.",2024-11-20 04:23:08,"https://img.etimg.com/thumb/msid-115471257,width-1200,height-630,imgsize-713450,overlay-etrise/articleshow.jpg",economictimes_indiatimes,7.835098965905292e-05,79,184,562,60,310
1382,Newsdata,https://theprint.in/india/delhi-aqi-at-424-today-dips-from-severe-plus-to-severe-category/2364683/,"Delhi AQI at 424 today, dips from ‘severe plus’ to ‘severe’ category",13 trains are running late and 9 have been rescheduled as a thick layer of smog engulfs parts of the city.,2024-11-20 05:07:43,https://static.theprint.in/wp-content/uploads/2024/11/Untitled-design-2024-11-15T111748.501-696x392.png,theprint,1.416585216012714e-20,16,42,264,13,100
1383,Newsdata,https://theprint.in/environment/global-south-is-bearing-the-burden-finance-goals-must-be-rooted-in-climate-justice-india-at-cop29/2364596/,"‘Global South is bearing the burden’, finance goals must be rooted in climate justice—India at COP29","India’s national statement in Baku, Azerbaijan, also called on developed nations to take the lead in reducing emissions and allow adequate carbon space for developing countries.",2024-11-20 04:59:08,https://static.theprint.in/wp-content/uploads/2024/11/COP-1-696x392.jpg,theprint,3.688325057960321e-10,18,30,192,12,76
1384,Newsdata,https://www.thehindu.com/sci-tech/energy-and-environment/deadline-looms-for-negotiators-seeking-a-deal-for-cash-to-curb-global-warming/article68890956.ece,Deadline looms for negotiators seeking a deal for cash to curb global warming,Time is running short for negotiators at the United Nations climate talks in Azerbaijan to solve a difficult puzzle,2024-11-20 16:20:49,https://th-i.thgim.com/public/incoming/3ws6f7/article68891147.ece/alternates/LANDSCAPE_1200/2024-11-20T105638Z_1989516541_RC2X8BAEPY8P_RTRMADP_3_CLIMATE-COP29.JPG,thehindu,0.01223617311934157,53,88,348,48,205
1385,Newsdata,https://theprint.in/environment/spains-deputy-pm-ribera-deflects-blame-over-floods-to-climate-change/2366029/,Spain’s deputy PM Ribera deflects blame over floods to climate change,"MADRID (Reuters) - Spain's Deputy Prime Minister Teresa Ribera, who is vying for a top European Commission job, on Wednesday defended the state's handling of last month's deadly floods in Valencia and",2024-11-20 16:17:42,https://static.theprint.in/wp-content/uploads/2024/11/Spains_561-696x464.jpg,theprint,3.3804393896487276e-08,15,39,148,12,86
1386,Newsdata,https://theprint.in/environment/storm-pounds-northwest-us-leaving-600000-without-power/2366027/,"Storm pounds Northwest US, leaving 600,000 without power","By Rich McKay, Brendan O'Brien (Reuters) -A powerful storm clobbered Washington state on Wednesday, knocking out power to hundreds of thousands of people while disrupting road travel and causing at",2024-11-20 16:17:33,https://static.theprint.in/wp-content/uploads/2024/11/Storm_902-696x464.jpg,theprint,8.006459687627173e-34,16,39,230,7,79
1406,Newsdata,https://www.deccanchronicle.com/southern-states/telangana/light-represents-journey-of-ignorance-to-knowledge-prez-murmu-1840268,Light Represents Journey of Ignorance to Knowledge: Prez Murmu,,2024-11-21 19:24:05,https://www.deccanchronicle.com/h-upload/2024/11/21/1864923-murmu.webp,deccanchronicle,3.546069050983902e-06,6,19,103,10,45
1658,Newsdata,https://www.deccanchronicle.com/world/health-experts-warn-of-bird-flus-pandemic-threat-1845845,Health Experts Warn of Bird Flu's Pandemic Threat,,2024-12-11 03:59:57,https://www.deccanchronicle.com/h-upload/2024/12/11/1871311-flu.webp,deccanchronicle,5.729050849196613e-12,42,71,233,16,143
1387,Newsdata,http://economictimes.indiatimes.com/industry/renewables/atishi-launches-delhi-solar-portal-will-help-power-consumers-become-prosumers/articleshow/115489603.cms,Atishi launches Delhi solar portal; will help power consumers become 'prosumers',"Delhi Chief Minister Atishi launched the 'Delhi Solar Portal' to simplify rooftop solar panel installations, aiming to achieve 750 MW of solar power generation. The portal provides a centralized platform for information, vendor lists, subsidy applications, and net metering, encouraging residents to become prosumers by generating and contributing excess solar power to the grid.",2024-11-20 12:39:25,"https://img.etimg.com/thumb/msid-115489651,width-1200,height-630,imgsize-220242,overlay-economictimes/articleshow.jpg",economictimes_indiatimes,4.179755282098353e-07,10,22,105,11,45
1388,Newsdata,https://timesofindia.indiatimes.com/auto/electric-bikes/ev-startup-offers-up-to-rs-25000-off-on-two-wheelers-for-armed-forces-veterans-details/articleshow/115489093.cms,"EV Startup offers up to Rs 25,000 off on two-wheelers for Armed Forces veterans: Details","Kabira Mobility is offering discounts of up to Rs 25,000 on its electric motorcycles and scooters for Indian Armed Forces personnel. The offer is valid from November 15 to November 30, 2024, and includes models like the KM3000, KM4000, and Hermes 75. Eligible individuals can avail of the discount by presenting their service ID at authorized dealerships.",2024-11-20 12:33:35,"https://static.toiimg.com/thumb/msid-115489148,imgsize-31610,width-400,resizemode-4/115489148.jpg",toi,3.458540575230176e-60,6,22,123,2,29
1389,Newsdata,https://www.deccanchronicle.com/southern-states/telangana/telangana-among-states-at-risk-of-cold-waves-1839921,Telangana among states at risk of cold waves,State issues cold wave and seasonal flu advisory,2024-11-20 17:36:14,https://www.deccanchronicle.com/h-upload/2024/11/20/1864527-telangana-logo.webp,deccanchronicle,0.0004830519945490286,12,41,124,0,36
1390,Newsdata,https://www.deccanchronicle.com/southern-states/telangana/ofmk-kids-shine-at-virtual-book-fair-india-2024-1839920,OFMK Kids Shine at Virtual Book Fair India 2024,,2024-11-20 17:34:31,https://www.deccanchronicle.com/h-upload/2024/11/20/1864528-aa5db515-ebbb-410c-8898-f694363cab62.webp,deccanchronicle,1.4731837722769423e-41,1,23,130,3,31
1391,Newsdata,https://www.deccanchronicle.com/southern-states/telangana/telangana-hc-orders-survey-of-lands-in-patelguda-village-1839919,Telangana HC Orders Survey of Lands in Patelguda Village,,2024-11-20 17:34:04,https://www.deccanchronicle.com/h-upload/2024/08/07/1859664-telanganahighcourt.webp,deccanchronicle,3.850011011531222e-10,11,19,139,10,69
1392,Newsdata,https://www.deccanchronicle.com/southern-states/karnataka/karnataka-judicial-probe-demanded-into-naxal-leader-vikram-gowdas-killing-1839918,Karnataka: Judicial probe demanded into Naxal leader Vikram Gowda's killing,Adivasi Hakkugala Samanvaya Samiti Belthangady Taluk convener and state committee member Shekhar Laila has called for an immediate judicial inquiry by the state government into the incident,2024-11-20 17:32:26,https://www.deccanchronicle.com/h-upload/2024/11/20/1864525-naxal.webp,deccanchronicle,3.13435527301613e-14,7,17,89,5,33
1393,Newsdata,https://www.deccanchronicle.com/southern-states/telangana/brewers-seek-govt-nod-to-increase-prices-of-beer-1839915,Brewers Seek Govt Nod to Increase Prices of Beer,,2024-11-20 17:29:54,https://www.deccanchronicle.com/h-upload/2024/11/20/1864523-revanth-reddy.webp,deccanchronicle,3.6505622688229386e-16,15,48,165,9,78
1394,Newsdata,https://www.deccanchronicle.com/southern-states/telangana/telangana-cm-abuses-pm-kishan-to-cover-up-his-failures-bjp-1839914,"Telangana CM Abuses PM, Kishan to Cover Up His Failures: BJP",,2024-11-20 17:28:39,https://www.deccanchronicle.com/h-upload/2024/11/20/1864521-screenshot2024-11-20225639.webp,deccanchronicle,0.9901599149648346,6,11,100,14,49
1395,Newsdata,https://www.deccanchronicle.com/nation/made-in-india-new-japanese-magnite-suv-exported-to-south-africa-1839912,Made-in-India new Japanese Magnite SUV exported to South Africa,,2024-11-20 17:26:55,https://www.deccanchronicle.com/h-upload/2024/11/20/1864516-11.webp,deccanchronicle,4.64490882290634e-10,1,16,90,7,34
1396,Newsdata,https://www.deccanchronicle.com/southern-states/telangana/new-eflu-student-union-vows-to-tackle-administrative-issues-and-student-concerns-1839911,New EFLU student union vows to tackle administrative issues and student concerns,,2024-11-20 17:26:34,https://www.deccanchronicle.com/h-upload/2024/11/20/1864515-efl-university.webp,deccanchronicle,4.432151307965475e-23,14,44,173,7,77
1398,Newsdata,https://www.thehindu.com/opinion/op-ed/tamil-nadu-heatwave-policy-is-only-a-start/article68889687.ece,Tamil Nadu heatwave policy is only a start,Government’s policy provides short-term relief but lacks long-term measures,2024-11-20 19:11:57,https://www.thehindu.com/theme/images/th-online/1x1_spacer.png,thehindu,7.003822977958307e-16,29,69,223,12,126
1399,Newsdata,https://timesofindia.indiatimes.com/city/surat/flash-fire-in-surat-seven-injured-one-in-critical-condition/articleshow/115499183.cms,"Seven receive burns in flash fire, 1 critical",,2024-11-20 18:24:49,"https://static.toiimg.com/thumb/msid-47529300,imgsize-110164,width-400,height-225,resizemode-72/47529300.jpg",toi,1.9154904203437073e-14,6,16,101,8,55
1400,Newsdata,https://timesofindia.indiatimes.com/city/surat/two-arrested-in-rs-55-lakh-md-drug-case-involving-nigerian-national-in-mumbai/articleshow/115498441.cms,Rs 55L drug case: Nigerian among 2 held in Mum,,2024-11-20 17:51:41,"https://static.toiimg.com/thumb/msid-47529300,imgsize-110164,width-400,height-225,resizemode-72/47529300.jpg",toi,4.123644072311987e-08,2,9,117,11,49
1401,Newsdata,https://www.deccanchronicle.com/southern-states/karnataka/naxal-vikram-gowda-cremated-at-kudlu-village-1839925,Naxal Vikram Gowda cremated at Kudlu village,"His brother Suresh Gowda performed the last rites with close family members, including his sister Suguna, and some villagers attending the ceremony",2024-11-20 17:41:24,https://www.deccanchronicle.com/h-upload/2024/11/20/1864531-20-11-mgl-vikram-21.webp,deccanchronicle,0.9999970214077836,7,14,74,24,43
1402,Newsdata,https://www.deccanchronicle.com/southern-states/telangana/telangana-bank-robbery-at-raiparthy-was-cakewalk-for-burglars-1839924,Telangana Bank robbery at Raiparthy was cakewalk for burglars,,2024-11-20 17:40:26,https://www.deccanchronicle.com/h-upload/2024/11/20/1864530-20-puli-4.webp,deccanchronicle,3.6704392680866285e-14,10,16,95,7,53
1403,Newsdata,https://www.deccanchronicle.com/news/crime/hyderabad-vendor-held-for-sexually-assaulting-7-yr-old-boy-1839923,Hyderabad: Vendor held for sexually assaulting 7-yr-old boy,,2024-11-20 17:39:52,https://www.deccanchronicle.com/h-upload/2024/05/25/1864529-arrest.webp,deccanchronicle,0.9998627265595578,11,5,53,10,36
1404,Newsdata,https://www.deccanchronicle.com/southern-states/telangana/iriset-to-celebrate-67th-anniversary-on-november-24-1840270,IRISET to Celebrate 67th Anniversary on November 24,,2024-11-21 19:27:24,https://www.deccanchronicle.com/h-upload/2024/11/21/1864973-iriset.webp,deccanchronicle,2.5668466213908447e-15,0,9,40,2,11
1405,Newsdata,https://www.deccanchronicle.com/southern-states/telangana/nehru-zoo-park-gets-iso-honour-for-5th-year-1840269,Nehru Zoo Park Gets ISO Honour for 5th Year,,2024-11-21 19:24:24,https://www.deccanchronicle.com/h-upload/2024/11/21/1864971-whatsappimage2024-11-21at61009pm1.webp,deccanchronicle,7.041614186544275e-71,2,6,54,1,17
1407,Newsdata,https://www.deccanchronicle.com/southern-states/telangana/iifm-hosts-two-day-firefighting-workshop-1840267,IIFM Hosts Two-Day Firefighting Workshop,,2024-11-21 19:21:47,https://www.deccanchronicle.com/h-upload/2024/11/21/1864969-whatsappimage2024-11-21at33701pm11.webp,deccanchronicle,2.391862354474281e-12,3,21,69,4,29
1408,Newsdata,https://www.deccanchronicle.com/southern-states/telangana/osmania-university-to-host-thanksgiving-event-1840266,Osmania University to Host Thanksgiving Event,,2024-11-21 19:21:09,https://www.deccanchronicle.com/h-upload/2024/03/26/1081268-osmaniauniversity.webp,deccanchronicle,3.8619837111604154e-18,3,16,81,4,29
1409,Newsdata,https://www.deccanchronicle.com/southern-states/andhra-pradesh/285-crore-approved-for-industrial-incentives-collector-1840265,₹2.85 Crore Approved for Industrial Incentives: Collector,,2024-11-21 19:20:06,https://www.deccanchronicle.com/h-upload/2024/11/21/1864970-ranjith.webp,deccanchronicle,5.002749165262456e-27,0,1,48,2,12
1410,Newsdata,https://timesofindia.indiatimes.com/city/surat/surat-cybercrime-police-conduct-major-raids-on-banks-to-combat-cyberfraud/articleshow/115539917.cms,Raids carried out based on intel from bankers,,2024-11-21 18:54:47,"https://static.toiimg.com/thumb/msid-47529300,imgsize-110164,width-400,height-225,resizemode-72/47529300.jpg",toi,9.189411112282708e-05,11,19,96,12,52
1411,Newsdata,https://www.thehindu.com/opinion/lead/india-needs-an-environmental-health-regulatory-agency/article68895068.ece,India needs an environmental health regulatory agency,"Having such an agency in India, which it currently lacks, would look at the interlinked issues of climate, environment, health and the economy in a holistic way",2024-11-21 18:46:00,https://th-i.thgim.com/public/opinion/op-ed/g2u3ys/article68895084.ece/alternates/LANDSCAPE_1200/iStock-1436269418.jpg,thehindu,1.3911741468540334e-26,24,159,476,12,181
1412,Newsdata,https://theprint.in/environment/global-climate-funds-set-for-first-annual-outflows-morningstar-says/2368085/,"Global climate funds set for first annual outflows, Morningstar says","By Ross Kerber (Reuters) - Investors are on track to withdraw more money from global climate funds than they deposit this year for the first time, Morningstar Sustainalytics said on Thursday,",2024-11-21 20:16:04,https://static.theprint.in/wp-content/uploads/2024/11/Global_995-696x522.jpg,theprint,2.525634356634204e-15,12,33,110,5,45
1413,Newsdata,https://www.deccanchronicle.com/southern-states/telangana/raghu-vamsi-aerospace-to-create-1200-jobs-minister-sridhar-babu-1840272,"Raghu Vamsi Aerospace to Create 1,200 Jobs: Minister Sridhar Babu",,2024-11-21 19:43:01,https://www.deccanchronicle.com/h-upload/2024/11/21/1864976-raghuvamsiaerospace.webp,deccanchronicle,9.796361838892096e-65,4,25,171,3,46
1414,Newsdata,https://theprint.in/environment/new-delhi-municipal-corporation-launches-night-cleaning-drive-as-aqi-levels-remain-poor/2368283/,New Delhi Municipal Corporation launches night cleaning drive as AQI levels remain poor,NDMC conducted cleaning and sweeping of roads at several locations in the national capital early Friday morning.,2024-11-22 04:57:00,https://static.theprint.in/wp-content/uploads/2024/11/delhi-smog-ssb-696x392.png,theprint,1.2690055670824448e-11,10,23,158,10,55
1415,Newsdata,https://www.thehindu.com/sci-tech/energy-and-environment/tree-cover-loss-ngt-seeks-response-from-all-states-uts/article68896857.ece,"Tree cover loss: NGT seeks response from all states, UTs","Recently, the Union Ministry of Environment Forest and Climate Change (MoEFCC) and Forest Survey of India (FSI) have refuted the data of the Global Forest Watch about the country losing around 6% of its forest cover since 2000",2024-11-22 04:09:02,https://th-i.thgim.com/public/incoming/yy00sx/article68896862.ece/alternates/LANDSCAPE_1200/10237_19_8_2022_18_14_32_2_DSC_0885.JPG,thehindu,4.502722109615075e-10,7,21,100,7,33
1416,Newsdata,https://theprint.in/environment/us-northwest-avoids-bomb-cyclone-but-deluged-by-atmospheric-river/2368197/,US Northwest avoids ‘bomb cyclone’ but deluged by ‘atmospheric river’,"By Rich McKay and Daniel Trotta (Reuters) -The northwestern U.S. avoided getting hit by a second ""bomb cycle"" on Thursday when the storm's fury came up short of forecasts, but an ongoing ""atmospheric",2024-11-22 02:16:00,https://static.theprint.in/wp-content/uploads/2024/11/US_174-696x464.jpg,theprint,3.292815071615802e-63,14,30,162,3,63
1417,Newsdata,https://www.thehindu.com/news/national/tamil-nadu/tn-to-set-up-facility-to-address-health-challenges-in-the-face-of-climate-change/article68898844.ece,Tamil Nadu plans hub to tackle health risks linked to climate change,The ‘One Health and Climate Hub’ will conduct comprehensive studies to map health risks and diseases exacerbated by climate change and work on developing predictive models using AI to assess future disease trends based on climate scenarios,2024-11-22 15:29:43,https://th-i.thgim.com/public/incoming/26ne9y/article68899409.ece/alternates/LANDSCAPE_1200/9217_21-8-2017_9-23-26_PRIVATEMILKFARM6.JPG,thehindu,1.559838070317255e-37,2,52,195,5,79
1418,Newsdata,https://www.thehindu.com/sci-tech/energy-and-environment/crowdsourced-devices-help-track-air-pollution-as-government-monitors-lag-behind/article68897298.ece,Crowdsourced devices help provide complete picture of air pollution,"While PM2.5 concentration skyrocketed in Delhi over this week, the government’s index was capped at 500. Residents turned to crowdsourced air pollution data which reflected the full extent of the rise in PM levels.",2024-11-22 15:16:55,https://th-i.thgim.com/public/incoming/mfdav/article68897421.ece/alternates/LANDSCAPE_1200/India_Air_Pollution_83646.jpg,thehindu,2.5385745684980994e-25,32,27,147,6,64
1419,Newsdata,https://www.thehindu.com/news/cities/Delhi/crowdsourced-devices-help-track-air-pollution-as-government-monitors-lag-behind/article68897298.ece,Crowdsourced devices help track air pollution as government monitors lag behind,"While PM2.5 concentration skyrocketed in Delhi over this week, the government’s index was capped at 500. Residents turned to crowdsourced air pollution data which reflected the full extent of the rise in PM levels.",2024-11-22 15:16:55,https://th-i.thgim.com/public/incoming/mfdav/article68897421.ece/alternates/LANDSCAPE_1200/India_Air_Pollution_83646.jpg,thehindu,2.5385745684980994e-25,32,27,147,6,64
1420,Newsdata,https://www.deccanchronicle.com/southern-states/telangana/rs-50000-crore-procurement-dues-will-be-cleared-tummala-1840428,"Rs 50,000 Crore Procurement Dues Will Be Cleared: Tummala",,2024-11-22 15:00:05,https://www.deccanchronicle.com/h-upload/2024/11/22/1865191-dishameeting-nalgonda.webp,deccanchronicle,4.66764182310342e-12,5,22,147,10,57
1421,Newsdata,https://timesofindia.indiatimes.com/city/surat/cybercrime-police-uncover-fraudulent-firms-used-to-aid-scammers/articleshow/115574654.cms,Bogus firms floated to provide bank account to scammers,,2024-11-22 17:18:41,"https://static.toiimg.com/thumb/msid-47529300,imgsize-110164,width-400,height-225,resizemode-72/47529300.jpg",toi,3.746600178306352e-05,4,20,99,9,44
1438,Newsdata,https://timesofindia.indiatimes.com/city/surat/c-r-paatil-indicates-possible-resignation-as-bjp-state-president/articleshow/115608470.cms,Paatil hints he is stepping down as BJP state head,,2024-11-23 18:43:04,"https://static.toiimg.com/thumb/msid-47529300,width-1070,height-580,imgsize-110164,resizemode-75,overlay-toi_sw,pt-32,y_pad-40/photo.jpg",toi,0.9999999989334842,8,4,81,27,51
1422,Newsdata,http://economictimes.indiatimes.com/industry/renewables/us-trade-body-to-investigate-alleged-adani-solar-ipr-violations/articleshow/115577295.cms,US trade body to investigate alleged Adani solar IPR violations,"The US International Trade Commission is investigating Adani Solar USA and Adani Green Energy Ltd India for alleged patent infringement. The complaint, filed by Trina Solar, claims the Adani companies violated patents on solar cells, modules, and panels.",2024-11-22 19:22:57,"https://img.etimg.com/thumb/msid-115577309,width-1200,height-630,imgsize-42510,overlay-economictimes/articleshow.jpg",economictimes_indiatimes,2.2426620496215112e-08,5,23,97,7,44
1423,Newsdata,https://theprint.in/environment/cop29-climate-summit-overruns-as-250-billion-draft-deal-stalls/2369809/,COP29 climate summit overruns as $250 billion draft deal stalls,"By Valerie Volcovici and Gloria Dickie BAKU (Reuters) -The COP29 climate summit ran into overtime on Friday, after a draft deal that proposed developed nations take the lead in providing $250 billion",2024-11-22 19:16:41,https://static.theprint.in/wp-content/uploads/2024/11/COP29_662-696x438.jpg,theprint,1.8782603555915518e-11,35,92,341,24,178
1424,Newsdata,https://timesofindia.indiatimes.com/city/surat/lab-grown-diamonds-not-synthetic-say-industry-leaders/articleshow/115576837.cms,Lab-grown diamonds are not synthetic: Bizmen,,2024-11-22 18:52:10,"https://static.toiimg.com/thumb/msid-47529300,imgsize-110164,width-400,height-225,resizemode-72/47529300.jpg",toi,0.022237585569627707,12,48,113,17,77
1425,Newsdata,https://timesofindia.indiatimes.com/city/surat/daring-jewellery-shop-heist-in-surat-two-arrested-after-violent-attack/articleshow/115576836.cms,"Robbers try to loot jewellery shop, two nabbed",,2024-11-22 18:52:10,"https://static.toiimg.com/thumb/msid-47529300,imgsize-110164,width-400,height-225,resizemode-72/47529300.jpg",toi,4.833284317649786e-05,10,16,66,8,40
1426,Newsdata,https://timesofindia.indiatimes.com/city/surat/tragic-murder-suicide-civil-contractor-kills-wife-before-taking-his-own-life-amid-health-struggles/articleshow/115576812.cms,"Civil contractor battling kidney ailment kills wife, self",,2024-11-22 18:51:40,"https://static.toiimg.com/thumb/msid-47529300,width-1070,height-580,imgsize-110164,resizemode-75,overlay-toi_sw,pt-32,y_pad-40/photo.jpg",toi,0.9997222229904814,5,17,79,18,37
1427,Newsdata,https://www.deccanchronicle.com/southern-states/andhra-pradesh/savithas-remarks-on-ganja-addiction-kicks-up-row-in-council-1840530,Savitha’s Remarks on Ganja Addiction Kicks Up Row in Council,,2024-11-22 20:05:12,https://www.deccanchronicle.com/h-upload/2024/11/22/1865364-22cnr13.webp,deccanchronicle,0.9699983895399081,11,10,90,15,49
1428,Newsdata,https://www.deccanchronicle.com/nation/current-affairs/sc-on-preamble-cannot-say-emergency-period-all-nullity-1840528,SC on Preamble: Cannot say Emergency period all nullity,,2024-11-22 20:02:14,https://www.deccanchronicle.com/h-upload/2024/04/23/1856196-supremecourt.webp,deccanchronicle,3.899738805308141e-11,11,36,170,13,77
1429,Newsdata,https://www.deccanchronicle.com/southern-states/telangana/imd-workshop-underscores-need-for-accurate-weather-forecasts-1840527,IMD Workshop Underscores Need for Accurate Weather Forecasts,,2024-11-22 19:59:46,https://www.deccanchronicle.com/h-upload/2024/11/22/1865361-kdro1.webp,deccanchronicle,9.848605123973789e-08,10,49,184,15,62
1430,Newsdata,https://www.deccanchronicle.com/nation/maharashtra-assembly-election-counting-of-votes-begins-1840546,Maharashtra assembly election: Counting of votes begins,,2024-11-23 02:46:15,https://www.deccanchronicle.com/h-upload/2024/11/23/1865398-aa-3509319.webp,deccanchronicle,0.0,8,17,185,1,76
1431,Newsdata,https://www.thehindu.com/sci-tech/energy-and-environment/logjam-over-climate-finance-nudges-baku-cop-to-precipice-of-failure/article68903070.ece,Finance deadlock pushes COP29 to brink of failure,"Developing countries refuse to accept $250 billion finance goal proposed on November 22; LDCs, small island states walk out of talks temporarily",2024-11-23 16:26:59,https://th-i.thgim.com/public/incoming/ohjd35/article68903325.ece/alternates/LANDSCAPE_1200/COP29_Climate_Summit_36682.jpg,thehindu,2.2613920033901877e-10,24,46,177,14,104
1432,Newsdata,https://timesofindia.indiatimes.com/auto/bikes/royal-enfield-goan-classic-350-launched-at-rs-2-35-lakh-engine-features-and-more/articleshow/115603895.cms,"Royal Enfield Goan Classic 350 launched at Rs 2.35 lakh: Engine, features and more","Royal Enfield launched the Goan Classic 350 bobber at Motoverse 2024. Priced at Rs 2.35 lakh (ex-showroom), it features ape hanger handlebars, forward-set footpegs, a slash-cut exhaust, and a distinctive bobber design. Powered by the same 349cc engine as the Classic 350, it delivers 20.2 bhp and 27 Nm of torque.",2024-11-23 15:06:34,"https://static.toiimg.com/thumb/msid-115603963,imgsize-113590,width-400,resizemode-4/115603963.jpg",toi,3.8779607344782824e-14,6,41,141,8,33
1433,Newsdata,https://www.thehindu.com/sci-tech/energy-and-environment/cop29-baku-climate-talks-on-november-23-2024/article68902604.ece,Small islands walk out of climate deal consultation with COP29 president,Negotiators from small islands and least-developed nations said their interests on finance were ignored.,2024-11-23 14:00:05,https://th-i.thgim.com/public/sci-tech/energy-and-environment/5foyfl/article68902609.ece/alternates/LANDSCAPE_1200/2024-11-23T132429Z_1365262111_RC21BBATCMDT_RTRMADP_3_CLIMATE-COP29.JPG,thehindu,3.728557980775954e-05,40,84,269,28,143
1434,Newsdata,https://theprint.in/world/climate-finance-for-the-pacific-is-mostly-loans-saddles-small-island-nations-with-more-debt/2370372/,"‘Climate finance’ for the Pacific is mostly loans, saddles small island nations with more debt",Recent research shows extreme weather is already costing vulnerable island nations $141 billion each year. This will rise to $1 trillion annually by 2030.,2024-11-23 13:00:17,https://static.theprint.in/wp-content/uploads/2024/11/The-Global-Carbon-Budget-report-was-released-on-13-November-at-COP29-in-Baku-REUTERSAziz-Karimov-696x392.jpg,theprint,2.7476114170877124e-09,33,94,298,21,142
1435,Newsdata,https://www.thehindu.com/sci-tech/energy-and-environment/un-rules-for-carbon-trading-between-nations-approved-at-cop29-climate-talks/article68903483.ece,U.N. rules for carbon trading between nations approved at COP29 climate talks,"This decision, taken during extra time at the COP29 conference, is a major step forward in a thorny debate that has dragged through climate talks for years, and diplomats broke into applause when the decision was gavelled",2024-11-23 19:24:29,https://th-i.thgim.com/public/incoming/d5c3vc/article68903526.ece/alternates/LANDSCAPE_1200/2024-11-22T115747Z_1657262617_RC2AABAB1ZGG_RTRMADP_3_CLIMATE-COP29.JPG,thehindu,6.25348388579602e-20,26,65,240,12,140
1436,Newsdata,https://timesofindia.indiatimes.com/city/surat/nylon-weavers-urge-assessment-of-quality-control-order-impact-in-surat/articleshow/115608490.cms,Nylon weavers want impact of QCO assessed first,,2024-11-23 18:45:42,"https://static.toiimg.com/thumb/msid-47529300,imgsize-110164,width-400,height-225,resizemode-72/47529300.jpg",toi,1.452050924529963e-25,11,25,120,5,46
1437,Newsdata,https://timesofindia.indiatimes.com/city/surat/major-fraud-case-two-diamond-traders-arrested-in-6-crore-scam/articleshow/115608471.cms,Two diamond traders held in 6cr fraud case,,2024-11-23 18:43:08,"https://static.toiimg.com/thumb/msid-47529300,imgsize-110164,width-400,height-225,resizemode-72/47529300.jpg",toi,1.5554412725604336e-10,10,19,104,8,42
1439,Newsdata,https://www.deccanchronicle.com/southern-states/telangana/district-judiciary-gets-nstep-for-speedy-disposal-of-criminal-cases-1840711,District Judiciary Gets NSTEP for Speedy Disposal of Criminal Cases,,2024-11-23 16:51:11,https://www.deccanchronicle.com/h-upload/2024/11/23/1865642-judges-min.webp,deccanchronicle,3.871020062355997e-15,6,29,94,4,33
1440,Newsdata,https://www.thehindu.com/sci-tech/energy-and-environment/developed-nations-offer-300-billion-annually-after-10-years-to-global-south/article68903747.ece,Developed nations offer $300 billion annually after 10 years to Global South,"The $300 billion figure, however, is a far cry from the $1.3 trillion the Global South has been demanding in the three years of talks",2024-11-23 22:05:03,https://th-i.thgim.com/public/incoming/8h8vr5/article68903753.ece/alternates/LANDSCAPE_1200/2024-11-23T102319Z_349753224_RC2SABAG0VZB_RTRMADP_3_CLIMATE-COP29.JPG,thehindu,1.0745392788432556e-06,28,42,174,18,102
1441,Newsdata,https://www.thehindu.com/sci-tech/energy-and-environment/why-is-there-a-row-over-climate-finance/article68903269.ece,Why is there a row over climate finance?,What are the prickly issues of the 29th edition of the Conference of Parties on global warming? Why is there bickering over a collective step towards ending the reign of fossil fuels and addressing rising carbon emissions? What are the concerns raised by developing nations?,2024-11-23 22:50:00,https://th-i.thgim.com/public/incoming/c52o8w/article68903439.ece/alternates/LANDSCAPE_1200/2024-11-22T115753Z_536550625_RC2BABAZP3DN_RTRMADP_3_CLIMATE-COP29.JPG,thehindu,3.180150431737751e-09,38,84,251,19,171
1442,Newsdata,https://timesofindia.indiatimes.com/city/surat/brutal-public-murder-of-history-sheeter-rushi-pandit-in-kapodra/articleshow/115632302.cms,History-sheeter killed in full public view in Kapodra,,2024-11-24 17:15:55,"https://static.toiimg.com/thumb/msid-47529300,width-1070,height-580,imgsize-110164,resizemode-75,overlay-toi_sw,pt-32,y_pad-40/photo.jpg",toi,0.0004342979022584153,8,19,77,7,43
1443,Newsdata,https://www.thehindu.com/sci-tech/energy-and-environment/overtime-baku-talks-fail-to-deliver-on-new-climate-finance-target/article68905050.ece,Overtime Baku talks fail to deliver on new climate finance target,"A ‘roadmap’ was adopted to ‘aim to mobilise’ $1.3 trillion annually by 2035, with developed countries agreeing to “lead efforts” to pool in $300 billion annually as a base figure. Indian delegation publicly objects to the agreement saying, “This, in our opinion, will not address the enormity of the challenge we all face.”",2024-11-24 15:00:29,https://www.thehindu.com/theme/images/th-online/1x1_spacer.png,thehindu,3.08732368891398e-05,35,66,279,27,150
1444,Newsdata,https://www.deccanchronicle.com/nation/fresh-plea-in-sc-seeks-probe-into-us-indictment-of-gautam-adani-1840893,Fresh plea in SC seeks probe into US indictment of Gautam Adani,,2024-11-24 10:24:45,https://www.deccanchronicle.com/h-upload/2024/04/23/1856196-supremecourt.webp,deccanchronicle,3.3325926430350685e-31,3,20,79,3,38
1445,Newsdata,https://www.deccanchronicle.com/nation/india-bloc-meets-to-elect-leader-after-jharkhand-poll-triumph-1840891,I.N.D.I.A. Bloc Meets to Elect Leader After Jharkhand Poll Triumph,,2024-11-24 10:21:39,https://www.deccanchronicle.com/h-upload/2024/11/24/1865826-jharkhand.webp,deccanchronicle,2.91846841085842e-20,5,7,78,4,30
1446,Newsdata,https://www.deccanchronicle.com/nation/people-taught-befitting-lesson-to-those-talking-about-breaking-country-kangana-on-maharashtra-polls-1840887,People taught befitting lesson to those talking about breaking country: Kangana on Maharashtra polls,,2024-11-24 10:09:50,https://www.deccanchronicle.com/h-upload/2024/05/24/1847909-kangana.webp,deccanchronicle,0.0005780307017827008,5,23,108,12,52
1447,Newsdata,https://www.deccanchronicle.com/nation/shiv-sena-mlas-to-meet-in-mumbai-cm-shinde-authorised-to-take-all-decisions-1840885,"Shiv Sena MLAs to meet in Mumbai, CM Shinde authorised to take all decisions",,2024-11-24 10:04:26,https://s3.ap-southeast-1.amazonaws.com/images.deccanchronicle.com/dc-Cover-60fnhpa40i9s834gdivtrqvjq0-20240104214648.Medi.jpeg,deccanchronicle,0.00011909860724035174,1,14,92,10,38
1448,Newsdata,https://www.deccanchronicle.com/nation/viksit-bharat-young-leaders-dialogue-to-be-held-in-delhi-on-jan-11-12-modi-1840883,Viksit Bharat Young Leaders Dialogue to be held in Delhi on Jan. 11-12: Modi,,2024-11-24 09:55:37,https://www.deccanchronicle.com/h-upload/2024/11/04/1858971-modi.webp,deccanchronicle,0.9509594872204526,59,93,348,76,219
1449,Newsdata,https://www.deccanchronicle.com/southern-states/telangana/spike-in-hyderabads-air-pollution-city-logs-worst-aqi-of-2024-1841030,Spike in Hyderabad’s Air Pollution: City Logs Worst AQI of 2024,,2024-11-24 19:10:51,https://www.deccanchronicle.com/h-upload/2024/11/24/1866066-air.webp,deccanchronicle,2.7243505083561468e-48,18,55,240,5,78
1450,Newsdata,https://www.deccanchronicle.com/southern-states/telangana/drones-changing-the-face-of-farmlands-in-telugu-states-1841026,Drones Changing the Face of Farmlands in Telugu States,,2024-11-24 19:02:07,https://www.deccanchronicle.com/h-upload/2024/11/24/1866060-img0907.webp,deccanchronicle,0.2811695697352046,42,37,214,31,121
1451,Newsdata,https://www.deccanchronicle.com/southern-states/telangana/hydraa-chief-av-ranganath-debunks-misinformation-on-peddacheruvu-buffer-zone-1841025,HYDRAA Chief A.V. Ranganath Debunks Misinformation on Peddacheruvu Buffer Zone,,2024-11-24 19:01:37,https://www.deccanchronicle.com/h-upload/2024/11/24/1866001-re.webp,deccanchronicle,0.9989245942574791,15,10,82,13,31
1452,Newsdata,https://www.deccanchronicle.com/southern-states/andhra-pradesh/pm-visit-visakhapatnam-collector-reviews-preparations-1841023,PM visit: Visakhapatnam collector reviews preparations,The collector said the Governor would be accommodated at the Novotel hotel and the Chief Minister at the Port Guest House,2024-11-24 18:56:07,https://www.deccanchronicle.com/h-upload/2024/11/15/1863071-modi.webp,deccanchronicle,1.692659335719813e-79,1,9,121,2,24
1453,Newsdata,https://www.deccanchronicle.com/southern-states/telangana/city-police-commissioner-cv-anand-takes-action-on-traffic-jams-1841021,City Police Commissioner C.V. Anand Takes Action on Traffic Jams,,2024-11-24 18:55:36,https://www.deccanchronicle.com/h-upload/2024/11/24/1866061-anand.webp,deccanchronicle,5.696214958298578e-12,2,18,78,7,64
1454,Newsdata,https://www.deccanchronicle.com/southern-states/telangana/tg-govt-faces-debt-crisis-interest-payments-surpass-salary-bill-1841020,TG Govt Faces Debt Crisis: Interest Payments Surpass Salary Bill,,2024-11-24 18:53:12,https://www.deccanchronicle.com/h-upload/2024/11/24/1866057-bhatti.webp,deccanchronicle,3.7599393137625347e-100,13,40,218,3,73
1455,Newsdata,https://www.deccanchronicle.com/southern-states/telangana/nhrc-team-investigates-attacks-on-vikarabad-collector-and-officials-1841018,NHRC Team Investigates Attacks on Vikarabad Collector and Officials,,2024-11-24 18:45:34,https://www.deccanchronicle.com/h-upload/2024/11/24/1866055-13.webp,deccanchronicle,1.1545556738713314e-54,2,6,46,1,15
1456,Newsdata,https://www.deccanchronicle.com/southern-states/telangana/hyderabad-aqi-hits-277-at-sanathnagar-rated-poor-on-sameer-app-1841307,"Hyderabad AQI Hits 277 at Sanathnagar, Rated Poor on Sameer App",,2024-11-25 20:08:48,https://www.deccanchronicle.com/h-upload/2024/11/25/1866491-aqu.webp,deccanchronicle,1.5137918851148309e-21,8,36,118,5,49
1457,Newsdata,https://www.deccanchronicle.com/southern-states/telangana/tspsc-publishes-list-of-selected-junior-lecturer-candidates-1841306,TSPSC Publishes List of Selected Junior Lecturer Candidates,,2024-11-25 20:07:59,https://www.deccanchronicle.com/h-upload/2024/11/25/1866483-tspsc.webp,deccanchronicle,8.573736468604241e-15,2,6,51,3,18
1458,Newsdata,https://www.deccanchronicle.com/southern-states/telangana/telangana-cms-u-turn-on-pharma-after-protests-bjp-1841305,Telangana CM's U-turn on Pharma After Protests: BJP,,2024-11-25 20:05:33,https://www.deccanchronicle.com/h-upload/2024/11/12/1862074-aruna.webp,deccanchronicle,1.2299818150611462e-16,3,9,45,3,26
1459,Newsdata,https://www.deccanchronicle.com/southern-states/telangana/overflowing-drains-at-jntuh-cause-concerns-1841304,Overflowing Drains at JNTUH Cause Concerns,,2024-11-25 19:59:35,https://www.deccanchronicle.com/h-upload/2024/09/29/1846676-jntu.webp,deccanchronicle,5.537462760275586e-06,9,12,69,8,43
1460,Newsdata,https://www.deccanchronicle.com/sports/ronaldo-double-takes-al-nassr-to-brink-of-asian-champions-league-quarters-1841302,Ronaldo Double Takes Al Nassr to Brink of Asian Champions League Quarters,,2024-11-25 19:50:38,https://www.deccanchronicle.com/h-upload/2024/11/25/1866503-christa.webp,deccanchronicle,5.560161820278505e-06,21,35,159,14,55
1461,Newsdata,https://www.deccanchronicle.com/southern-states/telangana/biotech-bodies-fete-dr-soumya-for-tb-fight-1841301,Biotech Bodies Fete Dr Soumya for TB Fight,,2024-11-25 19:50:29,https://www.deccanchronicle.com/h-upload/2024/11/25/1866505-whatsappimage2024-11-25at1823521.webp,deccanchronicle,0.00010273585567298285,3,14,69,7,23
1462,Newsdata,https://www.deccanchronicle.com/southern-states/telangana/marredpally-vendors-back-reopen-kiosks-1841300,"Marredpally Vendors Back, Reopen Kiosks",,2024-11-25 19:45:47,https://www.deccanchronicle.com/h-upload/2024/11/25/1866501-img20241125120739.webp,deccanchronicle,0.9986989380374225,15,14,68,15,41
1463,Newsdata,https://www.deccanchronicle.com/nation/current-affairs/rg-kar-sc-orders-sit-probe-into-torture-of-protester-1841294,RG Kar: SC Orders SIT Probe into Torture of Protester,,2024-11-25 19:32:06,https://www.deccanchronicle.com/h-upload/2024/09/17/1859641-supremecourt.webp,deccanchronicle,1.0113686702377299e-52,7,24,139,3,48
1464,Newsdata,https://www.thehindu.com/sci-tech/energy-and-environment/rapid-increase-of-himalayan-glacial-lakes-ngt-issues-notice-to-centre-others/article68915006.ece,"Rapid increase of Himalayan glacial lakes: NGT issues notice to Centre, others","National Green Tribunal notices rapid Himalayan glacial lake expansion, raising concerns over natural disaster risks, calls for urgent action",2024-11-26 16:13:02,https://th-i.thgim.com/public/incoming/h9vfqr/article68915752.ece/alternates/LANDSCAPE_1200/IMG_BLINK_-_02_06_2018_-_2_1_SDD1MP62.jpg,thehindu,7.411657811695627e-17,4,30,123,6,45
1465,Newsdata,https://theprint.in/environment/rare-pudu-birth-in-argentina-sparks-conservation-hopes-for-tiny-enigmatic-deer/2375127/,Rare pudu birth in Argentina sparks conservation hopes for tiny enigmatic deer,"By Lucila Sigal BUENOS AIRES (Reuters) - A rare pudu fawn was born in a biopark in Argentina earlier this month, giving scientists and conservationists a unique chance to study and collect data on the",2024-11-26 14:17:42,https://static.theprint.in/wp-content/uploads/2024/11/Rare_715-696x456.jpg,theprint,2.2098130289631498e-05,15,29,134,12,54
1466,Newsdata,https://theprint.in/environment/delhi-hasnt-had-a-good-air-day-in-over-a-year-you-may-have-to-wait-till-january-2025/2374824/,"Delhi hasn’t had a ‘good’ air day in over a year, you may have to wait till January 2025","Cleanest air recorded this year in Delhi was on 13 September, when AQI touched 52. Levels of ultrafine particulate matter or PM2.5 are increasing every year.",2024-11-26 13:25:33,https://static.theprint.in/wp-content/uploads/2024/11/Untitled-design-2024-11-26T195155.056-696x392.png,theprint,1.0862756446973233e-09,38,94,236,10,103
1467,Newsdata,https://timesofindia.indiatimes.com/city/surat/controversial-police-inspector-n-h-brahmbhatt-placed-on-leave-reserve-amid-legal-troubles/articleshow/115706206.cms,Althan inspector sent on ‘leave reserve’,,2024-11-26 17:30:40,"https://static.toiimg.com/thumb/msid-47529300,imgsize-110164,width-400,height-225,resizemode-72/47529300.jpg",toi,0.16244133756704718,6,16,82,12,36
1468,Newsdata,https://timesofindia.indiatimes.com/city/surat/surat-diamond-markets-and-manufacturing-units-resume-operations-after-diwali-break/articleshow/115706163.cms,"City diamond units, markets reopen after vacation",,2024-11-26 17:27:49,"https://static.toiimg.com/thumb/msid-115706162,imgsize-81954,width-400,height-225,resizemode-72/115706162.jpg",toi,8.53374858805249e-11,10,33,92,6,47
1469,Newsdata,https://timesofindia.indiatimes.com/city/surat/fatal-water-dispute-brothers-murder-neighbour-in-surat/articleshow/115706034.cms,Brothers kill neighbour over water supply dispute,,2024-11-26 17:18:41,"https://static.toiimg.com/thumb/msid-47529300,imgsize-110164,width-400,height-225,resizemode-72/47529300.jpg",toi,0.8788583278760236,8,8,59,9,28
1470,Newsdata,https://timesofindia.indiatimes.com/city/surat/man-sentenced-to-35-years-for-raping-7-year-old-girl-in-surat/articleshow/115705956.cms,26-year-old sentenced to 35 years in jail for raping minor,,2024-11-26 17:15:41,"https://static.toiimg.com/thumb/msid-47529300,imgsize-110164,width-400,height-225,resizemode-72/47529300.jpg",toi,4.8926360682277505e-09,10,18,76,7,47
1471,Newsdata,https://www.thehindu.com/sci-tech/energy-and-environment/watch-climate-finance-empty-promises-at-cop29/article68915927.ece,Watch: Climate finance | Empty promises at COP29?,"In this week’s episode, we’ll take a look at the outcome of the 2024 Climate Conference of Parties which was held in Baku, Azerbaijan, and the recent spate of storms that hit the Philippines",2024-11-26 17:13:10,https://th-i.thgim.com/public/incoming/r9kc60/article68915921.ece/alternates/LANDSCAPE_1200/yFTs0jFf-720.jpg,thehindu,1.6129985950492985e-14,2,12,33,2,20
1473,Newsdata,https://www.deccanchronicle.com/southern-states/telangana/tirumalagiri-rto-faces-space-constraints-due-to-road-widening-1841618,Tirumalagiri RTO faces space constraints due to road widening,Road widening works trouble Tirumalagiri RTO,2024-11-26 18:22:44,https://www.deccanchronicle.com/h-upload/2024/11/26/1866857-rto.webp,deccanchronicle,6.565624518117299e-06,16,25,113,12,64
1474,Newsdata,https://www.deccanchronicle.com/southern-states/telangana/operation-rope-takes-on-road-encroachments-1841617,Operation Rope Takes On Road Encroachments,,2024-11-26 18:22:12,https://www.deccanchronicle.com/h-upload/2024/11/26/1866858-whatsappimage2024-11-26at185315.webp,deccanchronicle,0.49031110411404333,15,24,105,19,87
1475,Newsdata,https://www.deccanchronicle.com/southern-states/telangana/hc-permits-student-to-attend-diploma-classes-take-exams-1841616,"HC permits student to attend diploma classes, take exams",,2024-11-26 18:20:20,https://www.deccanchronicle.com/h-upload/2024/01/31/1853192-telanganahighcourt.webp,deccanchronicle,8.719516325257966e-15,6,40,192,13,97
1476,Newsdata,https://www.deccanchronicle.com/southern-states/telangana/minister-sridhar-babu-inaugurates-indo-belgian-life-sciences-conference-1841615,Minister Sridhar Babu inaugurates Indo-Belgian Life Sciences Conference,,2024-11-26 18:17:06,https://www.deccanchronicle.com/h-upload/2024/11/26/1866853-sridhar-babu.webp,deccanchronicle,7.370820197694422e-21,3,29,130,5,24
1477,Newsdata,https://www.deccanchronicle.com/southern-states/telangana/ghmc-to-seal-moti-markets-chicken-shops-again-1841614,GHMC to seal Moti Market's chicken shops again,,2024-11-26 18:13:49,https://www.deccanchronicle.com/h-upload/2024/08/27/1853229-ghmc.webp,deccanchronicle,4.066864774277817e-16,5,11,59,4,32
1478,Newsdata,https://www.deccanchronicle.com/southern-states/telangana/red-water-flowing-on-road-alarms-venkatadrinagar-residents-1841613,Red water flowing on road alarms Venkatadrinagar residents,,2024-11-26 18:11:17,https://www.deccanchronicle.com/h-upload/2024/11/26/1866852-red-water.webp,deccanchronicle,1.8898087474642835e-17,6,7,67,4,44
1479,Newsdata,https://www.deccanchronicle.com/southern-states/andhra-pradesh/au-start-up-offers-climate-risk-solutions-1841612,AU Start-Up Offers Climate Risk Solutions,,2024-11-26 18:09:52,https://www.deccanchronicle.com/h-upload/2024/11/26/1866851-andhrauniversity.webp,deccanchronicle,2.3008374168795668e-09,2,41,129,10,38
1480,Newsdata,https://www.deccanchronicle.com/southern-states/andhra-pradesh/growing-traffic-woes-call-for-second-flyover-in-ajit-singh-nagar-1841611,Growing traffic woes: Call for second flyover in Ajit Singh Nagar,,2024-11-26 18:09:15,https://www.deccanchronicle.com/h-upload/2024/08/29/1835340-andhrapradeshgovernment.webp,deccanchronicle,4.2701218823018924e-35,5,21,107,3,35
1481,Newsdata,https://www.thehindu.com/sci-tech/energy-and-environment/two-cubs-born-to-african-cheetah-neerva-found-dead-at-kuno-mutilated-carcasses-recovered/article68920266.ece,Two cubs born to African cheetah Neerva found dead at Kuno; mutilated carcasses recovered,,2024-11-27 19:10:00,https://th-i.thgim.com/public/incoming/34i81p/article68920313.ece/alternates/LANDSCAPE_1200/PTI03_10_2024_000249A.jpg,thehindu,5.4070605209620933e-20,10,28,144,7,63
1482,Newsdata,https://timesofindia.indiatimes.com/city/surat/grooms-family-receives-intimate-video-wedding-cancelled-amid-blackmail-scandal/articleshow/115743043.cms,Intimate video sent to groom’s family day before wedding,,2024-11-27 18:36:41,"https://static.toiimg.com/thumb/msid-47529300,width-1070,height-580,imgsize-110164,resizemode-75,overlay-toi_sw,pt-32,y_pad-40/photo.jpg",toi,0.9999999994858066,12,4,69,15,46
1483,Newsdata,https://timesofindia.indiatimes.com/city/surat/alleged-serial-killer-returns-to-crime-scene-for-necrophilia-shocking-details-emerge/articleshow/115741697.cms,Alleged serial killer returned to crime scene to commit necrophilia: Cops,,2024-11-27 17:21:50,"https://static.toiimg.com/thumb/msid-47529300,width-1070,height-580,imgsize-110164,resizemode-75,overlay-toi_sw,pt-32,y_pad-40/photo.jpg",toi,0.999002733344973,15,14,132,22,74
1484,Newsdata,https://timesofindia.indiatimes.com/city/surat/surat-municipal-corporations-rs-1600-crore-project-under-investigation-for-fraudulent-practices/articleshow/115741690.cms,"Eyebrows raised over Rs 1,600cr SMC project",,2024-11-27 17:21:41,"https://static.toiimg.com/thumb/msid-47529300,width-1070,height-580,imgsize-110164,resizemode-75,overlay-toi_sw,pt-32,y_pad-40/photo.jpg",toi,6.358173713125807e-15,13,19,106,7,51
1485,Newsdata,https://www.deccanchronicle.com/southern-states/telangana/congress-leaders-to-renominate-jeevan-as-mlc-1842293,Congress Leaders to Renominate Jeevan as MLC,,2024-11-28 19:21:18,https://www.deccanchronicle.com/h-upload/2024/11/28/1867556-jeevan-reddy.webp,deccanchronicle,2.5690929177067257e-15,0,11,68,4,24
1486,Newsdata,https://www.deccanchronicle.com/southern-states/telangana/odisha-surrogacy-cops-arrest-suspect-1842292,Odisha Surrogacy: Cops Arrest Suspect,,2024-11-28 19:18:18,https://www.deccanchronicle.com/h-upload/2024/01/19/1071586-high-angle-shot-metal-handcuffs-isolated.webp,deccanchronicle,0.999313116667909,10,7,56,13,48
1487,Newsdata,https://www.deccanchronicle.com/southern-states/telangana/telangana-officials-taking-bribes-through-money-apps-1842291,Telangana: Officials Taking Bribes Through Money Apps,,2024-11-28 19:13:30,https://www.deccanchronicle.com/h-upload/2024/11/28/1867555-gpay.webp,deccanchronicle,1.1868313973561073e-14,8,12,76,4,24
1488,Newsdata,https://www.deccanchronicle.com/southern-states/telangana/hc-rejects-evangelist-pauls-bid-to-stall-mlas-from-functioning-1842290,HC Rejects Evangelist Paul’s Bid to Stall MLAs From Functioning,,2024-11-28 19:11:01,https://www.deccanchronicle.com/h-upload/2024/08/07/1865957-telanganahighcourt.webp,deccanchronicle,3.1525084215979543e-18,25,74,471,28,215
1489,Newsdata,https://www.deccanchronicle.com/southern-states/andhra-pradesh/andhra-pradesh-cm-naidu-attends-13th-day-rituals-of-brother-1842288,Andhra Pradesh: CM Naidu attends 13th-day rituals of brother,,2024-11-28 19:07:59,https://www.deccanchronicle.com/h-upload/2024/11/28/1867551-12.webp,deccanchronicle,2.3278999179064495e-11,2,17,161,10,38
1490,Newsdata,https://www.deccanchronicle.com/southern-states/telangana/congress-govt-plans-nine-day-celebrations-to-mark-first-anniversary-1842287,Congress Govt Plans Nine-Day Celebrations to Mark First Anniversary,,2024-11-28 19:07:29,https://www.deccanchronicle.com/h-upload/2024/10/30/1857987-revanthreddy.webp,deccanchronicle,0.9999999999988187,2,17,162,0,32
1491,Newsdata,https://www.deccanchronicle.com/southern-states/andhra-pradesh/pigs-dogs-mess-up-life-in-pulivendula-mlc-1842286,"Pigs, dogs mess up life in Pulivendula: MLC",Bhumireddy Ram Gopal Reddy accuses YSRC govt of misappropriating ₹650 crore under the guise of beautification in Pulivendula.,2024-11-28 19:05:07,https://www.deccanchronicle.com/h-upload/2024/11/28/1867550-10.webp,deccanchronicle,0.03792315618240807,11,14,62,7,34
1492,Newsdata,https://www.deccanchronicle.com/southern-states/andhra-pradesh/imd-issues-red-alert-for-tirupati-nellore-1842285,"IMD issues red alert for Tirupati, Nellore",Several parts of Andhra Pradesh to have rains until December 1,2024-11-28 19:02:46,https://www.deccanchronicle.com/h-upload/2024/11/28/1867549-9.webp,deccanchronicle,1.0187746994111377e-58,7,21,114,2,39
1493,Newsdata,https://www.deccanchronicle.com/southern-states/andhra-pradesh/andhra-pradesh-no-graft-in-solar-ppas-through-seci-says-jagan-1842283,"Andhra Pradesh: No Graft in Solar PPAs Through SECI, Says Jagan",,2024-11-28 18:58:53,https://www.deccanchronicle.com/h-upload/2024/11/28/1867547-screenshot2024-11-29002653.webp,deccanchronicle,0.5833766313004217,11,30,136,24,78
1494,Newsdata,https://www.deccanchronicle.com/nation/had-positive-discussions-with-shah-nadda-on-govt-formation-in-maharashtra-shinde-1842311,"Had positive discussions with Shah, Nadda on govt formation in Maharashtra: Shinde",,2024-11-29 03:19:41,https://www.deccanchronicle.com/h-upload/2024/11/29/1867577-untitleddesign14.webp,deccanchronicle,0.00746778610226494,13,25,143,17,63
1495,Newsdata,https://www.deccanchronicle.com/world/nepals-first-transgender-candidates-run-for-local-office-1842310,Nepal's first transgender candidates run for local office,,2024-11-29 03:13:49,https://www.deccanchronicle.com/h-upload/2024/08/07/1829478-1080601-elections.webp,deccanchronicle,0.9247197076647787,26,36,180,30,109
1513,Newsdata,https://timesofindia.indiatimes.com/city/surat/tragic-deaths-of-three-young-girls-at-new-civil-hospital-in-surat-mystery-unfolds/articleshow/115847237.cms,Three girl die in mysterious circumstances at NCH,,2024-11-30 15:27:41,"https://static.toiimg.com/thumb/msid-47529300,width-1070,height-580,imgsize-110164,resizemode-75,overlay-toi_sw,pt-32,y_pad-40/photo.jpg",toi,2.5000072197184104e-06,16,18,115,12,69
1496,Newsdata,https://www.thehindu.com/sci-tech/energy-and-environment/cyclone-fengal-dana-ockhi-how-are-cyclones-named/article68927953.ece,"Cyclone Fengal, Dana, Ockhi: Who named these cyclones?","There are six Regional Specialised Meteorological Centres worldwide, including the India Meteorological Department, and five regional Tropical Cyclone Warning Centres, which are mandated for issuing advisories and naming of cyclonic storms.",2024-11-29 15:46:33,https://www.thehindu.com/theme/images/th-online/1x1_spacer.png,thehindu,2.07691166874197e-45,9,44,224,6,91
1497,Newsdata,https://frontline.thehindu.com/columns/cop-29-conference-of-parties-climate-change-climate-finance-global-warming-carbon-emissions-loss-and-damage-fund/article68927547.ece,COP29: The $300 billion climate finance deal is an optical illusion,"Rich nations’ measly offer amounts to a 1.2 per cent real increase over previous commitments. In effect, it’s a walkout from global climate efforts.",2024-11-29 15:05:27,https://assetsfl.thehindu.com/theme/images/fl-online/1x1_spacer.png,frontline_thehindu,8.529133885645063e-13,54,164,432,24,250
1498,Newsdata,https://www.deccanchronicle.com/southern-states/tamil-nadu/chennai-press-club-to-hold-elections-after-25-years-1842520,Chennai Press Club to Hold Elections After 25 Years,,2024-11-29 14:33:39,https://www.deccanchronicle.com/h-upload/2024/11/29/1867751-untitleddesign19.webp,deccanchronicle,2.8535880752601207e-81,1,7,47,1,20
1499,Newsdata,https://www.deccanchronicle.com/nation/odisha-modi-slams-opposition-for-spreading-lies-and-rumours-1842518,Odisha: Modi Slams Opposition for Spreading Lies and Rumours,"‘Some people considered power at the Centre as their birthright. They have been out of power for over 12 years now and cannot digest the fact that the people of India have blessed the BJP,’ Modi",2024-11-29 14:27:00,https://www.deccanchronicle.com/h-upload/2024/11/29/1867747-pmmodiaddressespublicrally.webp,deccanchronicle,3.613142164963751e-06,10,29,153,16,77
1500,Newsdata,https://www.deccanchronicle.com/entertainment/ott/bigg-boss-telugu-8-show-gears-up-for-an-interesting-climax-1842517,Bigg Boss Telugu 8: Show gears up for an interesting climax,,2024-11-29 14:25:00,https://www.deccanchronicle.com/h-upload/2024/11/29/1867745-biggbosstelugu8.webp,deccanchronicle,0.8627882454644068,24,29,117,23,80
1501,Newsdata,https://timesofindia.indiatimes.com/city/surat/court-grants-father-permission-for-daughters-birthday-party-amid-custody-battle/articleshow/115818327.cms,Father gets court nod to hold daughter’s birthday party,,2024-11-29 18:30:58,"https://static.toiimg.com/thumb/msid-47529300,width-1070,height-580,imgsize-110164,resizemode-75,overlay-toi_sw,pt-32,y_pad-40/photo.jpg",toi,0.9999991411682627,11,12,70,23,48
1502,Newsdata,https://economictimes.indiatimes.com/industry/renewables/alternative-fuels-key-to-making-india-self-reliant-nitin-gadkari/articleshow/115818190.cms,Alternative fuels key to making India self-reliant: Nitin Gadkari,"Minister Nitin Gadkari emphasizes the importance of switching to biofuels and electric vehicles for sustainable development. India's transport sector heavily contributes to air pollution, and significant fossil fuels are imported annually. Initiatives like bio-CNG projects and municipal waste-to-bio-CNG projects are promoting a green economy, creating jobs, boosting exports, and making India self-reliant.",2024-11-29 18:25:12,"https://img.etimg.com/thumb/width-1200,height-900,imgsize-130466,resizemode-75,msid-115818190/industry/renewables/alternative-fuels-key-to-making-india-self-reliant-nitin-gadkari.jpg",economictimes_indiatimes,6.905321717033296e-05,4,17,88,7,27
1503,Newsdata,https://timesofindia.indiatimes.com/city/surat/gjepc-implements-us-ftc-terminology-for-diamonds-to-enhance-consumer-transparency/articleshow/115819487.cms,GJEPC adopts US FTC terminology for diamonds,,2024-11-29 18:52:28,"https://static.toiimg.com/thumb/msid-115819486,width-1070,height-580,imgsize-66614,resizemode-75,overlay-toi_sw,pt-32,y_pad-40/photo.jpg",toi,9.744674365712241e-13,12,49,168,11,87
1504,Newsdata,https://timesofindia.indiatimes.com/city/surat/stormy-smc-meeting-highlights-tstp-project-irregularities-and-escalated-costs/articleshow/115819460.cms,SMC meeting turns stormy over TSTP project irregularities,,2024-11-29 18:51:45,"https://static.toiimg.com/thumb/msid-47529300,imgsize-110164,width-400,height-225,resizemode-72/47529300.jpg",toi,9.68765377824088e-20,9,22,81,4,38
1505,Newsdata,https://timesofindia.indiatimes.com/city/surat/major-prostitution-racket-exposed-at-the-fusion-hotel-in-surats-adajan-area/articleshow/115819431.cms,Flesh trade racket busted in Adajan hotel,,2024-11-29 18:49:42,"https://static.toiimg.com/thumb/msid-115819427,imgsize-101032,width-400,height-225,resizemode-72/115819427.jpg",toi,1.2758720936541147e-14,3,8,109,7,50
1506,Newsdata,https://timesofindia.indiatimes.com/city/surat/father-kills-daughter-for-delaying-cooking-shocking-domestic-violence-incident-in-surat/articleshow/115819330.cms,Man kills daughter with cooker for putting off cooking,,2024-11-29 18:42:58,"https://static.toiimg.com/thumb/msid-47529300,imgsize-110164,width-400,height-225,resizemode-72/47529300.jpg",toi,0.9999820333847007,13,16,91,25,49
1507,Newsdata,https://timesofindia.indiatimes.com/city/surat/grisly-murder-19-year-old-arrested-after-killing-foster-father-in-surat/articleshow/115819317.cms,19-year-old flies back to Kolkata after killing foster father,,2024-11-29 18:42:42,"https://static.toiimg.com/thumb/msid-115819313,imgsize-41294,width-400,height-225,resizemode-72/115819313.jpg",toi,0.9992532816133477,20,15,118,16,51
1508,Newsdata,https://www.deccanchronicle.com/southern-states/telangana/konda-surekha-alleges-brs-involvement-in-food-poisoning-incidents-1842640,Konda Surekha alleges BRS involvement in food poisoning incidents,,2024-11-30 02:33:37,https://www.deccanchronicle.com/h-upload/2024/11/30/1867915-gczn70qbcaau4vn.webp,deccanchronicle,0.9999990847196287,52,27,192,67,160
1509,Newsdata,https://www.deccanchronicle.com/world/americas/trudeau-in-florida-to-meet-trump-as-tariff-threats-loom-1842639,Trudeau in Florida to meet Trump as tariff threats loom,,2024-11-30 02:19:48,https://www.deccanchronicle.com/h-upload/2024/11/30/1867912-aa-3554018.webp,deccanchronicle,6.143096270749769e-11,11,18,104,6,42
1510,Newsdata,https://www.deccanchronicle.com/sports/tennis/halep-dismayed-at-how-swiateks-doping-case-was-handled-compared-to-her-own-1842731,Halep dismayed at how Swiatek's doping case was handled compared to her own,,2024-11-30 05:00:09,https://www.deccanchronicle.com/h-upload/2024/11/30/1868025-aa-3550600.webp,deccanchronicle,0.2679364201071737,16,39,165,25,88
1511,Newsdata,https://www.deccanchronicle.com/world/americas/us-universities-urge-foreign-students-to-return-before-trumps-swearing-in-1842641,US universities urge foreign students to return before Trump's swearing-in.,,2024-11-30 02:43:20,https://www.deccanchronicle.com/h-upload/2024/11/30/1867916-new.webp,deccanchronicle,2.9562512641429184e-08,16,51,235,19,112
1512,Newsdata,https://timesofindia.indiatimes.com/city/surat/tragic-deaths-of-three-young-girls-in-surat-linked-to-toxic-fumes-from-waste-burning/articleshow/115848487.cms,Three girls die mysteriously while burning waste in Sachin GIDC area,,2024-11-30 16:27:41,"https://static.toiimg.com/thumb/msid-47529300,imgsize-110164,width-400,height-225,resizemode-72/47529300.jpg",toi,4.565302789359949e-08,29,40,208,20,123
1514,Newsdata,https://www.thehindu.com/sci-tech/energy-and-environment/amid-discord-nations-fear-deadlock-at-plastic-pollution-talks/article68931953.ece,"Amid discord, nations fear deadlock at plastic pollution talks","Nearly 200 countries are in negotiations on a deal to curb plastic pollution. But efforts to reach the agreement are locked over several points, particularly reducing production and phasing out chemicals believed or known to harm human health",2024-11-30 15:20:10,https://th-i.thgim.com/public/sci-tech/energy-and-environment/jttkt/article68932165.ece/alternates/LANDSCAPE_1200/South_Korea_Plastic_Pollution_Treaty_16788.jpg,thehindu,0.006101809710508844,28,38,175,24,133
1515,Newsdata,https://www.deccanchronicle.com/sports/cricket/u19-asia-cup-2024-pakistan-beats-india-by-43-runs-in-opener-1842847,U19 Asia Cup 2024: Pakistan Beats India by 43 Runs in Opener,Shahzaib Khan's 159 anchors Pakistan U19's 43-run win over India U19. India's chase ends at 237 despite Nikhil Kumar's 67,2024-11-30 14:35:58,https://www.deccanchronicle.com/h-upload/2024/11/30/1868143-untitleddesign6.webp,deccanchronicle,3.064786648140319e-09,1,8,54,4,17
1516,Newsdata,https://timesofindia.indiatimes.com/city/surat/union-minister-ashwini-vaishnaw-tours-cutting-edge-track-slab-factory-in-surat-for-indias-first-bullet-train/articleshow/115849675.cms,Vaishnaw visits track slab factory at Kim,,2024-11-30 17:43:38,"https://static.toiimg.com/thumb/msid-115849673,imgsize-79496,width-400,height-225,resizemode-72/115849673.jpg",toi,1.6617790294329655e-144,3,19,103,1,42
1517,Newsdata,https://timesofindia.indiatimes.com/city/surat/surat-cng-price-hike-effective-midnight-what-you-need-to-know/articleshow/115849671.cms,CNG price hike from midnight,,2024-11-30 17:43:29,"https://static.toiimg.com/thumb/msid-47529300,imgsize-110164,width-400,height-225,resizemode-72/47529300.jpg",toi,1.7565212726742797e-18,4,9,52,3,19
1518,Newsdata,https://www.deccanchronicle.com/southern-states/telangana/telangana-hc-directs-cwc-to-decide-on-kids-custody-1842943,Telangana HC Directs CWC to Decide on Kids’ Custody,,2024-11-30 20:56:32,https://www.deccanchronicle.com/h-upload/2024/01/31/1855015-telanganahighcourt.webp,deccanchronicle,9.960415381419419e-09,7,15,101,8,47
1519,Newsdata,https://www.deccanchronicle.com/southern-states/telangana/air-quality-hazardous-in-hyderabad-pcb-data-1842942,Air quality hazardous in Hyderabad: PCB data,,2024-11-30 20:50:00,https://www.deccanchronicle.com/h-upload/2024/11/30/1868238-pollutionairqualityy.webp,deccanchronicle,0.9999999981913585,6,21,122,0,37
1520,Newsdata,https://www.deccanchronicle.com/southern-states/telangana/telangana-eyes-rs-800-cr-in-professional-tax-revenue-this-year-1842941,Telangana Eyes Rs 800 Cr in Professional Tax Revenue This Year,,2024-11-30 20:35:29,https://images.deccanchronicle.com/dc-Cover-c6mh368d02krr6p2fef9tvl566-20161123123103.Medi.jpeg,deccanchronicle,0.0001280594936099719,2,5,50,6,24
1521,Newsdata,https://www.deccanchronicle.com/world/americas/trump-warns-brics-nations-against-replacing-us-dollar-1842961,Trump warns BRICS nations against replacing US dollar,,2024-12-01 04:28:21,https://www.deccanchronicle.com/h-upload/2024/12/01/1868269-aa-3532839.webp,deccanchronicle,2.1149958164379773e-09,2,7,48,4,30
1522,Newsdata,https://www.deccanchronicle.com/southern-states/telangana/seven-maoists-killed-in-encounter-in-mulugu-1842960,Seven Maoists killed in Encounter in Mulugu,,2024-12-01 04:17:38,https://www.deccanchronicle.com/h-upload/2024/05/23/1092191-maoists.webp,deccanchronicle,0.9999999999993345,6,5,40,0,18
1523,Newsdata,https://theprint.in/environment/fierce-debate-over-curbs-on-plastic-output-as-treaty-deadline-looms/2382197/,Fierce debate over curbs on plastic pollution as treaty deadline looms,A treaty could be the most significant deal relating to environmental protection as well as climate-warming emissions since the 2015 Paris Agreement.,2024-12-01 03:15:03,https://static.theprint.in/wp-content/uploads/2024/12/Fierce_423-e1733031525506-696x392.jpg,theprint,8.874497904510476e-13,28,41,180,10,93
1524,Newsdata,https://timesofindia.indiatimes.com/city/surat/tragic-suicide-of-bjp-leader-in-surat-spark-controversy/articleshow/115873911.cms,Ward-level BJP leader commits suicide,,2024-12-01 18:12:45,"https://static.toiimg.com/thumb/msid-115873910,imgsize-22114,width-400,height-225,resizemode-72/115873910.jpg",toi,0.9999497602464381,13,14,112,23,61
1525,Newsdata,https://timesofindia.indiatimes.com/city/surat/married-man-arrested-for-molesting-college-student-in-surat/articleshow/115873907.cms,20-year-old arrested for molesting college student,,2024-12-01 18:12:41,"https://static.toiimg.com/thumb/msid-47529300,imgsize-110164,width-400,height-225,resizemode-72/47529300.jpg",toi,0.9993349343920906,13,16,75,20,61
1526,Newsdata,https://www.deccanchronicle.com/southern-states/telangana/dc-impact-drainage-repairs-begin-in-kapras-saket-mithila-colony-1843117,DC Impact: Drainage Repairs Begin in Kapra's Saket Mithila Colony,,2024-12-01 17:49:21,https://www.deccanchronicle.com/h-upload/2024/12/01/1868420-dsc0004.webp,deccanchronicle,4.246618162338913e-08,5,9,57,6,37
1527,Newsdata,https://timesofindia.indiatimes.com/india/unpacking-indias-fuming-response-at-cop29-what-really-transpired/articleshow/115872889.cms,Unpacking India's fuming response at COP29: What really transpired?,,2024-12-01 16:50:05,"https://static.toiimg.com/thumb/msid-115872929,imgsize-826041,width-400,resizemode-4/115872929.jpg",toi,1.4202956091030967e-06,46,80,286,23,164
1528,Newsdata,https://timesofindia.indiatimes.com/home/environment/developmental-issues/urbanisation-causing-loss-of-mangroves-in-visakhapatnam-ngt-issues-notice-to-authorities/articleshow/115872238.cms,Urbanisation causing loss of mangroves in Visakhapatnam: NGT issues notice to authorities,,2024-12-01 15:56:21,"https://static.toiimg.com/thumb/msid-115872585,imgsize-850095,width-400,resizemode-4/115872585.jpg",toi,1.2607430270331883e-25,2,24,138,5,34
1529,Newsdata,https://theprint.in/world/pakistan-is-experiencing-a-solar-power-boom-the-world-can-learn-from-it/2382784/,Pakistan is experiencing a solar power boom. The world can learn from it,Declining solar panel prices and skyrocketing grid electricity tariffs are fuelling a rush in renewable energy adoption in Pakistan.,2024-12-01 15:08:47,https://static.theprint.in/wp-content/uploads/2024/07/solar-power1-696x392.jpg,theprint,8.2598528114937275e-19,24,100,237,5,104
1530,Newsdata,https://www.thehindu.com/sci-tech/energy-and-environment/no-accord-on-plastic-pollution-deal-more-time-needed-chair/article68934895.ece,"No accord on plastic pollution deal, more time needed: chair","A week of talks has failed to resolve deep divisions between “high-ambition” countries seeking a globally binding agreement to limit production and phase out harmful chemicals, and “like-minded” nations who want to focus on waste",2024-12-01 13:23:49,https://th-i.thgim.com/public/news/national/bc2n0t/article68934936.ece/alternates/LANDSCAPE_1200/AFP__20241201__36NW9FA__v1__HighRes__SkoreaEnvironmentUnPlastic.jpg,thehindu,3.4927740390236227e-07,18,61,220,19,114
1531,Newsdata,https://www.deccanchronicle.com/southern-states/telangana/hyderabad-drunk-truck-driver-rams-into-two-wheeler-kills-a-couple-1843337,"Hyderabad: Drunk truck driver rams into two-wheeler, kills a couple",,2024-12-01 18:50:42,https://www.deccanchronicle.com/h-upload/2024/12/02/1868618-couple.webp,deccanchronicle,0.9999852328873872,12,16,99,27,67
1532,Newsdata,https://www.prnewswire.com/apac/news-releases/2024-malaysia-e-commerce-product-selection-expo-attracts-international-delegations-302319347.html,2024 Malaysia E-Commerce Product Selection Expo Attracts International Delegations,"Targets RM60 Million in Deals with 200+ Malaysia & China Exhibitors KUALA LUMPUR, Malaysia, Dec. 2, 2024 /PRNewswire/ -- The highly anticipated 2024 Malaysia E-Commerce Product Selection Expo officially launched at MITEC, marking a significant milestone for Malaysia's growing trade...",2024-12-02 04:06:00,https://mma.prnewswire.com/media/2570216/WCD02460.jpg?p=original,prnewswire_apac,8.419123436523968e-21,17,80,376,15,98
1533,Newsdata,https://www.deccanchronicle.com/southern-states/telangana/class-ix-students-death-turns-controversial-in-nizamabad-1843167,Class IX student’s death turns controversial in Nizamabad,,2024-12-02 05:11:37,https://www.deccanchronicle.com/h-upload/2024/02/18/1845594-death.webp,deccanchronicle,9.238205546873337e-10,2,10,72,6,33
1534,Newsdata,https://www.deccanchronicle.com/southern-states/telangana/medicos-demand-arrest-of-top-brass-of-pvt-medical-colleges-in-hyderabad-1843166,Medicos demand arrest of top brass of pvt medical colleges in Hyderabad,"Mallareddy, Chalmeda and MNR medical colleges accused of gross violations in admission process",2024-12-02 05:07:41,http://dc-cdn.s3-ap-southeast-1.amazonaws.com/dc-Cover-5eatgofa4rpnl00e1chj5sk9t2-20160908070321.Medi.jpeg,deccanchronicle,2.455825042934131e-10,6,15,47,3,25
1535,Newsdata,https://timesofindia.indiatimes.com/auto/electric-bikes/kinetic-green-confirms-e-luna-variant-with-range-of-two-electric-scooters-details/articleshow/115903033.cms,Kinetic Green confirms E-Luna variant with range of two electric scooters: Details,"Kinetic Green will launch a long-range variant of its E-Luna moped with a 4.3 kWh battery, offering up to 250 km on a single charge. Priced at Rs 70,000, it features a digital LCD console, USB port, and detachable rear seat. Available from January 2025, the company has received an order for 10,000 units from a leading e-commerce firm.",2024-12-02 13:14:57,"https://static.toiimg.com/thumb/msid-115903044,imgsize-80244,width-400,resizemode-4/115903044.jpg",toi,6.176065802769752e-10,9,33,109,6,33
1536,Newsdata,https://www.deccanchronicle.com/nation/yaba-tablets-worth-rs-36-crore-seized-1-arrested-in-assam-1843382,"Yaba tablets worth Rs 36 crore seized, 1 arrested in Assam",,2024-12-02 12:44:09,https://www.deccanchronicle.com/h-upload/2024/09/28/1846368-crime.webp,deccanchronicle,5.000814442696877e-14,0,6,46,3,18
1537,Newsdata,https://timesofindia.indiatimes.com/auto/news/stray-dogs-coconuts-cause-more-road-accidents-than-drunk-driving-in-india-report/articleshow/115902242.cms,"Stray dogs, coconuts cause more road accidents than drunk driving in India: Report","Road safety remains a major issue in India, with metro cities like Hyderabad and Delhi NCR seeing the most incidents. Bengaluru leads in pothole-related accidents and stray animal collisions. Falling coconuts have caused more accidents than drunk driving. The Hyundai i10 tops the list of accident-prone cars, with natural calamities adding to the problem in places like Chennai.",2024-12-02 12:38:54,"https://static.toiimg.com/thumb/msid-115902336,imgsize-42130,width-400,resizemode-4/115902336.jpg",toi,0.9974489234608341,12,29,121,0,31
1538,Newsdata,https://theprint.in/environment/indigenous-mining-complicates-brazils-fight-against-illegal-gold/2384307/,Indigenous mining complicates Brazil’s fight against illegal gold,"By Ricardo Brito and Adriano Machado JACAREACANGA, Brazil (Reuters) - The involvement of Indigenous people in illegal gold hunting, lured by the prospect of easy money due to record prices, has made",2024-12-02 15:17:35,https://static.theprint.in/wp-content/uploads/2024/12/Indigenous_295-696x464.jpg,theprint,6.292463888910107e-10,26,56,273,21,135
1539,Newsdata,https://www.deccanchronicle.com/southern-states/telangana/leaders-pay-tribute-to-marri-chenna-reddy-on-28th-death-anniversary-1843423,Leaders Pay Tribute to Marri Chenna Reddy on 28th Death Anniversary,,2024-12-02 16:32:18,https://www.deccanchronicle.com/h-upload/2024/12/02/1868704-img-20241202-wa04681.webp,deccanchronicle,0.0028477475355208376,2,9,65,5,10
1540,Newsdata,https://www.deccanchronicle.com/southern-states/tamil-nadu/chennai-smashers-gear-up-for-an-electrifying-debut-in-tennis-premier-league-season-6-1843421,Chennai Smashers Gear Up for an Electrifying Debut in Tennis Premier League Season 6,,2024-12-02 16:28:14,https://www.deccanchronicle.com/h-upload/2024/12/02/1868693-pic1-cs.webp,deccanchronicle,1.2555006286402673e-13,4,18,95,6,35
1541,Newsdata,https://theprint.in/environment/storm-destroys-bridges-and-damages-homes-in-greek-island-of-rhodes/2384412/,Storm destroys bridges and damages homes in Greek island of Rhodes,"FALIRAKI, Greece (Reuters) - Homes, businesses and roads in the Greek tourist island of Rhodes were covered in mud and debris on Monday after Storm Bora battered the country over the weekend. In the",2024-12-02 16:18:32,https://static.theprint.in/wp-content/uploads/2024/12/Storm_782-696x464.jpg,theprint,2.7665307588122665e-77,7,17,115,2,43
1542,Newsdata,https://www.deccanchronicle.com/southern-states/telangana/gruha-jyothi-helped-105-lakh-families-in-ghmc-says-revanth-1843426,"Gruha Jyothi helped 10.5 lakh families in GHMC, says Revanth",,2024-12-02 16:45:33,https://www.deccanchronicle.com/h-upload/2024/12/02/1868707-revanthreddy.webp,deccanchronicle,8.672548677711226e-30,4,11,59,2,19
1543,Newsdata,https://www.deccanchronicle.com/southern-states/telangana/dr-nageshwar-reddy-awards-degrees-at-aimsr-convocation-1843425,Dr. Nageshwar Reddy Awards Degrees at AIMSR Convocation,,2024-12-02 16:42:47,https://www.deccanchronicle.com/h-upload/2024/12/02/1868706-whatsappimage2024-12-02at204850.webp,deccanchronicle,0.9993557853535955,12,24,129,23,61
1544,Newsdata,https://www.deccanchronicle.com/sports/fiorentinas-bove-alert-in-hospital-after-collapse-club-1843499,Fiorentina's Bove 'alert' in hospital after collapse: Club,,2024-12-02 20:54:49,https://www.deccanchronicle.com/h-upload/2024/12/02/1868768-aa-3564450.webp,deccanchronicle,0.9742704449004612,14,37,140,29,91
1545,Newsdata,http://economictimes.indiatimes.com/industry/renewables/drive-mode-new-models-rev-up-ev-sales-again-in-november/articleshow/115910057.cms,Drive mode! New models rev up EV sales again in November,"Electric car sales in India surged by 18% in November, driven by new model launches such as Tata Motors Curvv EV, Kia's EV9, and Mahindra & Mahindra BE 6e and XEV 9e. Tata Motors led the sales with 4,191 units, while JSW MG Motor India saw a significant rise with 3,126 units sold.",2024-12-02 18:48:55,"https://img.etimg.com/thumb/msid-115910089,width-1200,height-630,imgsize-98072,overlay-economictimes/articleshow.jpg",economictimes_indiatimes,1.8364237431291603e-05,16,65,201,14,88
1546,Newsdata,https://www.thehindu.com/sci-tech/health/the-toxins-of-the-bhopal-disaster-explained/article68939821.ece,The toxins of the Bhopal disaster | Explained,"Past reports have indicated worrisome concentrations of hexachlorobutadiene, chloroform, carbon tetrachloride, and trichlorobenzene at the site of the plant, in addition to elevated levels of heavy metals",2024-12-03 01:30:00,https://www.thehindu.com/theme/images/th-online/1x1_spacer.png,thehindu,3.267047301026201e-13,44,117,417,23,195
1547,Newsdata,https://www.deccanchronicle.com/sports/football/amorim-uncomfortable-with-fans-serenade-at-man-utd-1843508,Amorim uncomfortable with fans' serenade at Man Utd,,2024-12-03 02:27:07,https://www.deccanchronicle.com/h-upload/2024/12/03/1868784-aa-3562726.webp,deccanchronicle,0.9982113328481109,20,34,81,36,74
1548,Newsdata,https://www.deccanchronicle.com/southern-states/karnataka/bengaluru-parts-of-karnataka-to-receive-rainfall-for-next-two-days-1843507,"Bengaluru, parts of Karnataka to receive rainfall for next two days",,2024-12-03 02:14:34,https://www.deccanchronicle.com/h-upload/2024/12/03/1868781-aa-35629741.webp,deccanchronicle,0.9999999833001852,4,23,99,0,49
1549,Newsdata,https://www.deccanchronicle.com/southern-states/andhra-pradesh/set-up-start-ups-in-drones-with-5-lakh-subsidy-official-tells-youth-1843514,"Set up start-ups in drones with ₹5 lakh subsidy, official tells youth",,2024-12-03 04:31:24,https://www.deccanchronicle.com/h-upload/2024/12/03/1868793-images.webp,deccanchronicle,3.38873444208131e-49,5,14,73,2,34
1550,Newsdata,https://theprint.in/environment/chinas-first-atmospheric-monitoring-station-in-antarctica-begins-operations/2384784/,China’s first atmospheric monitoring station in Antarctica begins operations,"HONG KONG (Reuters) - China said its first atmospheric monitoring station in Antarctica started operations this week, a move aimed at helping observe changes on the southern continent and supporting",2024-12-03 04:15:22,https://static.theprint.in/wp-content/uploads/2024/12/Chinas_273-696x452.jpg,theprint,8.588651237167912e-13,1,20,97,6,34
1551,Newsdata,https://www.deccanchronicle.com/nation/current-affairs/hotels-restaurants-in-tripura-announce-they-wont-serve-bangladeshis-1843512,"Hotels, restaurants in Tripura announce they won't serve Bangladeshis",,2024-12-03 04:09:50,https://www.deccanchronicle.com/h-upload/2024/12/03/1868790-aa-3568917.webp,deccanchronicle,0.911271573286413,6,11,50,10,31
1552,Newsdata,https://theprint.in/environment/biden-pushes-out-over-100-billion-in-clean-energy-grants-as-term-winds-down/2385716/,Biden pushes out over $100 billion in clean energy grants as term winds down,"By Valerie Volcovici WASHINGTON (Reuters) - U.S. President Joe Biden's administration has awarded over $100 billion in grants created by its signature climate law, the Inflation Reduction Act, a",2024-12-03 14:16:15,https://static.theprint.in/wp-content/uploads/2024/12/Biden_261-696x464.jpg,theprint,1.10425855243412e-13,11,19,144,9,53
1553,Newsdata,https://economictimes.indiatimes.com/industry/renewables/tkil-in-talks-with-oil-marketing-firms-to-manufacture-green-hydrogen-put-up-retail-infra/articleshow/115938935.cms,"TKIL in talks with oil marketing firms to manufacture green hydrogen, put up retail infra","Mumbai's TKIL Industries has acquired a stake in Swiss company Sohhytec SA, enabling it to access technology to produce green hydrogen directly from solar energy. TKIL plans to leverage this technology to create pressurized hydrogen, set up infrastructure for storage and vehicle filling, and engage with industries like steel plants.",2024-12-03 13:02:39,"https://img.etimg.com/thumb/msid-115939089,width-1200,height-630,imgsize-45960,overlay-economictimes/articleshow.jpg",economictimes_indiatimes,4.529845710391934e-06,15,36,123,11,81
1554,Newsdata,https://www.thehindu.com/news/national/telangana/follow-up-petition-for-chevella-banyans-finds-fault-with-eia-process/article68932060.ece,Follow-up petition for Chevella banyans finds fault with EIA process,,2024-12-03 12:46:23,https://th-i.thgim.com/public/incoming/33qj9/article68932459.ece/alternates/LANDSCAPE_1200/Tree2.jpg,thehindu,2.0882780167817987e-63,8,18,114,3,65
1555,Newsdata,https://theprint.in/environment/eletrobras-santo-antonio-power-plant-bouncing-back-after-historic-brazil-drought/2385493/,Eletrobras’ Santo Antonio power plant bouncing back after historic Brazil drought,"By Leticia Fucuchima SAO PAULO (Reuters) - Santo Antonio, one of Brazil's largest hydroelectric plants, has coped with an extreme drought, its head told Reuters, crediting the plant's resilience to a",2024-12-03 12:18:06,https://static.theprint.in/wp-content/uploads/2024/12/Eletrobras_961-696x464.jpg,theprint,1.0569532868747891e-12,17,23,150,9,62
1556,Newsdata,https://timesofindia.indiatimes.com/auto/news/google-maps-blunder-again-gps-leads-another-car-to-canal-fall-details/articleshow/115936927.cms,"Google Maps blunder, again? GPS leads another car to canal fall: Details","Three passengers narrowly escaped harm when their car plunged into a canal near Barkapur village in Uttar Pradesh. The incident, following GPS directions, occurred on the Bareilly-Pilibhit state highway. This highlights concerns about over-reliance on GPS systems, especially after a recent fatal accident linked to GPS navigation in Bareilly. Police are investigating the circumstances.",2024-12-03 12:13:23,"https://static.toiimg.com/thumb/msid-115937232,imgsize-25894,width-400,resizemode-4/115937232.jpg",toi,3.9315954955721174e-05,25,35,109,9,58
1557,Newsdata,https://timesofindia.indiatimes.com/city/surat/tragic-bus-accident-in-adajan-claims-womans-life/articleshow/115944989.cms,Woman run over by bus in Adajan,,2024-12-03 17:34:16,"https://static.toiimg.com/thumb/msid-47529300,width-1070,height-580,imgsize-110164,resizemode-75,overlay-toi_sw,pt-32,y_pad-40/photo.jpg",toi,0.9999445952368476,5,7,73,15,39
1558,Newsdata,https://timesofindia.indiatimes.com/city/surat/massive-rs-55-crore-meesho-scam-uncovered-arrests-made-in-surat/articleshow/115944978.cms,Surat gang cheats Meesho of Rs 5.5 crore,,2024-12-03 17:33:57,"https://static.toiimg.com/thumb/msid-47529300,width-1070,height-580,imgsize-110164,resizemode-75,overlay-toi_sw,pt-32,y_pad-40/photo.jpg",toi,8.378707318239558e-31,6,17,99,4,44
1559,Newsdata,https://timesofindia.indiatimes.com/city/surat/indian-serial-killer-confesses-to-sixth-murder-shocking-details-revealed/articleshow/115944969.cms,Serial killer confesses to sixth murder,,2024-12-03 17:33:42,"https://static.toiimg.com/thumb/msid-47529300,imgsize-110164,width-400,height-225,resizemode-72/47529300.jpg",toi,0.9878965318210423,9,20,157,22,63
1560,Newsdata,https://theprint.in/environment/eu-agrees-deforestation-law-delay-but-discards-changes/2386203/,EU agrees deforestation law delay but discards changes,"BRUSSELS (Reuters) -Negotiators for EU institutions agreed a compromise on Tuesday on a ban on the import of commodities linked to deforestation, which will be delayed by a year but without changes",2024-12-03 21:16:00,https://static.theprint.in/wp-content/uploads/2024/12/EU_138-696x464.jpg,theprint,1.897274821940784e-34,11,27,127,4,56
1561,Newsdata,https://theprint.in/environment/eu-delays-deforestation-ban-but-discards-changes/2386201/,EU delays deforestation ban but discards changes,"BRUSSELS (Reuters) -Negotiators for EU institutions agreed a compromise on Tuesday on a ban on the import of commodities linked to deforestation, which will be delayed by a year but without changes",2024-12-03 21:15:51,https://static.theprint.in/wp-content/uploads/2024/12/EU_718-696x464.jpg,theprint,5.986160396051847e-34,11,27,127,4,55
1562,Newsdata,https://theprint.in/environment/texas-extreme-winter-cold-could-challenge-power-grid-in-early-2025/2386171/,Texas extreme winter cold could challenge power grid in early 2025,"NEW YORK (Reuters) - This winter is forecast to bring sudden bouts of extreme cold to Texas that could test the state's electric grid in early 2025, the grid operator's chief meteorologist said on",2024-12-03 20:16:09,https://static.theprint.in/wp-content/uploads/2024/12/Texas_438-696x464.jpg,theprint,8.43089480325027e-14,6,25,100,5,42
1649,Newsdata,https://www.deccanchronicle.com/news/crime/youngster-burns-minor-girl-in-nandyal-1845483,Youngster burns minor girl in Nandyal,,2024-12-09 17:37:09,https://www.deccanchronicle.com/h-upload/2024/08/23/1850609-dead-body.webp,deccanchronicle,0.9998329929953713,6,15,106,17,62
1563,Newsdata,https://www.thehindu.com/opinion/op-ed/local-action-amidst-global-inertia/article68943032.ece,Local action amidst global inertia,"While global consensus and funding remain elusive, local and national actions are making tangible progress",2024-12-03 20:09:07,https://th-i.thgim.com/public/incoming/paowxz/article68943610.ece/alternates/LANDSCAPE_1200/20240918082L.jpg,thehindu,4.492931020027292e-20,41,77,291,12,138
1564,Newsdata,http://economictimes.indiatimes.com/industry/renewables/govt-mulls-central-data-repository-on-rooftop-solar-power-generation/articleshow/115947504.cms,Govt mulls central data repository on rooftop solar power generation,"While 1.45 crore households have registered under the scheme till date, the government has received applications from 26.38 lakh consumers. Around 6.34 lakh rooftop solar installations have been reported on the national portal since the launch of the scheme.",2024-12-03 19:18:55,"https://img.etimg.com/thumb/msid-115947522,width-1200,height-630,imgsize-8962,overlay-economictimes/articleshow.jpg",economictimes_indiatimes,2.8321729745240192e-14,6,19,87,4,40
1565,Newsdata,https://theprint.in/environment/brazil-prosecutors-push-petrobras-for-more-amazon-drilling-studies/2386152/,Brazil prosecutors push Petrobras for more Amazon drilling studies,"By Fabio Teixeira RIO DE JANEIRO (Reuters) - Brazilian federal prosecutors asked state-run oil firm Petrobras to do more studies before drilling off the coast of the Amazon rainforest, citing",2024-12-03 19:16:00,https://static.theprint.in/wp-content/uploads/2024/12/Brazil_684-696x392.jpg,theprint,3.0478635148916218e-21,6,30,112,5,50
1566,Newsdata,https://timesofindia.indiatimes.com/city/surat/growing-demands-for-a-diamond-certification-centre-in-india-amid-global-trade-changes/articleshow/115945803.cms,Calls for diamond certification centre in India grow louder,,2024-12-03 18:22:45,"https://static.toiimg.com/thumb/msid-47529300,width-1070,height-580,imgsize-110164,resizemode-75,overlay-toi_sw,pt-32,y_pad-40/photo.jpg",toi,7.60922553419643e-18,6,19,113,8,61
1567,Newsdata,https://timesofindia.indiatimes.com/city/surat/serial-killer-turned-truck-thief-a-desperate-drive-for-recognition/articleshow/115945776.cms,Alleged serial killer turned truck thief to prove he could drive,,2024-12-03 18:21:43,"https://static.toiimg.com/thumb/msid-47529300,imgsize-110164,width-400,height-225,resizemode-72/47529300.jpg",toi,0.9996019266727886,13,21,112,24,54
1568,Newsdata,https://timesofindia.indiatimes.com/city/surat/pm-modi-receives-unique-212-carat-india-shaped-diamond-gift-from-surats-shree-ramkrishan-exports/articleshow/115945071.cms,India-shaped diamond gifted to PM by Surat’s SRK,,2024-12-03 17:40:01,"https://static.toiimg.com/thumb/msid-47529300,width-1070,height-580,imgsize-110164,resizemode-75,overlay-toi_sw,pt-32,y_pad-40/photo.jpg",toi,0.9999999962712491,4,11,70,0,18
1569,Newsdata,https://www.deccanchronicle.com/world/what-to-know-about-south-korea-and-martial-law-declaration-1843853,What to know about South Korea and martial law declaration,,2024-12-04 02:31:28,https://www.deccanchronicle.com/h-upload/2024/12/04/1869115-aa-3574480.webp,deccanchronicle,0.0007428693639166856,27,86,284,32,133
1570,Newsdata,https://www.deccanchronicle.com/sports/football/bayer-leverkusen-eliminate-bayern-munich-from-german-cup-1843851,Bayer Leverkusen eliminate Bayern Munich from German Cup,,2024-12-04 02:23:56,https://www.deccanchronicle.com/h-upload/2024/12/04/1869114-aa-357629211zon.webp,deccanchronicle,1.362219145690129e-09,18,49,169,11,65
1571,Newsdata,https://www.deccanchronicle.com/sports/football/ac-milan-put-six-past-sassuolo-to-reach-italian-cup-quarters-1843849,AC Milan put six past Sassuolo to reach Italian Cup quarters,,2024-12-04 02:18:33,https://www.deccanchronicle.com/h-upload/2024/12/04/1869112-aa-3576380.webp,deccanchronicle,2.9494039816629143e-06,15,30,141,12,46
1572,Newsdata,https://www.deccanchronicle.com/sports/olympic-champion-cyclist-evenepoel-breaks-shoulder-hand-and-rib-in-training-crash-1843847,"Olympic champion cyclist Evenepoel breaks shoulder, hand and rib in training crash",,2024-12-04 02:14:53,https://www.deccanchronicle.com/h-upload/2024/12/04/1869111-aa-357330011zon.webp,deccanchronicle,0.9972876698466769,19,16,87,17,41
1573,Newsdata,https://economictimes.indiatimes.com/small-biz/sustainability/financial-and-community-hurdles-slow-geothermal-energy-development-in-southeast-asia/articleshow/115957842.cms,Financial and community hurdles slow geothermal energy development in Southeast Asia,"Efforts to streamline financing and regulations, alongside community engagement, are key to boosting geothermal development and reducing reliance on fossil fuels in these countries.",2024-12-04 04:22:50,"https://img.etimg.com/thumb/width-1200,height-900,imgsize-142316,resizemode-75,msid-115957842/small-biz/sustainability/financial-and-community-hurdles-slow-geothermal-energy-development-in-southeast-asia.jpg",economictimes_indiatimes,4.0537285592824934e-07,34,86,242,22,147
1574,Newsdata,https://economictimes.indiatimes.com/industry/renewables/green-fleets-why-more-companies-are-opting-for-ev-leasing-over-traditional-ownership/articleshow/115974058.cms,Green fleets: Why more companies are opting for EV leasing over traditional ownership,"Electric vehicle (EV) leasing in India is experiencing remarkable growth, projected to reach USD 4-5 billion by 2030. Businesses are shifting from ownership to leasing due to lower upfront costs, reduced total cost of ownership, and mitigated technological risks. This transition not only improves operational efficiency but also contributes to a cleaner environment by reducing emissions.",2024-12-04 12:17:25,https://img.etimg.com/photo/70659308.cms,economictimes_indiatimes,1.1363299660866711e-10,51,106,270,11,135
1575,Newsdata,https://timesofindia.indiatimes.com/auto/cars/new-honda-amaze-vs-maruti-suzuki-dzire-comparison-engine-features-safety-and-more/articleshow/115971016.cms,"New Honda Amaze vs Maruti Suzuki Dzire comparison: Engine, features, safety and more","Honda launched the third-generation Amaze in India, boasting a redesigned exterior, upgraded features, and enhanced safety. It rivals the Maruti Suzuki Dzire with a similar engine but offers a more advanced ADAS suite. While the Amaze packs premium features, the Dzire retains a pricing advantage.",2024-12-04 11:00:30,"https://static.toiimg.com/thumb/msid-115972218,width-1070,height-580,imgsize-32374,resizemode-75,overlay-toi_sw,pt-32,y_pad-40/photo.jpg",toi,9.472425392121754e-31,21,52,248,6,57
1576,Newsdata,https://theprint.in/environment/which-countries-have-completed-debt-swaps-for-nature-and-climate/2387629/,Which countries have completed debt swaps for nature and climate,"By Virginia Furness LONDON (Reuters) -Debt swaps are becoming a more widely used tool to help indebted countries raise money for conservation or climate-related projects. Under a swap, a country buys",2024-12-04 16:17:47,https://static.theprint.in/wp-content/uploads/2024/12/Which_248-696x425.jpg,theprint,1.502647082950808e-19,21,53,267,12,98
1577,Newsdata,https://theprint.in/environment/soy-traders-eye-changes-to-ban-on-buying-from-deforested-amazon-guardian-reports/2387789/,"Soy traders eye changes to ban on buying from deforested Amazon, Guardian reports","SAO PAULO (Reuters) - Multinational grain traders operating in Brazil will vote next week on changes that could weaken an agreement to not buy soybeans from deforested areas of the Amazon rainforest,",2024-12-04 18:15:57,https://static.theprint.in/wp-content/uploads/2024/12/Soy_259-696x464.jpg,theprint,2.108678527849324e-17,16,23,177,10,76
1578,Newsdata,https://timesofindia.indiatimes.com/city/surat/closure-order-for-detox-india-after-fatal-explosion-claims-four-lives/articleshow/115981566.cms,Detox india ordered to shut down after fatal explosion,,2024-12-04 18:14:51,"https://static.toiimg.com/thumb/msid-47529300,imgsize-110164,width-400,height-225,resizemode-72/47529300.jpg",toi,0.0047177010349635186,5,9,80,8,32
1579,Newsdata,https://economictimes.indiatimes.com/industry/renewables/power-regulator-questions-transfer-of-azures-2333-mw-share-to-agel/articleshow/115981543.cms,"Power regulator questions transfer of Azure's 2,333 MW share to Adani Green Energy Limited","India's power regulator is examining a capacity transfer in a major solar project. Azure Power was initially awarded 2,333 MW, but this was shifted to Adani Green. The regulator is investigating if this transfer complies with the original agreement. The project's commissioning date is September 2026. A key clause appears to prohibit such transfers before commissioning.",2024-12-04 18:14:02,"https://img.etimg.com/thumb/msid-115981848,width-1200,height-630,imgsize-240168,overlay-economictimes/articleshow.jpg",economictimes_indiatimes,1.180905361566553e-21,18,37,157,6,68
1580,Newsdata,https://economictimes.indiatimes.com/industry/renewables/seci-took-sgs-legal-nod-before-moving-power-project-to-adani/articleshow/115981541.cms,SECI took SG's legal nod before moving power project to Adani,"Azure Power's unexpected withdrawal from a 2333 MW power project prompted the Andhra Pradesh government to request its continuation. Following the state's request and the Solicitor General's approval, the Solar Energy Corporation of India (SECI) decided to transfer the project to the Adani Group, bypassing a fresh tender process.",2024-12-04 18:13:52,"https://img.etimg.com/thumb/msid-115981601,width-1200,height-630,imgsize-459840,overlay-economictimes/articleshow.jpg",economictimes_indiatimes,6.516521070980363e-12,11,31,184,14,99
1581,Newsdata,https://timesofindia.indiatimes.com/city/surat/demand-for-star-melee-natural-diamonds-surges-amid-market-slowdown/articleshow/115981485.cms,Star melee natural diamonds shine in dull market,,2024-12-04 18:11:30,"https://static.toiimg.com/thumb/msid-115981477,width-1070,height-580,imgsize-26214,resizemode-75,overlay-toi_sw,pt-32,y_pad-40/photo.jpg",toi,7.875088274725339e-05,13,57,110,11,49
1582,Newsdata,https://timesofindia.indiatimes.com/city/surat/surat-businessman-loses-rs-211-crore-in-chaniya-choli-scam/articleshow/115981318.cms,Garment business owner cheated of Rs 2.11cr in chaniya-choli deal,,2024-12-04 17:59:27,"https://static.toiimg.com/thumb/msid-47529300,imgsize-110164,width-400,height-225,resizemode-72/47529300.jpg",toi,0.9805110422414669,11,12,98,12,39
1583,Newsdata,https://timesofindia.indiatimes.com/city/surat/de-beers-slashes-rough-diamond-prices-by-10-15-amid-market-stabilization-efforts/articleshow/115981311.cms,De Beers cuts rough diamond prices by 10-15%,,2024-12-04 17:59:19,"https://static.toiimg.com/thumb/msid-47529300,imgsize-110164,width-400,height-225,resizemode-72/47529300.jpg",toi,4.9266378458933354e-54,2,12,36,1,27
1584,Newsdata,https://timesofindia.indiatimes.com/city/surat/shocking-details-emerge-in-bjp-leader-dipika-patels-suicide-case/articleshow/115981313.cms,Councillor’s second phone to be seized over BJP member’s suicide,,2024-12-04 17:59:19,"https://static.toiimg.com/thumb/msid-115981309,imgsize-29556,width-400,height-225,resizemode-72/115981309.jpg",toi,0.9825105784696672,22,36,192,42,125
1585,Newsdata,https://timesofindia.indiatimes.com/city/surat/maruti-impex-suspends-diamond-operations-amid-market-uncertainty/articleshow/115981310.cms,Diamond company suspends operations,,2024-12-04 17:59:18,"https://static.toiimg.com/thumb/msid-47529300,imgsize-110164,width-400,height-225,resizemode-72/47529300.jpg",toi,3.0206865363661803e-12,6,16,81,6,42
1586,Newsdata,https://theprint.in/environment/north-carolina-town-files-lawsuit-against-duke-energy-over-climate-crisis/2387718/,North Carolina town files lawsuit against Duke Energy over climate crisis,"(Reuters) - A town in North Carolina sued utility firm Duke Energy on Wednesday, accusing the company of deceiving its customers and the broader public about the harms of climate change. The town of",2024-12-04 17:16:51,https://static.theprint.in/wp-content/uploads/2024/12/North_104-696x418.jpg,theprint,9.902604651509153e-09,3,14,110,8,32
1587,Newsdata,https://www.deccanchronicle.com/southern-states/andhra-pradesh/lambasingi-viewpoint-temporarily-closed-due-to-safety-concerns-1844156,Lambasingi viewpoint temporarily closed due to safety concerns,,2024-12-04 22:44:46,https://s3.ap-southeast-1.amazonaws.com/images.deccanchronicle.com/dc-Cover-300md5hho1d5b4dti781qf2u56-20231217025320.Medi.jpeg,deccanchronicle,0.9999993911073625,8,19,79,0,33
1588,Newsdata,https://theprint.in/environment/soy-traders-push-to-weaken-ban-on-buying-from-deforested-amazon/2387899/,Soy traders push to weaken ban on buying from deforested Amazon,"SAO PAULO (Reuters) -Multinational grains traders operating in Brazil are seeking to weaken an agreement that forbids buying soybeans from farms on deforested land in the Amazon rainforest,",2024-12-04 21:16:02,https://static.theprint.in/wp-content/uploads/2024/12/Soy_598-696x464.jpg,theprint,2.154853142359422e-13,16,30,219,15,100
1589,Newsdata,https://www.prnewswire.com/apac/news-releases/pln-invites-green-startups-in-asias-to-join-forces-for-regional-energy-transformation-302324473.html,PLN Invites Green Startups in Asia's to Join Forces for Regional Energy Transformation,"JAKARTA, Indonesia, Dec. 6, 2024 /PRNewswire/ -- Indonesia's state-owned power company, PT PLN (Persero), is calling on startups across Asia to collaborate in driving sustainable energy innovation through its Connext Powered by PLN program. The program supports PLN's transformation into a...",2024-12-06 00:39:00,https://mma.prnewswire.com/media/2573177/94_1009.jpg?p=original,prnewswire_apac,4.664926218195582e-21,5,33,165,5,47
1590,Newsdata,https://timesofindia.indiatimes.com/city/surat/surat-diamond-units-resume-operations-post-diwali-amidst-economic-slowdown/articleshow/116019219.cms,Diamond units gradually resuming ops after Diwali break,,2024-12-05 18:38:28,"https://static.toiimg.com/thumb/msid-47529300,width-1070,height-580,imgsize-110164,resizemode-75,overlay-toi_sw,pt-32,y_pad-40/photo.jpg",toi,1.649015362107691e-23,17,25,103,5,64
1591,Newsdata,https://timesofindia.indiatimes.com/city/surat/massive-fake-medical-degree-scam-uncovered-20-year-operation-busted-in-surat/articleshow/116018440.cms,Fake medical degree racket thriving for 20 years busted,,2024-12-05 18:26:42,"https://static.toiimg.com/thumb/msid-116018438,width-1070,height-580,imgsize-70426,resizemode-75,overlay-toi_sw,pt-32,y_pad-40/photo.jpg",toi,4.6426938734002394e-14,15,44,292,17,106
1592,Newsdata,https://timesofindia.indiatimes.com/city/surat/svnit-scientist-dr-dilay-parmar-showcases-research-at-brics-2024-young-scientist-forum/articleshow/116018418.cms,SVNIT scientist represents India at Brics 2024 forum,,2024-12-05 18:26:18,"https://static.toiimg.com/thumb/msid-47529300,width-1070,height-580,imgsize-110164,resizemode-75,overlay-toi_sw,pt-32,y_pad-40/photo.jpg",toi,2.2015863756062767e-07,2,17,113,9,24
1593,Newsdata,https://timesofindia.indiatimes.com/city/surat/gjepc-receives-1200-applications-for-financial-aid-supporting-diamond-artisans-childrens-education/articleshow/116017380.cms,"GJEPC receives 1,200 forms seeking help",,2024-12-05 17:26:20,"https://static.toiimg.com/thumb/msid-47529300,imgsize-110164,width-400,height-225,resizemode-72/47529300.jpg",toi,0.0002841208864787451,2,11,96,11,40
1594,Newsdata,https://www.deccanchronicle.com/entertainment/bollywood/pushpa-2-the-rule-highest-grossinghindimovie-1844666,Pushpa 2 Nizam Collections Create Record,The film raked in a staggering Rs 294 crores gross worldwide on its opening day,2024-12-06 14:40:59,https://www.deccanchronicle.com/h-upload/2024/12/06/1869904-untitleddesign-2024-12-06t200857280.webp,deccanchronicle,2.8810331181370857e-14,5,24,79,4,31
1595,Newsdata,https://www.deccanchronicle.com/southern-states/karnataka/kalaburagi-student-dies-by-suicide-after-rs-80-lakh-loss-in-online-gaming-1844665,Kalaburagi Student Dies by Suicide After Rs 80 Lakh Loss in Online Gaming,"The deceased, identified as Somnath Chidri, a final-year student, was found hanging from a tree near the Veerashaiva Hostel, according to sources. Somnath is from an agrarian family",2024-12-06 14:34:32,https://www.deccanchronicle.com/h-upload/2024/02/12/1857273-death.webp,deccanchronicle,0.19119126063793795,5,14,50,9,33
1596,Newsdata,https://theprint.in/environment/dutch-airport-schiphol-capped-at-478000-flights-per-year-to-reduce-noise/2391797/,"Dutch airport Schiphol capped at 478,000 flights per year to reduce noise","By Bart Meijer AMSTERDAM (Reuters) - Amsterdam Schiphol airport's total flight capacity will be lowered by 4% next year in an effort to cut noise pollution, the Dutch government said on Friday.",2024-12-06 14:31:24,https://static.theprint.in/wp-content/uploads/2024/12/Dutch_908-696x464.jpg,theprint,3.1060691740984765e-10,5,22,114,8,61
1597,Newsdata,https://www.thehindu.com/news/cities/Coimbatore/coimbatore-school-documents-75-bird-species-at-its-campus-in-mudalipalayam/article68950891.ece,Coimbatore school documents 75 bird species at its campus in Mudalipalayam,Students and teachers at Yellow Train School often set out on birding sessions in and around their campus,2024-12-06 12:09:55,https://th-i.thgim.com/public/life-and-style/hho8ra/article68950947.ece/alternates/LANDSCAPE_1200/06mpChildren.JPG,thehindu,0.9999709965329873,20,20,142,35,82
1598,Newsdata,http://economictimes.indiatimes.com/industry/renewables/tata-power-aims-60-increase-in-revenue-and-doubling-profit-by-2030-ceo/articleshow/116044444.cms,Tata Power aims 60% increase in revenue and doubling profit by 2030: CEO,"Tata Power plans a Rs 1.46 lakh crore investment to double its operational capacity to 32 GW by 2030, focusing on renewables. The company aims to increase transmission line and distribution reach significantly. A new 4.3 GW cell and module plant in Tamil Nadu supports this expansion, boosting domestic solar production.",2024-12-06 11:01:13,"https://img.etimg.com/thumb/msid-116044480,width-1200,height-630,imgsize-5280,overlay-economictimes/articleshow.jpg",economictimes_indiatimes,1.5612777208974725e-05,17,56,219,18,101
1599,Newsdata,https://timesofindia.indiatimes.com/city/surat/husband-arrested-for-abetting-wifes-suicide-over-dowry-demands-in-surat/articleshow/116054781.cms,Man booked for driving wife to suicide over dowry,,2024-12-06 18:32:18,"https://static.toiimg.com/thumb/msid-47529300,imgsize-110164,width-400,height-225,resizemode-72/47529300.jpg",toi,0.9999999365797547,4,6,57,13,26
1600,Newsdata,https://timesofindia.indiatimes.com/city/surat/surat-police-uncovers-alarming-fire-safety-violations-in-gyms-and-spas/articleshow/116054735.cms,"Police survey finds widespread fire safety violations at gyms, spas",,2024-12-06 18:29:51,"https://static.toiimg.com/thumb/msid-47529300,imgsize-110164,width-400,height-225,resizemode-72/47529300.jpg",toi,8.821829960290617e-29,15,19,161,7,69
1601,Newsdata,https://timesofindia.indiatimes.com/city/surat/surat-municipal-corporation-forms-committee-to-optimize-revenue-and-expenditure/articleshow/116054727.cms,SMC forms panel to keep revenue expenditure under check,,2024-12-06 18:29:29,"https://static.toiimg.com/thumb/msid-116054723,imgsize-56336,width-400,height-225,resizemode-72/116054723.jpg",toi,5.662176910749046e-23,10,34,172,10,82
1602,Newsdata,https://timesofindia.indiatimes.com/city/surat/surat-police-uncover-20-year-old-fake-degree-racket-investigate-finances-of-masterminds/articleshow/116054728.cms,Fake degrees racket: Cops to probe bank accounts of masterminds,,2024-12-06 18:29:28,"https://static.toiimg.com/thumb/msid-47529300,imgsize-110164,width-400,height-225,resizemode-72/47529300.jpg",toi,0.592470438960613,13,14,96,15,51
1603,Newsdata,https://timesofindia.indiatimes.com/city/surat/tragic-live-video-call-woman-dies-by-suicide-amid-suspicions-of-infidelity/articleshow/116054719.cms,Woman commits suicide on video call with husband,,2024-12-06 18:29:19,"https://static.toiimg.com/thumb/msid-47529300,imgsize-110164,width-400,height-225,resizemode-72/47529300.jpg",toi,0.9999966418708169,5,5,55,12,29
1604,Newsdata,https://timesofindia.indiatimes.com/city/surat/surat-diamond-bourse-leaders-urge-traders-to-transition-to-new-offices/articleshow/116054720.cms,SDB office-bearers urge traders to start ops from new bldg,,2024-12-06 18:29:19,"https://static.toiimg.com/thumb/msid-116054717,imgsize-49362,width-400,height-225,resizemode-72/116054717.jpg",toi,2.2259568568409025e-158,6,18,183,2,60
1605,Newsdata,https://www.deccanchronicle.com/nation/govt-connecting-ne-with-trinity-of-emotion-economy-ecology-modi-1844685,"Govt connecting NE with trinity of Emotion, Economy, Ecology: Modi","Says BJP-led govt worked tirelessly to bridge gap between Delhi, NE",2024-12-06 17:12:55,https://www.deccanchronicle.com/h-upload/2024/12/06/1869926-modi.webp,deccanchronicle,6.000667135364351e-07,20,55,204,20,109
1606,Newsdata,https://timesofindia.indiatimes.com/city/surat/four-members-of-lawrence-godara-gang-arrested-at-kamrej-toll-plaza/articleshow/116053088.cms,Four of Lawrence-Godara gang caught at Kamrej,,2024-12-06 16:53:23,"https://static.toiimg.com/thumb/msid-47529300,width-1070,height-580,imgsize-110164,resizemode-75,overlay-toi_sw,pt-32,y_pad-40/photo.jpg",toi,4.4136285584844116e-11,0,11,70,6,26
1607,Newsdata,https://www.deccanchronicle.com/southern-states/telangana/car-plunges-into-pond-in-yadadri-bhongir-five-dead-1844769,Car Plunges Into Pond in Yadadri Bhongir; Five Dead,,2024-12-07 03:05:18,https://www.deccanchronicle.com/h-upload/2024/12/07/1870016-caraccident.webp,deccanchronicle,2.0641225227884377e-22,2,2,50,3,26
1608,Newsdata,https://www.deccanchronicle.com/world/asia/south-korean-president-apologizes-saying-he-wont-shirk-responsibility-for-attempt-at-martial-law-1844768,"South Korean president apologizes, saying he won't shirk responsibility for attempt at martial law",,2024-12-07 02:49:49,https://www.deccanchronicle.com/h-upload/2024/12/07/1870015-new.webp,deccanchronicle,0.00017933604379167666,18,57,225,24,130
1609,Newsdata,https://timesofindia.indiatimes.com/home/environment/france-urges-top-un-court-to-clarify-international-climate-law/articleshow/116071075.cms,France urges top UN court to 'clarify' international climate law,"France on Thursday urged the United Nations top court to ""clarify"" international law relating to the fight against climate change, saying judges had a ""unique opportunity"" to provide a clear legal framework. ""France is convinced that these advisory proceedings provide a unique opportunity for the court to contribute to identifying and clarifying international law in regard to the fight against climate change,"" said Diego Colas, the country's representative.",2024-12-07 08:41:37,"https://static.toiimg.com/thumb/msid-116071137,imgsize-313034,width-400,resizemode-4/116071137.jpg",toi,2.2058088911128345e-33,4,31,89,3,49
1610,Newsdata,https://timesofindia.indiatimes.com/city/hyderabad/one-third-of-pesticides-in-india-classified-as-highly-hazardous-experts-warn/articleshow/116085501.cms,‘1/3rd of registered pesticides in India hazardous’,,2024-12-07 18:35:20,"https://static.toiimg.com/thumb/msid-116085495,imgsize-41424,width-400,height-225,resizemode-72/116085495.jpg",toi,2.49936466754953e-10,12,34,134,9,51
1611,Newsdata,https://timesofindia.indiatimes.com/city/surat/surat-credai-opposes-increased-jantri-rates-warns-of-harm-to-real-estate-sector/articleshow/116085262.cms,Surat Credai raises objections to new jantri rates,,2024-12-07 18:21:02,"https://static.toiimg.com/photo/msid-116085262,imgsize-.cms",toi,3.1158427031252055e-18,14,28,108,7,73
1612,Newsdata,https://timesofindia.indiatimes.com/city/surat/surat-airport-work-delays-union-minister-warns-of-punitive-action/articleshow/116085220.cms,Delay in airport work will invite punitive action: Paatil,,2024-12-07 18:17:51,"https://static.toiimg.com/thumb/msid-116085216,imgsize-35342,width-400,height-225,resizemode-72/116085216.jpg",toi,1.3199765741993056e-37,7,20,106,4,55
1613,Newsdata,https://timesofindia.indiatimes.com/city/surat/city-bus-drivers-strike-in-solidarity-after-colleagues-arrest-for-fatal-accident/articleshow/116085203.cms,"City bus drivers strike work, show solidarity with colleague",,2024-12-07 18:17:29,"https://static.toiimg.com/thumb/msid-47529300,imgsize-110164,width-400,height-225,resizemode-72/47529300.jpg",toi,7.134435589530209e-09,6,23,106,10,59
1614,Newsdata,https://timesofindia.indiatimes.com/city/surat/tragic-death-of-medico-dr-miraj-shah-sparks-offers-from-top-universities/articleshow/116085163.cms,"Offers from top institutes flood in, but after medico’s death",,2024-12-07 18:15:07,"https://static.toiimg.com/thumb/msid-47529300,imgsize-110164,width-400,height-225,resizemode-72/47529300.jpg",toi,0.9999995895688555,8,10,76,16,24
1615,Newsdata,https://www.thehindu.com/sci-tech/energy-and-environment/why-cant-the-world-agree-on-a-plastic-ban/article68959805.ece,Why can’t the world agree on a plastic ban?,How much plastic waste is produced now? What is the most common type of plastic waste found in the environment? Why are several countries averse to tackling plastic pollution? Why did talks fail at Busan? Is another round of negotiations likely?,2024-12-07 20:51:00,https://th-i.thgim.com/public/incoming/nq4zk2/article68959965.ece/alternates/LANDSCAPE_1200/AFP__20241201__36NW6J9__v1__HighRes__SkoreaEnvironmentUnPlastic.jpg,thehindu,4.965695976436107e-11,40,105,361,23,186
1616,Newsdata,https://www.deccanchronicle.com/nation/us-rejects-bjps-allegations-of-collusion-in-adani-probe-1845152,US Rejects BJP’s Allegations of Collusion in Adani Probe,,2024-12-08 11:33:18,https://www.deccanchronicle.com/h-upload/2024/07/10/1822941-indiausflag.webp,deccanchronicle,1.877679770841538e-13,19,76,255,14,104
1617,Newsdata,https://www.deccanchronicle.com/southern-states/kerala/kerala-bags-two-national-panchayat-awards-1845151,Kerala bags two National Panchayat Awards,,2024-12-08 11:32:45,https://www.deccanchronicle.com/h-upload/2024/12/08/1870438-untitleddesign2.webp,deccanchronicle,5.312148211522723e-22,2,5,67,3,18
1618,Newsdata,https://www.deccanchronicle.com/nation/68-year-old-woman-chased-bitten-by-stray-dogs-in-thane-1845149,"68-year-old woman chased, bitten by stray dogs in Thane",,2024-12-08 11:25:28,https://www.deccanchronicle.com/h-upload/2024/09/28/1846335-dogs.webp,deccanchronicle,0.007284116625514703,10,22,79,10,54
1619,Newsdata,https://www.deccanchronicle.com/nation/tantrik-dies-in-gujarat-polices-custody-officials-claim-he-committed-12-murders-1845147,Tantrik Dies in Gujarat Police Custody; Accused of 12 Murders,,2024-12-08 11:19:48,https://www.deccanchronicle.com/h-upload/2024/09/28/1846369-crime.webp,deccanchronicle,0.9957580330991022,10,14,135,25,92
1620,Newsdata,https://economictimes.indiatimes.com/industry/renewables/smoke-emanates-from-electric-scooter-bajaj-auto-says-incident-being-probed/articleshow/116104612.cms,"Smoke emanates from electric scooter, Bajaj Auto says incident being probed","An electric scooter, possibly a Bajaj Chetak, emitted smoke at a traffic signal in Chhatrapati Sambhajinagar, prompting a fire brigade response. The scooter's owners, two farmers, noticed the smoke while waiting at the signal. Bajaj Auto confirmed awareness of the incident and is investigating. Local authorities claimed no record of the event.",2024-12-08 10:29:49,"https://img.etimg.com/thumb/msid-116104671,width-1200,height-630,imgsize-1748746,overlay-economictimes/articleshow.jpg",economictimes_indiatimes,1.3412364607822246e-06,9,12,97,8,54
1621,Newsdata,https://www.deccanchronicle.com/southern-states/andhra-pradesh/visakhapatnam-hosts-exhibition-on-7-decades-a-silent-refugee-crisis-1845205,"Visakhapatnam Hosts Exhibition on ""7 Decades: A Silent Refugee Crisis""",,2024-12-08 16:34:48,https://www.deccanchronicle.com/h-upload/2024/12/08/1870499-commissioner.webp,deccanchronicle,1.8114190223898624e-05,2,19,73,6,33
1622,Newsdata,https://www.deccanchronicle.com/southern-states/andhra-pradesh/anantapur-mp-seeks-st-status-for-boya-community-1845204,Anantapur MP Seeks ST Status for Boya Community,,2024-12-08 16:32:48,https://www.deccanchronicle.com/h-upload/2024/12/08/1870497-img-20241208-wa0012.webp,deccanchronicle,3.2345878748736654e-09,1,8,64,5,23
1623,Newsdata,https://www.deccanchronicle.com/southern-states/telangana/hyderabad-to-get-h-citi-upgrade-with-new-infra-projects-1845203,Hyderabad to get H-CITI upgrade with new infra projects,"This project is proposed to be taken up in a phased-manner based on the availability and sanction of funds. Under the phase-I, 38 works are proposed to be taken up at an estimated cost of Rs 7,032 crore. These include 19 flyover projects and six road widening projects",2024-12-08 16:29:30,https://www.deccanchronicle.com/h-upload/2024/12/08/1870496-screenshot20241208175641drive.webp,deccanchronicle,0.9999999958696129,5,24,123,0,45
1624,Newsdata,https://www.deccanchronicle.com/southern-states/karnataka/karnataka-shivakumar-hails-sandur-by-election-win-as-2028-prelude-1845202,Karnataka: Shivakumar Hails Sandur By-Election Win as 2028 Prelude,,2024-12-08 16:26:26,https://www.deccanchronicle.com/h-upload/2024/12/08/1870495-08-12-mgl-dk.webp,deccanchronicle,0.8297742621521434,11,11,109,16,51
1625,Newsdata,https://www.deccanchronicle.com/southern-states/andhra-pradesh/ap-thousands-throng-ross-hill-church-for-annual-mary-matha-feast-1845201,AP: Thousands throng Ross Hill Church for annual Mary Matha feast,,2024-12-08 16:21:41,https://www.deccanchronicle.com/h-upload/2024/12/08/1870494-8kmk11.webp,deccanchronicle,1.5096896665162938e-47,4,15,95,2,23
1626,Newsdata,https://timesofindia.indiatimes.com/city/surat/marriage-fraud-scheme-in-surat-8-arrested-in-247-lakh-scam/articleshow/116112284.cms,Cops book 8 in marriage fraud,,2024-12-08 17:32:18,"https://static.toiimg.com/thumb/msid-47529300,imgsize-110164,width-400,height-225,resizemode-72/47529300.jpg",toi,0.9908672440910772,7,16,178,29,83
1627,Newsdata,https://timesofindia.indiatimes.com/city/surat/pasa-act-enforced-against-cyber-criminals-and-sexual-offenders-in-surat/articleshow/116112178.cms,CP invokes PASA against 2 cyber offenders,,2024-12-08 17:23:18,"https://static.toiimg.com/thumb/msid-47529300,imgsize-110164,width-400,height-225,resizemode-72/47529300.jpg",toi,8.419844921407247e-46,4,11,70,2,26
1628,Newsdata,https://www.deccanchronicle.com/southern-states/andhra-pradesh/andhra-pradesh-minister-intiaties-save-the-girl-child-2k-run-on-december-15-1845210,Andhra Pradesh minister intiaties 'Save the Girl Child' 2K run on December 15,,2024-12-08 16:49:31,https://www.deccanchronicle.com/h-upload/2024/12/08/1870507-4.webp,deccanchronicle,0.00022266878925733638,3,12,74,8,29
1629,Newsdata,https://www.deccanchronicle.com/southern-states/andhra-pradesh/efforts-of-ap-and-telangana-in-energy-efficiency-and-energy-saving-hailed-1845209,Efforts of AP and Telangana in energy efficiency and energy saving hailed,"The occasion was the upcoming National Energy Conservation Week, scheduled from Dec 14 to 20. BEE secretary, Milind Deore, urged states to formulate specific action plans tailored to their unique conditions, ensuring effective implementation of energy conservation measures",2024-12-08 16:45:39,https://www.deccanchronicle.com/h-upload/2024/12/08/1870506-energy.webp,deccanchronicle,3.786475383448867e-21,4,29,118,5,45
1630,Newsdata,https://www.deccanchronicle.com/southern-states/andhra-pradesh/ap-fire-dept-chief-addresses-corruption-claims-1845208,AP Fire Dept Chief Addresses Corruption Claims,,2024-12-08 16:43:38,https://www.deccanchronicle.com/h-upload/2024/12/08/1870505-pratapmadireddyips.webp,deccanchronicle,0.9979623541483844,9,23,93,24,54
1631,Newsdata,https://www.deccanchronicle.com/southern-states/telangana/bjp-brs-obsessed-with-defaming-congress-seethakka-1845206,"BJP, BRS obsessed with defaming Congress: Seethakka",,2024-12-08 16:39:04,https://www.deccanchronicle.com/h-upload/2024/12/08/1870500-8-puli-3.webp,deccanchronicle,0.9999274312092317,9,9,77,14,42
1632,Newsdata,https://timesofindia.indiatimes.com/city/surat/tragic-double-suicide-of-father-and-son-over-financial-struggles-in-bharuch/articleshow/116112282.cms,"Kamrej man, son end life near Jhagadia",,2024-12-08 17:32:18,"https://static.toiimg.com/thumb/msid-47529300,imgsize-110164,width-400,height-225,resizemode-72/47529300.jpg",toi,0.0970032042552353,6,9,62,9,33
1633,Newsdata,http://economictimes.indiatimes.com/industry/renewables/adanis-troubles-may-give-india-inc-a-breather/articleshow/116119687.cms,Adani’s troubles may give India Inc. a breather,"Gautam Adani, facing US bribery charges, sees his vast empire-building challenged. Rivals in cement and energy anticipate shifts in the competitive landscape. The case may slow Adani's expansion, impacting India's solar industry and potentially reshaping power distribution models.",2024-12-09 00:49:55,"https://img.etimg.com/thumb/width-1200,height-900,imgsize-82908,resizemode-75,msid-116119687/industry/renewables/adanis-troubles-may-give-india-inc-a-breather.jpg",economictimes_indiatimes,4.7505787847488786e-07,35,95,336,26,181
1634,Newsdata,https://theprint.in/environment/2024-will-be-the-hottest-year-on-record-eu-scientists-say/2394176/,"2024 will be the hottest year on record, high temperatures to persist, say EU scientists",Scientists are also monitoring whether the La Nina weather pattern—which involves the cooling of ocean surface temperatures—could form in 2025.,2024-12-09 03:16:11,https://static.theprint.in/wp-content/uploads/2024/12/dried-sunflowers-global-warming-reuters-696x392.png,theprint,1.0159999634190811e-36,14,54,172,4,79
1635,Newsdata,https://www.deccanchronicle.com/southern-states/telangana/asha-worker-slaps-police-officer-during-protest-in-hyderabad-1845469,ASHA Worker Slaps Police Officer During Protest in Hyderabad,,2024-12-09 16:37:09,https://www.deccanchronicle.com/h-upload/2024/12/09/1870846-gewfjkvbwaergbp.webp,deccanchronicle,0.005423671425009844,12,17,113,14,61
1636,Newsdata,https://www.deccanchronicle.com/nation/current-affairs/mamata-hits-back-at-bangladesh-leaders-over-bengal-bihar-odisha-claim-1845464,"Mamata Hits Back at Bangladesh Leaders Over Bengal, Bihar, Odisha Claim",,2024-12-09 16:29:46,https://www.deccanchronicle.com/h-upload/2024/05/01/1087136-mamatabanerjee.webp,deccanchronicle,0.996386071226539,21,21,107,26,73
1637,Newsdata,https://www.deccanchronicle.com/southern-states/karnataka/lingayat-panchamasali-protest-demands-2a-reservation-clarity-1845463,Lingayat Panchamasali Protest Demands 2A Reservation Clarity,,2024-12-09 16:28:40,https://www.deccanchronicle.com/h-upload/2024/12/09/1870828-ani-20230113150916.webp,deccanchronicle,0.033026289292615196,4,4,73,8,34
1638,Newsdata,http://economictimes.indiatimes.com/industry/renewables/2000-mw-solar-park-to-be-developed-in-rajasthan-pralhad-joshi/articleshow/116146656.cms,2000 MW solar park to be developed in Rajasthan: Pralhad Joshi,"Union Minister Pralhad Joshi announced a 2,000 MW solar park project in Rajasthan with 30% central funding. The project supports Rajasthan's goal of 125 GW renewable energy capacity by 2030, contributing to India's national 500 GW target. Joshi urged Rajasthan to accelerate green initiatives like PM Surya Ghar and the Green Hydrogen Policy.",2024-12-09 16:10:49,"https://img.etimg.com/thumb/width-1200,height-900,imgsize-16342,resizemode-75,msid-116146656/industry/renewables/2000-mw-solar-park-to-be-developed-in-rajasthan-pralhad-joshi.jpg",economictimes_indiatimes,9.423013612180406e-10,9,24,106,6,42
1639,Newsdata,https://www.prnewswire.com/apac/news-releases/protection-of-marine-ecological-environment-and-sustainable-development-of-marine-fisheries-302326258.html,Protection of Marine Ecological Environment and Sustainable Development of Marine Fisheries,"SANYA, China, Dec. 9, 2024 /PRNewswire/ -- On the 5th Symposium on Global Maritime Cooperation and Ocean Governance, which was held by Huayang Center for Maritime Cooperation and Ocean Governance,National Institute for South China Sea Studies, China Oceanic Development Foundation and...",2024-12-09 14:51:00,https://mma.prnewswire.com/media/2576506/20241209213955.jpg?p=original,prnewswire_apac,2.845093106379069e-44,4,33,181,4,46
1640,Newsdata,https://www.thehindu.com/news/national/sc-moots-agency-to-enhance-delhi-green-cover/article68965552.ece,SC moots agency to enhance Delhi green cover,"Bench says, “We permit the amicus to suggest names of the agencies which will be able to take up this task”",2024-12-09 14:10:26,https://th-i.thgim.com/public/incoming/3tdn2/article68930565.ece/alternates/LANDSCAPE_1200/IMG_DOCTORS_PROTEST_SC_H_2_1_Q7DL38VQ.jpg,thehindu,1.5986073854143612e-18,3,18,75,4,38
1641,Newsdata,http://economictimes.indiatimes.com/industry/renewables/wind-power-companies-want-government-push-for-utilities-to-go-green-stress-on-rpo-targets/articleshow/116148534.cms,"Wind power companies want government push for utilities to go green, Stress on RPO targets","India's wind power sector seeks government support to achieve 110 GW capacity by 2030. The industry proposes stronger renewable energy purchase obligations and extended transmission fee waivers. Over 30 GW of wind projects await power purchase agreements. Faster transmission line development is crucial. The sector added 3,253 MW in FY24, up from 1,110 MW in FY22.",2024-12-09 18:28:24,"https://img.etimg.com/thumb/msid-116148581,width-1200,height-630,imgsize-46166,overlay-economictimes/articleshow.jpg",economictimes_indiatimes,1.4285023998464346e-10,7,25,118,7,45
1642,Newsdata,https://www.deccanchronicle.com/southern-states/tamil-nadu/rumblings-in-dmk-alliance-vck-put-to-an-end-1845494,Rumblings in DMK Alliance & Vck Put to an End,,2024-12-09 17:52:56,https://www.deccanchronicle.com/h-upload/2024/12/09/1870891-screenshot2024-12-09231411.webp,deccanchronicle,0.20191275365204941,18,40,202,23,103
1643,Newsdata,https://www.deccanchronicle.com/southern-states/telangana/government-makes-it-clear-that-no-official-telangana-talli-existed-during-brs-rule-1845492,Government Makes it Clear that No Official Telangana Talli Existed During BRS Rule,,2024-12-09 17:52:36,https://www.deccanchronicle.com/h-upload/2024/12/09/1870878-brs.webp,deccanchronicle,0.05022769052695986,20,16,120,13,65
1644,Newsdata,https://www.deccanchronicle.com/nation/misri-stresses-on-indias-will-to-build-positive-ties-with-bangladesh-1845491,Misri Stresses on India’s Will to Build Positive Ties with Bangladesh,,2024-12-09 17:52:08,https://www.deccanchronicle.com/h-upload/2024/12/09/1870885-ani.webp,deccanchronicle,0.04509080718212427,33,99,325,47,158
1645,Newsdata,https://www.deccanchronicle.com/southern-states/andhra-pradesh/ap-minister-atchannaidu-stresses-development-of-manyam-1845489,AP Minister Atchannaidu Stresses Development of Manyam,,2024-12-09 17:50:58,https://www.deccanchronicle.com/h-upload/2024/12/09/1870895-atchan.webp,deccanchronicle,2.1407454785226635e-33,4,14,119,4,34
1646,Newsdata,https://www.deccanchronicle.com/southern-states/andhra-pradesh/utf-candidate-gopi-murthy-wins-teachers-mlc-bypolls-1845487,UTF candidate Gopi Murthy wins teachers' MLC bypolls,,2024-12-09 17:47:54,https://www.deccanchronicle.com/h-upload/2024/12/09/1870892-district-officer.webp,deccanchronicle,2.4576459746486686e-17,5,10,137,8,46
1647,Newsdata,https://www.deccanchronicle.com/southern-states/telangana/disrespecting-and-distorting-telangana-talli-will-be-a-criminal-offence-cm-revanth-1845486,Disrespecting and Distorting Telangana Talli Will Be a Criminal Offence: CM Revanth,,2024-12-09 17:46:52,https://s3.ap-southeast-1.amazonaws.com/images.deccanchronicle.com/dc-Cover-hgbi7e0ep2ou68ltnsrog9gnh7-20240102070619.Medi.jpeg,deccanchronicle,1.7853842131963437e-07,9,46,294,25,106
1648,Newsdata,https://www.deccanchronicle.com/southern-states/telangana/80-villagers-booked-for-blocking-officials-in-nirmal-protest-1845484,80 Villagers Booked for Blocking Officials in Nirmal Protest,,2024-12-09 17:40:15,https://www.deccanchronicle.com/h-upload/2024/11/07/1860237-revanthreddy.webp,deccanchronicle,1.4335417664607815e-08,5,3,61,5,28
1650,Newsdata,http://economictimes.indiatimes.com/industry/renewables/avaada-group-vows-to-pump-in-1-lakh-crore-in-rajasthan/articleshow/116149396.cms,Avaada Group vows to pump in ₹1 lakh crore in Rajasthan,"Avaada Group pledged over ₹1 lakh crore investment in Rajasthan's renewable energy sector by 2030. Projects include a 1,200 MW pumped storage project, green hydrogen and ammonia ventures, and wind and solar projects. Chairman Vineet Mittal advocated for improved infrastructure and green manufacturing zones to support these ambitious plans, building on the company's existing 10 GW portfolio in the state.",2024-12-09 18:55:20,"https://img.etimg.com/thumb/msid-116149422,width-1200,height-630,imgsize-35406,overlay-economictimes/articleshow.jpg",economictimes_indiatimes,3.365796364423098e-06,5,14,59,4,24
1651,Newsdata,https://theprint.in/environment/chile-regulator-charges-anglo-american-mine-over-environmental-violations/2395675/,Chile regulator charges Anglo American mine over environmental violations,SANTIAGO (Reuters) - Chile's environmental regulator has filed three charges against miner Anglo American's local unit over alleged violations at its El Soldado copper mine in the Valparaiso region.,2024-12-09 21:15:49,https://static.theprint.in/wp-content/uploads/2024/12/Chile_663-696x463.jpg,theprint,4.982217572599983e-10,8,27,126,10,58
1652,Newsdata,https://theprint.in/environment/us-to-offer-minimum-acreage-required-at-alaska-oil-and-gas-auction/2395720/,US to offer minimum acreage required at Alaska oil and gas auction,"(Reuters) -The Biden administration will offer oil and gas drilling leases in Alaska's Arctic National Wildlife Refuge at a sale on Jan. 9, the U.S. Interior Department said on Monday. The agency will",2024-12-10 00:15:49,https://static.theprint.in/wp-content/uploads/2024/12/US_915-696x505.jpg,theprint,3.1646698736098978e-65,7,32,209,4,75
1653,Newsdata,https://timesofindia.indiatimes.com/city/surat/exciting-jewellery-exhibitions-in-surat-catering-to-couples-and-jewellers-ahead-of-wedding-season/articleshow/116183531.cms,Two jewellery exhibitions to be held in city,,2024-12-10 17:42:24,"https://static.toiimg.com/thumb/msid-47529300,width-1070,height-580,imgsize-110164,resizemode-75,overlay-toi_sw,pt-32,y_pad-40/photo.jpg",toi,1.309493348823863e-59,3,18,116,2,52
1654,Newsdata,https://timesofindia.indiatimes.com/city/surat/shocking-cctv-footage-reveals-molestation-of-minor-girls-in-udhna/articleshow/116183420.cms,CCTV captures molestation of girls in Udhna,,2024-12-10 17:39:22,"https://static.toiimg.com/thumb/msid-47529300,imgsize-110164,width-400,height-225,resizemode-72/47529300.jpg",toi,0.9903957991446827,4,6,66,13,42
1655,Newsdata,https://timesofindia.indiatimes.com/city/surat/sarthana-visa-consultancy-scam-jobseekers-duped-of-rs-15-lakhs/articleshow/116183412.cms,Sarthana firm cheats 4 jobseekers out of 15L,,2024-12-10 17:39:16,"https://static.toiimg.com/thumb/msid-47529300,width-1070,height-580,imgsize-110164,resizemode-75,overlay-toi_sw,pt-32,y_pad-40/photo.jpg",toi,0.9999889560228724,11,12,104,21,55
1656,Newsdata,https://timesofindia.indiatimes.com/city/surat/massive-cash-theft-at-dumas-restaurants-over-rs-476-lakh-stolen/articleshow/116183406.cms,4L taken in burglary at tony Dumas restaurants,,2024-12-10 17:39:05,"https://static.toiimg.com/thumb/msid-47529300,width-1070,height-580,imgsize-110164,resizemode-75,overlay-toi_sw,pt-32,y_pad-40/photo.jpg",toi,0.00019594620078797428,7,11,108,12,44
1657,Newsdata,https://theprint.in/environment/monarch-butterfly-may-gain-threatened-species-status-in-us/2397265/,Monarch butterfly may gain threatened species status in US,"(Reuters) - The U.S. Fish and Wildlife Service proposed listing the monarch butterfly as a threatened species on Tuesday, citing a significant decline in the iconic black and orange insects that has",2024-12-10 21:30:22,https://static.theprint.in/wp-content/uploads/2024/12/Monarch_732-696x464.jpg,theprint,2.8064760366044125e-11,5,37,138,10,67
1659,Newsdata,https://www.deccanchronicle.com/news/current-affairs/assam-has-to-learn-from-israel-on-how-to-survive-when-surrounded-by-enemies-himanta-1845849,Assam has to learn from Israel on how to survive when surrounded by enemies: Himanta,,2024-12-11 04:54:33,https://www.deccanchronicle.com/h-upload/2024/12/11/1871318-aa-3573471.webp,deccanchronicle,0.9885421246611267,23,37,150,37,126
1660,Newsdata,https://www.deccanchronicle.com/nation/modi-greets-people-on-gita-jayanti-1845847,Modi greets people on Gita Jayanti,,2024-12-11 04:51:02,https://www.deccanchronicle.com/h-upload/2024/11/24/1865907-modi.webp,deccanchronicle,1.0402137213332115e-41,2,10,50,1,12
1661,Newsdata,https://www.deccanchronicle.com/news/one-killed-22-injured-in-road-accident-in-azamgarh-1845846,"One killed, 22 injured in road accident in Azamgarh",,2024-12-11 04:46:28,https://www.deccanchronicle.com/h-upload/2024/08/23/1863134-road-accident.webp,deccanchronicle,1.716980901122615e-08,5,10,70,6,29
1662,Newsdata,https://theprint.in/environment/ecuador-launches-1-billion-bond-to-fund-amazon-conservation-buyback/2398002/,Ecuador launches $1 billion bond to fund Amazon conservation buyback,"(Reuters) -Ecuador has launched a $1 billion bond to fund a debt buyback aimed at freeing up financing for conservation projects in the Amazon rainforest, IFR reported on Tuesday. The so-called",2024-12-11 11:18:46,https://static.theprint.in/wp-content/uploads/2024/12/Ecuador_370-696x464.jpg,theprint,2.070889940406347e-18,8,20,91,5,48
1663,Newsdata,https://timesofindia.indiatimes.com/city/surat/nagpur-policeman-plants-ammunition-in-bankers-scooter-over-affair/articleshow/116223905.cms,Nagpur cop plants SLR ammo in banker’s scooter,,2024-12-11 18:26:48,"https://static.toiimg.com/thumb/msid-47529300,imgsize-110164,width-400,height-225,resizemode-72/47529300.jpg",toi,0.9989213382063409,18,30,159,36,112
1664,Newsdata,https://timesofindia.indiatimes.com/city/surat/unprecedented-birth-of-seven-otter-pups-at-surat-zoo/articleshow/116225001.cms,Record-breaking otter birth: Seven pups born in Surat zoo,,2024-12-11 18:48:25,"https://static.toiimg.com/thumb/msid-116224993,imgsize-31668,width-400,height-225,resizemode-72/116224993.jpg",toi,0.00022125286788675448,28,56,211,24,119
1665,Newsdata,https://timesofindia.indiatimes.com/city/surat/111-girls-to-unite-in-lifes-journey-at-grand-mass-wedding-in-surat/articleshow/116224974.cms,111 girls to tie knot at mass wedding,,2024-12-11 18:48:09,"https://static.toiimg.com/thumb/msid-47529300,imgsize-110164,width-400,height-225,resizemode-72/47529300.jpg",toi,2.6318258240952384e-29,2,11,78,3,27
1666,Newsdata,https://timesofindia.indiatimes.com/city/surat/beware-fried-foods-are-hazardous-to-migratory-birds-warns-environmentalists/articleshow/116224841.cms,Don’t feed fried foods to migratory birds: Environmentalists,,2024-12-11 18:45:32,"https://static.toiimg.com/thumb/msid-47529300,imgsize-110164,width-400,height-225,resizemode-72/47529300.jpg",toi,8.697403782350014e-06,7,31,172,12,48
1667,Newsdata,https://timesofindia.indiatimes.com/city/surat/surat-laborer-arrested-for-molesting-five-girls-in-shocking-incident/articleshow/116224842.cms,19-yr-old held for molesting five girls in Surat,,2024-12-11 18:45:30,"https://static.toiimg.com/thumb/msid-116224836,imgsize-53052,width-400,height-225,resizemode-72/116224836.jpg",toi,0.9997907267193333,12,24,126,31,78
1668,Newsdata,https://www.deccanchronicle.com/southern-states/telangana/hydraa-to-take-legal-action-against-fake-news-on-social-media-1846362,Hydraa to Take Legal Action Against Fake News on Social Media,,2024-12-12 18:26:42,https://www.deccanchronicle.com/h-upload/2024/12/12/1871949-hydraacommissioneravranganath.webp,deccanchronicle,5.952693851672172e-88,2,4,46,1,24
1669,Newsdata,https://www.deccanchronicle.com/southern-states/telangana/armed-dacoits-rob-jewellers-house-in-hyderabad-1846360,Armed Dacoits Rob Jeweller’s House in Hyderabad,,2024-12-12 18:21:57,https://www.deccanchronicle.com/h-upload/2024/10/25/1862969-gold.webp,deccanchronicle,0.026935666176114353,6,6,86,11,46
1670,Newsdata,https://www.deccanchronicle.com/southern-states/telangana/mohan-babu-discharged-from-hospital-regrets-being-hounded-by-media-1846343,"Mohan Babu Discharged From Hospital, Regrets Being Hounded by Media",Police prioritise locating weapon used in attack,2024-12-12 17:56:10,https://www.deccanchronicle.com/h-upload/2024/12/12/1871929-mohan-babu.webp,deccanchronicle,0.976499809398332,9,11,106,17,64
1671,Newsdata,https://theprint.in/environment/canada-sets-new-45-50-emissions-reduction-goal-for-2035/2400310/,Canada sets new 45–50% emissions reduction goal for 2035,"By Ismail Shakil OTTAWA (Reuters) - Canada will aim to cut emissions by 45–50% below 2005 levels by 2035, the environment ministry announced on Thursday, setting a new transitory target before the",2024-12-12 20:16:56,https://static.theprint.in/wp-content/uploads/2024/12/Canada_317-696x464.jpg,theprint,1.9706754215633554e-12,5,27,132,9,56
1672,Newsdata,https://timesofindia.indiatimes.com/india/what-swachh-ranking-wont-tell-you-about-indores-air-quality/articleshow/116269741.cms,What Swachh ranking won't tell you about Indore's air quality,"Indore, renowned as India's cleanest city, faces a growing air pollution challenge. A 21% surge in PM10 levels since 2017-18 puts it among India's 'non-attainment' cities. Rapid urbanization, industrial growth, and heavy traffic contribute to worsening air quality, with road dust and vehicle emissions identified as primary culprits.",2024-12-13 00:15:24,"https://static.toiimg.com/thumb/msid-116269743,imgsize-956284,width-400,resizemode-4/116269743.jpg",toi,2.606132389193889e-17,33,80,289,13,116
1673,Newsdata,https://economictimes.indiatimes.com/industry/renewables/wardwizard-innovations-expects-30-35-pc-sales-from-electric-three-wheelers/articleshow/116293167.cms,Wardwizard Innovations expects 30-35 pc sales from electric three-wheelers,"Wardwizard unveils new electric two and three-wheelers. The company projects 30-35% of sales from e-three-wheelers. It aims to sell up to 42,000 units this fiscal year. The new high-speed e-scooter Nemo starts at Rs 99,000. New e-rickshaws for passenger and cargo segments are also launched. Wardwizard's current production capacity is 1.20 lakh units for e-two-wheelers and 60,000 for e-three-wheelers.",2024-12-13 13:33:50,"https://img.etimg.com/thumb/msid-116293342,width-1200,height-630,imgsize-33708,overlay-economictimes/articleshow.jpg",economictimes_indiatimes,8.216954007956328e-05,11,41,145,15,54
1674,Newsdata,https://timesofindia.indiatimes.com/auto/cars/kia-syros-teased-again-new-design-details-revealed/articleshow/116292283.cms,Kia Syros teased again: New design details revealed,"At the front, it features vertically stacked cubical-shaped LED headlamps with DRLs similar to what we’ve seen in the new Carnival. On the side, it features a distinctive styling with van like design and it also features a blacked-out C-pillar, creating a seamless, connected appearance between the rear doors and the quarter panel. A few highlights include flush-fitting door handles, squared-off wheel arches and roof rails.",2024-12-13 13:01:01,"https://static.toiimg.com/thumb/msid-116292300,width-1070,height-580,imgsize-280202,resizemode-75,overlay-toi_sw,pt-32,y_pad-40/photo.jpg",toi,4.290295283170726e-06,12,42,128,9,49
1675,Newsdata,https://www.deccanchronicle.com/southern-states/telangana/mughalpura-sports-complex-loses-its-sheen-1846581,Moghalpura Sports Complex loses its sheen,,2024-12-13 17:17:45,https://www.deccanchronicle.com/h-upload/2024/12/13/1872211-moghalpura.webp,deccanchronicle,2.3245411654672473e-05,10,15,100,9,42
1676,Newsdata,https://www.deccanchronicle.com/southern-states/telangana/snake-rescues-surge-in-hyderabad-this-december-1846579,Snake Rescues Surge in Hyderabad This December,,2024-12-13 17:16:35,https://www.deccanchronicle.com/h-upload/2024/12/13/1872209-whatsappimage2024-12-13at64842pm.webp,deccanchronicle,2.3603008415619166e-44,14,20,81,2,45
1677,Newsdata,https://www.deccanchronicle.com/southern-states/telangana/uttam-promises-restoration-of-nizamsagar-project-1846578,Uttam Promises Restoration of Nizamsagar Project,,2024-12-13 17:15:41,https://www.deccanchronicle.com/h-upload/2024/12/13/1872206-uttamkumarreddy.webp,deccanchronicle,7.716473459431224e-20,5,26,177,9,68
1678,Newsdata,https://www.deccanchronicle.com/southern-states/karnataka/govt-has-no-objection-to-panchamasali-communitys-demand-for-quota-siddaramaiah-1846577,Govt has no objection to Panchamasali community's demand for quota: Siddaramaiah,Siddaramaiah said the government cannot remain a silent spectator if people take the law into their own hands and disrupt public order,2024-12-13 17:13:16,https://www.deccanchronicle.com/h-upload/2024/12/13/1872207-13-12-mgl-cm-2.webp,deccanchronicle,0.06797753350915081,11,16,153,20,74
1679,Newsdata,https://www.deccanchronicle.com/southern-states/andhra-pradesh/ttds-ai-to-redefine-devotees-experience-of-tirumala-darshan-1846575,TTD’s AI to redefine devotees’ experience of Tirumala darshan,"The multilayer architecture, including algorithms, is expected to reduce waiting times from 20–30 hours to just 2–3 hours",2024-12-13 17:08:26,https://www.deccanchronicle.com/h-upload/2024/11/22/1865307-ttd.webp,deccanchronicle,6.816016220980807e-22,10,68,233,9,105
1680,Newsdata,https://www.deccanchronicle.com/southern-states/telangana/hyderabad-citys-sporting-grounds-restricted-for-kids-1846574,Hyderabad City’s sporting grounds restricted for kids,,2024-12-13 17:06:49,https://www.deccanchronicle.com/h-upload/2024/12/13/1872201-untitleddesign3.webp,deccanchronicle,3.27799407135355e-08,40,58,276,22,136
1681,Newsdata,https://www.deccanchronicle.com/southern-states/telangana/hyderabad-man-gets-life-sentence-for-murdering-father-1846573,Hyderabad: Man Gets Life Sentence for Murdering Father,,2024-12-13 17:05:46,https://www.deccanchronicle.com/h-upload/2024/11/22/1866512-jail.webp,deccanchronicle,0.9970016400823823,1,6,57,9,26
1682,Newsdata,https://www.deccanchronicle.com/southern-states/andhra-pradesh/tirumala-to-hold-karthika-deepotsavam-on-december-15-1846572,Tirumala to hold Karthika Deepotsavam on December 15,,2024-12-13 17:04:39,https://www.deccanchronicle.com/h-upload/2024/12/13/1872198-4.webp,deccanchronicle,0.9999999999999669,1,10,100,0,33
1683,Newsdata,https://timesofindia.indiatimes.com/city/surat/nov-exports-of-polished-diamonds-plunge-by-40/articleshow/116298558.cms,Nov exports of polished diamonds plunge by 40%,,2024-12-13 18:03:09,"https://static.toiimg.com/thumb/msid-116298557,imgsize-68556,width-400,height-225,resizemode-72/116298557.jpg",toi,0.9999981109911525,15,33,129,0,50
1684,Newsdata,https://timesofindia.indiatimes.com/city/surat/surat-woman-accuses-instagram-friend-of-rape/articleshow/116298555.cms,Surat woman accuses Instagram friend of rape,,2024-12-13 18:03:02,"https://static.toiimg.com/thumb/msid-47529300,width-1070,height-580,imgsize-110164,resizemode-75,overlay-toi_sw,pt-32,y_pad-40/photo.jpg",toi,0.9999999998398446,23,11,128,45,81
