id,apiname,url,title,summary,published,imageurl,source,score,adverb_count,adjective_count,noun_count,pronoun_count,verb_count
1,Gnews,https://www.firstpost.com/explainers/evan-gershkovich-paul-whelan-us-navigate-biggest-prisoner-swap-russia-cold-war-13799927.html,How did US navigate the biggest prisoner swap with Russia since the Cold War?,"It seemed like Mission Impossible. But after years of complex negotiations and high-stakes diplomacy, the US pulled off a seven-nation prisoner swap — the biggest since the Cold War. This exercise has led to freedom for Wall Street Journal reporter Evan Gershkovich and Russian assassin Vadim Krasikov among 24 others",2024-08-02 04:30:36,"https://images.firstpost.com/uploads/2024/08/prisoner1-2024-08-e15dd98ed1c12c35db257dd179a2d3f2.jpg?im=FitAndFill=(1200,675)",Firstpost,0.009939074294926796,48,87,616,69,255
2,Gnews,https://www.news18.com/olympics/india-at-paris-olympics-2024-day-6-wrap-swapnil-kusales-historic-bronze-adds-to-indian-tally-pv-sindhu-satwiksairaj-rankireddy-chirag-shetty-suffer-shocks-8986859.html,"India at Paris Olympics 2024, Day 6 Wrap: Swapnil Kusale's Historic Bronze Adds to Indian Tally; PV Sindhu, Satwiksairaj Rankireddy-Chirag Shetty Suffer Shocks","Kusale added India's third medal at the quadrennial event in Paris on Thursday as he bagged bronze in the Men's 50m Rifle 3 position event, but the nation had to endure the exits of high-profile athletes PV Sindhu, Satwiksairaj Rankireddy, Chirag Shetty and Nikhat Zareen all on the same day.",2024-08-01 20:37:55,https://images.news18.com/ibnlive/uploads/2024/08/copy-of-sports-55-2024-08-7ff10f28d1ef87fef25b924d0caf865e-16x9.jpg?impolicy=website&width=1200&height=675,News18,1.637087357921977e-20,21,63,296,11,94
3,Gnews,https://www.firstpost.com/world/trump-questions-kamala-harris-presidential-race-at-black-journalists-convention-13799396.html,Trump questions Kamala Harris' presidential race at Black Journalists' Convention,"As an undergraduate, Harris attended Howard University, one of the nation’s most prominent historically Black colleges and universities, where she also pledged the historically Black sorority Alpha Kappa Alpha. As a U.S. senator, Harris was a member of Congressional Black Caucus, supporting her colleagues’ legislation aimed at strengthening voting rights and reform policing",2024-07-31 19:15:53,"https://images.firstpost.com/uploads/2024/08/Untitled-design-2024-08-01T004417.781-2024-08-7ed6d8f4c9d482a9d4ff7b8ecb5862b3.jpg?im=FitAndFill=(1200,675)",Firstpost,0.04669885624398844,22,45,163,21,74
4,Gnews,https://www.news18.com/opinion/straight-talk-tragedy-of-indias-students-caught-between-a-failing-education-system-and-cruel-coaching-industry-8985026.html,Tragedy of India's Students: Caught Between a Failing Education System and Cruel Coaching Industry - News18,The unfortunate death of three young students in Delhi’s Rajinder Nagar has brought the nation’s focus to the plight students face.,2024-07-31 07:09:38,https://images.news18.com/ibnlive/uploads/2024/07/untitled-design-4-2024-07-ce31882142752cb7350bc18eb1dd0748-16x9.jpg?impolicy=website&width=1200&height=675,News18,0.0014477277529464526,69,102,366,46,224
5,Gnews,https://www.devdiscourse.com/article/law-order/3036380-xi-jinping-advocates-strengthened-border-sea-and-air-defences,"Xi Jinping Advocates Strengthened Border, Sea, and Air Defences","China's President Xi Jinping has emphasized the importance of robust border, sea, and air defences to safeguard the nation's territorial sovereignty and maritime interests. This message was conveyed during a collective study session of the Communist Party's politburo. Xi also highlighted the need for technological empowerment as China navigates rising regional tensions.",2024-07-31 06:29:24,https://www.devdiscourse.com/remote.axd?https://devdiscourse.blob.core.windows.net/aiimagegallery/31_07_2024_06_29_22_0453406.png?width=920&format=jpeg,Devdiscourse,1.9698468590780103e-85,6,19,93,1,24
6,Gnews,https://www.firstpost.com/sports/olympics-2024-india-sarabjot-singh-pm-narendra-modi-phone-call-13798955.html,"'Desh ka naam bada kiya hai', PM Modi congratulates shooter Sarabjot Singh after winning Paris Olympics bronze; Watch","'Sarabjot, congratulations. You have brought immense pride to the nation. Your efforts have given you a fruitful result', PM Modi told Sarabjot Singh via phone call.",2024-07-30 19:54:31,"https://images.firstpost.com/uploads/2024/07/Sarabjot-and-Modi_PTI-2024-07-cc6ab5c5bdb7bdb5f9da15ad802a6d42-1200x675.jpg?im=FitAndFill=(1200,675)",Firstpost,0.5284782951974217,12,28,146,20,61
7,Gnews,https://www.indiatvnews.com/news/india/wayanad-landslide-death-count-rises-to-123-amid-massive-rescue-operation-for-survivors-kerala-latest-updates-2024-07-30-944433,Wayanad landslide: Death count rises to 123 amid massive rescue operation for survivors,The Kerala government has sought further assistance from the nation's defence forces to augment the rescue teams. A 43-member team from the 122 Infantry Battalion (TA) MADRAS has been deployed to aid in the efforts.,2024-07-30 17:30:54,https://resize.indiatvnews.com/en/resize/newbucket/1200_-/2024/07/PTI07_30_2024_000586B.jpg,India TV News,1.1571862954100379e-13,26,54,264,19,159
8,Gnews,https://www.firstpost.com/explainers/from-wayanad-landslides-to-delhi-heatwaves-how-extreme-weather-is-bringing-devastation-to-india-13798877.html,Kerala landslides: How extreme weather change is affecting lives in India?,"India has been witnessing some of the most ravaging climate changes in recent times. Following the landslides in Kerala that have claimed 90 lives already and wreaked havoc in the Wayanad district, here is a list of natural calamities that rocked the nation",2024-07-30 15:27:26,"https://images.firstpost.com/uploads/2024/07/Kerela-2024-07-fd0fb6ed8037dfa1fe49976447f24464.jpg?im=FitAndFill=(1200,675)",Firstpost,1.964185524766168e-61,19,58,244,4,94
9,Gnews,https://www.firstpost.com/explainers/nigeria-unrest-what-do-we-know-about-the-protests-planned-for-this-week-13798467.html,Nigeria unrest: What do we know about the protests planned for this week?,"Nigeria is going through its worst cost-of-living crisis in a generation after r President Bola Ahmed Tinubu, who took power last year, introduced a slew of reforms that tripled petrol prices and spiked inflation. Some believe that Nigeria, which is Africa's most populous nation, could witness a redux of what happened in Kenya recently. Here's everything we know",2024-07-30 02:35:09,"https://images.firstpost.com/uploads/2024/06/Nigeria-2024-06-2471215f2548c602457647f083d6585d.jpg?im=FitAndFill=(1200,675)",Firstpost,0.0007496436636291355,28,83,317,37,185
10,Gnews,https://www.devdiscourse.com/article/law-order/3034691-tragedy-in-southport-knife-attack-at-taylor-swift-themed-event-shocks-nation,Tragedy in Southport: Knife Attack at Taylor Swift-Themed Event Shocks Nation,"King Charles and Queen Camilla express shock after a ferocious stabbing attack at a community center in Southport, England, left two children dead and nine others seriously injured. A 17-year-old suspect has been arrested. The incident has drawn condolences from royalty and political leaders alike.",2024-07-29 22:17:38,https://www.devdiscourse.com/remote.axd?https://devdiscourse.blob.core.windows.net/imagegallery/03_03_2020_19_04_52_2445844.jpg?width=920&format=jpeg,Devdiscourse,0.9650974612344924,16,25,150,25,93
22,Gnews,https://indianexpress.com/article/india/president-murmu-in-fiji-india-to-push-for-climate-justice-for-ocean-states-9499378/,President Murmu in Fiji: ‘India to push for climate justice for ocean states’’,"During the first ever visit by an Indian head of state to the island nation, President Murmu also held bilateral talks with Fijian President Ratu Wiliame Maivalili Katonivere",2024-08-06 23:20:45,https://images.indianexpress.com/2024/08/Murmu_0c39ff.jpg,The Indian Express,7.392800336576173e-05,6,20,85,9,28
11,Gnews,https://www.devdiscourse.com/article/law-order/3040451-indias-judiciary-boosts-its-stature-in-global-arbitration,India's Judiciary Boosts Its Stature in Global Arbitration,"India's judiciary has greatly enhanced the nation's stature as an arbitration-friendly destination, according to Supreme Court Judge Justice Hima Kohli. Through legislative reforms and landmark rulings, the judiciary has fostered a pro-arbitration regime. Recent amendments align Indian laws with international best practices, promoting institutional arbitration and encouraging foreign investments.",2024-08-03 02:28:52,https://www.devdiscourse.com/remote.axd?https://devdiscourse.blob.core.windows.net/aiimagegallery/11_06_2024_14_55_37_493234.png?width=920&format=jpeg,Devdiscourse,1.1515305948244815e-23,1,16,44,1,15
12,Gnews,https://www.indiatvnews.com/news/india/pm-modi-inaugurates-32nd-international-conference-of-agricultural-economists-in-new-delhi-today-latest-updates-2024-08-03-945004,PM Modi to inaugurate 32nd International Conference of Agricultural Economists in New Delhi,The conference will highlight India's proactive approach to global agricultural challenges and showcase the nation's advancements in agricultural research and policy.,2024-08-03 01:00:10,https://resize.indiatvnews.com/en/resize/newbucket/1200_-/2024/07/PTI07_30_2024_000132B.jpg,India TV News,4.36685825183717e-26,2,21,107,4,32
13,Gnews,https://www.deccanchronicle.com/opinion/columnists/farrukh-dhondy-britains-nhs-the-nations-pride-may-be-broken-but-its-kind-and-caring-1814000,"Farrukh Dhondy | Britain’s NHS, the nation’s pride, may be broken, but it’s kind and caring…",“We came in odd disguises To watch the ruined orphans Collecting consolation prizes And observing the world’s spectacle We slunk away in shame Shunning shades of contrition ...,2024-08-02 18:54:00,https://www.deccanchronicle.com/h-upload/2024/08/02/1828392-la-275148112.webp,Deccan Chronicle,0.9934395054937563,40,89,264,84,162
14,Gnews,https://www.devdiscourse.com/article/sports-games/3040348-us-men-routed-4-0-by-morocco-and-eliminated-from-olympic-soccer-tournament-in-quarterfinals,U.S. men routed 4-0 by Morocco and eliminated from Olympic soccer tournament in quarterfinals,"Saying that, they were ready for this tournament as well. Morocco fans largely dominated the crowd in Paris and they can look forward to Mondays semifinal in Marseille.Its the first time Morocco has advanced to the Olympic semifinals after becoming the first African nation to reach the last four of the World Cup in Qatar in 2022.Its a historic day for all of us.",2024-08-02 18:12:42,https://www.devdiscourse.com/remote.axd?https://devdiscourse.blob.core.windows.net/imagegallery/16_01_2019_13_01_16_4088895.jpg?width=920&format=jpeg,Devdiscourse,0.9268851149551409,25,54,172,34,108
15,Gnews,https://www.firstpost.com/world/zelenskyy-accuses-russia-of-meddling-in-venenzuelas-affairs-claims-presence-of-wagner-in-the-country-13800633.html,"Zelenskyy accuses Russia of 'shamelessly meddling' in Venenzuela's affairs, claims presence of Wagner in the country",Ukrainian President Volodymyr Zelenskyy claimed that the reports of Wagner Group's presence in Venezuela indicates that Russia is 'shamelessly meddling' in the country's internal affairs as the Latin American nation continues to witness post-poll protests,2024-08-04 04:51:27,"https://images.firstpost.com/uploads/2024/08/download-1-2024-08-661df885d088e1b08085e193fd24b9f8.jpg?im=FitAndFill=(1200,675)",Firstpost,0.00021895809444436333,21,56,212,24,117
16,Gnews,https://www.news18.com/football/messi-less-inter-miami-suffer-defeat-in-leagues-cup-match-against-tigres-8989516.html,Messi-less Inter Miami Suffer Defeat In Leagues Cup Match Against Tigres,Argentine superstar Messi did not play for Miami because he remains out after suffering a right ankle ligament injury in his nation's Copa America final win over Colombia last month.,2024-08-04 03:04:11,https://images.news18.com/ibnlive/uploads/2024/08/tigres-beat-inter-miami-2024-08-5ed096bb754f8538bd204d56cf4ee406-16x9.jpg?impolicy=website&width=1200&height=675,News18,4.0076973819558477e-53,4,12,102,2,21
17,Gnews,https://www.news18.com/olympics/fourth-place-finishes-at-olympics-full-list-events-in-which-indian-athletes-narrowly-missed-out-on-a-medal-8989438.html,Fourth Place Finishes at Olympics: Full List Events in Which Indian Athletes Narrowly Missed Out on a Medal,Let us take a look back at the moments where the Indian athletes representing the nation at the Olympics narrowly missed out on a bronze medal and finished fourth.,2024-08-03 18:32:25,https://images.news18.com/ibnlive/uploads/2024/08/manu-bhaker-arjun-babuta-ap-feature-2024-08-35c80b8c4ce1ee784220f324cfd550c8-16x9.png?impolicy=website&width=1200&height=675,News18,9.242257960559094e-07,37,89,370,26,117
18,Gnews,https://theprint.in/india/india-is-a-food-surplus-nation-aims-to-find-solutions-for-global-food-security-says-pm-modi/2206172/,"'India is a food surplus nation, aims to find solutions for global food security,' says PM Modi","Speaking at the 32nd International Conference of Agricultural Economists (ICAE), the PM said, in India, even today, we plan by keeping in mind the six seasons.",2024-08-03 09:54:10,https://static.theprint.in/wp-content/uploads/2024/08/Your-paragraph-text-28.png,ThePrint,0.0014408074039460057,11,56,297,35,126
19,Gnews,https://www.firstpost.com/explainers/firstup-president-murmus-3-nation-visit-begins-protests-in-pakistan-13800178.html,"FirstUp: President Murmu’s 3-nation visit begins, protests in Pakistan... The news today","President Droupadi Murmu is all set to embark on a six-day visit to Fiji, New Zealand, and Timor-Leste today. In Pakistan, PTI will carry out nationwide protests, as the party founder and former PM Imran Khan will complete one year in jail",2024-08-05 00:30:33,"https://images.firstpost.com/uploads/2024/08/PTI03_07_2024_000319B-1-2024-08-9a56f043a6e24743c0e6729ee1bde475.jpg?im=FitAndFill=(1200,675)",Firstpost,7.03422067363953e-37,8,37,292,10,98
20,Gnews,https://www.devdiscourse.com/article/headlines/3041711-pm-modi-commends-record-gas-production-stresses-energy-self-reliance,"PM Modi Commends Record Gas Production, Stresses Energy Self-Reliance","Prime Minister Narendra Modi celebrated a record achievement in gas production, emphasizing the importance of energy self-reliance for India’s development. The nation's gas production significantly increased from 28.7 BCM in 2020-21 to 36.43 BCM in 2023-24, with projections reaching 45.3 BCM by 2026.",2024-08-04 18:25:37,https://www.devdiscourse.com/remote.axd?https://devdiscourse.blob.core.windows.net/aiimagegallery/03_07_2024_01_02_35_7621837.png?width=920&format=jpeg,Devdiscourse,4.548254721194333e-27,1,6,50,2,16
21,Gnews,https://www.firstpost.com/explainers/firstup-bangladesh-unrest-continues-harris-campaigns-in-key-battleground-states-13801635.html,"FirstUp: Bangladesh unrest continues, Harris-Walz to campaign in key battleground states","The unrest continues in the neighbouring country as President Mohammed Shahabuddin dissolved parliament on Tuesday, clearing the way for an interim government and new elections. Democrat presidential candidate Kamala Harris and her newly-picked running mate Tim Walz will also be campaigning. President Droupadi Murmu will be visiting New Zealand for two days, as part of her three-nation visit",2024-08-07 00:30:50,"https://images.firstpost.com/uploads/2024/08/2024-08-06T090825Z_1_LYNXMPEK7509F_RTROPTP_4_BANGLADESH-PROTESTS-1-2024-08-d92279621a41df844bee088e04ac46ce.jpg?im=FitAndFill=(1200,675)",Firstpost,3.684778947735694e-15,15,69,426,23,132
23,Gnews,https://www.deccanchronicle.com/news/a-nobel-laureate-is-chosen-to-lead-bangladesh-after-protests-toppled-hasina-who-is-muhammad-yunus-1814736,A Nobel Laureate is Chosen to Lead Bangladesh After Protests Toppled Hasina. Who is Muhammad Yunus?,Dhaka: Bangladesh's Nobel laureate Muhammad Yunus has been chosen to head the country's interim government after the nation's longtime prime minister resigned and fled abroad in the face of...,2024-08-06 20:03:00,https://www.deccanchronicle.com/h-upload/2024/08/06/1829259-yunus1.webp,Deccan Chronicle,0.682314763182518,25,55,225,38,115
24,Gnews,https://www.news18.com/world/bangladeshs-former-it-foreign-ministers-detained-while-trying-to-flee-country-amid-unrest-8992360.html,"Bangladesh's Former IT, Foreign Ministers Detained While Trying To Flee Country Amid Unrest",The developments came a day after Awami League party chief Sheikh Hasina resigned from the post of Prime Minister and fled from the violence-hit nation to India.,2024-08-06 14:03:52,https://images.news18.com/ibnlive/uploads/2024/08/untitled-design-8-2024-08-f4c7b4275b5951dda2db821af75c8568-16x9.png?impolicy=website&width=1200&height=675,News18,8.992441430212387e-09,12,28,205,17,93
25,Gnews,https://www.firstpost.com/explainers/from-sheikh-hasina-to-pervez-musharraf-leaders-who-fled-their-countries-amid-political-turmoil-13801426.html,From Sheikh Hasina to Pervez Musharraf: Leaders who fled their countries amid political turmoil,"Bangladesh PM Sheikh Hasina resigned from office on Monday, following which she fled to India for shelter after violent riots gripped the nation. Reports indicate that Hasina will be travelling to the United Kingdom, where she has sought political asylum. Throughout history, political and civil upheavals have forced many world leaders to flee their homelands. Who are they?",2024-08-06 09:36:22,"https://images.firstpost.com/uploads/2024/08/Reuters-11-2024-08-d9759ce06975ffe87e4fe51a8d81579b.jpg?im=FitAndFill=(1200,675)",Firstpost,0.010518819055915486,56,119,496,60,212
26,Gnews,https://www.firstpost.com/explainers/are-china-and-pakistan-behind-sheikh-hasinas-ouster-in-bangladesh-13801562.html,Are China and Pakistan behind Sheikh Hasina’s ouster in Bangladesh?,"On Monday, Sheikh Hasina, the long-time prime minister of Bangladesh, resigned and fled the nation. Now, intelligence agencies say inputs are indicating a foreign hand – specifically Pakistan and China – are behind the dramatic turn of events",2024-08-06 09:30:57,"https://images.firstpost.com/uploads/2024/08/2024-08-05T204018Z_2014262244_RC2N99AP3543_RTRMADP_3_BANGLADESH-PROTESTS-1-2024-08-bcef1a101261026bf103e61cf1bf9a67.jpg?im=FitAndFill=(1200,675)",Firstpost,2.255608034595396e-06,51,93,511,54,288
27,Gnews,https://www.devdiscourse.com/article/international/3043426-india-fiji-collaboration-building-a-resilient-future-together,India-Fiji Collaboration: Building a Resilient Future Together,"President Droupadi Murmu highlights India's commitment to partnering with Fiji to build a stronger, resilient, and prosperous nation. Addressing Fijian Parliament, she emphasized the growth in bilateral cooperation and the shared values between the two nations, highlighting recent projects and mutual achievements.",2024-08-06 08:50:12,https://www.devdiscourse.com/remote.axd?https://devdiscourse.blob.core.windows.net/devnews/06_08_2024_14_20_06_1091805.jpg?width=920&format=jpeg,Devdiscourse,1.55159171914149e-09,1,17,46,3,16
28,Gnews,https://www.news18.com/explainers/as-bangladesh-plunges-into-crisis-a-look-at-the-1971-liberation-war-leaders-who-shaped-the-country-8991827.html,"As Bangladesh Plunges Into Crisis, A Look At The 1971 Liberation War, Leaders Who Shaped The Country","Sheikh Mujibur Rahman played a pivotal role in freeing the people of East Pakistan from West Pakistan's oppression. He is called 'Father of the Nation' for his leadership in the freedom struggle of Bangladesh, and is revered as ‘Bangabandhu’",2024-08-06 08:34:34,https://images.news18.com/ibnlive/uploads/2024/08/bangladesh-2024-08-febd363e73b6bab1936485b203ef396f-16x9.jpg?impolicy=website&width=1200&height=675,News18,0.014910082845855861,36,106,666,72,227
29,Gnews,https://www.firstpost.com/world/can-muhammad-yunus-ensure-bangladeshs-liberation-isnt-a-tragedy-for-its-hindu-minority-13801361.html,Can Muhammad Yunus ensure Bangladesh's 'liberation' isn't a tragedy for its Hindu minority?,"As Muhammad Yunus calls this moment Bangladesh's 'second liberation,' he faces the urgent challenge of curbing escalating violence against Hindus and guiding the nation towards peace",2024-08-06 05:51:07,"https://images.firstpost.com/uploads/2024/08/MuhammadYunus1200AP-2024-08-7e93b971c45ad2adcb2a5e1dafbb9023.jpg?im=FitAndFill=(1200,675)",Firstpost,2.74472930945738e-13,55,154,545,26,247
30,Gnews,https://www.devdiscourse.com/article/sports-games/3043135-british-women-cyclists-break-world-record-to-clinch-olympic-gold,British Women Cyclists Break World Record to Clinch Olympic Gold,"British women cyclists Katy Marchant, Sophie Capewell, and Emma Finucane broke the world record in the team sprint event to win gold at the Paris Olympics. This marked their nation's first medal in this event. They defeated New Zealand in a gripping finals showdown.",2024-08-06 02:53:04,https://www.devdiscourse.com/remote.axd?https://devdiscourse.blob.core.windows.net/aiimagegallery/17_07_2024_21_03_15_6651966.png?width=920&format=jpeg,Devdiscourse,1.1484374088336703e-16,6,10,62,3,20
31,Gnews,https://www.news18.com/viral/nation-stands-with-you-heartbroken-fans-react-to-vinesh-phogats-retirement-news-8994162.html,'Nation Stands With You': Heartbroken Fans React To Vinesh Phogat's Retirement News,Vinesh Phogat was disqualified from the Women's Freestyle 50 kg event at the ongoing Paris Olympics 2024. She was 100 gm overweight.,2024-08-08 07:39:38,https://images.news18.com/ibnlive/uploads/2024/08/untitled-design-10-2024-08-278c1797ffc6ecfc0ff1128693ea2416-16x9.png?impolicy=website&width=1200&height=675,News18,0.8553263572192032,23,34,280,37,98
32,Gnews,https://scroll.in/article/1071181/how-ayurveda-led-to-the-growth-of-medical-nationalism-in-the-late-19th-and-early-20th-centuries,How Ayurveda led to the growth of ‘medical nationalism’ in the late 19th and early 20th centuries,"An excerpt from ‘Ayurveda, Nation and Society: United Provinces, c 1890-1950’, by Saurav Kumar Rai.",2024-08-08 03:00:00,https://sc0.blr1.cdn.digitaloceanspaces.com/book/202582-afxhparkrj-1722753781.jpeg,Scroll.in,5.570279339872195e-06,102,196,540,48,211
33,Gnews,https://www.indiatvnews.com/sports/other/you-re-nation-s-pride-bajrang-punia-leads-reactions-to-champion-vinesh-phogat-s-shock-retirement-2024-08-08-945798,'You're nation's pride': Bajrang Punia leads reactions to 'champion' Vinesh Phogat's shock retirement,India's ace wrestler has decided to discontinue wrestling following her disqualification from the women's 50kg weight category at the Paris Olympics. Bajrang Punia and fans reacted to the same with 'you are a champion' posts as Vinesh missed a medal despite qualifying for the Gold medal bout.,2024-08-08 01:59:43,https://resize.indiatvnews.com/en/resize/newbucket/1200_-/2024/08/imageedit-2-9549402552-1-1723081400.jpg,India TV News,0.9950105447185835,10,23,124,19,60
69,Gnews,https://indianexpress.com/article/sports/badminton/ashwini-ponnappa-paris-2024-olympics-money-coach-sai-9511932/,Ashwini Ponnappa on Paris Olympics: ‘Telling the nation I got money is ridiculous…was denied coach of choice’,The pairing of Ponnappa and Tanisha Crasto was knocked out of the women's doubles event at Paris 2024 without registering a win in the group stage.,2024-08-13 13:45:45,https://images.indianexpress.com/2024/08/Ashwini-Ponnappa-crop-ap.jpg,The Indian Express,0.9993783082631407,22,37,119,39,87
34,Gnews,https://www.firstpost.com/world/sheikh-hasina-gone-who-can-be-bangladeshs-next-leader-13802250.html,"Sheikh Hasina gone, who can be Bangladesh’s next leader?","As Bangladesh prepares for an interim government that is likely to supervise the national election in some time from now, the question on everyone's mind is: Who can be Bangladesh’s next leader? Here’s a closer look at seven prominent figures who could potentially steer the nation forward.",2024-08-08 01:37:14,"https://images.firstpost.com/uploads/2024/08/Untitled-design-2024-08-06T195546.645-2024-08-c285580eb165cba605664761213f7a16.jpg?im=FitAndFill=(1200,675)",Firstpost,0.0036221204141802634,65,207,713,90,357
35,Gnews,https://indianexpress.com/article/explained/explained-global/who-is-namal-rajapaksa-mahindas-son-who-could-be-sri-lankas-next-president-9501142/,"Who is Namal Rajapaksa, Mahinda’s son who could be Sri Lanka’s next president?","In a nation that is yet to recover fully from the shocks of economic turmoil and political instability, Namal’s candidature is being looked upon with both hope and scepticism.",2024-08-07 15:03:20,https://images.indianexpress.com/2024/08/namal.jpg,The Indian Express,7.042240773339614e-05,28,107,394,35,170
36,Gnews,https://www.firstpost.com/world/muhammad-yunis-led-interim-govt-to-be-sworn-in-tomorrow-says-bangladesh-army-chief-13802109.html,"Muhammad Yunis-led interim govt to be sworn in tomorrow, says Bangladesh Army Chief","In a televised address to the nation, General Waker-Uz-Zaman said the interim government will take oath at 8:00 pm on Thursday",2024-08-07 13:11:36,"https://images.firstpost.com/uploads/2024/08/Muhammad-Yunus-1-Reuters-2024-08-09592007da87cadc69cb937d61aad877.jpg?im=FitAndFill=(1200,675)",Firstpost,0.035794261824874676,11,20,94,13,57
37,Gnews,https://www.firstpost.com/explainers/bangladesh-crisis-how-many-indians-are-in-the-neighbouring-nation-are-they-safe-13802074.html,Bangladesh crisis: How many Indians are in the neighbouring nation? Are they safe?,"India brought back 190 non-essential staff and their families a special Air India (AI1128) flight. Another 20 to 30 senior staff remain at the Dhaka High Commission. External Affairs Minister S Jaishankar has said that there are around 19,000 Indians in Bangladesh and that New Delhi expects Dhaka to provide security to keep its missions safe",2024-08-07 12:09:30,"https://images.firstpost.com/uploads/2024/08/bangla1-2024-08-17be5f057688bb0bf13462051bed8a50.jpg?im=FitAndFill=(1200,675)",Firstpost,0.11708312973571626,33,74,391,56,180
38,Gnews,https://www.devdiscourse.com/article/technology/3044563-japans-investment-transformation-a-leap-from-saving-to-investing,Japan's Investment Transformation: A Leap from Saving to Investing,"Following a significant dip in Tokyo's stock market, many Japanese citizens are starting to heed Prime Minister Fumio Kishida's call to invest household savings. The NISA accounts, a government initiative, are gaining traction, transforming Japan from a nation of savers to investors amid increasing market volatility and economic shifts.",2024-08-07 05:21:02,https://www.devdiscourse.com/remote.axd?https://devdiscourse.blob.core.windows.net/aiimagegallery/05_08_2024_12_00_01_4845329.png?width=920&format=jpeg,Devdiscourse,3.724208852289172e-14,12,27,121,7,52
39,Gnews,https://www.news18.com/lifestyle/quit-india-movement-august-kranti-day-history-facts-and-mahatma-gandhis-quotes-9001669.html,"Quit India Movement: August Kranti Day History, Facts, and Mahatma Gandhi's Quotes","Uncover the history, significance, and impact of the Quit India Movement. Explore inspiring quotes from Mahatma Gandhi's fiery speech that ignited the nation.",2024-08-09 00:36:11,https://images.news18.com/ibnlive/uploads/2024/08/quit-india-movement-2024-2024-08-da8d6969894435fab212ba378defd38e-16x9.jpg?impolicy=website&width=1200&height=675,News18,1.7329412107824052e-15,2,36,143,7,37
40,Gnews,https://www.news18.com/olympics/paris-2024-india-hockey-bronze-nita-ambani-tireless-efforts-unyielding-spirit-have-revived-indian-hockeys-rich-legacy-8997851.html,"'Tireless Efforts, Unyielding Spirit Have Revived Indian Hockey’s Rich Legacy', Says Nita Ambani as Indian Men's Hockey Team Strikes Bronze",IOC Member and Reliance Foundation chairperson Mrs Ambani heaped praise on the hockey unit for restoring the nation's rich field hockey history at the sporting extravaganza with their bronze medal showing in France.,2024-08-08 14:27:14,https://images.news18.com/ibnlive/uploads/2024/08/copy-of-sports-46-2024-08-01dd520f32af5ccfe08e3c97f436233e-16x9.jpg?impolicy=website&width=1200&height=675,News18,3.926567081223691e-06,13,38,193,16,50
41,Gnews,https://theprint.in/global-pulse/despair-over-vinesh-phogats-disqualification-nita-ambanis-publicity-blitz-at-paris-olympics/2214536/,'Despair' over Vinesh Phogat's disqualification & Nita Ambani's 'publicity blitz' at Paris Olympics,"Foreign media also looked at Indian Right-wing's participation at conferences abroad with aim to build global front against liberalism, and India's 1st multi-nation air combat exercises.",2024-08-08 12:08:27,https://static.theprint.in/wp-content/uploads/2024/08/GP-08.jpg,ThePrint,2.1535097387734523e-17,29,83,386,19,145
42,Gnews,https://in.mashable.com/culture/80221/japan-struck-with-71-magnitude-earthquake-triggering-tsunami-warning-scary-visuals-surface,Japan Struck With 7.1 Magnitude Earthquake Triggering Tsunami Warning; Scary Visuals Surface,The nation is recovering from January 1 quakes.,2024-08-08 11:28:35,https://sm.mashable.com/mashable_in/seo/7/77267/77267_22vh.png,Mashable India,5.1257406354578124e-54,9,19,136,3,46
43,Gnews,https://www.indiatvnews.com/news/world/president-murmu-begins-new-zealand-tour-holds-bilateral-talks-with-deputy-pm-governor-general-updates-2024-08-08-945838,"President Murmu begins New Zealand tour, holds bilateral talks with deputy PM, Governor General","President Murmu was accorded Royal Guard of Honour on her arrival in New Zealand and later addressed an education conference in Wellington. This is the second leg of her three-nation trip after Fiji, where she was conferred the country's highest honour on Tuesday.",2024-08-08 06:16:13,https://resize.indiatvnews.com/en/resize/newbucket/1200_-/2024/08/president-murmuy-1723097714.jpg,India TV News,0.020218968695403912,25,50,235,30,76
44,Gnews,https://www.indiatvnews.com/news/india/odisha-intensifies-sea-vigilance-to-prevent-unauthorised-entry-from-bangladesh-latest-updates-2024-08-08-945831,Odisha intensifies sea vigilance to prevent unauthorised entry from Bangladesh,"In the wake of the turmoil in Bangladesh, the Odisha government said efforts have been intensified along the coastline to prevent any illegal infiltration to India from the neighbouring nation marred with a series of unrest recently.",2024-08-08 05:49:41,https://resize.indiatvnews.com/en/resize/newbucket/1200_-/2024/08/bangladesh-1-1723095970.jpg,India TV News,1.7401938676302627e-08,8,35,108,8,54
45,Gnews,https://www.news18.com/india/president-murmu-discusses-ways-to-boost-bilateral-cooperation-with-new-zealands-governor-general-deputy-pm-8993868.html,"President Murmu Discusses Ways to Boost Bilateral Cooperation with New Zealand's Governor General, Deputy PM",Murmu arrived in New Zealand on Wednesday on the second leg of her three-nation tour. She was accorded Royal Guard of Honour on her arrival in the country.,2024-08-08 04:21:37,https://images.news18.com/ibnlive/uploads/2024/08/murmu-new-zealand-2024-08-c0412b0d7105464eb10da161c3660fc2-16x9.png?impolicy=website&width=1200&height=675,News18,0.00010957172399548128,13,47,161,20,55
46,Gnews,https://www.firstpost.com/sports/olympics-2024-closing-ceremony-manu-bhaker-pr-sreejesh-13803555.html,"'Honour of a lifetime': Manu Bhaker, PR Sreejesh represent India at Paris Olympics closing ceremony as flag-bearers","In a video shared by JioCinema ahead of the closing ceremony, Bhaker and Sreejesh shared their thoughts on what it meant to be representing the nation at the prestigious event.",2024-08-11 23:40:54,"https://images.firstpost.com/uploads/2024/08/Manu-Bhaker-PR-Sreejesh-Paris-Olympics-Closing-Ceremony-Reuters-1200-2024-08-10ecffcca05d11cfdc51c1ad3c5c23ca.jpg?im=FitAndFill=(1200,675)",Firstpost,2.3011630240904252e-09,10,43,198,13,49
47,Gnews,https://indianexpress.com/article/opinion/columns/sanjay-srivastava-writes-olympic-glory-what-is-the-role-of-the-state-9507662/,"Sanjay Srivastava writes: For a nation that aspires to Olympic glory, what is the role of the state?","Sanjay Srivastava writes: For a nation that aspires to Olympic glory, what is the role of the state?",2024-08-11 07:24:52,https://images.indianexpress.com/2024/08/cover_84e448.jpg,The Indian Express,0.0006360905165670021,55,106,276,34,154
48,Gnews,https://www.firstpost.com/world/sheikh-hasina-accuses-us-bangladesh-crisis-saint-martin-island-13803363.html,Sheikh Hasina accuses US of ousting her for refusing to surrender Saint Martin Island,"Sheikh Hasina expressed grief over leaders' killings, workers' harassment, and vandalism. ""With Allah's grace, I'll return soon. Awami League has stood up again and again. I'll forever pray for Bangladesh's future, the nation my father strived for, and the country my family gave their lives for.”",2024-08-11 06:17:24,"https://images.firstpost.com/uploads/2024/08/Untitled-design-2024-08-06T192351.103-2024-08-3a74230c05fee1c1272c1509576f80bd.jpg?im=FitAndFill=(1200,675)",Firstpost,0.1622449806644127,20,30,222,26,106
49,Gnews,https://www.news18.com/viral/south-korea-to-liechtenstein-countries-that-celebrate-independence-day-on-august-15-apart-from-india-9011756.html,South Korea To Liechtenstein: Countries That Celebrate Independence Day On August 15 Apart From India,"The long-awaited freedom struggle came on August 15, 1947, and the British colonists left India, dividing the nation into two independent states—India and Pakistan.",2024-08-11 04:30:07,https://images.news18.com/ibnlive/uploads/2024/08/news18-2024-08-a15d169bf97dbd893106c481b94f6f4c-16x9.jpg?impolicy=website&width=1200&height=675,News18,8.415380291979677e-07,9,27,120,11,50
50,Gnews,https://theprint.in/opinion/indira-gandhi-in-dhaka-your-fight-a-saga-of-courage-flame-of-justice-that-keeps-nation-alive/2218412/,"Indira Gandhi in Dhaka-Your fight a saga of courage, flame of justice that keeps nation alive","On 17 March 1972, Prime Minister Indira Gandhi shared the stage with 'Bangabandhu' Sheikh Mujibur Rahman at a public rally in Dhaka and expressed admiration for Bangladesh's struggle for independence and reaffirmed India's support.",2024-08-11 01:30:57,https://static.theprint.in/wp-content/uploads/2018/06/Indira_Gandhi_1966-e1607943059476.jpg,ThePrint,0.9988415561083321,86,136,374,152,314
51,Gnews,https://www.indiatvnews.com/sports/other/paris-olympics-2024-closing-ceremony-date-time-star-performers-and-all-you-need-to-know-2024-08-11-946272,"Paris Olympics 2024 Closing Ceremony: Date, time, star performers and all you need to know",Paris is set to bid farewell to the 33rd Summer Olympic Games on Sunday evening and will look to entertain fans for the one last time with a grand closing ceremony. Flag-bearers Manu Bhaker and PR Sreejesh will lead the Indian contingent during the Nation's Parade at the closing ceremony.,2024-08-10 18:31:08,https://resize.indiatvnews.com/en/resize/newbucket/1200_-/2024/08/indiatv-2024-08-09t232635-1723303912.jpg,India TV News,6.567021163271224e-68,2,26,163,3,54
52,Gnews,https://indianexpress.com/article/world/eam-jaishankar-meets-maldives-president-muizzu-india-maldives-ties-upi-9506847/,"EAM Jaishankar meets Maldivian President Muizzu, emphasises ‘deepening India-Maldives ties’","The visit marks India's first high-level trip to the nation since Muizzu, who has a pro-China stance, took office last year.",2024-08-10 16:30:13,https://images.indianexpress.com/2024/08/Jaishankar-Muizzu-1.jpg,The Indian Express,0.09793081666743683,29,73,345,45,127
53,Gnews,https://indianexpress.com/article/world/india-to-open-embassy-in-timor-leste-president-murmu-diaspora-9506799/,India to open embassy in Timor-Leste; President Murmu lauds contribution of diaspora,"President Murmu, who arrived earlier in the day, on the first-ever presidential visit from India to Timor-Leste, was speaking at an interaction event with the Indian diaspora in this archipelagic Southeast Asian nation.",2024-08-10 14:43:18,https://images.indianexpress.com/2024/08/Murmu-1.jpg,The Indian Express,5.367876295256921e-05,11,29,91,8,33
54,Gnews,https://www.devdiscourse.com/article/international/3048383-president-murmu-highlights-indian-values-and-womens-progress-in-timor-leste-visit,President Murmu Highlights Indian Values and Women's Progress in Timor-Leste Visit,"During her visit to Timor-Leste, President Droupadi Murmu emphasized India's belief in global unity, the remarkable role of the Indian diaspora, and the importance of women's progress for societal development. She also received the Grand-Collar of the Order of Timor-Leste, the nation's highest civilian award.",2024-08-10 13:26:50,https://www.devdiscourse.com/remote.axd?https://devdiscourse.blob.core.windows.net/devnews/10_08_2024_18_56_02_8355104.jpg?width=920&format=jpeg,Devdiscourse,0.01243436231217959,8,35,108,21,41
55,Gnews,https://www.firstpost.com/sports/olympics-2024-boxing-imane-khelif-wins-gold-amid-scrutiny-over-her-sex-social-media-stays-divided-13803086.html,"Paris Olympics 2024: Imane Khelif wins gold amid scrutiny over her sex, social media stays divided","Imane Khelif’s gold medal is Algeria’s first in women’s boxing. She is only the nation’s second boxing gold medalist, joining Hocine Soltani (1996) while claiming the seventh gold medal in Algeria's Olympic history.",2024-08-10 05:56:52,"https://images.firstpost.com/uploads/2024/08/Imane-Khelif-gold-2024-08-0a3f4b5bbc866558da94fdb550dce05b-1200x675.jpg?im=FitAndFill=(1200,675)",Firstpost,0.9402484721744411,60,96,520,77,227
56,Gnews,https://www.indiatvnews.com/news/india/hindenburg-report-latest-update-kangana-calls-rahul-gandhi-dangerous-man-for-endorsing-hindenburg-report-he-might-destroy-nation-2024-08-12-946473,Kangana calls Rahul Gandhi 'dangerous man' for endorsing Hindenburg report: 'He might destroy nation',Kangana Ranaut accused Rahul Gandhi of attempting everything to destabilise the nation's security and economy and called the Congress MP as the 'most dangerous man'.,2024-08-12 06:05:00,https://resize.indiatvnews.com/en/resize/newbucket/1200_-/2024/07/PTI07_10_2024_000210B.jpg,India TV News,0.9997886257207032,25,22,144,28,66
57,Gnews,https://indianexpress.com/article/explained/how-centres-clean-plant-programme-plans-to-boost-production-of-fruits-9508509/,How Centre’s Clean Plant Programme plans to boost production of fruits,"First announced in Union Finance Minister Nirmala Sitharaman’s interim Budget speech in February 2023, the CPP is also targeted at enhancing the quality of fruit crops across the nation.",2024-08-12 03:43:52,https://images.indianexpress.com/2024/08/horti.jpg,The Indian Express,1.5130429266481317e-74,10,35,169,3,71
58,Gnews,https://www.firstpost.com/entertainment/independence-day-2024-from-sara-ali-khans-ae-watan-mere-watan-to-rohit-shettys-indian-police-force-a-guide-on-what-to-watch-for-the-occasion-13804013.html,"Independence Day 2024: From Sara Ali Khan's Áe Watan Mere Watan' to Rohit Shetty's Índian Police Force', a guide on what to watch for the occasion",These stories highlight the hardships and struggles endured by many to secure a brighter future for our nation,2024-08-13 05:31:01,"https://images.firstpost.com/uploads/2024/08/Untitled-design-66-2024-08-2fdfcc43b7d796c8dd343ab86da75101.jpg?im=FitAndFill=(1200,675)",Firstpost,1.1782817570680767e-05,8,62,263,28,69
59,Gnews,https://www.devdiscourse.com/article/international/3050060-uae-showcases-heritage-at-paris-2024-olympic-house,UAE Showcases Heritage at Paris 2024 Olympic House,"The UAE's National Olympic Committee highlighted the nation's cultural and historical heritage by hosting the UAE Olympic House during the 2024 Paris Games. Visitors experienced traditional hospitality, innovative displays, and Emirati cuisine, promoting sports development and international cultural exchange.",2024-08-13 04:00:20,https://www.devdiscourse.com/remote.axd?https://devdiscourse.blob.core.windows.net/devnews/13_08_2024_09_30_14_857133.jpg?width=920&format=jpeg,Devdiscourse,0.9980704829499332,3,19,72,0,22
60,Gnews,https://www.devdiscourse.com/article/headlines/3049677-india-declares-national-space-day-to-celebrate-chandrayaan-3-success,India Declares National Space Day to Celebrate Chandrayaan-3 Success,"August 23rd has been declared National Space Day by the Indian government to honor the successful Chandrayaan-3 mission, marking India as the fourth nation to land on the Moon. Celebrations aim to inspire youth and demonstrate the role of space technologies in various sectors, including fisheries.",2024-08-12 09:28:27,https://www.devdiscourse.com/remote.axd?https://devdiscourse.blob.core.windows.net/devnews/12_08_2024_14_58_18_5171045.jpg?width=920&format=jpeg,Devdiscourse,0.9999878552029912,2,22,110,0,27
61,Gnews,https://www.firstpost.com/explainers/firstup-murmus-address-on-i-day-eve-thai-pm-faces-possible-ouster-the-big-news-today-13804181.html,"FirstUp: Murmu’s address on I-Day eve, Thai PM faces possible ouster... The big news today","President Droupadi Murmu will address the nation on the eve of the 78th Independence Day. Former Delhi Deputy Chief Minister Manish Sisodia will start a padayatra on Wednesday. In Thailand, Prime Minister Srettha Thavisin's fate hangs in balance as the country’s Constitutional Court rules on his appointment of a Cabinet minister with a criminal conviction",2024-08-14 00:30:14,"https://images.firstpost.com/uploads/2024/08/PTI03_07_2024_000319B-1-2024-08-9a56f043a6e24743c0e6729ee1bde475.jpg?im=FitAndFill=(1200,675)",Firstpost,6.323918737740712e-36,11,54,333,12,133
62,Gnews,https://www.devdiscourse.com/article/politics/3051128-thailands-political-uncertainty-courts-crucial-decision-on-pm-srettha,Thailand's Political Uncertainty: Court's Crucial Decision on PM Srettha,"Thailand awaits a crucial Constitutional Court ruling on Prime Minister Srettha Thavisin's fate, following the dissolution of Move Forward party. This decision could shake the nation's political landscape, impacting alliances, governance, and economic stability. PM Srettha faces allegations of constitutional violations, raising stakes for the political and judicial spheres.",2024-08-13 22:02:17,https://www.devdiscourse.com/remote.axd?https://devdiscourse.blob.core.windows.net/aiimagegallery/14_06_2024_07_36_50_0015202.png?width=920&format=jpeg,Devdiscourse,1.369520252095678e-09,0,16,56,4,21
63,Gnews,https://www.deccanchronicle.com/southern-states/telangana/revanth-wraps-his-2-nation-tour-with-seoul-riverfront-visit-1816197,Revanth Wraps His 2-Nation Tour With Seoul Riverfront Visit,Hyderabad: Chief Minister A. Revanth Reddy and his entourage visited the Cheonggyecheon river in Seoul to gather insights for the development of Musi Riverfront project in Hyderabad and wrapped up...,2024-08-13 17:53:00,https://www.deccanchronicle.com/h-upload/2024/08/04/1830751-revanthreddy.webp,Deccan Chronicle,2.9614160163174142e-08,4,38,219,17,65
64,Gnews,https://www.indiatvnews.com/news/india/independence-day-2024-why-is-the-national-flag-hoisted-by-prime-minister-of-india-at-red-fort-lal-quila-every-august-15-check-here-2024-08-13-946792,Independence Day 2024: Why is the National Flag hoisted at Red Fort every August 15? Check here,"India is set to celebrate its 78th Independence Day on August 15, a day that marks the nation's freedom from British rule, with great enthusiasm and pride.",2024-08-13 17:52:43,https://resize.indiatvnews.com/en/resize/newbucket/1200_-/2024/08/independence-day-2024-1723571296.jpg,India TV News,9.749219545472777e-08,18,46,164,13,55
65,Gnews,https://www.news18.com/olympics/cas-verdict-on-vinesh-phogats-disqualification-deferred-to-august-16-9014411.html,CAS Verdict on Vinesh Phogat's Disqualification Deferred to August 16,"The verdict has been deferred for the second time, as the nation continues to await the final decision regarding their star wrestler's hopes for a silver medal.",2024-08-13 16:14:16,https://images.news18.com/ibnlive/uploads/2024/08/untitled-design-10-2024-08-278c1797ffc6ecfc0ff1128693ea2416-16x9.png?impolicy=website&width=1200&height=675,News18,0.9250498350005436,13,22,146,21,74
66,Gnews,https://www.news18.com/world/sheikh-hasina-urges-bangladeshis-to-observe-national-day-of-mourning-on-aug-15-after-interim-govt-cancels-public-holiday-9014672.html,Sheikh Hasina Urges Bangladeshis To Observe National Day Of Mourning On Aug 15 After Interim Govt Cancels Public Holiday,"Hours after the Bangladesh interim government cancelled the public holiday marking the National Day of Mourning on August 15, Sheikh Hasina, the nation’s ousted ex-prime minister on Tuesday exhorted citizens to observe the day as a public holiday.",2024-08-13 16:08:10,https://images.news18.com/ibnlive/uploads/2024/08/sheikh-hasina-mujib-ur-rahman-afp-2024-08-377e4cb8954479c4f410e30d9913da51-16x9.jpg?impolicy=website&width=1200&height=675,News18,0.9837966157004077,6,19,136,20,61
67,Gnews,https://www.firstpost.com/world/martyrs-father-of-nation-insulted-hasina-slams-bangladesh-violence-in-1st-statement-since-ouster-13804297.html,'Martyrs & Father of Nation insulted': Hasina slams Bangladesh violence in 1st statement since ouster,"Deposed Bangladeshi leader Sheikh Hasina has called for a nationwide mourning on August 15, the anniversary of her family's massacre by the military in 1975",2024-08-13 15:58:33,"https://images.firstpost.com/uploads/2024/08/Untitled-design-2024-08-06T195546.645-2024-08-c285580eb165cba605664761213f7a16.jpg?im=FitAndFill=(1200,675)",Firstpost,0.16160246634750955,13,33,222,26,86
68,Gnews,https://www.devdiscourse.com/article/headlines/3050841-uttarakhand-cm-dhami-leads-tiranga-bike-rally-promotes-local-products-by-womens-self-help-groups,"Uttarakhand CM Dhami Leads Tiranga Bike Rally, Promotes Local Products by Women's Self-help Groups","Uttarakhand CM Pushkar Singh Dhami led a Tiranga Bike Rally, highlighting the nation’s pride and unity. He also promoted local products made by women's self-help groups, encouraging people to buy locally for Raksha Bandhan.",2024-08-13 15:34:59,https://www.devdiscourse.com/remote.axd?https://devdiscourse.blob.core.windows.net/devnews/13_08_2024_21_04_46_4907612.jpg?width=920&format=jpeg,Devdiscourse,6.42538397974226e-29,3,13,108,4,32
70,Gnews,https://indianexpress.com/article/trending/trending-in-india/10-must-watch-patriotic-movies-on-india-78th-independence-day-2024-9513017/,Independence Day 2024: 10 must-watch patriotic movies to celebrate the spirit of freedom,"Independence Day 2024: As we gear up to celebrate India's 78th Independence Day on August 15, 2024, it's the perfect time to watch movies that capture the spirit of our nation's struggle for freedom.",2024-08-14 08:01:32,https://images.indianexpress.com/2024/08/Independence-Day-2024-10-must-watch-patriotic-movies-to-celebrate-the-spirit-of-freedom.jpg,The Indian Express,1.0033771587365292e-06,28,94,454,37,178
71,Gnews,https://www.indiatvnews.com/uttar-pradesh/up-cm-yogi-adityanath-criticises-congress-accuses-party-of-divisive-politics-har-ghar-tiranga-august-14-uttar-pradesh-lucknow-2024-08-14-946846,"UP CM Yogi Adityanath criticises Congress, accuses party of 'divisive politics' | WATCH","Yogi Adityanath argued that the Congress party's approach has been detrimental to national unity and development. He alleged that the party prioritises its political gains over the nation's progress, leading to stalled development and increased social tensions.",2024-08-14 05:46:08,https://resize.indiatvnews.com/en/resize/newbucket/1200_-/2024/08/mixcollage-14-aug-2024-11-17-am-4603-1723614452.jpg,India TV News,8.349917497755836e-05,4,35,137,14,67
72,Gnews,https://www.devdiscourse.com/article/sports-games/3051285-triumphant-return-australian-olympians-receive-heros-welcome,Triumphant Return: Australian Olympians Receive Hero's Welcome,"Australia's Olympic team, including gold medallists Jessica Fox, Kaylee McKeown, and Ariarne Titmus, returned to a warm welcome in Sydney. The contingent secured 18 golds, marking Australia's best overseas performance. Prime Minister Anthony Albanese applauded their achievements, which were widely celebrated across the nation.",2024-08-14 05:06:46,https://www.devdiscourse.com/remote.axd?https://devdiscourse.blob.core.windows.net/aiimagegallery/26_06_2024_04_04_50_6442178.png?width=920&format=jpeg,Devdiscourse,0.9831550105901892,7,25,89,21,42
73,Gnews,https://www.livemint.com/opinion/online-views/bangladesh-1971-war-indo-pak-war-east-pakistan-bengali-language-democracy-freedom-struggle-politics-11723570561249.html,Freedom and linguistic identity: Is Bangladesh losing its anchor?,"For the nostalgic generation which witnessed the nation’s freedom in 1971, Bangladesh has been moving away and will move further from its Bengali identity. Its dalliance with theocratic politics will impact India, but it’s reassuring that we’ve done well to strengthen our democracy.",2024-08-13 18:30:00,https://www.livemint.com/lm-img/img/2024/08/13/1600x900/2-0-449029645-000-ARP2774739-RR-0_1680893296100_1723579274653.jpg,Livemint,0.10947178319528565,37,65,277,39,136
74,Gnews,https://www.news18.com/india/independence-day-2024-live-updates-78th-celebrations-streaming-pm-modi-speech-15-august-2024-liveblog-9016311.html,"Independence Day 2024 Live Updates: PM Modi Bats For ‘Secular Civil Code’, 'One Nation, One Election', Hopes Attacks On Minorities in Bangladesh Will Stop",Get live updates on the 78th Independence Day 2024 celebrations. Stream PM Modi's speech live and stay informed about all the major events as they unfold,2024-08-15 05:42:23,https://images.news18.com/ibnlive/uploads/2024/08/pm-modi-address-the-nation-independence-day-2024-08-b690458bfd83c2adbc40993cf92c1957-16x9.jpg,News18,1.4840411973946559e-06,31,106,715,67,267
75,Gnews,https://www.news18.com/explainers/on-78th-independence-day-pm-modi-makes-strong-pitch-for-one-nation-one-election-all-you-need-to-know-9016479.html,"On 78th Independence Day, PM Modi Makes Strong Pitch For One Nation, One Election; All You Need To Know","PM Modi said extensive consultations have been held across the country on the issue of one nation, one election, and political parties have given their views.",2024-08-15 05:31:22,https://images.news18.com/ibnlive/uploads/2024/08/narendra-modi-independence-day-address-2024-08-8a11a253e208ad48a60ae114786be29f-16x9.jpg?impolicy=website&width=1200&height=675,News18,6.590160964075627e-14,31,62,374,24,164
76,Gnews,https://www.news18.com/india/want-to-instil-fear-in-the-minds-pm-modis-reiterates-zero-tolerance-approach-against-corrupts-9016438.html,"‘Some Still Praise Corruption, This Glorification Must Stop’: PM Modi In Veiled Attack On Opposition","This year's celebration marks the 11th time PM Modi addressed the nation from the Red Fort on Independence Day, making him the third Prime Minister after Jawaharlal Nehru and Indira Gandhi to achieve this milestone. For more updates, follow news18.com",2024-08-15 03:45:00,https://images.news18.com/ibnlive/uploads/2024/08/untitled-design-28-2024-08-709a8940d5820c1d4123a837a7599e38-16x9.png?impolicy=website&width=1200&height=675,News18,3.081696098379035e-06,5,18,89,9,40
77,Gnews,https://www.news18.com/india/beware-of-people-full-of-negativity-who-want-to-lead-india-to-anarchy-destruction-pm-modi-in-i-day-address-9016425.html,"'Beware Of Negative People Who Want To Lead India To Anarchy, Destruction': PM Modi In I-Day Address","In his address to the nation from the ramparts of historic Red Fort in New Delhi, the Prime Minister said that some people can't see India's progress. They are full of negativity.",2024-08-15 03:29:46,https://images.news18.com/ibnlive/uploads/2024/08/modi-latest-1-2024-08-756815af4dfa3a36e168c561f65c3fdc-16x9.jpg?impolicy=website&width=1200&height=675,News18,0.011490416973812983,9,34,132,20,71
78,Gnews,https://www.news18.com/education-career/independence-day-2024-top-10-speeches-students-can-use-during-their-school-assembly-9015962.html,Independence Day 2024: Top 10 Speeches Students Can Use During School Assembly,"If you want to give a memorable Independence Day speech, remember to stress the importance of growth, diversity, and unity in the country while highlighting the nation's dedication to democratic ideals",2024-08-15 02:53:55,https://images.news18.com/ibnlive/uploads/2024/08/untitled-design-2024-08-14t153014.614-2024-08-a7c20803e05f3dc62ba8050f387583f5-16x9.jpg?impolicy=website&width=1200&height=675,News18,7.04136988512992e-05,4,34,139,14,50
79,Gnews,https://www.news18.com/lifestyle/independence-day-2024-10-powerful-slogans-that-fuelled-indias-independence-movement-8984089.html,Independence Day 2024: 10 Powerful Slogans That Fuelled India’s Independence Movement!,Explore 10 impactful slogans that inspired and drove India's independence movement. These powerful phrases played a crucial role in mobilizing and motivating the nation towards freedom.,2024-08-15 00:45:25,https://images.news18.com/ibnlive/uploads/2024/08/independence-day-2024-slogans-2024-08-e542c98c50e670d581cab02194910069-16x9.jpg?impolicy=website&width=1200&height=675,News18,2.2520896737336157e-37,1,13,50,1,14
80,Gnews,https://www.news18.com/lifestyle/independence-day-2024-inspiring-patriotic-quotes-by-indian-freedom-fighters-8984211.html,Independence Day 2024: Inspiring Patriotic Quotes by Indian Freedom Fighters!,Ignite your patriotic spirit with powerful quotes from India's freedom fighters. Celebrate Independence Day by honoring the legacy of those who fought for our nation's freedom. Be inspired!,2024-08-15 00:40:11,https://images.news18.com/ibnlive/uploads/2024/08/independence-day-2024-quotes-2024-08-5aae1767cd791933f40c4d8190e1b4d3-16x9.jpg?impolicy=website&width=1200&height=675,News18,0.9577290492939745,19,37,175,34,66
81,Gnews,https://www.livemint.com/opinion/online-views/unity-in-diversity-independence-day-multiculturalism-freedom-struggle-per-capita-income-voting-rights-indian-economy-11723667458019.html,Unity in diversity: It’s India’s only realistic path to success,"It may sound like a cliche, but any yawn it draws would be at our very own peril. The long arc of the nation’s ascent since freedom in 1947 owes much to this basic resolve, bonded as we are to nobody but one another by the Constitution. Slice reality this way or that, it’s our winning formula.",2024-08-14 18:30:00,https://www.livemint.com/lm-img/img/2024/08/14/1600x900/2-0-141279855-India-Counting-Caste-XDEL103-0_1681191846510_1723669606359.jpg,Livemint,0.9814969055969358,45,50,157,41,109
82,Gnews,https://indianexpress.com/article/india/affirmative-action-discord-president-droupadi-murmu-address-to-nation-9514226/,"Strengthen affirmative action as instrument of inclusion, reject tendencies that stoke discord: President in address to nation",Cites Ambedkar to say political democracy can’t last without social democracy base,2024-08-14 14:21:20,https://images.indianexpress.com/2024/08/Murmu_4a3c12.jpg,The Indian Express,0.000857654233914855,36,94,418,47,182
83,Gnews,https://www.firstpost.com/india/what-presidents-have-said-in-their-independence-day-messages-during-modis-decade-13804533.html,What presidents have said in their Independence day messages during Modi's decade,"On August 14, 2024, President Droupadi Murmu will address the nation in a live broadcast at 7:00 PM, reflecting on India's progress and challenges. Her speech will continue the tradition of presidential addresses, providing insights into the nation’s journey and the leadership's vision during Prime Minister Modi's tenure",2024-08-14 13:00:22,"https://images.firstpost.com/uploads/2024/08/Untitled-design-2024-08-14T174812.673-2024-08-12f585d89905c4831bd2afb4556317a9.jpg?im=FitAndFill=(1200,675)",Firstpost,8.344392806626035e-14,7,87,348,19,104
84,Gnews,https://www.deccanchronicle.com/opinion/columnists/syed-ata-hasnain-managing-disasters-why-rapid-awareness-is-vital-1816757,Syed Ata Hasnain | Managing disasters: Why rapid awareness is vital,"When a nation has legitimate aspirations such as the goal of becoming a $5 trillion economy in the very near future, with the $10 trillion mark seemingly not very far away, it’s also good to be...",2024-08-15 19:09:00,https://www.deccanchronicle.com/h-upload/2024/08/15/1831300-aa-2791633.webp,Deccan Chronicle,2.4615121481669674e-08,52,104,354,25,149
85,Gnews,https://www.firstpost.com/explainers/paetongtarn-shinawatra-thaksin-shinawatra-daughter-thailand-prime-minister-pheu-thai-srettha-thavisin-13804984.html,Paetongtarn Shinawatra: The 37-year-old political heir set to become Thailand’s prime minister,"Paetongtarn Shinawatra, the third child of ousted PM Thaksin Shinawatra, is all set to become the next Thai leader. The 37-year-old mother of two, if voted in parliament, will become only the second female PM of the Southeast Asian nation",2024-08-15 12:03:57,"https://images.firstpost.com/uploads/2024/08/shinawatra-lead-2024-08-cea2480f32176627013e035c82a7d9d0.jpg?im=FitAndFill=(1200,675)",Firstpost,0.3868755115642064,23,81,293,50,125
86,Gnews,https://www.deccanchronicle.com/business/in-other-news/india-imports-usd-28-bn-worth-of-crude-oil-from-russia-in-july-1816607,India imports USD 2.8 bn worth of crude oil from Russia in July,"New Delhi: India, the world's third largest oil consuming and importing nation, in July bought USD 2.8 billion worth of crude oil from Russia, second only to China which remains the largest importer...",2024-08-15 08:07:00,https://www.deccanchronicle.com/h-upload/2024/04/17/1084579-crudeoil.webp,Deccan Chronicle,6.135038197228378e-22,16,57,228,10,103
87,Gnews,https://www.devdiscourse.com/article/science-environment/3052631-india-leads-g20-in-climate-goals,India Leads G20 in Climate Goals,"India is the first G20 nation to achieve its climate targets ahead of schedule, Prime Minister Narendra Modi announced on Independence Day. The country is focusing on green growth, aiming to generate 500 GW of non-fossil energy by 2030. These efforts will create job opportunities and contribute to environmental protection.",2024-08-15 05:44:26,https://www.devdiscourse.com/remote.axd?https://devdiscourse.blob.core.windows.net/aiimagegallery/22_07_2024_04_50_49_5600487.png?width=920&format=jpeg,Devdiscourse,3.158792550401735e-10,2,12,58,4,21
88,Gnews,https://www.deccanchronicle.com/nation/pm-modi-calls-for-secular-civil-code-says-existing-laws-discriminatory-1816576,Modi pitches for secular civil code,Pushes for one nation one poll in I-Day speech,2024-08-15 05:17:00,https://www.deccanchronicle.com/h-upload/2024/08/15/1831116-untitleddesign-2024-08-15t104604032.webp,Deccan Chronicle,0.5504978388628751,46,122,397,70,241
89,Gnews,https://www.devdiscourse.com/article/science-environment/3052584-india-achieves-g20-climate-goals-ahead-of-schedule,India Achieves G20 Climate Goals Ahead of Schedule,"India has become the first G20 nation to meet its climate targets set under the 2015 Paris Agreement ahead of schedule, as announced by Prime Minister Narendra Modi. The country aims to achieve 500 GW of non-fossil fuel-based electricity capacity by 2030 and become a global hub for green hydrogen.",2024-08-15 04:25:17,https://www.devdiscourse.com/remote.axd?https://devdiscourse.blob.core.windows.net/aiimagegallery/18_07_2024_10_57_30_4450139.png?width=920&format=jpeg,Devdiscourse,0.0004495279550805647,5,23,83,10,40
90,Gnews,https://www.news18.com/olympics/pm-modi-calls-vinesh-phogat-brave-daughter-interacts-with-athletes-who-represented-india-in-paris-olympics-9017143.html,"PM Modi Calls Vinesh Phogat ‘Brave Daughter’, Interacts With Athletes Who Represented India In Paris Olympics",Prime Minister Narendra Modi on Friday interacted with the athletes who represented the nation in the Paris Olympics 2024 and congratulated them for their exceptional performance.,2024-08-16 04:19:25,https://images.news18.com/ibnlive/uploads/2024/08/pm-modi-meets-indian-olympic-contingent-screengrab-feature-2024-08-30ecf573d69e3b1741ed3ac8490814fb-16x9.png?impolicy=website&width=1200&height=675,News18,0.17211455849024868,16,35,197,26,61
91,Gnews,https://www.firstpost.com/world/vietnam-president-lands-in-china-on-3-day-visit-to-meet-xi-jinping-amid-south-china-sea-concerns-13805733.html,"Vietnam president lands in China on 3-day visit, to meet Xi Jinping amid South China Sea concerns","The Vietnamese president, who was elevated this month to the nation's top position, general secretary of the ruling Communist Party, arrived in Guangzhou, state broadcaster CCTV reported",2024-08-18 03:21:57,"https://images.firstpost.com/uploads/2024/08/2024-08-18T025917Z_1_LYNXMPEK7H00T_RTROPTP_4_CHINA-VIETNAM-1-2024-08-3970da9d90e43aa876d033d35faf3cfa.jpg?im=FitAndFill=(1200,675)",Firstpost,1.191495489457683e-37,9,31,116,3,50
92,Gnews,https://www.devdiscourse.com/article/politics/3055325-bjp-slams-mamata-banerjee-over-trainee-doctors-death-nationwide-protests-continue,BJP Slams Mamata Banerjee Over Trainee Doctor's Death; Nationwide Protests Continue,"BJP leader Sambit Patra criticized West Bengal's Mamata Banerjee government over the death of a trainee doctor at RG Kar Medical College. Protests have erupted across the nation, with doctors demanding the implementation of the Central Protection Act. The police have arrested several people linked to the violence.",2024-08-17 17:53:32,https://www.devdiscourse.com/remote.axd?https://devdiscourse.blob.core.windows.net/devnews/17_08_2024_23_23_25_9417779.jpg?width=920&format=jpeg,Devdiscourse,7.172947156173284e-27,3,13,94,4,36
93,Gnews,https://www.news18.com/sports/love-and-respect-i-have-received-is-worth-more-than-1000-gold-says-vinesh-phogat-after-heros-welcome-9018771.html,"'Love and Respect I Have Received is Worth More Than 1,000 Gold', Says Vinesh Phogat After Hero's Welcome","On her return to the homeland, Vinesh expressed her gratitude to the people of the nation for their unyielding support during her time of tribulation.",2024-08-17 12:31:33,https://images.news18.com/ibnlive/uploads/2024/08/copy-of-sports-8-2024-08-cd18b2c572b8f56cc2430ef34ac13935-16x9.jpg?impolicy=website&width=1200&height=675,News18,0.4755069141665143,7,28,164,21,48
94,Gnews,https://www.devdiscourse.com/article/health/3055005-mizoram-doctors-join-nationwide-protest-over-kolkata-medic-tragedy,Mizoram Doctors Join Nationwide Protest Over Kolkata Medic Tragedy,"Healthcare services in Mizoram crippled as doctors join a nation-wide protest demanding justice for the alleged rape and murder of a medic in Kolkata. Non-essential medical services were suspended, and emergency units remained operational. Students of Zoram Medical College also joined the protest with a candle night vigil.",2024-08-17 12:21:58,https://www.devdiscourse.com/remote.axd?https://devdiscourse.blob.core.windows.net/aiimagegallery/13_08_2024_10_24_33_8873378.png?width=920&format=jpeg,Devdiscourse,0.9998981895527048,3,19,91,0,22
95,Gnews,https://www.news18.com/sports/victory-of-every-daughter-of-the-country-bajrang-punia-hails-vinesh-phogat-on-wrestlers-return-to-home-soil-9018679.html,'Victory of Every Daughter of the Country': Bajrang Punia Hails Vinesh Phogat on Return to India,"Bajrang, who has been a pillar of support for the wrestling community and Vinesh through all the struggles, thanked the nation for coming out in large numbers and demonstrating their love for the grappler.",2024-08-17 11:16:41,https://images.news18.com/ibnlive/uploads/2024/08/copy-of-sports-4-2024-08-d2459338868d1094fd7c8911cd7c699b-16x9.jpg?impolicy=website&width=1200&height=675,News18,0.8581340826393995,8,19,159,18,42
96,Gnews,https://www.firstpost.com/world/interim-government-in-bangladesh-committed-to-hold-free-and-fair-elections-yunus-13805543.html,Mohammad Yunus pledges free & fair elections in Bangladesh,"UN Human Rights chief Volker Turk on Saturday called for a comprehensive, impartial and transparent investigation into all human rights violations. He said the transition in the South Asian nation is a historic opportunity to ensure governance is anchored in human rights, inclusivity and the rule of law",2024-08-17 08:55:25,"https://images.firstpost.com/uploads/2024/08/Muhammad-Yunus-2-2024-08-de7e5f864f54f85c445c2d9e792201b8-1200x675.jpg?im=FitAndFill=(1200,675)",Firstpost,1.0539660503227038e-08,11,63,206,16,83
97,Gnews,https://www.firstpost.com/world/indian-doctors-on-day-long-strike-over-kolkata-medicos-rape-murder-brutality-13805484.html,Indian doctors on day-long strike over Kolkata medico's rape-murder brutality,"The shutdown will cut off access to elective medical procedures and out-patient consultations in the world's most populous nation, according to a statement by the Indian Medical Association",2024-08-17 04:43:41,"https://images.firstpost.com/uploads/2024/08/2024-08-17T025549Z_1_LYNXMPEK7G00C_RTROPTP_4_INDIA-RAPE-PROTESTS-1-2024-08-8e2699952ddf63efba3a260269c1d536.jpg?im=FitAndFill=(1200,675)",Firstpost,3.909364626103481e-15,3,29,93,5,43
98,Gnews,https://www.deccanchronicle.com/nation/nda-leaders-meet-to-discuss-one-nation-one-poll-1817020,"NDA Leaders Meet to Discuss One Nation, One Poll",NEW DELHI: The ruling NDA alliance’s leaders held a coordination meeting on Friday at the residence of BJP president and union minister J.P. Nadda. Sources said ‘One Nation One Election’ and...,2024-08-16 19:36:00,https://www.deccanchronicle.com/h-upload/2024/08/16/1831568-naddamodi.webp,Deccan Chronicle,9.682347738537514e-10,6,10,60,2,20
99,Gnews,https://www.news18.com/politics/mva-slams-poll-panel-for-not-declaring-maharashtra-election-dates-along-with-jk-haryana-9018019.html,"MVA Slams Poll Panel For Not Declaring Maharashtra Election Dates Along With J&K, Haryana","Shiv Sena (UBT) leader Aaditya Thackeray said despite the talk of ""one nation, one election"", the ECI cited ""constraint on security forces"" as one of the reasons for not holding polls in Maharashtra simultaneously with J&K and Haryana",2024-08-16 15:22:35,https://images.news18.com/ibnlive/uploads/2024/08/uddhav-and-sharad-2024-08-d39612b303e15fcb8902453926f8a0f9-16x9.jpg?impolicy=website&width=1200&height=675,News18,1.0262650287711717e-09,27,40,285,20,119
100,Gnews,https://www.indiatvnews.com/sports/other/paralympics-2024-pci-sai-give-grand-send-off-to-largest-ever-indian-contingent-for-paris-games-2024-08-16-947274,"Paralympics 2024: PCI, SAI give grand send-off to largest-ever Indian contingent for Paris Games",India is sending its largest contingent for the upcoming Paralympic Games 2024. A total of 84 athletes will represent the nation in Paris for the Paralympics. The PCI has also released an official anthem for ahead of the Games.,2024-08-16 13:41:21,https://resize.indiatvnews.com/en/resize/newbucket/1200_-/2024/08/india-ban-34-1723815482.jpg,India TV News,0.999976915408081,9,24,143,36,69
101,Gnews,https://www.firstpost.com/explainers/pm-narendra-modi-poland-trip-new-delhi-warsaw-ties-ukraine-war-13806539.html,PM Modi’s Poland trip: Will it help in boosting ties between the two nations?,"PM Narendra Modi is travelling to Poland today as part of a two-nation trip. Before heading to Ukraine, he has a busy schedule in Warsaw, including bilateral talks with Polish counterpart Donald Tusk. Here’s what else to expect",2024-08-21 03:31:30,"https://images.firstpost.com/uploads/2024/08/Untitled-design-2024-08-20T173242.404-2024-08-3749baa14479bf466a4fb52cf2f8d37b.jpg?im=FitAndFill=(1200,675)",Firstpost,4.085904769515818e-09,22,76,369,26,133
102,Gnews,https://www.news18.com/world/they-are-misguided-missiles-after-redrawing-nations-political-roadmap-bangladeshs-students-at-a-crossroads-9021967.html,"'They Are Misguided Missiles': After Redrawing Nation's Political Roadmap, Bangladesh's Students At A Crossroads","Having tasted power and success, the students are now divided. Some are unhappy and feel the violence on the streets by them and attacks on Hindu homes were not needed. The more belligerent think it was important to teach supporters of Sheikh Hasina a lesson",2024-08-21 02:30:15,https://images.news18.com/ibnlive/uploads/2024/08/untitled-design-43-2024-08-2fb01fc3a14d4223932bd3541f1fabd8-16x9.jpg?impolicy=website&width=1200&height=675,News18,0.9999727035384621,22,30,152,49,101
103,Gnews,https://www.indiatvnews.com/news/world/india-pm-narendra-modi-poland-and-ukraine-visit-live-updates-amid-russia-ukraine-war-volodymyr-zelenskyy-vladimir-putin-video-2024-08-21-947853,"PM Modi to embark on 'historic' visit to Poland and Ukraine today, what's on agenda? DETAILS","Prime Minister Narendra Modi will commence his two-nation visit, starting from August 21 to 23, where the leader is scheduled to visit Poland and thereafter Ukraine. Announcing the trip, New Delhi said it would be a 'landmark and historic' visit.",2024-08-21 01:47:48,https://resize.indiatvnews.com/en/resize/newbucket/1200_-/2024/08/narendra-modi-1724204759.jpg,India TV News,4.273623238109093e-10,38,96,416,31,191
138,Gnews,https://www.firstpost.com/explainers/can-lebanon-afford-to-go-to-war-with-israel-13808421.html,Can Lebanon afford to go to war with Israel?,"Israel and Hezbollah exchanged ferocious fire on Sunday, stoking fears of a regional war. But is Lebanon ready to go to war with the Jewish nation?",2024-08-26 15:11:10,"https://images.firstpost.com/uploads/2024/08/Lebanon-1-2024-08-99b8faca025ab388ff278ef11375877e.jpg?im=FitAndFill=(1200,675)",Firstpost,2.9754134194189603e-09,43,115,404,29,192
104,Gnews,https://www.devdiscourse.com/article/health/3058447-philippines-identifies-mild-clade-2-mpox-case-amid-global-health-alert,Philippines Identifies Mild Clade 2 Mpox Case Amid Global Health Alert,"The Philippines' health minister revealed that a detected mpox case is of the mild Clade 2 variant. The patient, a 33-year-old Filipino male, is recovering in hospital. This marks the nation's tenth confirmed mpox case since July 2022. The WHO recently declared mpox a global public health emergency.",2024-08-21 01:13:48,https://www.devdiscourse.com/remote.axd?https://devdiscourse.blob.core.windows.net/aiimagegallery/20_08_2024_14_09_52_9841361.png?width=920&format=jpeg,Devdiscourse,2.352922906641409e-06,10,22,69,6,31
105,Gnews,https://www.firstpost.com/explainers/ethiopia-rapid-transition-electric-vehicles-13806101.html,Top Gear: How Ethiopia has seen a rapid transition to electric vehicles,"Ethiopia is making waves with its rapid shift to electric vehicles, becoming the first country to ban gas-powered car imports. With over 100,000 EVs on the road and plans to quadruple that by 2032, the East African nation is leveraging its abundant hydropower to fuel this green revolution. However, economic challenges and the high cost of EVs pose significant hurdles to sustaining this momentum",2024-08-20 03:28:48,"https://images.firstpost.com/uploads/2024/08/EV-car-charging-Reuters-2024-08-6f25e280c200e0b3d07ff8161c2d10c5.jpg?im=FitAndFill=(1200,675)",Firstpost,6.436284817195257e-08,39,102,363,26,173
106,Gnews,https://www.devdiscourse.com/article/politics/3057169-kamala-harris-unites-nation-with-vision-for-future-at-democratic-national-convention,Kamala Harris Unites Nation with Vision for Future at Democratic National Convention,"Vice President Kamala Harris made a surprise appearance at the opening of the Democratic National Convention, addressing the unity and shared vision of Americans. Highlighting her upcoming presidential candidacy acceptance speech, Harris praised President Joe Biden’s leadership, and received accolades from notable figures like Barack Obama and Hillary Clinton.",2024-08-20 02:52:21,https://www.devdiscourse.com/remote.axd?https://devdiscourse.blob.core.windows.net/devnews/09_08_2024_10_34_11_4954476.jpg?width=920&format=jpeg,Devdiscourse,0.8406101055243382,4,9,62,8,23
107,Gnews,https://www.news18.com/world/kamala-harris-says-forever-grateful-to-biden-as-democratic-convention-starts-9020820.html,"Kamala Harris Makes Debut At Democratic Convention In Chicago, Lauds Biden's 'Historic Leadership'","Kamala Harris expressed gratitude to Joe Biden at the Democratic National Convention, celebrating his historic leadership and lifetime of service to the nation",2024-08-20 01:33:38,https://images.news18.com/ibnlive/uploads/2024/08/untitled-design-2024-08-524ef1d4b9b65329ab008e21e0a3a904-16x9.png?impolicy=website&width=1200&height=675,News18,0.006614468815054401,18,45,174,20,73
108,Gnews,https://www.devdiscourse.com/article/politics/3057131-kamala-harris-takes-the-lead-as-democratic-national-convention-kicks-off,Kamala Harris Takes the Lead as Democratic National Convention Kicks Off,"The Democratic National Convention began with President Joe Biden's valedictory speech, passing the baton to Vice President Kamala Harris after he ended his reelection bid. Harris must now lead the party against Donald Trump. Amid celebrations, challenges lie ahead as Harris seeks to unify and rally the nation.",2024-08-19 23:21:31,https://www.devdiscourse.com/remote.axd?https://devdiscourse.blob.core.windows.net/imagegallery/29_02_2020_16_56_48_7796591.jpg?width=920&format=jpeg,Devdiscourse,0.05603811134053746,4,11,65,6,21
109,Gnews,https://www.deccanchronicle.com/opinion/columnists/kishwar-desai-graffiti-art-cheers-post-riots-london-edinburgh-is-back-but-with-warnings-1817419,"Kishwar Desai | Graffiti art cheers post-riots London; Edinburgh is back, but with 'warnings'","After a summer of the worst riots ever, it was a time to introspect and think about who lights these sudden fires. And how quickly the social fabric of a stable nation can be torn down. People were...",2024-08-18 18:47:00,https://www.deccanchronicle.com/h-upload/2024/08/18/1831927-aa-2833967.webp,Deccan Chronicle,0.37197874160716893,64,78,219,48,158
110,Gnews,https://www.deccanchronicle.com/opinion/columnists/sanjaya-baru-bangladeshs-yunus-can-re-earn-his-peace-prize-1817417,Sanjaya Baru | Bangladesh’s Yunus can ‘re-earn’ his Peace Prize,"Democratic institutions ensure that a nation state renews its legitimacy within civil society. When those who take control of the State subvert and delegitimise the institutions of democracy, this...",2024-08-18 18:44:00,https://www.deccanchronicle.com/h-upload/2024/08/18/1831925-aa-2834886.webp,Deccan Chronicle,0.0015389673729372265,51,86,327,42,184
111,Gnews,https://www.devdiscourse.com/article/politics/3059719-kennedys-potential-endorsement-of-trump-a-political-shake-up,Kennedy's Potential Endorsement of Trump: A Political Shake-Up,Independent presidential candidate Robert F. Kennedy Jr. is considering dropping out of the U.S. presidential race to endorse Donald Trump in exchange for a potential role in a Trump administration. Kennedy wants his political movement to continue and is discussing these plans with Trump. His campaign will address the nation on Friday in Arizona.,2024-08-21 23:43:20,https://www.devdiscourse.com/remote.axd?https://devdiscourse.blob.core.windows.net/devnews/08_04_2024_09_45_33_3212029.jpg?width=920&format=jpeg,Devdiscourse,0.3344172624635261,6,10,61,9,30
112,Gnews,https://www.devdiscourse.com/article/politics/3059710-kennedy-weighs-trump-endorsement-for-white-house-role,Kennedy Weighs Trump Endorsement for White House Role,"Independent U.S. presidential candidate Robert F. Kennedy Jr. is considering dropping out of the race to endorse Donald Trump in exchange for a position in a potential Trump administration. Discussions are ongoing, with Kennedy planning to address the nation on his future plans this Friday in Arizona.",2024-08-21 22:42:38,https://www.devdiscourse.com/remote.axd?https://devdiscourse.blob.core.windows.net/devnews/08_04_2024_09_45_33_3212029.jpg?width=920&format=jpeg,Devdiscourse,0.3085841623001455,2,5,51,6,23
113,Gnews,https://www.thehealthsite.com/news/another-lockdown-will-mpox-outbreak-cause-a-covid-like-complete-shutdown-who-weighs-in-1118933/,Another Lockdown? Will Mpox Outbreak Cause A COVID-Like Complete Shutdown? WHO Weighs In,Will there be another lockdown nation wide due to Mpox virus? Here is what the World Health Organisation (WHO) has to say about the risk of Mpox turning into a pandemic. TheHealthSite.com,2024-08-21 16:17:00,https://st1.thehealthsite.com/wp-content/uploads/2024/08/Mpox-Outbreak-2.jpg,TheHealthSite,3.665462234831502e-06,24,53,176,16,89
114,Gnews,https://www.news18.com/opinion/opinion-pm-modis-independence-day-speech-a-missed-opportunity-to-regain-lost-ground-9022504.html,PM Modi’s Independence Day Speech: A Missed Opportunity to Regain Lost Ground?,"While comprehensive, PM Modi’s 98-minute speech lacked the usual fire and urgency. Given his gift for connecting with the nation, a more focused message might have resonated more deeply",2024-08-21 07:24:46,https://images.news18.com/ibnlive/uploads/2024/08/modi-latest-100-2024-08-409250d5e44ada19a4e65da33214d5a8-16x9.jpg?impolicy=website&width=1200&height=675,News18,0.02040074289684749,51,67,252,36,144
115,Gnews,https://www.news18.com/opinion/shadow-warrior-beyond-lenient-laws-what-will-it-take-to-protect-indias-women-9023844.html,Beyond Lenient Laws: What Will It Take to Protect India’s Women?,"For a nation that calls itself the Motherland and worships many female deities, the cavalier treatment of crimes against women is a disgrace and must be stopped",2024-08-22 08:29:40,https://images.news18.com/ibnlive/uploads/2024/08/ima-doctors-strike-kolkata-rape-2024-08-6b84658e8018d207ac011709cc508b73-16x9.jpg?impolicy=website&width=1200&height=675,News18,0.029665977304171913,49,92,285,41,164
117,Gnews,https://www.indiatvnews.com/news/world/pm-modi-departs-for-ukraine-after-concluding-successful-two-day-visit-to-poland-defence-cooperation-volodymyr-zelenskyy-russia-war-updates-2024-08-22-948234,PM Modi departs for Ukraine after concluding successful two-day visit to Poland | WATCH,"PM Modi is visiting Ukraine at the invitation of President Volodymyr Zelenskyy and is the first Indian leader in history to visit the war-torn nation. His visit comes at a crucial juncture of the Russia-Ukraine War, as India is likely to assert its policy of dialogue and diplomacy.",2024-08-22 16:24:40,https://resize.indiatvnews.com/en/resize/newbucket/1200_-/2024/08/pm-modi-departing-1724344806.jpg,India TV News,0.0007391674722317502,14,79,270,30,112
118,Gnews,https://www.devdiscourse.com/article/law-order/3060732-trudeau-urges-rail-companies-and-union-to-avoid-economic-catastrophe,Trudeau Urges Rail Companies and Union to Avoid Economic Catastrophe,"Canadian Prime Minister Justin Trudeau called on two major rail companies and the Teamsters union to settle their disputes to avoid significant economic damage. Despite urging for resolution, CN Railway has reported a breakdown in talks and requested government intervention. A shutdown could severely impact the nation's economy.",2024-08-22 15:40:12,https://www.devdiscourse.com/remote.axd?https://devdiscourse.blob.core.windows.net/aiimagegallery/21_08_2024_18_10_01_7853554.png?width=920&format=jpeg,Devdiscourse,7.606595858231967e-49,4,15,79,2,35
119,Gnews,https://www.firstpost.com/india/isro-to-release-images-captured-by-vikram-lander-pragyan-rover-on-chandrayaan-3-landing-anniversary-13807344.html,ISRO to release images captured by Vikram Lander & Pragyan Rover on Chandrayaan-3 landing anniversary,"The Chandrayaan-3 mission, which successfully landed on the lunar south pole on August 23, 2023, marked a significant milestone for India as it became the fourth nation to successfully soft-land on the lunar surface after the USSR, United States, and China.",2024-08-22 15:34:27,"https://images.firstpost.com/uploads/2024/08/Frankfurt-airport-halts-flights-as-climate-activists-block-runway-28-2024-08-d16ca9d06d49116fa570e44b7e407c3d.jpg?im=FitAndFill=(1200,675)",Firstpost,1.180919330747902e-16,3,17,82,4,26
120,Gnews,https://www.deccanchronicle.com/southern-states/telangana/cm-revanth-reddy-other-leaders-stage-demonstration-at-ed-office-1818196,CM Revanth Leads Protest at ED Office in Hyderabad,Hyderabad: Chief Minister A Revanth Reddy on Thursday launched a blistering attack on the NDA government at the Centre stating that the BJP was a threat to the nation.Participating in a demonstration...,2024-08-22 08:38:00,https://www.deccanchronicle.com/h-upload/2024/08/22/1832727-edprotest.webp,Deccan Chronicle,4.1786300575076194e-07,22,21,231,22,115
121,Gnews,https://www.devdiscourse.com/article/politics/3061067-kamala-harris-seeks-to-redefine-herself-and-the-nation-at-dnc-2024-nomination,Kamala Harris Seeks to Redefine Herself and the Nation at DNC 2024 Nomination,"Vice President Kamala Harris aims to redefine herself and draw a stark contrast with Donald Trump during her acceptance speech at the Democratic National Convention. Her speech will focus on personal freedoms, economic reform, and a vision for all Americans. The convention also showcased prominent figures and addressed divisive issues.",2024-08-23 02:00:41,https://www.devdiscourse.com/remote.axd?https://devdiscourse.blob.core.windows.net/devnews/22_08_2024_15_13_09_2302267.jpg?width=920&format=jpeg,Devdiscourse,2.147586126290546e-11,3,15,48,3,23
122,Gnews,https://www.firstpost.com/world/modi-in-ukraine-live-pm-modi-arrives-in-kyiv-all-eyes-on-talks-with-zelenskyy-13807463.html,"Modi in Ukraine LIVE: PM Modi arrives in Kyiv, all eyes on talks with Zelenskyy","With this, PM Modi became the first Indian Prime Minister to visit the war-stricken nation",2024-08-23 05:28:48,"https://images.firstpost.com/uploads/2024/08/pm-narendra-modi-with-ukrainian-president-volodymyr-zelenskyy-275727583-16x9-2024-08-1d43fdd9dee71956ffaca061de03fec7.jpg?im=FitAndFill=(1200,675)",Firstpost,0.03875442905615016,3,13,83,9,26
123,Gnews,https://www.indiatvnews.com/west-bengal/kolkata-kolkata-doctor-rape-murder-case-india-tv-exclusive-interview-parents-mamata-banerjee-cbi-investigation-latest-updates-2024-08-23-948407,"EXCLUSIVE: Kolkata medic's parents reveal, 'We were shown body only after Mamata spoke to us on phone'","After the rape and murder case of a doctor at Kolkata hospital shocked the entire nation, the parents of the victim spoke to India TV in an Exclusive Interview and detailed everything they faced on August 9, the day of the heinous crime.",2024-08-23 13:57:34,https://resize.indiatvnews.com/en/resize/newbucket/1200_-/2024/08/kolkata-doctor-case-1724421354.jpg,India TV News,0.9999934562508715,12,17,109,36,85
124,Gnews,https://www.news18.com/opinion/opinion-the-spectre-of-dhakas-past-hasinas-fall-and-the-return-of-fear-9025204.html,The Spectre of Dhaka’s Past: Hasina’s Fall and the Return of Fear,"Bangladesh seems doomed to repeat its history. With Sheikh Hasina's ouster, the fragile peace built on secular ideals crumbles, and the spectre of 1971's violence returns to haunt a nation forgetting its own blood-soaked birth",2024-08-23 08:32:55,https://images.news18.com/ibnlive/uploads/2024/08/untitled-design-43-2024-08-2fb01fc3a14d4223932bd3541f1fabd8-16x9.jpg?impolicy=website&width=1200&height=675,News18,0.0003933740217916657,67,162,584,60,242
125,Gnews,https://www.news18.com/opinion/opinion-indias-space-revolution-pm-modis-vision-catapults-nation-to-global-space-leadership-9024840.html,India’s Space Revolution: PM Modi’s Vision Catapults Nation to Global Space Leadership,"The achievements of India’s space program are numerous and varied, encompassing indigenous launch capacity, successful missions to the Moon and Mars, satellite launches into multiple orbits, and the development of a robust national security space infrastructure",2024-08-23 06:22:31,https://images.news18.com/ibnlive/uploads/2024/08/chandrayaan-3-2024-08-22fa9b0ee05d488af3f5d401e3f927d5-16x9.jpg?impolicy=website&width=1200&height=675,News18,2.727140107542189e-19,37,133,539,21,173
126,Gnews,https://www.deccanchronicle.com/world/americas/panama-announces-more-migrant-deportation-flights-to-india-china-and-ecuador-1818444,"Panama deports migrants from India, China and Ecuador","PANAMA CITY: Panama's government announced on Thursday additional deportation flights for migrants apprehended in the Central American nation to Ecuador, India and China, in a bid to reduce of flow of...",2024-08-23 04:55:00,https://www.deccanchronicle.com/h-upload/2024/08/23/1832941-aa-2872964.webp,Deccan Chronicle,1.9046622970005507e-07,4,20,57,5,25
127,Gnews,https://www.firstpost.com/explainers/this-week-in-explainers-pm-narendra-modi-ukraine-trip-13807695.html,This Week in Explainers: What PM Modi achieved from his Ukraine trip,"PM Narendra Modi was on a two-nation trip this week. After visiting Poland, he took a 10-hour train ride to reach war-torn Ukraine, reiterating India’s stand of resolving the conflict through ‘dialogue and diplomacy’. Here’s all this and more in this weekly wrap",2024-08-24 04:06:59,"https://images.firstpost.com/uploads/2024/08/Untitled-design-2024-08-23T200242.693-2024-08-068567972da9852205320bdd5185886c.jpg?im=FitAndFill=(1200,675)",Firstpost,1.2290349844130412e-05,17,78,348,33,131
128,Gnews,https://www.news18.com/world/watch-2492-carat-diamond-world-largest-found-in-botswana-god-is-good-exclaims-nations-president-9026674.html,"Watch | 2,492-Carat Diamond, World Largest, Found In Botswana, ‘God Is Good’ Exclaims Nation's President","The largest diamond found in more than a century has been unearthed at a mine in Botswana, and the country's president showed off the fist-sized stone to the world at a viewing ceremony Thursday.",2024-08-24 11:22:56,https://images.news18.com/ibnlive/uploads/2024/08/botswana-2492-carat-diamond-president-2024-08-d4ae9451e6de96be30a8f6e6bcda4c9c-16x9.jpg?impolicy=website&width=1200&height=675,News18,0.0012062079283774738,11,55,156,20,86
129,Gnews,https://www.devdiscourse.com/article/health/3062499-uganda-confirms-two-new-mpox-virus-cases-amid-rising-global-concerns,Uganda Confirms Two New Mpox Virus Cases Amid Rising Global Concerns,"Uganda has reported two new cases of the mpox virus, increasing the nation's total to four. The latest infections involve the clade 1b strain, prompting global concern. Health authorities first detected the outbreak on July 24. The World Health Organization has labeled it a public health emergency.",2024-08-24 07:48:49,https://www.devdiscourse.com/remote.axd?https://devdiscourse.blob.core.windows.net/aiimagegallery/16_08_2024_05_07_08_7363368.png?width=920&format=jpeg,Devdiscourse,3.532555514333324e-44,2,10,46,1,16
130,Gnews,https://www.firstpost.com/explainers/a-balancing-act-how-global-media-reported-pm-modis-ukraine-visit-13807780.html,'A balancing act': How global media reported PM Modi's Ukraine visit,"During his visit to Kyiv, PM Modi extended India's support to the war-struck nation in a meeting with Ukraine's Volodymyr Zelenskyy. But how did the media react to his trip?",2024-08-24 06:56:20,"https://images.firstpost.com/uploads/2024/08/modi-and-zelenskyy-AP-2024-08-8d187906d62b613713d28ca7bb7ff4a8.jpg?im=FitAndFill=(1200,675)",Firstpost,1.5120058810292408e-06,31,64,317,31,140
131,Gnews,https://www.devdiscourse.com/article/law-order/3063159-canadas-railways-resume-operations-after-standoff,Canada's Railways Resume Operations After Standoff,"The Canada Industrial Relations Board has ordered a halt to work stoppages at Canada’s largest railways, ending a significant disruption to the nation’s export-driven economy. The decision comes after labor disputes involving thousands of Teamsters members and the Canadian National Railway and Canadian Pacific Kansas City. The Teamsters plan to appeal.",2024-08-25 00:07:52,https://www.devdiscourse.com/remote.axd?https://devdiscourse.blob.core.windows.net/aiimagegallery/24_08_2024_22_30_36_8726291.png?width=920&format=jpeg,Devdiscourse,0.9999992209357794,0,13,48,0,21
132,Gnews,https://www.devdiscourse.com/article/politics/3063133-prime-minister-starmers-stark-warning-tough-times-ahead-for-britain,Prime Minister Starmer's Stark Warning: Tough Times Ahead for Britain,"Prime Minister Keir Starmer will deliver a speech warning Britons that the path to resolving the nation's problems will be difficult and time-consuming. He blames the previous Conservative government for societal instability and economic woes, and emphasizes the necessity of honest communication and tough decisions.",2024-08-24 21:32:45,https://www.devdiscourse.com/remote.axd?https://devdiscourse.blob.core.windows.net/devnews/06_07_2024_23_10_58_3787926.jpg?width=920&format=jpeg,Devdiscourse,0.0006801093616662202,3,21,54,6,32
133,Gnews,https://www.news18.com/movies/ranjith-quits-as-kerala-chalachitra-academy-chairman-amma-gen-secy-siddique-resigns-amid-sexual-abuse-claims-9027157.html,Ranjith Quits as Kerala Chalachitra Academy Chairman; AMMA Gen Secy Siddique Resigns Amid Sexual Abuse Claims,"The Justice Hema Committee report that sheds light on working conditions and sexual exploitation in the Malayalam film industry, has sent shockwaves across the nation.",2024-08-25 05:21:52,https://images.news18.com/ibnlive/uploads/2024/08/fotojet-2024-08-25t103835.538-2024-08-019907276fc12d8d14ab7acfef9e1763-16x9.jpg?impolicy=website&width=1200&height=675,News18,0.9999999902547184,17,13,123,38,62
134,Gnews,https://www.firstpost.com/explainers/hezbollah-katyusha-rockets-israel-soviet-era-dangerous-lethality-13808191.html,Hezbollah fires over 320 Katyusha rockets at Israel: What makes these missiles so dangerous?,"On Sunday, the Hezbollah launched over 320 Katyusha rockets at Israel, prompting a counter-attack from the Jewish nation. The Katyusha rockets developed by the Soviet Union and used largely during World War II have become the primary weapons of the Lebanon-based group",2024-08-26 04:08:49,"https://images.firstpost.com/uploads/2024/08/rcket1-2024-08-01dfd6990da8b40af7aaa109577c923c.jpg?im=FitAndFill=(1200,675)",Firstpost,1.4126643405767352e-09,45,105,463,33,200
135,Gnews,https://www.firstpost.com/world/north-koreas-kim-jong-un-calls-for-production-of-more-suicide-drones-as-hermit-nation-issues-nuclear-warning-13808170.html,North Korea's Kim Jong Un calls for production of more suicide drones as hermit nation issues nuclear warning,"North Korean Supreme Leader supervised the test organised by the Drone Institute of the Academy of Defence Sciences. During the testing, the authorities flew the drones along several preset courses",2024-08-26 02:30:17,"https://images.firstpost.com/uploads/2024/07/kim-jong-un-july-2-2024-Reuters-2024-07-1e523f63b35c6055dae2ee83f16fee10.jpg?im=FitAndFill=(1200,675)",Firstpost,3.0156669394765954e-26,14,58,215,7,93
136,Gnews,https://indianexpress.com/article/opinion/columns/one-nation-one-election-commission-of-india-narendra-modi-bjp-congress-suggestions-constitution-9532990/,"Many questions about ‘one nation, one election’",The PM's I-day speech brought the issue back to the political centrestage. But the proposal of simultaneous polls needs a more careful debate,2024-08-26 01:21:45,https://images.indianexpress.com/2024/08/ONE-ELECTION.jpg,The Indian Express,5.3770281316707005e-05,59,112,295,32,190
137,Gnews,https://indianexpress.com/article/world/india-has-done-extremely-well-under-pm-modi-pakistan-needs-leader-like-him-9532999/,"India has done extremely well under PM Modi, Pakistan needs leader like him: Pakistani-American businessman","Tarar said that the rise of any nation was reflected in its lobbying capacity in the corridors of power in Washington, and the increase in Indian tech entrepreneurs has strengthened its diaspora.",2024-08-25 18:24:18,https://images.indianexpress.com/2024/08/sajid-trar-X.jpg,The Indian Express,0.006198060992241477,14,29,117,15,61
139,Gnews,https://www.firstpost.com/firstcricket/sports-news/icc-womens-t20-world-cup-2024-venue-schedule-fixtures-format-india-date-time-13808570.html,"Women's T20 World Cup: India faces Pakistan on 6 October, ICC announces revised schedule",The 2024 ICC Women's T20 World Cup was to take place in Bangladesh but was recently shifted to UAE due to political unrest in the South Asian nation. Check out the revised schedule.,2024-08-27 03:10:38,"https://images.firstpost.com/uploads/2024/08/ICC-Womens-T20-World-Cup-2024-08-968d5dc1a735e90b62f58f670a58d713-1200x675.jpg?im=FitAndFill=(1200,675)",Firstpost,2.1987775240055524e-262,4,24,190,2,62
140,Gnews,https://www.indiatvnews.com/trending/news/army-jawan-disciplines-traffic-violator-on-busy-road-of-bengaluru-netizen-calls-it-satisfying-2024-08-27-948984,"Army jawan 'schools' traffic violator on busy road of Bengaluru, netizen calls it 'satisfying'",The incident involving the army jawan in Bengaluru is a reminder that the unsung heroes not only work tirelessly to protect our nation but also to keep our roads safe.,2024-08-27 10:30:22,https://resize.indiatvnews.com/en/resize/newbucket/1200_-/2024/08/army-traffic-1724750968.jpg,India TV News,0.35150222895579186,9,21,103,16,48
141,Gnews,https://theprint.in/go-to-pakistan/pakistans-historic-loss-to-bangladesh-has-shaken-the-nation-they-also-want-a-revolution/2240767/,Pakistan’s historic loss to Bangladesh has shaken the nation. They also want a revolution,"Former Pakistan Cricket Board Chief Ramiz Raja, ironically, pointed to an Indian angle for this 'confidence crisis'. He suggested that it began during their loss to Indian at the Asia Cup.",2024-08-27 13:20:04,https://static.theprint.in/wp-content/uploads/2024/08/Untitled-design-43.jpg,ThePrint,7.268406765181203e-05,36,41,263,25,110
142,Gnews,https://www.devdiscourse.com/article/science-environment/3065460-disaster-strikes-sudan-dam-burst-amplifies-floods-amid-ongoing-conflict,Disaster Strikes Sudan: Dam Burst Amplifies Floods Amid Ongoing Conflict,"Emergency responders are urgently searching for missing persons after the Arbaat Dam burst in eastern Sudan, killing 30 and exacerbating floods in a war-torn nation. The floods, due to heavy rains, have displaced 118,000 people, destroyed homes, and spread diseases. Aid delivery remains impeded amid the crisis.",2024-08-27 12:19:48,https://www.devdiscourse.com/remote.axd?https://devdiscourse.blob.core.windows.net/aiimagegallery/27_08_2024_11_48_42_9385372.png?width=920&format=jpeg,Devdiscourse,0.9999999947605349,8,14,64,0,33
143,Gnews,https://www.deccanchronicle.com/nation/bjp-to-draft-in-cms-union-ministers-to-spearhead-its-membership-drive-1819395,BJP membership drive from September 2,"New Delhi: Prime Minister Narendra Modi will be the first person to renew his membership when the BJP launches its nation-wide membership drive on September 2. Union ministers, chief ministers and...",2024-08-27 11:10:00,https://www.deccanchronicle.com/h-upload/2024/08/05/1828868-delhibjp.webp,Deccan Chronicle,1.6094270354655253e-07,11,35,126,13,81
144,Gnews,https://www.firstpost.com/world/china-records-18-surge-in-number-of-protests-sluggish-economy-real-estate-woes-to-blame-13809069.html,"China records 18% surge in number of protests; sluggish economy,","Protests are on the rise across China as the nation faces economic challenges, including a real estate crisis and waning growth. An 18 per cent increase in dissent cases has been recorded, driven largely by labor and homeowner grievances",2024-08-28 10:02:44,"https://images.firstpost.com/uploads/2024/07/China-floods-2024-07-2fc394faa9e2e018dc8ebe2c739fad45.jpg?im=FitAndFill=(1200,675)",Firstpost,2.9836563164835997e-18,20,56,171,7,87
145,Gnews,https://timesofindia.indiatimes.com/travel/destinations/5-spots-to-bookmark-as-sri-lanka-goes-visa-free-for-indians-from-oct-1/articleshow/112865285.cms,5 spots to bookmark as Sri Lanka goes visa-free for Indians from Oct 1,"This beautiful island nation is all about rich cultural heritage, stunning landscapes, and vibrant wildlife. If you have never been to this place, this is the right time to be. So, here are five must-visit spots to bookmark for your Sri Lankan adventure.",2024-08-28 10:41:00,"https://static.toiimg.com/thumb/msid-112865285,width-1070,height-580,resizemode-75,imgsize-11955790,pt-32,y_pad-40/112865285.jpg",Times of India,1.3720045238321227e-19,23,57,217,7,72
146,Gnews,https://theprint.in/india/enough-is-enough-anguished-president-murmu-asks-nation-to-wake-up-end-crimes-against-women-2/2242005/,"Asks nation to wake up, end crimes against women",Murmu: President conveyed her views through an article and said no civilised society can allow such crimes against women.,2024-08-28 10:00:16,https://static.theprint.in/wp-content/uploads/2024/08/Kolkata-Rape-and-Murder-case.png,ThePrint,0.8534338161133431,41,62,214,47,134
147,Gnews,https://www.livemint.com/specials/parenting-is-hazardous-to-your-health-the-surgeon-general-warns-11724841406629.html,"Parenting is hazardous to your health, the surgeon general warns",The nation’s doctor says parents are lonely. Maybe it’s really the powerlessness of parenthood that’s gotten us down.,2024-08-27 18:30:00,https://www.livemint.com/lm-img/img/2024/08/28/1600x900/im-61142447_1724841410736_1724841452266.jpg,Livemint,0.18942442728841638,72,117,326,58,206
148,Gnews,https://indianexpress.com/article/cities/lucknow/congress-sp-trying-to-divide-society-like-jinnah-did-cm-yogi-adityanath-9538563/,"Congress, SP trying to divide society like Jinnah did: CM Yogi Adityanath","Speaking at a district-level mega employment fair in Aligarh, Adityanath said, “Jinnah committed the grave sin of dividing the nation. The Congress and SP are committing a similar sin by dividing society.”",2024-08-28 20:00:56,https://images.indianexpress.com/2024/08/janma1.jpg,The Indian Express,7.302292195407806e-11,17,36,228,16,107
149,Gnews,https://www.news18.com/sports/pm-modi-wishes-indian-contingent-for-2024-paris-paralympics-inspiration-for-the-entire-nation-9031220.html,PM Modi Wishes Indian Contingent for 2024 Paris Paralympics: 'Inspiration for the Entire Nation',Prime Minister Narendra Modi said 140 crore Indians will cheer for India's athletes for 2024 Paris Paralympics.,2024-08-28 17:53:18,https://images.news18.com/ibnlive/uploads/2024/08/pm-modi-india-paris-paralympics-2024-08-d36f62765ac481d0c9feed09e0dcdfee-16x9.jpg?impolicy=website&width=1200&height=675,News18,4.365816977977203e-05,9,24,139,13,50
150,Gnews,https://www.deccanchronicle.com/nation/enough-is-enough-anguished-president-murmu-asks-nation-to-wake-up-end-crimes-against-women-1819650,"Enough is Enough: Anguished President Murmu Asks Nation to Wake Up, End Crimes Against Women","New Delhi: Declaring that 'enough is enough', President Droupadi Murmu on Wednesday said it is time for India to wake up to the 'perversion' of crimes against women and counter the mindset that sees...",2024-08-28 10:26:00,https://www.deccanchronicle.com/h-upload/2024/08/28/1834969-la-2520808.webp,Deccan Chronicle,0.9669264714280218,36,55,175,48,128
151,Gnews,https://www.livemint.com/market/stock-market-news/sebi-financial-derivatives-nse-trading-stock-index-derivatives-investors-social-media-stock-brokers-smartphones-11724837326523.html,How India turned into a trading nation,"An overwhelming majority of people lose their shirt trading in financial derivatives. And trading in stocks isn’t safe either—on average, 71 out of 100 intraday traders in stocks lose money. Why do they feel their luck will soon change?",2024-08-27 18:30:00,https://www.livemint.com/lm-img/img/2024/08/28/1600x900/Investor_who_lost_money-web_1724843502999_1724845313680.jpg,Livemint,0.006676507318283783,119,174,683,90,387
152,Gnews,https://www.news18.com/lifestyle/5-instrumental-music-players-around-the-world-that-are-making-the-nation-proud-9030224.html,5 Instrumental Music Players Around The World That Are Making The Nation Proud,"These five instrumental musicians are shining examples of how talent, dedication, and cultural pride can resonate globally",2024-08-30 01:21:28,https://images.news18.com/ibnlive/uploads/2024/07/anoushka-shankar-sitar-2024-07-6e5e5f4e568c770a614649c1a7776c90-16x9.jpg?impolicy=website&width=1200&height=675,News18,0.26275205336267554,18,62,194,36,91
153,Gnews,https://www.livemint.com/politics/news/kangana-ranaut-hits-back-at-sads-simranjit-mann-over-rape-remark-says-this-country-will-never-stop-trivialising-11724941949289.html,"Kangana Ranaut hits back at SAD’s Simranjit Mann over ‘rape’ remark, says ‘this country will never stop trivialising…’",Kangana Ranaut said rape and violence against women is ‘deep rooted in the psyche of this patriarchal nation’.,2024-08-29 20:55:35,https://www.livemint.com/lm-img/img/2024/08/29/1600x900/PTI08-08-2024-000179B-0_1724942194891_1724942219548.jpg,Livemint,1.7581669059426597e-06,18,20,133,13,71
154,Gnews,https://www.devdiscourse.com/article/science-environment/3067970-devastating-floods-in-northern-yemen-33-dead-200-houses-damaged,"Devastating Floods in Northern Yemen: 33 Dead, 200 Houses Damaged","Floods in Yemen's Al-Mahwit province have killed 33 people, damaged over 200 houses, and left 38 people missing, compounding the woes of a nation already suffering from civil war.",2024-08-29 16:52:13,https://www.devdiscourse.com/remote.axd?https://devdiscourse.blob.core.windows.net/aiimagegallery/28_08_2024_15_24_04_9306381.png?width=920&format=jpeg,Devdiscourse,1.355340675859201e-46,6,19,59,1,28
155,Gnews,https://www.firstpost.com/explainers/purulia-arms-drop-case-niels-holck-kim-davy-danish-mastermind-extradition-to-india-13809580.html,"Who is Niels Holck, aka Kim Davy, Danish ‘mastermind’ of the 1995 Purulia arms drop case?","For years, India has been seeking the extradition of Niels Holck, a Danish national, involved in the 1995 weapons smuggling case in West Bengal’s Purulia. Once again, a court in Denmark has rejected the request to send him to the South Asian nation. But why?",2024-08-29 15:39:33,"https://images.firstpost.com/uploads/2024/08/Untitled-design-2024-08-29T185201.287-2024-08-e060a7445da0c8f55b2b4448ffa0a08d.jpg?im=FitAndFill=(1200,675)",Firstpost,0.0015158000701458794,31,62,363,39,165
156,Gnews,https://www.firstpost.com/tech/reliance-agm-2024-jio-to-capture-lions-share-of-growing-5g-adoption-in-india-says-mukesh-ambani-13809498.html,"Reliance AGM 2024: Jio to capture lion's share of growing 5G adoption in India, says Mukesh Ambani","Jio True 5G has seen the fastest adoption rate globally, with over 130 million customers embracing the network in just two years. RIL Chairman Mukesh Ambani proudly stated that Jio has transformed India from a “5G-dark” to a “5G-bright” nation",2024-08-29 11:35:42,"https://images.firstpost.com/uploads/2024/08/Reliance-AGM-2024-Jio-to-capture-lions-share-of-growing-5G-adoption-in-India-says-Mukesh-Ambani-2024-08-a31906d1ed13b946b948ee9592993adf-1200x675.jpg?im=FitAndFill=(1200,675)",Firstpost,3.850452245808252e-14,27,62,230,11,89
157,Gnews,https://www.news18.com/business/cnn-news18-often-outperforms-all-other-channels-combined-remained-no-1-for-2-years-mukesh-ambani-9031911.html,"CNN-News18 Often Outperforms All Other Channels Combined, Remained No. 1 for 2 Years: Mukesh Ambani","The RIL chairman said he believed it was time for India, as the world’s most populous nation, “to assert its voice and gain its rightful space in the influential global media”",2024-08-29 09:53:21,https://images.news18.com/ibnlive/uploads/2024/08/mukesh-ambani-2024-08-2da7ba3210a7343982a94bd8ef9e4351-16x9.jpg?impolicy=website&width=1200&height=675,News18,0.22747079966780098,9,61,217,38,94
158,Gnews,https://www.devdiscourse.com/article/entertainment/3069371-east-timor-celebrates-25th-anniversary-of-hard-fought-independence,East Timor Celebrates 25th Anniversary of Hard-Fought Independence,"East Timor marked the 25th anniversary of its U.N.-backed referendum for independence from Indonesia, which had invaded in 1975. Ceremonies in the capital, Dili, featured leaders and dignitaries, including U.N. Secretary-General António Guterres. Despite celebrations, the nation struggles with poverty, unemployment, and the effects of its grueling independence process.",2024-08-30 18:04:24,https://www.devdiscourse.com/remote.axd?https://devdiscourse.blob.core.windows.net/aiimagegallery/30_08_2024_04_27_43_2694139.png?width=920&format=jpeg,Devdiscourse,0.01775776572578685,12,36,141,17,56
159,Gnews,https://www.devdiscourse.com/article/business/3068498-indian-economy-shines-as-fabulous-five-rajnath-singh,Indian Economy Shines as 'Fabulous Five': Rajnath Singh,"Defence Minister Rajnath Singh announced that India's economy has transformed from the 'Fragile Five' to the 'Fabulous Five' since 2014. He highlighted the nation's rapid economic growth, improvements in business ease, advancements in 5G, and increasing global rankings during his speech at the Manorama News Conclave 2024.",2024-08-30 08:05:58,https://www.devdiscourse.com/remote.axd?https://devdiscourse.blob.core.windows.net/devnews/30_08_2024_13_35_46_5770147.jpg?width=920&format=jpeg,Devdiscourse,9.549272007921127e-13,8,25,71,4,37
160,Gnews,https://www.firstpost.com/opinion/invaluable-partner-american-meddling-in-indian-politics-and-regional-interventionism-hasnt-served-new-delhis-cause-13810071.html,‘Invaluable’ partner? American meddling in Indian politics and regional interventionism hasn’t served New Delhi’s cause,American diplomats' active engagement with India's opposition leaders has sparked concerns about potential interference in the nation's domestic politics,2024-08-31 05:28:09,"https://images.firstpost.com/uploads/2024/07/India_US_Flags1200AP-2024-07-9cde1641271bebe690b0319408bbfee7.jpg?im=FitAndFill=(1200,675)",Firstpost,1.0680103569908177e-06,78,261,856,70,363
161,Gnews,https://www.devdiscourse.com/article/politics/3070356-pope-francis-historic-interfaith-mission-in-indonesia-touches-hearts,Pope Francis' Historic Interfaith Mission in Indonesia Touches Hearts,"Pope Francis will visit Indonesia, the world's largest Muslim-majority nation, promoting interfaith harmony. The visit includes a tour of the 'Tunnel of Friendship,' bridging a mosque and a cathedral. The pope will meet President Widodo, hold a mass, and symbolize peace amid concerns over religious intolerance.",2024-09-01 01:00:37,https://www.devdiscourse.com/remote.axd?https://devdiscourse.blob.core.windows.net/devnews/08_08_2024_14_44_07_3671944.jpg?width=920&format=jpeg,Devdiscourse,1.014516917754029e-05,1,18,59,6,23
162,Gnews,https://indianexpress.com/article/books-and-literature/prayaag-akbar-explores-identity-work-social-media-polarisation-climate-change-and-more-in-his-latest-dystopian-mother-india-9543596/,"Prayaag Akbar explores identity, work, social media, polarisation, climate change and more in his latest dystopian Mother India","Prayaag Akbar's ""Mother India"" explores identity, social media, and polarisation in a modern dystopia, where an AI-generated image of the nation's mother sparks debates on patriotism and identity. While delving into contemporary issues, the book sometimes lacks depth in character development and emotional core, reminiscent of Akbar's previous work, ""Leila.""",2024-09-01 00:30:41,https://images.indianexpress.com/2024/08/eye-1-5.jpg,The Indian Express,0.00028343591868082815,20,57,198,22,81
163,Gnews,https://indianexpress.com/article/world/major-power-outage-venezuela-government-blames-sabotage-9542540/,Major power outage hits Venezuela’s capital; Maduro government blames ‘sabotage’,The Communications Minister described the incident as a 'desperate' attempt by opposition forces to destabilize the nation and remove Maduro from power.,2024-08-31 17:00:51,https://images.indianexpress.com/2024/08/Untitled-design-2024-08-31T065955.750.jpg,The Indian Express,5.474332595956098e-14,15,41,149,6,65
164,Gnews,https://www.devdiscourse.com/article/business/3070167-indias-accelerated-growth-and-global-ambitions-pm-modis-vision,India's Accelerated Growth and Global Ambitions: PM Modi's Vision,"Prime Minister Narendra Modi emphasized India's political stability and economic growth, driven by a new neo-middle class, at the ET World Leaders Forum. He discussed the nation's reforms, global ambitions, and ongoing efforts to boost various sectors, promising innovation, high-quality products, and respect for wealth creators.",2024-08-31 15:47:39,https://www.devdiscourse.com/remote.axd?https://devdiscourse.blob.core.windows.net/aiimagegallery/23_07_2024_12_17_00_8554802.png?width=920&format=jpeg,Devdiscourse,1.8489410785379035e-05,2,11,52,5,16
165,Gnews,https://www.firstpost.com/explainers/firstup-harris-biden-in-pittsburgh-south-africas-ramaphosa-china-visit-top-news-today-13809893.html,"FirstUp: Israel union’s nationwide strike over Gaza hostage deal, South Africa's Ramaphosa to visit China... Top news to","Israel’s main union has ordered a nationwide general strike today as fresh protests grip the nation demanding Gaza hostage deal. South African President Cyril Ramaphosa will be on a four-day visit to China. In India, the West Bengal Assembly will convene a special two-day session to pass a Bill proposing capital punishment for convicts in rape and murder cases",2024-09-02 01:00:37,"https://images.firstpost.com/uploads/2024/09/israel-protest-2024-09-6ac5fc7836f3d98d70488f33539a9bc5.jpg?im=FitAndFill=(1200,675)",Firstpost,1.6635832312681567e-28,14,79,494,20,187
166,Gnews,https://www.firstpost.com/opinion/baloch-uprising-pakistan-is-on-the-verge-of-implosion-13810695.html,Baloch uprising: Pakistan is on the verge of implosion,"Pakistan feels utterly helpless in dousing the Baloch fire. If this continues, the disintegration of a patchwork nation will not take much time",2024-09-02 05:05:54,"https://images.firstpost.com/uploads/2024/08/Pakistan1200-2024-08-dcd556db55cf51622feb25c667594ae6.jpg?im=FitAndFill=(1200,675)",Firstpost,6.086767007190587e-09,43,91,436,31,155
167,Gnews,https://www.news18.com/india/pm-modi-embarks-on-visit-to-brunei-singapore-9036831.html,"PM Modi Begins Two-Nation Tour To Brunei, Singapore To Boost Strategic Ties","Prime Minister Modi embarks on historic visits to Brunei and Singapore, aiming to enhance ties and strategic partnerships with both nations in key sectors",2024-09-03 03:30:00,https://images.news18.com/ibnlive/uploads/2024/09/untitled-design-2024-09-fcf249d4813156cd0d2f72a886f6bdf5-16x9.png?impolicy=website&width=1200&height=675,News18,0.006195490530033691,9,37,163,22,50
168,Gnews,https://www.devdiscourse.com/article/technology/3072473-south-koreas-crackdown-telegram-under-investigation-for-deepfake-role,South Korea's Crackdown: Telegram Under Investigation for Deepfake Role,"South Korean authorities have launched an investigation into Telegram's potential role in distributing sexually explicit deepfake content. Public and political pressure has mounted following reports of such content in Telegram chatrooms. The investigation seeks to address the nation's rise in deepfake sex crimes, targeting primarily teenagers.",2024-09-02 21:47:54,https://www.devdiscourse.com/remote.axd?https://devdiscourse.blob.core.windows.net/aiimagegallery/30_08_2024_15_45_56_5881205.png?width=920&format=jpeg,Devdiscourse,3.8896484348921504e-24,9,21,64,2,33
169,Gnews,https://www.devdiscourse.com/article/sports-games/3072375-preeti-pal-and-team-india-shine-at-paris-paralympics-2024,Preeti Pal and Team India Shine at Paris Paralympics 2024,"Indian para athlete Preeti Pal clinched two bronze medals, making history at the Paris Paralympics 2024. Avani Lekhara won gold, Manish Narwal secured silver, and several other Indian athletes added to the nation’s medal tally with exceptional performances in various events.",2024-09-02 18:05:39,https://www.devdiscourse.com/remote.axd?https://devdiscourse.blob.core.windows.net/devnews/02_09_2024_23_35_31_4350405.jpg?width=920&format=jpeg,Devdiscourse,1.7120378057311237e-08,4,20,105,6,29
170,Gnews,https://www.news18.com/world/poised-for-even-bigger-takeoff-mea-on-expected-outcomes-of-pm-modis-trip-to-singapore-brunei-9036602.html,"‘Ties Poised For Bigger Takeoff’: MEA Ahead PM Modi’s Maiden Trip To Brunei, Singapore Visit","Building on ""new anchors"" of partnership identified under the India-Singapore ministerial roundtable framework, the relation between the two countries is poised for an even bigger take-off, the MEA said Monday ahead of Prime Minister Narendra Modi's visit to the island nation.",2024-09-02 15:27:30,https://images.news18.com/ibnlive/uploads/2024/09/pm-modi-singapore-visit-reuters-file-2024-09-78a349961dece9809e2864d9b6dc729b-16x9.jpg?impolicy=website&width=1200&height=675,News18,0.033438249012550644,27,85,292,44,133
171,Gnews,https://www.devdiscourse.com/article/international/3071863-devastating-impact-tropical-storm-yagi-claims-11-lives-in-the-philippines,Devastating Impact: Tropical Storm Yagi Claims 11 Lives in the Philippines,"Tropical Storm Yagi struck the Philippines on Monday, causing severe floods and landslides that resulted in 11 casualties. The natural disaster led to the evacuation of over 300 people, closure of schools and government offices, and cancellation of domestic flights. The nation faces annual tropical storms from June to October.",2024-09-02 12:47:42,https://www.devdiscourse.com/remote.axd?https://devdiscourse.blob.core.windows.net/devnews/02_09_2024_18_17_35_1650274.jpg?width=920&format=jpeg,Devdiscourse,4.199737440641345e-72,3,17,74,1,26
172,Gnews,https://www.news18.com/india/results-to-promotion-money-matters-in-bengals-medical-colleges-rg-kar-students-after-sandip-ghoshs-arrest-9036971.html,"Results To Promotion, Money Matters In Bengal’s Medical Colleges: RG Kar Students After Sandip Ghosh’s Arrest","While the rape-murder at RG Kar Medical College and Hospital in Kolkata shocked the nation, it brought focus on the nexus of corruption in medical colleges of Bengal",2024-09-03 06:53:10,https://images.news18.com/ibnlive/uploads/2024/09/sandip-ghosh-rg-kar-medical-college-2024-09-ccda80380d78453b0c9f79ec4cd61a4b-16x9.jpg?impolicy=website&width=1200&height=675,News18,0.9988299997217704,23,39,238,48,124
173,Gnews,https://www.firstpost.com/world/4-reasons-why-brunei-is-a-hit-with-indian-doctors-teachers-13811145.html,4 reasons why Brunei is a hit with Indian doctors & teachers,"Brunei Darussalam, a wealthy and culturally connected Southeast Asian nation, has been increasingly attractive to Indian doctors and teachers. Its tax-free salaries, geographical proximity, cultural similarities, and British-influenced systems make it an ideal destination for Indian professionals seeking new opportunities abroad",2024-09-03 07:11:23,"https://images.firstpost.com/uploads/2024/09/Untitled-design-2024-09-03T123907.519-2024-09-87748d32dcd752a04f1023247c901d16.jpg?im=FitAndFill=(1200,675)",Firstpost,1.1706310412506037e-05,23,80,162,13,64
174,Gnews,https://www.indiatvnews.com/entertainment/news/ic-814-the-kandahar-hijack-row-netflix-assures-content-reviewing-says-future-content-will-be-sensitive-to-nation-sentiments-2024-09-03-950163,"IC 814 row: Netflix assures content reviewing, says future content will be sensitive to nation's sentiments",The Vijay Varma-starrer Netflix series IC 814 The Kandahar Hijack has been making headlines on social media for all the wrong reasons. Netflix has now come forward and assured the Centre of content reviewing and also guaranteed that future content will be as per nation's sentiments. Know full story.,2024-09-03 09:11:51,https://resize.indiatvnews.com/en/resize/newbucket/1200_-/2024/09/ic814-controversy-1725348630.jpg,India TV News,2.7178756763908705e-29,15,32,159,6,75
175,Gnews,https://www.devdiscourse.com/article/headlines/3072965-angola-seeks-chinese-financing-to-boost-imports-amid-economic-diversification,Angola Seeks Chinese Financing to Boost Imports Amid Economic Diversification,"Angola requires increased Chinese financing to absorb more Chinese-made goods, such as solar panels and electric cars, according to Angola's finance minister. This comes as the nation evaluates bids from Beijing and Europe amid economic diversification efforts following its OPEC exit. Competition from Europe is intense, with Western nations offering financing in exchange for imports.",2024-09-03 10:39:05,https://www.devdiscourse.com/remote.axd?https://devdiscourse.blob.core.windows.net/imagegallery/27_06_2019_18_01_02_8802375.jpg?width=920&format=jpeg,Devdiscourse,0.0003428572422157464,9,39,118,12,58
176,Gnews,https://www.devdiscourse.com/article/business/3072950-indias-financial-evolution-from-savers-to-investors,India's Financial Evolution: From Savers to Investors,"At the CII Financing Summit 3.0, Deepak Mohanty of PFRDA highlighted India's shift from a nation of savers to investors. The trend signals growing confidence in the financial system, increased financial literacy, and expanding investment opportunities driven by tech advancements and financial inclusion.",2024-09-03 10:30:31,https://www.devdiscourse.com/remote.axd?https://devdiscourse.blob.core.windows.net/devnews/03_09_2024_16_00_20_763859.jpg?width=920&format=jpeg,Devdiscourse,1.4949900985285112e-22,5,24,93,3,28
177,Gnews,https://indianexpress.com/article/india/pm-modi-brunei-first-indian-prime-minister-9547929/,"PM Modi arrives in Brunei, becoming the first Indian Prime Minister to visit the nation","While embarking on the two-nation trip, Modi had expressed confidence in ""advancing India's historical ties with Brunei Darussalam and deepening its strategic partnership with Singapore"".",2024-09-03 10:22:06,https://images.indianexpress.com/2024/09/pm-modi-brunei.jpg,The Indian Express,0.2221469273512229,10,23,117,16,38
178,Gnews,https://www.news18.com/world/man-accused-of-drugging-wife-inviting-strangers-to-rape-her-for-10-years-9037226.html,"Man Accused Of Drugging Wife, Inviting Strangers To Rape Her For 10 Years",A French pensioner faces trial for drugging his wife and allowing 72 men to rape her over a decade. Fifty men are also on trial. The case has shocked the nation,2024-09-03 08:12:42,https://images.news18.com/ibnlive/uploads/2024/09/untitled-design-2024-09-7dec6f5e16f90cc7580a806563198913-16x9.png?impolicy=website&width=1200&height=675,News18,0.9997984325492323,33,41,205,49,140
179,Gnews,https://www.devdiscourse.com/article/sports-games/3073034-bangladesh-seals-historic-series-victory-over-pakistan,Bangladesh Seals Historic Series Victory Over Pakistan,"Bangladesh secured a six-wicket win in the second test against Pakistan, achieving a 2-0 series sweep and providing a morale boost to a nation in political turmoil. Key performances included significant contributions from Zakir Hasan, Najmul Hossain Shanto, and Litton Das. This victory marks Bangladesh's third test series win away from home.",2024-09-03 11:15:08,https://www.devdiscourse.com/remote.axd?https://devdiscourse.blob.core.windows.net/aiimagegallery/27_07_2024_17_40_33_0076355.png?width=920&format=jpeg,Devdiscourse,3.869912983938005e-08,1,15,60,6,13
180,Gnews,https://indianexpress.com/article/news-today/mongolia-international-warrant-putin-arrest-red-carpet-welcome-9548095/,"Mongolia ignores an international warrant for Putin’s arrest, giving him a red-carpet welcome",The trip is Putin’s first to a member nation of the International Criminal Court since it issued the warrant in March 2023.,2024-09-03 14:11:57,https://images.indianexpress.com/2024/09/AP24247315037279.jpg,The Indian Express,3.512557060740353e-05,24,105,451,44,182
181,Gnews,https://www.devdiscourse.com/article/sports-games/3073418-bangladeshs-test-triumph-over-pakistan-brings-hope-amid-turmoil,Bangladesh's Test Triumph Over Pakistan Brings Hope Amid Turmoil,"Following a period of severe civil unrest and deadly flash floods, Bangladesh's cricket team secured a historic series win against Pakistan. Captain Najmul Hossain Shanto believes this victory will bring much-needed joy to the nation. The team showed resilience, overcoming tough situations to clinch a 2-0 series win.",2024-09-03 15:09:14,https://www.devdiscourse.com/remote.axd?https://devdiscourse.blob.core.windows.net/aiimagegallery/17_08_2024_08_29_59_2123298.png?width=920&format=jpeg,Devdiscourse,0.2419998452644313,12,28,121,17,57
182,Gnews,https://www.indiatvnews.com/sports/other/india-s-schedule-at-paris-paralympics-2024-september-4-gold-up-for-grabs-in-para-cycling-and-para-athletics-2024-09-04-950261,"India's schedule at Paris Paralympics 2024, September 4: Gold up for grabs in Para cycling and Para athletics","September 3 turned out to be a delightful day for Indian track and field at the Paris Paralympics, Sharad Kumar won silver and Mariyappan Thangavelu won bronze to make it a double podium for the nation in the men's high jump T63.",2024-09-04 01:45:16,https://resize.indiatvnews.com/en/resize/newbucket/1200_-/2024/09/untitled-design-2024-09-04t064613-1725412600.jpg,India TV News,1.5180522099190735e-10,7,16,76,4,18
183,Gnews,https://www.firstpost.com/explainers/firstup-pm-modi-to-meet-brunei-monarch-to-embark-on-two-day-visit-to-singapore-later-the-big-news-today-13811306.html,"FirstUp: PM Modi to meet Brunei monarch, to embark on two-day visit to Singapore later... the big news today","On the second day of his visit to Brunei, Prime Minister Narendra Modi will meet with the island nation’s Prime Minister and Sultan, Haji Hassanal Bolkiah. He will also embark on his visit to Singapore and hold talks with PM Lawrence Wong on key areas including trade and investments. Here's what will happen today",2024-09-04 01:07:27,"https://images.firstpost.com/uploads/2024/09/mo-2024-09-ea0358253675ed4389520f7402140409.jpg?im=FitAndFill=(1200,675)",Firstpost,3.407319616038548e-10,17,53,428,32,140
184,Gnews,https://www.news18.com/sports/paris-paralympics-2024-day-6-results-india-strikes-silver-bronze-double-in-high-jump-javelin-throw-sprinter-deepthi-jeevanji-strikes-bronze-9038113.html,"Paris Paralympics 2024 Day 6 Results: India Strikes Silver-Bronze Double in High Jump, Javelin Throw; Sprinter Deepthi Jeevanji Strikes Bronze",Deepthi Jeevanji claimed the bronze medal in the women's 400m T20 with a time of 55.82sec before the javelin throw and high athletes came through for the nation in late-night events.,2024-09-03 21:17:59,https://images.news18.com/ibnlive/uploads/2024/09/copy-of-sports-6-2024-09-20eca16ba856de50d89d024a04faa59c-16x9.jpg?impolicy=website&width=1200&height=675,News18,2.714818266327599e-28,2,12,67,2,10
185,Gnews,https://www.firstpost.com/explainers/pm-modi-visit-to-singapore-ties-with-india-13811310.html,"After Brunei, PM Modi to visit Singapore: Why ties with the island nation matter to India",Prime Minister Narendra Modi’s trip to Singapore comes ahead of the 60th anniversary of the two nations establishing ties and nearly a decade after the formation of a strategic partnership. Singapore is India’s largest trade partner in the ASEAN and its sixth largest trading partner worldwide,2024-09-04 04:42:02,"https://images.firstpost.com/uploads/2024/08/PM-Modi-PTI-1200-2024-08-4d71dff517f5971548635b77bb337b8f.jpg?im=FitAndFill=(1200,675)",Firstpost,2.562741404749978e-13,45,93,495,28,166
186,Gnews,https://www.firstpost.com/world/china-pledges-to-boost-investments-in-nigeria-to-foster-economic-growth-13811506.html,China pledges to boost investments in Nigeria to foster economic growth,China welcomed Nigeria to its e-commerce and logistics sector and said it wanted to help the West African nation's economy 'diversify and flourish',2024-09-04 04:24:25,"https://images.firstpost.com/uploads/2024/09/China-Africa-1-2024-09-04b71d84d8c9c0985a68467136059db4.jpg?im=FitAndFill=(1200,675)",Firstpost,4.831572463463476e-09,5,52,171,12,67
187,Gnews,https://www.news18.com/india/ic-814-kandahar-hijacking-raw-officer-was-onboard-mastermind-mullah-omar-was-aware-exclusive-details-9038179.html,"RAW Officer Was On Board The Hijacked IC-814, Mastermind Mullah Omar Was Aware of This: Sources","Exclusive insights into the IC-814 hijacking reveal that a RAW officer was on board the flight, with mastermind Mullah Omar allegedly aware of his presence. Discover the untold story behind the Kandahar hijack that shocked the nation.",2024-09-04 04:03:53,https://images.news18.com/ibnlive/uploads/2024/09/mixcollage-04-sep-2024-08-30-am-7801-2024-09-643854b00233c2de0cfacdbedc993c96-16x9.jpg?impolicy=website&width=1200&height=675,News18,0.23570144375878252,22,16,159,19,74
188,Gnews,https://www.devdiscourse.com/article/law-order/3073824-pope-francis-advocates-against-religious-extremism-in-indonesia,Pope Francis Advocates Against Religious Extremism in Indonesia,"Pope Francis urged Indonesian political leaders to counter religious extremism during his speech at the Merdeka Presidential Palace. He emphasized inter-religious dialogue to eliminate prejudice and foster mutual respect. The pontiff's remarks highlighted the importance of addressing extremism and intolerance, especially in a predominantly Muslim nation, as he began his Southeast Asia tour.",2024-09-04 03:48:40,https://www.devdiscourse.com/remote.axd?https://devdiscourse.blob.core.windows.net/devnews/03_09_2024_13_08_56_3032972.jpg?width=920&format=jpeg,Devdiscourse,2.540303407337454e-13,3,14,53,3,22
189,Gnews,https://scroll.in/latest/1072832/protests-against-adani-group-in-kenya-could-turn-public-anger-against-india-congress,Anti-Adani protests in Kenya could transform into public anger against India: Congress,"A workers’ union in the African nation has opposed a proposed deal for the Adani Airport company to develop the Nairobi airport, fearing job losses.",2024-09-04 05:26:00,https://sc0.blr1.cdn.digitaloceanspaces.com/book/194191-ywbhkmpljh-1695051336.jpg,Scroll.in,1.553030502560272e-33,17,40,294,10,120
190,Gnews,https://www.news18.com/india/kangana-ranaut-says-favourite-target-for-trying-to-awaken-sleeping-nation-emergency-release-postponed-9038681.html,'Price You Pay For Awakening This Sleeping Nation': Kangana's Reply To Critics Has A Lesson In Cool Vs Uncool,"Kangana Ranaut, in a social media post, has said she has become a target for trying to ""awaken a sleeping nation"".",2024-09-04 09:30:37,https://images.news18.com/ibnlive/uploads/2024/06/kangana-ranaut-3-2024-06-826af10f58d8b216a9ddf9691dab1706-16x9.jpg?impolicy=website&width=1200&height=675,News18,0.999726576290976,29,41,223,45,142
191,Gnews,https://in.mashable.com/culture/81640/kim-jong-un-reportedly-executes-30-officials-over-north-koreas-floods-netizens-ask-did-it-stop-flood,Kim Jong Un Reportedly Executes 30 Officials Over North Korea's Floods; Netizens Ask 'Did It Stop Flooding?',The floods devastated the nation in July.,2024-09-04 10:22:46,https://sm.mashable.com/mashable_in/seo/7/78538/78538_9sw8.png,Mashable India,1.9868797683323645e-17,16,30,181,9,64
192,Gnews,https://www.devdiscourse.com/article/politics/3074622-us-domestic-news-highlights-political-and-legal-developments-rock-the-nation,US Domestic News Highlights: Political and Legal Developments Rock the Nation,"Here is a summary of the latest U.S. domestic news. Former President Trump plans to plead not guilty to revised charges, Linda Sun and her husband face charges of acting as Chinese agents, and a lawsuit challenges Biden's student debt relief plan. Key economic measures and social strikes also dominate headlines.",2024-09-04 13:00:31,https://www.devdiscourse.com/remote.axd?https://devdiscourse.blob.core.windows.net/aiimagegallery/07_08_2024_13_01_25_4431613.png?width=920&format=jpeg,Devdiscourse,1.9736383016583677e-16,8,42,160,6,52
193,Gnews,https://www.devdiscourse.com/article/entertainment/3074478-east-timors-future-in-focus-presidential-hopes-and-papal-visit,East Timor's Future in Focus: Presidential Hopes and Papal Visit,East Timor's President José Ramos-Horta sees Pope Francis' upcoming visit as an opportunity to spotlight the nation globally. He remains optimistic about a major energy project with Australia and urges China and the U.S. to be 'benevolent superpowers.' Ramos-Horta also discusses national challenges and the legacy of independence heroes.,2024-09-04 11:52:14,https://www.devdiscourse.com/remote.axd?https://devdiscourse.blob.core.windows.net/aiimagegallery/21_08_2024_07_16_05_8674919.png?width=920&format=jpeg,Devdiscourse,6.610266126209656e-22,4,20,86,3,25
194,Gnews,https://www.firstpost.com/entertainment/kangana-ranaut-slams-denigrators-for-making-crude-remarks-on-her-the-price-you-pay-for-awakening-this-sleeping-nation-13811710.html,Kangana Ranaut slams denigrators for making crude remarks on her: 'The price you pay for awakening this sleeping nation.,"Kangana Ranaut's post came hours after Himachal Pradesh Revenue Minister and Congress MLA, Jagat Singh Negi alleged that the actor visited the flood-hit state when everything had already settled down during Wednesday's assembly session",2024-09-04 11:12:38,"https://images.firstpost.com/uploads/2024/09/MixCollage-30-Aug-2024-11-27-AM-8718-2024-09-7d10b08c258a48c146701322f51b00f7.jpg?im=FitAndFill=(1200,675)",Firstpost,0.999970576478454,19,26,125,30,84
195,Gnews,https://www.devdiscourse.com/article/headlines/3074595-cm-dhami-honors-educators-on-teachers-day-stresses-their-role-in-nation-building,"CM Dhami Honors Educators on Teachers' Day, Stresses Their Role in Nation-Building","Uttarakhand Chief Minister Pushkar Singh Dhami extends Teachers' Day greetings, emphasizing the significance of educators in nation-building. He pays tribute to Dr. Sarvepalli Radhakrishnan and underlines the role of teachers in shaping students' characters and contributing to societal development.",2024-09-04 12:51:03,https://www.devdiscourse.com/remote.axd?https://devdiscourse.blob.core.windows.net/devnews/04_09_2024_18_20_56_3006892.jpg?width=920&format=jpeg,Devdiscourse,7.750127609474744e-06,7,20,85,8,31
196,Gnews,https://www.indiatvnews.com/news/world/us-on-pm-modi-s-historic-visit-to-ukraine-efforts-for-early-resolution-of-conflict-russia-2024-09-05-950490,'US welcomes any nation that...': White House on PM Modi's historic visit to Ukraine,"During his visit to Ukraine last month, PM Modi told Zelenskyy that India was never neutral or an indifferent bystander during the Russia-Ukraine conflict and was always on the side of peace. The visit was lauded by US President Joe Biden as 'historic'.",2024-09-05 02:25:04,https://resize.indiatvnews.com/en/resize/newbucket/1200_-/2024/09/pm-modi-zelenskyyt-1725503009.jpg,India TV News,0.00010341356431622926,28,42,228,20,79
197,Gnews,https://www.indiatvnews.com/sports/other/pm-modi-congratulates-paris-paralympic-medal-winners-you-made-country-proud-ajeet-singh-yadav-sundar-singh-gurjar-sharad-kumar-mariyappan-thangavelu-2024-09-04-950464,"PM Modi congratulates Paris Paralympic medal winners, says 'every one of you made country proud'","Prime Minister Narendra Modi praised India's Paralympic medal winners for their historic achievements in Paris, highlighting their role in motivating the country's youth and promoting sports. He encouraged the athletes to celebrate their victories, stating that they have made the nation proud.",2024-09-04 18:25:21,https://resize.indiatvnews.com/en/resize/newbucket/1200_-/2024/09/mixcollage-04-sep-2024-11-36-pm-194-1725473184.jpg,India TV News,1.1229551939263873e-06,6,30,141,12,43
198,Gnews,https://www.devdiscourse.com/article/technology/3074896-indias-ambitious-leap-towards-6g-and-industrial-growth,India's Ambitious Leap Towards 6G and Industrial Growth,"Telecom Secretary Neeraj Mittal announced India's plans for 6G rollout to achieve developed nation status. The government has replaced the Telegraph Act with a new Telecommunications Act, planning to develop 12 industrial cities in 10 states with Rs 28,602 crore investment to spur domestic manufacturing.",2024-09-04 15:52:38,https://www.devdiscourse.com/remote.axd?https://devdiscourse.blob.core.windows.net/imagegallery/29_02_2020_17_02_16_4468374.jpg?width=920&format=jpeg,Devdiscourse,3.330604828420383e-65,1,21,66,1,32
199,Gnews,https://www.devdiscourse.com/article/sports-games/3074869-indian-athletes-shine-at-paralympics-with-record-breaking-performances,Indian Athletes Shine at Paralympics with Record-Breaking Performances,"India's Paralympic athletes have delivered historic performances in Tokyo, led by Sachin Sarjerao Khilari who broke his own Asian record in shot put to win silver. The nation's tally of 21 medals and strong showings in high jump, javelin, and table tennis underscore a landmark participation.",2024-09-04 15:32:10,https://www.devdiscourse.com/remote.axd?https://devdiscourse.blob.core.windows.net/aiimagegallery/28_05_2024_19_28_23_8605699.png?width=920&format=jpeg,Devdiscourse,0.00874278169346517,24,56,216,29,73
200,Gnews,https://www.indiatvnews.com/news/world/indian-fishermen-arrested-by-sri-lankan-navy-repatriated-tamil-nadu-fishermen-in-sri-lankan-jail-2024-09-04-950441,'On their way home!': Indian fishermen arrested by Sri Lankan Navy repatriated,"Indian fishermen, arrested by the Sri Lanka Navy for allegedly poaching in the island nation's waters, were repatriated to their homes in India on Wednesday, the Indian mission said.",2024-09-04 15:12:10,https://resize.indiatvnews.com/en/resize/newbucket/1200_-/2024/09/indian-fishermen-have-been-successfully-repatriated-from-sri-lanka-1725462522.jpg,India TV News,1.4118607991415113e-13,13,25,142,8,50
201,Gnews,https://www.devdiscourse.com/article/international/3075359-us-seeks-global-help-to-end-russia-ukraine-war-cracks-down-on-russian-election-interference,US Seeks Global Help to End Russia-Ukraine War; Cracks Down on Russian Election Interference,"The US seeks worldwide assistance in ending the Russia-Ukraine war, open to contributions from any nation. Concurrently, it launches significant actions against Russian efforts to meddle in the 2024 US presidential election, including criminal charges, sanctions, and visa restrictions targeting Kremlin-backed actors.",2024-09-05 04:42:21,https://www.devdiscourse.com/remote.axd?https://devdiscourse.blob.core.windows.net/devnews/05_09_2024_10_12_15_3034443.jpg?width=920&format=jpeg,Devdiscourse,4.9993550010950775e-42,8,28,115,3,57
202,Gnews,https://www.firstpost.com/world/ukraines-foreign-minister-dmytro-kuleba-as-zelenskyy-calls-for-biggest-cabinet-reshuffle-13811880.html,Ukraine's Foreign Minister Dmytro Kuleba resigns as Zelenskyy calls for biggest cabinet reshuffle,Ukrainian President Volodymyr Zelenskyy said that the reshuffle is needed to bring 'new energy' to the conflict-stricken nation,2024-09-05 00:45:07,"https://images.firstpost.com/uploads/2024/09/download-17-1-2024-09-f4d2c1f6a764a2d5c782b3fd79f7c660.jpg?im=FitAndFill=(1200,675)",Firstpost,0.0001854663626113926,33,73,239,28,120
203,Gnews,https://theprint.in/economy/rbi-guv-joins-chorus-urging-india-inc-to-step-up-investment-time-to-come-forward-in-a-big-way/2253955/,RBI guv joins chorus urging India Inc to step up investment. 'Time to come forward in a big way',Shaktikanta Das' remarks come after Economic Survey said private sector wasn't investing enough in productive areas & Sitharaman highlighted its 'big role' in making India developed nation.,2024-09-05 08:52:12,https://static.theprint.in/wp-content/uploads/2024/08/ANI-20240820143348-e1725522941567.jpg,ThePrint,1.9002997174987307e-07,35,82,266,23,139
204,Gnews,https://www.devdiscourse.com/article/education/3075674-manish-sisodia-advocates-higher-salaries-for-teachers-to-build-india-2047,Manish Sisodia Advocates Higher Salaries for Teachers to Build India 2047,"Former Education Minister and AAP leader Manish Sisodia has called for teacher salaries to surpass those of IAS officers to help India become a developed nation by 2047. Speaking on Teachers’ Day, he highlighted the critical role of educators and shared insights from his recent incarceration, where he studied global education systems.",2024-09-05 08:45:01,https://www.devdiscourse.com/remote.axd?https://devdiscourse.blob.core.windows.net/devnews/06_03_2023_09_03_33_7398041.jpg?width=920&format=jpeg,Devdiscourse,0.02884419961415288,7,10,61,7,20
205,Gnews,https://www.firstpost.com/firstcricket/sports-news/kamran-akmal-pakistan-bangladesh-spinners-babar-azam-13812262.html,"Kamran Akmal slams Pakistan for sidelining spinners after Bangladesh Test defeat, says Babar Azam 'unsure of himself'","Akmal felt Pakistan's spinners had continuously been sidelined over the last three years and not given enough opportunities to win matches for their nation, which led to a decline in their performances at home.",2024-09-05 17:37:45,"https://images.firstpost.com/uploads/2024/06/Kamran-Akmal-2024-06-b555e96d7ab1ff522def6c7a4de54fe5-1200x675.jpg?im=FitAndFill=(1200,675)",Firstpost,0.9976881105855093,37,50,255,49,141
206,Gnews,https://www.firstpost.com/world/key-takeaways-from-brunei-singapore-visit-as-pm-modi-heads-home-13812210.html,"Key takeaways from Brunei, Singapore visit as PM Modi heads home",Prime Minister Narendra Modi on Thursday winded up his visit to Brunei and Singapore. Here's a quick look at key takeaways from his two-nation visit,2024-09-05 15:46:28,"https://images.firstpost.com/uploads/2024/09/mo-2024-09-ea0358253675ed4389520f7402140409.jpg?im=FitAndFill=(1200,675)",Firstpost,4.475196007634061e-07,27,131,491,39,170
207,Gnews,https://www.firstpost.com/world/hope-theres-no-world-war-iii-pope-indonesian-imam-make-joint-call-to-end-violence-protect-planet-13812180.html,"‘Hope there’s no World War III’: Pope, Indonesian Imam make joint call to end violence, protect planet","Pope Francis is on an 11-day, four-nation journey through Southeast Asia and Oceania to encourage it to combat religiously-inspired violence and pledge the Catholic Church's commitment to greater initiatives of fraternity",2024-09-05 13:50:01,"https://images.firstpost.com/uploads/2024/09/Untitled-2024-09-05T191643.949-2024-09-cec2dfe7830837af7d60c8b8a5db26e8.jpg?im=FitAndFill=(1200,675)",Firstpost,2.524840405005734e-07,31,111,415,33,170
208,Gnews,https://indianexpress.com/article/business/friction-centre-states-gst-federal-structure-nirmala-sitharaman-9551914/,"No friction between Centre-states on GST, federal structure should be respected: Nirmala Sitharaman","""We did see how much of effort happened at ground level to bring one nation-one taxation,"" she said.",2024-09-05 11:27:56,https://images.indianexpress.com/2024/09/nirmala-sitharaman-1.jpg,The Indian Express,0.0261058981519372,19,30,129,21,94
209,Gnews,https://www.devdiscourse.com/article/education/3075854-pope-francis-draws-thousands-in-indonesia-a-beacon-of-unity-in-a-muslim-majority-nation,Pope Francis Draws Thousands in Indonesia: A Beacon of Unity in a Muslim-Majority Nation,"Octogenarian Pope Francis attracted over 80,000 attendees for a Mass in Indonesia’s national stadium, marking the highlight of his Southeast Asian tour. Promoting messages of tolerance, fraternity, and interfaith dialogue, the Pope also met with President Joko Widodo, urging political leaders to combat religious extremism.",2024-09-05 10:33:35,https://www.devdiscourse.com/remote.axd?https://devdiscourse.blob.core.windows.net/devnews/03_09_2024_13_08_56_3032972.jpg?width=920&format=jpeg,Devdiscourse,0.6784670642985178,10,28,138,23,63
210,Gnews,https://www.devdiscourse.com/article/headlines/3076864-teachers-shape-our-lives-lok-sabha-speaker-om-birla-pays-tribute-to-dr-sarvepalli-radhakrishnan,"""Teachers shape our lives"": Lok Sabha speaker Om Birla pays tribute to Dr Sarvepalli Radhakrishnan","Lok Sabha Speaker Om Birla paid respect to the great educationist Dr Sarvepalli Radhakrishnan and all the teachers for their valuable contributions to society on the occasion of Teacher's Day. Referring to the role of teachers in our lives and in nation-building, he observed that the place of Guru is at the top in the Indian knowledge tradition.",2024-09-06 04:18:57,https://www.devdiscourse.com/remote.axd?https://devdiscourse.blob.core.windows.net/devnews/06_09_2024_09_48_49_8242452.jpg?width=920&format=jpeg,Devdiscourse,0.07724223266186217,27,38,199,28,91
211,Gnews,https://www.devdiscourse.com/article/politics/3076660-emmanuel-macron-appoints-veteran-politician-michel-barnier-as-new-french-prime-minister-amid-political-turmoil,Emmanuel Macron Appoints Veteran Politician Michel Barnier as New French Prime Minister Amid Political Turmoil,"President Emmanuel Macron has appointed Michel Barnier, the former Brexit negotiator, as France's new prime minister to address the nation's political turbulence. Barnier, 73, faces the challenge of working with a fractured legislature, following the controversial resignation of Gabriel Attal, France's youngest and first openly gay prime minister.",2024-09-05 18:17:17,https://www.devdiscourse.com/remote.axd?https://devdiscourse.blob.core.windows.net/imagegallery/29_02_2020_16_56_48_7796591.jpg?width=920&format=jpeg,Devdiscourse,3.344954709102802e-05,3,17,47,5,25
212,Gnews,https://www.indiatvnews.com/sports/cricket/musheer-khan-breaks-sachin-tendulkar-s-23-year-old-record-in-duleep-trophy-2024-09-06-950743,Musheer Khan breaks Sachin Tendulkar's 33-year-old record in Duleep Trophy,"Musheer Khan is the toast of the nation in the ongoing Duleep Trophy as he scored a century on the opening day of the tournament against India A. He rescued India B from a precarious position of 94/7 and in the process, also broke Tendulkar's long-standing record.",2024-09-06 07:29:29,https://resize.indiatvnews.com/en/resize/newbucket/1200_-/2024/09/untitled-design-2024-09-06t125900-1725607751.jpg,India TV News,0.0017266181149982655,17,23,117,11,38
213,Gnews,https://www.firstpost.com/world/france-to-fund-1-5-billion-in-military-aid-to-ukraine-using-frozen-russian-assets-13812623.html,France to fund $1.5 billion in military aid to Ukraine using frozen Russian assets,"Around 200 billion euros of Russian assets have been frozen across the 27-nation European Union since Russia attacked Ukraine in 2022. Around 90 percent of them are held in Belgium, where the international clearinghouse and securities depository Euroclear is headquartered.",2024-09-06 17:58:40,"https://images.firstpost.com/uploads/2024/09/Frankfurt-airport-halts-flights-as-climate-activists-block-runway-2024-09-06T232801.625-2024-09-3420805b9753903c01a8d32f0c7414d0.jpg?im=FitAndFill=(1200,675)",Firstpost,7.222382229808782e-38,1,24,80,2,37
214,Gnews,https://www.firstpost.com/world/ukraine-appeals-for-long-range-strike-support-as-russia-advances-13812593.html,Ukraine appeals for long-range strike support as Russia advances,"The Ukrainian leader pressed his nation's case to allies meeting at Ramstein Air Base in Germany, where Washington unveiled a new $250 million in military aid.",2024-09-06 16:31:40,"https://images.firstpost.com/uploads/2024/09/Frankfurt-airport-halts-flights-as-climate-activists-block-runway-2024-09-06T215925.096-2024-09-245cc1fbe42aec1c035cad37ee6a56e4.jpg?im=FitAndFill=(1200,675)",Firstpost,2.54809211322824e-09,14,42,188,15,86
215,Gnews,https://www.news18.com/sports/our-athletes-reaffirm-indias-vision-of-becoming-truly-multi-sporting-nation-nita-ambani-hails-historic-show-at-paris-paralympics-9041857.html,'Our Athletes Reaffirm India's Vision of Becoming Truly Multi-sporting Nation': Nita Ambani Hails Historic Show at Paris Paralympics,"Nita Ambani, chairman of Reliance Foundation, congratulated the latest medal winners of the Paralympic Games.",2024-09-06 14:25:33,https://images.news18.com/ibnlive/uploads/2024/09/nita-ambani-pti-2024-09-8e6932fd95b01d6e65dd7f8568e21c01-16x9.jpg?impolicy=website&width=1200&height=675,News18,3.917759446258036e-14,12,25,128,7,43
216,Gnews,https://www.firstpost.com/sports/paralympics-2024-praveen-kumar-disability-story-13812532.html,Praveen Kumar: A volleyball lover who made giant strides en route to winning high jump gold at Paris Paralympics,"With his gold medal, Praveen set a new benchmark for India at the Paralympics, winning India's sixth gold in Paris, thus surpassing the nation's tally of five gold medals from Tokyo three years ago.",2024-09-06 12:41:59,"https://images.firstpost.com/uploads/2024/09/Praveen-gold_Reuters-2024-09-8eb22a62e9dd27d513502b97961d9173-1200x675.jpg?im=FitAndFill=(1200,675)",Firstpost,0.010501227974037982,20,38,221,25,64
217,Gnews,https://www.news18.com/india/ganesh-chaturthi-2024-live-updates-vinayak-chaturthi-celebration-mumbai-pune-bollywood-celebrities-lalbaugcha-raja-siddhivinayak-8-september-2024-liveblog-9042983.html,"Ganesh Chaturthi 2024 Live Updates: Devotees Welcome Bappa With Pomp Across Nation, B-Town Celebs Share Sneak Peek","Catch all live updates of Ganesh Chaturthi 2024 celebrations, including Bollywood celebrity visits, Lalbaugcha Raja darshan, and Siddhivinayak Puja rituals on September 8, 2024.",2024-09-08 01:52:36,https://images.news18.com/ibnlive/uploads/2024/09/ganesh-chaturthi-2024-lalbaugcha-raja-1-2024-09-07e2004127224d21bf04201f5a329169-16x9.jpg,News18,3.960081763685121e-16,3,12,46,2,11
218,Gnews,https://www.devdiscourse.com/article/politics/3078902-pope-francis-historic-visit-to-east-timor-a-journey-of-faith-and-resilience,Pope Francis' Historic Visit to East Timor: A Journey of Faith and Resilience,"Pope Francis is set to visit East Timor, a predominantly Catholic nation with a history of Indonesian occupation and struggle for independence. His visit is expected to bring new energy to the country amid ongoing economic and political challenges. The Catholic Church played a pivotal role in East Timor's fight for freedom.",2024-09-08 01:02:17,https://www.devdiscourse.com/remote.axd?https://devdiscourse.blob.core.windows.net/devnews/03_09_2024_13_08_56_3032972.jpg?width=920&format=jpeg,Devdiscourse,2.292339216994944e-29,2,11,57,2,21
219,Gnews,https://www.firstpost.com/world/pope-francis-calls-for-end-to-tribal-conflict-in-papua-new-guinea-says-natural-resources-should-benefit-all-13812832.html,Pope Francis calls for end to tribal conflict in Papua New Guinea; says natural resources should benefit all,"During his visit to Papua New Guinea, Pope Francis called for an end to long-standing tribal conflicts and highlighted the urgent need for gender equality, addressing the country's severe violence against women. He also emphasised the importance of equitable and environmentally sustainable development of the nation’s natural resources",2024-09-07 10:56:21,"https://images.firstpost.com/uploads/2024/09/Untitled-design-2024-09-07T162535.312-2024-09-21c548056371dd4cf4131ac74415ff3c.jpg?im=FitAndFill=(1200,675)",Firstpost,0.08390751415104582,39,100,355,57,182
220,Gnews,https://www.indiatvnews.com/education/career/delhi-govt-plans-mental-health-counseling-for-government-school-students-2024-09-07-950922,Delhi govt plans mental health counseling for government school students,"Emphasising the importance of mental health, Delhi education minister Atishi said that a healthy mind is essential for overall well-being. Through this initiative, we aim to provide better health services to school students, contributing to a healthy society and nation.",2024-09-07 10:01:07,https://resize.indiatvnews.com/en/resize/newbucket/1200_-/2024/09/PTI09_05_2024_000155B.jpg,India TV News,0.0013012185464446931,7,25,107,14,57
221,Gnews,https://www.firstpost.com/sports/india-at-paralympics-2024-medal-tally-praveen-hokato-simran-top-moments-day-9-6-september-13812721.html,"Paris Paralympics 2024: From Praveen's gold to Hokato's bronze, top moments from Day 9","After Kapil Parmar won a historic bronze in judo on Thursday, it was the athletics contingent that delivered a couple of medals for the nation, including a gold, breaking another record in the process.",2024-09-07 04:53:44,"https://images.firstpost.com/uploads/2024/09/Praveen-Kumar-gold-medal-Paris-Paralypmics-2024-Reuters-1200-2024-09-b0615cb901e230e324bd29da1a173785.jpg?im=FitAndFill=(1200,675)",Firstpost,0.004366140000872874,33,58,231,29,97
222,Gnews,https://www.firstpost.com/world/indias-1000-mt-of-rice-arrive-in-malawi-to-ease-drought-impact-13812981.html,"India's 1,000 MT of rice arrive in Malawi to ease drought impact","India has dispatched 1,000 metric tonnes of rice to Malawi as humanitarian aid to combat the severe drought caused by the El Niño phenomenon. This assistance aims to alleviate the food crisis in the drought-affected Southeast African nation, which has faced significant crop damage and food shortages",2024-09-08 04:52:53,"https://images.firstpost.com/uploads/2024/09/Untitled-design-2024-09-08T102029.072-2024-09-d8816d8011f057cf2da3a58edd005117.jpg?im=FitAndFill=(1200,675)",Firstpost,0.9998597448141772,2,20,73,0,26
223,Gnews,https://indianexpress.com/article/opinion/columns/manoj-kumar-jha-writes-government-is-not-the-nation-9557245/,Manoj Kumar Jha writes: Government is not the nation,"Constitution helps we, the people, to distinguish between the two.",2024-09-09 01:31:35,https://images.indianexpress.com/2024/09/population.jpg,The Indian Express,0.5385272466077945,53,90,275,59,153
224,Gnews,https://theprint.in/opinion/behind-indias-growth-over-last-10-yrs-increase-in-repatriations-steady-fdi-inflows-writes-cea/2258739/,"Behind India's growth over last 10 yrs-increase in repatriations, steady FDI inflows, writes CEA",Investment intentions for India remain strong–the nation was fourth-largest host country for greenfield project announcements and ranked second in international project finance deals.,2024-09-09 05:58:20,https://static.theprint.in/wp-content/uploads/2023/07/FDI.jpg,ThePrint,6.815564854724706e-24,45,117,333,8,152
225,Gnews,https://www.livemint.com/opinion/education-and-national-development-must-go-hand-in-hand-as-india-emerges-reforms-healthcare-education-development-aser-11725817655808.html,Education and national development must go hand-in-hand as India emerges,"India’s aspiration of becoming a developed nation by 2047 demands better proficiency in reading, writing and arithmetic at every level. These 3Rs are foundational elements for the developmental progress of any nation.",2024-09-08 18:30:00,https://www.livemint.com/lm-img/img/2024/09/08/1600x900/2-0-136579702-OPED-4C-0_1681202433850_1725818363350.jpg,Livemint,2.066265952665131e-07,33,106,293,22,122
226,Gnews,https://www.devdiscourse.com/article/law-order/3080778-kim-jong-un-boosts-north-koreas-nuclear-arsenal-amid-us-tensions,Kim Jong Un Boosts North Korea's Nuclear Arsenal Amid U.S. Tensions,"North Korean leader Kim Jong Un announced a significant increase in the country's nuclear weapons stockpile, citing threats from the United States and its allies. The policy was revealed during a speech on the nation's founding anniversary. Meanwhile, Germany recently joined the U.S.-led UNC to police the North-South Korean border.",2024-09-10 02:11:10,https://www.devdiscourse.com/remote.axd?https://devdiscourse.blob.core.windows.net/devnews/13_08_2024_12_13_10_52516.jpg?width=920&format=jpeg,Devdiscourse,6.316714269315797e-10,4,14,46,3,20
227,Gnews,https://www.devdiscourse.com/article/science-environment/3080777-colombia-most-dangerous-nation-for-environmentalists-in-2023,Colombia: Most Dangerous Nation for Environmentalists in 2023,"Colombia, the host of the UN COP16 biodiversity conference, was the deadliest country for environmentalists in 2023, with 79 killings reported by Global Witness. Despite government pledges, peace processes with armed groups involved in such killings have faltered, leading to continued violence against activists.",2024-09-10 02:10:45,https://www.devdiscourse.com/remote.axd?https://devdiscourse.blob.core.windows.net/aiimagegallery/21_08_2024_11_01_20_4087103.png?width=920&format=jpeg,Devdiscourse,1.0918091645765494e-32,2,17,70,2,27
228,Gnews,https://www.devdiscourse.com/article/entertainment/3080753-the-white-stripes-sue-donald-trump-for-unauthorized-use-of-seven-nation-army,The White Stripes Sue Donald Trump for Unauthorized Use of 'Seven Nation Army',"The White Stripes have filed a lawsuit against former President Donald Trump for using their song 'Seven Nation Army' without permission in a campaign video. The band opposes Trump's policies and actions, and the case follows other legal disputes between musicians and the Trump campaign.",2024-09-10 00:33:54,https://www.devdiscourse.com/remote.axd?https://devdiscourse.blob.core.windows.net/aiimagegallery/29_05_2024_10_03_20_5593919.png?width=920&format=jpeg,Devdiscourse,0.10044076969924487,4,9,58,6,18
229,Gnews,https://www.devdiscourse.com/article/science-environment/3080730-colombia-faces-grim-record-as-deadliest-nation-for-environmental-activists-in-2023,Colombia Faces Grim Record as Deadliest Nation for Environmental Activists in 2023,"Colombia was the deadliest country for environmentalists and land rights defenders in 2023, with 79 activists murdered, according to Global Witness. This marks the highest number of such killings ever recorded in a single country by the advocacy group. Despite government promises, the situation highlights significant challenges in protecting environmental activists.",2024-09-09 23:04:20,https://www.devdiscourse.com/remote.axd?https://devdiscourse.blob.core.windows.net/imagegallery/27_06_2019_18_29_17_3321446.png?width=920&format=jpeg,Devdiscourse,2.4224011627815226e-32,2,17,48,1,21
230,Gnews,https://www.devdiscourse.com/article/headlines/3080566-un-warning-talibans-policies-deepen-gender-persecution-in-afghanistan,UN Warning: Taliban's Policies Deepen Gender Persecution in Afghanistan,"The UN rights chief, Volker Turk, has condemned the Taliban's severe restrictions on Afghan women and girls, labeling them as systematic gender persecution. Since the Taliban's 2021 takeover, women have faced sweeping bans on education, jobs, and public appearance. Sanctions and halted aid have further deepened the nation's economic crisis.",2024-09-09 17:28:49,https://www.devdiscourse.com/remote.axd?https://devdiscourse.blob.core.windows.net/imagegallery/16_01_2019_12_56_33_3001799.jpg?width=920&format=jpeg,Devdiscourse,1.0186857367786159e-15,7,31,111,5,39
231,Gnews,https://www.devdiscourse.com/article/politics/3080909-shashi-tharoor-highlights-indias-rising-global-influence-at-rice-university,Shashi Tharoor Highlights India's Rising Global Influence at Rice University,"Congress MP Shashi Tharoor discussed India's growing global significance at Rice University's Baker Institute. Tharoor highlighted India's position as the third-largest economy and the most populous nation. Addressing geopolitical challenges and domestic issues, he emphasized India's pivotal role in global politics, economics, and technology.",2024-09-10 05:32:31,https://www.devdiscourse.com/remote.axd?https://devdiscourse.blob.core.windows.net/imagegallery/27_05_2019_12_10_51_4304562.jpg?width=920&format=jpeg,Devdiscourse,2.071968119658009e-09,5,11,46,3,15
232,Gnews,https://www.devdiscourse.com/article/politics/3080837-rahul-gandhi-faces-criticism-from-bjp-leaders-over-dallas-remarks,Rahul Gandhi Faces Criticism From BJP Leaders Over Dallas Remarks,"Union Minister Hardeep Singh Puri and Assam Chief Minister Himanta Biswa Sarma criticized Rahul Gandhi for his statements in Dallas. Puri accused Gandhi of inconsistency and deep ties with China, while Sarma claimed Gandhi humiliates India and promotes China as an ideal nation.",2024-09-10 04:17:57,https://www.devdiscourse.com/remote.axd?https://devdiscourse.blob.core.windows.net/devnews/10_09_2024_09_47_51_3848278.jpg?width=920&format=jpeg,Devdiscourse,0.9999987945498285,14,10,107,18,48
234,Gnews,https://www.firstpost.com/world/even-as-western-nations-preach-about-climate-change-they-target-activists-protests-study-13813832.html,"Even as Western nations preach about climate change, they target activists & protests: Study","The study said the Western nation's crackdown on climate protestors was a violation of their legal responsibility to protect basic rights to freedom of expression, assembly, and association",2024-09-10 11:57:14,"https://images.firstpost.com/uploads/2024/09/Untitled-2024-09-10T172451.909-2024-09-e5417a20fe723899cf5b78a2ef874086.jpg?im=FitAndFill=(1200,675)",Firstpost,1.0853345425289803e-07,22,48,201,17,101
235,Gnews,https://www.firstpost.com/explainers/global-hunt-for-man-who-threw-boiling-hot-coffee-on-baby-in-australia-13813805.html,How a hunt for man who threw boiling hot coffee on a baby in Australia turned global,"An international manhunt has been launched to nab a wanted man for allegedly throwing scalding coffee on a baby in an attack in Australia’s Queensland. The unprovoked attack took place in August and shocked the nation, leaving the nine-month-old infant with serious injuries",2024-09-10 11:06:03,"https://images.firstpost.com/uploads/2024/09/GW1eQuTa8AAVi_V-2024-09-90f43dc4ae4d92da62325e808842ab93.jpg?im=FitAndFill=(1200,675)",Firstpost,0.8913490155817153,54,87,271,58,186
236,Gnews,https://www.devdiscourse.com/article/sports-games/3081327-the-power-of-sport-uniting-south-africa-and-uplifting-the-nations-spirit,The Power of Sport: Uniting South Africa and Uplifting the Nation's Spirit,"The Paralympic team also brought home six medals, with Simone Kruger and Mpumelelo Mhlongo securing two golds and four bronze medals in total.",2024-09-10 11:42:44,https://www.devdiscourse.com/remote.axd?https://devdiscourse.blob.core.windows.net/aiimagegallery/20_08_2024_13_11_00_1374352.png?width=920&format=jpeg,Devdiscourse,6.695907470234556e-08,19,46,265,18,98
237,Gnews,https://www.firstpost.com/explainers/what-pope-francis-visit-means-for-singapore-one-of-worlds-richest-nations-13813674.html,"What Pope Francis’ visit means for Singapore, one of world’s richest nations","Pope Francis will end his 11-day tour in Singapore. He is only the second pope in history to visit the wealthy nation, where Christians account for almost 19 per cent of the population",2024-09-11 04:28:56,"https://images.firstpost.com/uploads/2024/09/Pope-1-2024-09-99415a60791567c8157ae418161a9dbc.jpg?im=FitAndFill=(1200,675)",Firstpost,8.563452067620956e-10,27,78,367,23,124
238,Gnews,https://www.news18.com/sports/narendra-modi-pr-sreejesh-letter-retirement-india-men-hockey-goalkeeper-paris-olympics-bronze-medal-career-9046542.html,'Thank You For Your Tireless Dedication': PM Narendra Modi Writes 'Heartwarming Letter' to Hockey Legend PR Sreejesh,Hockey legend PR Sreejesh recently announced his retirement and Prime Minister Narendra Modi has written a letter to the former Indian custodian thanking him for giving the nation countless memories.,2024-09-11 03:48:18,https://images.news18.com/ibnlive/uploads/2024/09/pr-sreejesh-narendra-modi-2024-09-6101c917c1be5d9b9666485e20a5ac09-16x9.jpg?impolicy=website&width=1200&height=675,News18,0.9281766200642798,6,24,115,18,47
239,Gnews,https://www.indiatvnews.com/news/world/india-npcil-and-uae-enec-sign-landmark-mous-to-operate-nuclear-power-plants-in-gulf-nation-2024-09-10-951470,India's NPCIL and UAE's ENEC sign landmark MoUs to operate nuclear power plants in gulf nation,"Bhuwan Chandra Pathak, Chairman and Managing Director of Nuclear Power Corporation of India Limited (NPCIL), and Mohamed Al Hammadi, Managing Director and Chief Executive Officer of the Emirates Nuclear Energy Corporation (ENEC) of the UAE, have signed a Memorandum of Understanding.",2024-09-10 17:17:14,https://resize.indiatvnews.com/en/resize/newbucket/1200_-/2024/09/shk-khaled-bin-mohamed-bin-zayed-al-nahyan-crown-prince-of-abu-dhabi-1725988527.jpg,India TV News,4.891917279906449e-60,11,58,327,5,65
240,Gnews,https://www.indiatvnews.com/news/india/amit-shah-attacks-rahul-gandhi-over-china-remarks-no-one-can-mess-with-nation-security-as-long-as-bjp-is-there-congress-hurt-sentiments-latest-updates-2024-09-11-951535,No one can mess with nation's security as long as BJP is there: Amit Shah attacks Rahul Gandhi,"Amit Shah added Congress MP Rahul Gandhi's statement lays bare the Congress's politics of causing rifts on the lines of regionalism, religion, and linguistic differences.",2024-09-11 06:29:15,https://resize.indiatvnews.com/en/resize/newbucket/1200_-/2024/09/amit-shah-1726035314.jpg,India TV News,0.0031399981709136922,35,26,200,22,91
241,Gnews,https://www.deccanchronicle.com/nation/green-hydrogen-mission-giving-impetus-to-innovation-infra-industry-and-investment-modi-1822749,"Green Hydrogen Mission giving impetus to innovation, infra, industry and investment: Modi","New Delhi: Underlining the nation’s commitment towards creating a cleaner and greener planet, the Prime Minister Narendra Modi on Wednesday said that India was among the first G20 nations to fulfill...",2024-09-11 06:16:00,https://www.deccanchronicle.com/h-upload/2024/07/18/1827166-modi89.webp,Deccan Chronicle,9.584951808178819e-06,28,60,290,30,144
242,Gnews,https://indianexpress.com/article/opinion/columns/suhas-palshikar-writes-why-manipur-seems-so-far-away-9562880/,Suhas Palshikar writes: Why Manipur seems so far away,Its continuing crisis is a reminder — dominant idea of state and nation has become a hurdle in evolving trust among communities.,2024-09-12 01:39:37,https://images.indianexpress.com/2024/09/manipur_d40f10.jpg,The Indian Express,9.820768133428888e-10,56,115,349,23,172
243,Gnews,https://www.devdiscourse.com/article/law-order/3083299-election-officials-raise-alarms-over-usps-mail-delivery-failures,Election Officials Raise Alarms Over USPS Mail Delivery Failures,"State and local election officials in the US have issued warnings that the nation's mail delivery system is riddled with persistent problems, potentially disenfranchising voters in the upcoming presidential election. They claim the US Postal Service has not resolved ongoing mail issues that caused delays and undeliverable election ballots.",2024-09-11 17:52:07,https://www.devdiscourse.com/remote.axd?https://devdiscourse.blob.core.windows.net/imagegallery/03_03_2020_19_04_05_4766438.jpg?width=920&format=jpeg,Devdiscourse,4.393274894974388e-18,4,14,58,3,28
244,Gnews,https://www.indiatvnews.com/news/india/pm-modi-attends-ganpati-poojan-at-cji-chandrachud-residence-ganesh-chaturthi-watch-2024-09-11-951662,PM Modi attends Ganpati Poojan at CJI Chandrachud's residence | Watch,"The Ganpati festival is currently being celebrated across the nation with full excitement. During the 10-day festival, people welcome Lord Ganesha to their homes and perform puja, observe fast and perform rituals, before finally being immersed in the river.",2024-09-11 16:29:56,https://resize.indiatvnews.com/en/resize/newbucket/1200_-/2024/09/modi-1726071815.jpg,India TV News,6.237438443168864e-10,3,11,87,6,24
245,Gnews,https://www.livemint.com/opinion/can-india-keep-its-wealthy-from-fleeing-11726113333436.html,Can India keep its wealthy from fleeing?,A suspicion of wealth and embrace of redistribution stymie the nation’s increasingly affluent.,2024-09-11 18:30:00,https://www.livemint.com/lm-img/img/2024/09/12/1600x900/airport_1726114983320_1726114983594.jpg,Livemint,1.3921464282004694e-09,48,83,269,15,111
246,Gnews,https://indianexpress.com/article/opinion/columns/making-india-a-start-up-nation-9562903/,Making India a start-up nation,More students should be encouraged to launch entrepreneurial ventures. This will deliver large gains to the economy,2024-09-12 01:38:39,https://images.indianexpress.com/2024/09/oped-illustration-7.jpg,The Indian Express,2.1195928243242919e-16,23,130,374,16,166
247,Gnews,https://www.devdiscourse.com/article/technology/3083828-india-on-course-to-become-global-leader-in-biotechnology-says-ajay-sood,"India on Course to Become Global Leader in Biotechnology, Says Ajay Sood","Ajay Sood, Principal Scientific Advisor to the Government of India, highlighted India's rapid progress in biotechnology at the Global Bio-India 2024 Summit. Sood emphasized India's advancements, particularly in biological manufacturing and biofuels, as the nation strives to become a global leader. Stakeholder collaboration and emerging technologies are key to this success.",2024-09-12 08:50:58,https://www.devdiscourse.com/remote.axd?https://devdiscourse.blob.core.windows.net/aiimagegallery/01_08_2024_09_45_14_8293004.png?width=920&format=jpeg,Devdiscourse,9.736757982649663e-14,4,13,59,3,16
248,Gnews,https://www.news18.com/viral/bill-gates-warns-of-looming-threats-major-war-or-new-pandemic-likely-in-the-next-25-years-9048728.html,The Microsoft co-founder has expressed frustration over the global response to the pandemic.,"Bill Gates said the United States was the nation the world expected to lead by example during COVID-19, yet it fell short of those expectations.",2024-09-12 12:17:42,https://images.news18.com/ibnlive/uploads/2024/04/news18-bl-zb-2024-04-23019d135f850ecf98a8301aa7e14f71-16x9.jpg?impolicy=website&width=1200&height=675,News18,0.01224011413839648,17,41,99,15,66
249,Gnews,https://www.livemint.com/news/india/top-events-of-the-day-pm-modi-to-launch-semicon-india-bajaj-housing-finance-ipo-tecno-pova-neo-6-5g-and-more-11726017319510.html,"Top events of the day: PM Modi to launch Semicon India, Bajaj Housing Finance IPO, TECNO POVA Neo 6 5G and more","Top events of the day: Prime Minister Narendra Modi will inaugurate SEMICON India 2024, showcasing the nation’s semiconductor strategy. Meanwhile, the financial markets are abuzz with activity as several IPOs, including Bajaj Housing Finance and Innomet Advanced Materials",2024-09-11 07:20:08,https://www.livemint.com/lm-img/img/2024/09/11/1600x900/Narendra_Modi__1725469386709_1726018209179.JPG,Livemint,6.551014930589045e-59,10,49,240,6,116
250,Gnews,https://www.devdiscourse.com/article/headlines/3085008-vietnam-explores-nuclear-power-to-bolster-energy-security-and-growth,Vietnam Explores Nuclear Power to Bolster Energy Security and Growth,"Vietnam plans to investigate the development of nuclear power to ensure energy security and sustain economic growth. The Southeast Asian nation, heavily reliant on coal, aims to enhance cleaner energy production to meet its 2050 net zero target. The Ministry of Industry and Trade will conduct research and submit the proposal to the Politburo for review.",2024-09-13 03:21:30,https://www.devdiscourse.com/remote.axd?https://devdiscourse.blob.core.windows.net/aiimagegallery/30_08_2024_11_41_12_6507174.png?width=920&format=jpeg,Devdiscourse,3.1654409344546837e-23,2,14,50,2,24
251,Gnews,https://scroll.in/article/1073101/from-the-biography-why-legendary-civil-engineer-m-visvesvaraya-was-not-popular-among-bureaucrats,From the biography: Legendary civil engineer M Visvesvaraya enters national politics in the 1920s,"An excerpt from ‘Engineering a Nation: The Life and Career of M Visvesvaraya’, by Aparajith Ramnath.",2024-09-13 03:00:00,https://sc0.blr1.cdn.digitaloceanspaces.com/book/203298-utydyjwien-1725961311.jpg,Scroll.in,0.0010318681172276395,33,85,323,38,134
323,Gnews,https://www.deccanchronicle.com/world/europe/putin-issues-nuclear-warning-to-west-over-ukraine-1826086,Putin issues nuclear warning to West over Ukraine,"MOSCOW: In a strong, new warning to the West, President Vladimir Putin said Wednesday that any nation’s conventional attack on Russia that is supported by a nuclear power will be considered a joint...",2024-09-26 02:02:00,https://www.deccanchronicle.com/h-upload/2024/09/26/1845454-aa-3112061.webp,Deccan Chronicle,0.0011114443856421064,17,68,169,22,111
252,Gnews,https://www.livemint.com/education/news/ugc-net-june-2024-answer-key-objection-window-for-aug-27-sept-5-exam-closes-tomorrow-at-ugcnetntaacin-11726248688843.html,UGC NET June 2024 answer key objection window for Aug 27- Sept 5 Exam closes tomorrow at ugcnet.nta.ac.in,UGC NET June 2024: The National Testing Agency (NTA) on Friday extended the last date to challenge the UGC NET June 2024 answer key till Saturday for the exams held from Aug 27- Sept 5 in a CBT format across the nation ;,2024-09-13 23:05:03,https://www.livemint.com/lm-img/img/2024/09/13/1600x900/UGC_NET_June_2024_1724749204444_1726248776682.JPG,Livemint,2.103481110171998e-59,7,22,103,2,39
253,Gnews,https://www.livemint.com/news/india/india-ready-to-offer-maldives-emergency-financial-support-as-sukuk-default-risk-looms-11726221366791.html,India ready to offer Maldives emergency financial support as Sukuk default risk looms,"India’s government is ready to offer the Maldives emergency financial support to help ease the island nation’s financial woes as risks of the first sukuk default loom, people familiar with the matter said.",2024-09-13 16:19:13,https://www.livemint.com/lm-img/img/2024/09/13/1600x900/PTI08-10-2024-000159B-0_1726224488127_1726224525118.jpg,Livemint,1.4685077478734033e-22,15,32,130,5,55
254,Gnews,https://www.firstpost.com/explainers/andaman-nicobar-capital-has-a-new-name-but-who-was-archibald-blair-after-whom-port-blair-was-named-13815038.html,Andaman & Nicobar capital has a new name. But who was Archibald Blair after whom Port Blair was named?,"The Centre on Friday announced the renaming of Port Blair, the capital of Andaman and Nicobar Islands, to 'Sri Vijaya Puram' to 'free the nation from colonial imprints'. The city was named after Captain Archibald Blair, a naval officer who worked with the British East India Company",2024-09-13 15:11:10,"https://images.firstpost.com/uploads/2024/09/captain-archibald-2024-09-4869bb2de72ed9d958187561386f2d85.jpg?im=FitAndFill=(1200,675)",Firstpost,0.000776791124736308,21,70,309,34,109
255,Gnews,https://www.news18.com/india/centre-renames-port-blair-as-sri-vijaya-puram-9050033.html,"Centre Renames Andaman & Nicobar Capital Port Blair, It Will Now Be Called...","Union Home Minister Amit Shah said that the government's decision to change the name was made to ""free the nation from colonial imprints""",2024-09-13 11:43:54,https://images.news18.com/ibnlive/uploads/2024/09/your-paragraph-text-2024-09-f7495b2700a782e6b2d7fd9f3f12d963-16x9.jpg?impolicy=website&width=1200&height=675,News18,1.3856843261390574e-06,9,51,284,21,94
256,Gnews,https://www.news18.com/opinion/opinion-the-nation-is-greater-can-india-move-beyond-celebrating-nehrus-legacy-9048853.html,The Nation is Greater: Can India Move Beyond Celebrating Nehru’s Legacy?,"Other countries have great leaders too, but they do not worship them. A great historical nation such as ours cannot become a living tribute to any one individual, their memory, or their family. Because the nation is greater than us all",2024-09-12 13:22:21,https://images.news18.com/ibnlive/uploads/2024/09/nehru-2024-09-989db8ba446c67a05033bf33f6f618d1-16x9.jpg?impolicy=website&width=1200&height=675,News18,0.9797345809464142,56,66,257,62,150
257,Gnews,https://www.devdiscourse.com/article/headlines/3087088-sitaram-yechurys-body-donated-for-medical-research-aiims-lauds-familys-noble-act,"Sitaram Yechury's Body Donated for Medical Research, AIIMS Lauds Family's Noble Act","AIIMS Delhi applauds the family of CPI(M) General Secretary Sitaram Yechury for donating his body for medical research. Tributes pour in from political leaders appreciating Yechury's contributions to the nation. His body will aid in teaching and research at AIIMS, before a ritualistic cremation.",2024-09-14 17:17:24,https://www.devdiscourse.com/remote.axd?https://devdiscourse.blob.core.windows.net/devnews/14_09_2024_22_47_17_1945875.jpg?width=920&format=jpeg,Devdiscourse,0.1935780960737623,17,32,153,22,64
258,Gnews,https://www.news18.com/world/gisele-pelicot-drugged-by-husband-who-invited-men-to-rape-her-is-frances-symbol-of-fight-against-sexual-abuse-9051317.html,"Gisele Pelicot, Drugged By Husband Who Invited Men To Rape Her, Is France’s Symbol Of Fight Against Sexual Abuse","Hundreds of people, mostly women, gathered in cities around France on Saturday in support of Gisele Pelicot, a woman whose husband is on trial, accused of drugging her and recruiting dozens of strangers to rape her over nearly a decade in a case that has shocked the nation.",2024-09-14 14:25:31,https://images.news18.com/ibnlive/uploads/2024/09/afp-gisele-pelicot-2024-09-395d596d679f1816c63b6dc41a1a9f9a-16x9.jpg?impolicy=website&width=1200&height=675,News18,0.9071498619501783,15,17,105,18,68
259,Gnews,https://www.indiatvnews.com/news/india/one-nation-one-election-to-be-implemented-in-current-tenure-of-nda-govt-revealed-sources-latest-updates-2024-09-15-952283,"'One Nation, One Election' to be implemented in current tenure of NDA govt: Reports","The BJP-led NDA government is set to push for the 'one nation, one election' reform during its current term, with sources expressing confidence that the proposal will receive cross-party support.",2024-09-15 15:33:33,https://resize.indiatvnews.com/en/resize/newbucket/1200_-/2024/09/one-nation-1726414111.jpg,India TV News,5.560718514940844e-12,5,48,156,9,59
260,Gnews,https://indianexpress.com/article/political-pulse/one-nation-one-election-nda-bjp-coalition-reforms-govt-9569936/,"One nation, one election in this term; coalition won’t stall any reforms: Govt","Preparations started for conducting the Census, but a decision is yet to be taken on including a column on caste, says top government functionary.",2024-09-16 02:08:10,https://images.indianexpress.com/2024/09/loksabha-2024-09-16T073407.446.jpg,The Indian Express,4.889857085423135e-12,28,54,278,19,143
261,Gnews,https://www.livemint.com/politics/policy/one-nation-one-election-poll-policy-to-be-implemented-during-current-tenure-of-nda-govt-11726402569232.html,"One Nation, One Election: Poll policy to be implemented during ‘current tenure of NDA govt’","Prime minister Narendra Modi had made a strong pitch for ‘one nation, one election’ during his Independence Day address. He contended that frequent polls were creating hurdles in the country’s progress.",2024-09-15 21:21:15,https://www.livemint.com/lm-img/img/2024/09/15/1600x900/PTI09-15-2024-000135A-0_1726415710323_1726415829617.jpg,Livemint,3.141698163958387e-11,12,29,140,10,64
262,Gnews,https://www.deccanchronicle.com/nation/in-other-news/centre-plans-to-implement-onoe-in-current-term-1823825,Centre Plans to Implement ONOE in Current Term,"NEW DELHI: The BJP-led NDA government will implement “one nation, one election” within its current tenure, sources said, expressing confidence that the reform measure would receive support across...",2024-09-15 19:18:00,https://www.deccanchronicle.com/h-upload/2024/05/07/1090212-voting3.webp,Deccan Chronicle,8.18749133052497e-09,4,22,104,8,46
263,Gnews,https://www.news18.com/politics/one-nation-one-election-to-be-implemented-in-current-tenure-of-nda-govt-sources-9051980.html,"'One Nation, One Election' to Be Implemented in Modi 3.0, Census Exercise To Begin Soon: Sources","'One Nation, One Election' to Be Implemented in Current Tenure of NDA Govt: Sources",2024-09-15 15:00:15,https://images.news18.com/ibnlive/uploads/2024/08/narendra-modi-independence-day-address-2024-08-8a11a253e208ad48a60ae114786be29f-16x9.jpg?impolicy=website&width=1200&height=675,News18,3.3357488707203964e-11,11,29,145,11,67
264,Gnews,https://www.firstpost.com/world/us-presidential-polls-suspicious-packages-sent-to-election-offices-in-6-states-fbi-joins-probe-13816061.html,"US presidential polls: Suspicious packages sent to election offices in 6 states, FBI joins probe","The latest scare comes as early voting has begun in several states less than two months ahead of the high-stakes elections for president, Senate, Congress and key statehouse offices around the nation, causing disruption in what is already a tense voting season",2024-09-17 03:58:02,"https://images.firstpost.com/uploads/2024/09/US-Suspicious-packages-2024-09-37582b307faf2a102356ebe3d73b0c1d.jpg?im=FitAndFill=(1200,675)",Firstpost,2.1809470656947874e-17,17,57,243,12,94
265,Gnews,https://www.livemint.com/politics/news/one-nation-one-election-nda-allies-cheer-as-opposition-slams-bjp-gimmick-say-modi-does-not-have-majority-to-11726503942608.html,"One Nation, One Election: NDA allies cheer as Opposition slams BJP ‘gimmick’, say ’Modi does not have majority to…’","Opposition leaders criticized the Modi government over the ’One Nation, One Election’ policy, calling it a BJP gimmick. They argue it cannot be implemented without multiple constitutional amendments, which the NDA coalition lacks the majority to pass.",2024-09-16 22:40:19,https://www.livemint.com/lm-img/img/2024/09/16/1600x900/PTI09-16-2024-000138B-0_1726504409440_1726505371319.jpg,Livemint,3.0274225922670916e-11,12,33,128,8,50
266,Gnews,https://www.deccanchronicle.com/southern-states/telangana/ktr-tweets-thanks-to-rajiv-says-revanth-1824018,"KTR Tweets, Thanks to Rajiv, Says Revanth","Hyderabad: Underscoring the service of former prime minister Rajiv Gandhi to the nation by introducing the latest technologies, Chief Minister A. Revanth Reddy on Sunday unveiled a statue of the late...",2024-09-16 18:55:00,https://www.deccanchronicle.com/h-upload/2024/09/16/1842493-dsc4507.webp,Deccan Chronicle,1.0951718211644775e-12,7,19,222,17,91
267,Gnews,https://indianexpress.com/article/upsc-current-affairs/upsc-essentials/knowledge-nugget-one-nation-one-election-kovid-panel-upsc-polity-9570509/,"One Nation, One Election","Understanding 'One Nation, One Election': A push for simultaneous polls, recommended by the Kovid panel, to save resources and boost governance.",2024-09-16 08:21:03,https://images.indianexpress.com/2024/09/Untitled-design-2024-09-16T134630.523.jpg,The Indian Express,9.822539268770197e-20,18,81,393,17,135
268,Gnews,https://www.news18.com/india/from-a-soft-nation-to-a-formidable-force-how-bharat-has-seen-a-psych-upgrade-with-pm-modis-muscular-yet-benign-approach-9053482.html,From a Soft Nation to a Formidable Force: How Bharat Has Seen A Psych Upgrade With PM Modi’s Muscular Yet Benign Approach,PM Modi attempted to talk peace with pesky neighbours with the hope that they would take a step if he took two,2024-09-17 04:36:06,https://images.news18.com/ibnlive/uploads/2024/09/narendra-modi-3-2024-09-c8d791980c2d9228d96cec80de894b23-16x9.jpg?impolicy=website&width=1200&height=675,News18,3.3867137902650233e-10,72,170,694,46,279
269,Gnews,https://www.firstpost.com/explainers/pager-explosions-lebanon-hezbollah-age-of-smartphones-13816496.html,Pager explosions in Lebanon: Why Hezbollah still uses pagers in the age of smartphones,"On Tuesday, a series of pager explosions rocked Lebanon, killing nine people and injuring at least 2,800. Hezbollah has blamed Israel for the attack, vowing retaliation. The detonations put the focus on the simple communication device that the militant group still uses to evade the Jewish nation’s surveillance",2024-09-18 04:19:13,"https://images.firstpost.com/uploads/2024/09/pager-lead-2024-09-c99f83f965cfab551e851f36accc1959.jpg?im=FitAndFill=(1200,675)",Firstpost,0.00019627204180896086,64,91,393,40,214
270,Gnews,https://indianexpress.com/article/opinion/columns/kangana-ranaut-writes-pm-birthday-life-service-nation-9572867/,Kangana Ranaut writes on PM’s birthday: A life in service of the nation,"Modi has consistently remained close to the underprivileged and the common man, even after reaching the highest office in the land",2024-09-17 13:48:09,https://images.indianexpress.com/2024/09/PM-Modi-new.jpg,The Indian Express,0.01830869305679207,22,86,286,41,124
271,Gnews,https://www.firstpost.com/explainers/after-namibia-why-zimbabwe-is-preparing-to-kill-200-majestic-elephants-13816309.html,"After Namibia, why Zimbabwe is preparing to kill 200 majestic elephants","Zimbabwe, home to around 100,000 elephants—the second-largest population after Botswana—is facing an elephant overpopulation crisis amid a severe drought. As resources remain scarce, the authorities of the landlocked African nation have authorised plans to cull 200 giants to feed its hungry citizens",2024-09-17 13:33:56,"https://images.firstpost.com/uploads/2024/09/elephant-zimbabwe-AFP-2024-09-d3ecc0be8567640fcaa8878e01af1af2.jpg?im=FitAndFill=(1200,675)",Firstpost,0.10785444931467367,32,89,344,50,199
272,Gnews,https://www.devdiscourse.com/article/sports-games/3089560-india-gears-up-for-pickleball-world-cup-2024-in-peru,India Gears Up for Pickleball World Cup 2024 in Peru,"The Indian Pickleball Association will compete in the Pickleball World Cup 2024 in Peru. Led by captains Dhiren Patel and Nozer Amalsdiwala, two teams were selected in Ahmedabad. With the support of Pickleball World Rankings, India's players aim to bring glory to the nation.",2024-09-17 10:44:50,https://www.devdiscourse.com/remote.axd?https://devdiscourse.blob.core.windows.net/devnews/17_09_2024_16_14_40_8533875.jpg?width=920&format=jpeg,Devdiscourse,2.8748163571834e-20,3,14,143,7,43
273,Gnews,https://indianexpress.com/article/india/jinnah-like-mindset-wanting-nation-to-bleed-puri-on-rahul-us-remarks-9573277/,Jinnah-like mindset wanting nation to bleed: Puri on Rahul US remarks,"Gandhi while interacting with students and the Indian diaspora during his visit to the US earlier this month had said that the “fight in India was not about politics, but about whether a Sikh could wear a turban or go to a gurdwara…”",2024-09-17 20:22:44,https://images.indianexpress.com/2024/09/hardeep-singh-puri.jpg,The Indian Express,0.9993347282980989,18,18,106,20,67
274,Gnews,https://www.devdiscourse.com/article/headlines/3091331-haiti-steps-toward-elections-with-provisional-electoral-council,Haiti Steps Toward Elections with Provisional Electoral Council,"Haiti's government established a provisional electoral council to aim for elections by 2026, filling seven out of nine seats with representatives from diverse sectors. The last general elections were held in 2016. The nation's political instability has deteriorated since the 2021 assassination of President Jovenel Moise.",2024-09-18 23:09:07,https://www.devdiscourse.com/remote.axd?https://devdiscourse.blob.core.windows.net/aiimagegallery/28_08_2024_04_39_02_9130921.png?width=920&format=jpeg,Devdiscourse,1.1160203558271228e-09,4,19,43,2,20
275,Gnews,https://indianexpress.com/article/india/opposition-criticises-one-nation-one-election-move-not-practical-blow-to-federalism-cheap-stunt-9575061/,"Opposition criticises One nation, one election move: Not practical, blow to federalism, cheap stunt","“This is not practical and will not be allowed. At the time of elections, they can’t find any issues and they bring such things to divert from the main issues. The people of this country will not accept this,” Congress president Mallikarjun Kharge said.",2024-09-18 22:20:11,https://images.indianexpress.com/2024/09/mallikarjun-kharge-759_4ded05.jpg,The Indian Express,1.0768731969542245e-06,46,88,359,36,201
276,Gnews,https://www.news18.com/india/one-nation-one-election-rajnath-rijiju-meghwal-to-seek-all-party-consensus-educate-citizens-pm-tells-cabinet-9055673.html,"'One Nation, One Election': Rajnath, Rijiju, Meghwal to Seek All-Party Consensus; Educate Citizens, PM Tells Cabinet","Despite the fact that the report submitted by the Ram Nath Kovind-led high-level panel approved by the union cabinet on Wednesday is also in the public domain, there is a need for wider consultation, especially to educate the common man about the merits of this legislation, the PM reportedly advised his cabinet colleagues",2024-09-18 16:46:41,https://images.news18.com/ibnlive/uploads/2024/06/modi-cabinet-3.0-2024-06-4519c9882bc76f84677b61ca08123c0a-16x9.jpg?impolicy=website&width=1200&height=675,News18,5.814567168041824e-15,27,58,231,13,102
277,Gnews,https://indianexpress.com/article/political-pulse/one-nation-one-election-bjp-sends-message-resolve-build-consensus-9574823/,"One Nation, One Election: BJP sends message of resolve, willing to build consensus","TDP, which had not clarified its stand on the issue earlier, on Wednesday supported the move, but with a rider that its benefits need to be evaluated.",2024-09-18 14:40:54,https://images.indianexpress.com/2024/09/energy-5.png,The Indian Express,0.00030923633320525815,38,70,391,38,180
278,Gnews,https://indianexpress.com/article/opinion/columns/manoj-jha-writes-one-nation-one-election-undermines-voter-indian-democracy-9574798/,"Manoj Jha writes: One Nation, One Election undermines the voter - and Indian democracy","While there are some upsides to conducting fewer and shorter elections, they can easily be achieved by making the system more efficient, instead of overhauling or replacing it. The downsides of One Nation, One Election, however, are numerous and serious",2024-09-18 14:13:46,https://images.indianexpress.com/2024/09/one-nation-1.jpg,The Indian Express,0.0017332327892223276,51,113,275,34,180
279,Gnews,https://indianexpress.com/article/india/bjps-bihar-allies-backing-one-nation-one-election-9574729/,"Why BJP’s Bihar allies are backing one nation, one election","JD(U) says will help smaller parties, Paswan cites lower expenses to back simultaneous polls.",2024-09-18 14:05:44,https://images.indianexpress.com/2024/09/energy-3.png,The Indian Express,9.399692376844346e-29,4,13,80,2,29
280,Gnews,https://www.indiatvnews.com/news/india/one-nation-one-election-to-chandrayaan-4-list-of-key-decisions-taken-by-modi-cabinet-today-2024-09-18-952840,"One Nation, One Election to Chandrayaan 4: List of key decisions taken by Modi cabinet today","The cabinet on Wednesday accepted a high-level panel's recommendations for holding simultaneous polls for the Lok Sabha, state assemblies and local bodies in a phased manner after a countrywide consensus-building exercise.",2024-09-18 14:04:22,https://resize.indiatvnews.com/en/resize/newbucket/1200_-/2024/09/PTI09_17_2024_000190B.jpg,India TV News,1.052714886479471e-15,16,35,179,10,76
281,Gnews,https://indianexpress.com/article/political-pulse/one-nation-one-election-numbers-stand-in-new-parliament-9574547/,"One Nation, One Election: How the numbers stand in new Parliament","NDA comfortably placed in LS, short of simple majority in RS; constitutional amendment Bill also needs support of two-third members present and voting",2024-09-18 12:34:54,https://images.indianexpress.com/2024/09/one-nation.jpg,The Indian Express,1.9037837862264975e-26,35,52,389,16,128
282,Gnews,https://www.indiatvnews.com/news/india/what-is-the-process-to-implement-one-nation-one-election-know-about-legal-steps-needed-2024-09-18-952806,"One Nation, One Election: What are next steps involved to implement it? Know all about them","The Union Cabinet has approved the report on 'One Nation, One Election' which was submitted by the panel headed by former President Ram Nath Kovind, The Committee has recommended the transition to simultaneous elections in two phases.",2024-09-18 11:58:55,https://resize.indiatvnews.com/en/resize/newbucket/1200_-/2024/09/onoe-1726660672.jpg,India TV News,3.4235382348292074e-21,18,44,265,15,131
283,Gnews,https://www.indiatvnews.com/explainers/one-nation-one-election-why-centre-plans-to-implement-it-and-what-are-its-benefits-explained-2024-09-18-952800,"One Nation, One Election: Why is Centre planning to implement it, what are its benefits? | Explained","On why the Centre plans to implement 'One Nation, One Election', the Kovind-led high-level committee in its report stated that frequent elections create an atmosphere of uncertainty and impact policy decisions.",2024-09-18 11:29:07,https://resize.indiatvnews.com/en/resize/newbucket/1200_-/2024/09/what-are-its-benefits-1726658869.jpg,India TV News,3.5425262568014866e-31,7,21,118,4,42
284,Gnews,https://www.ndtv.com/opinion/one-nation-one-election-undoing-indira-gandhis-legacy-may-not-be-easy-6598980,Undoing Indira Gandhi's Legacy May Not Be Easy,"By giving a Cabinet nod to One Nation, One Election, the ruling BJP took its first official step toward fulfilling one of its most significant electoral promises.",2024-09-19 04:29:26,"https://media.assettype.com/bloombergquint%2F2019-04%2Fb566f9a9-fb8b-4209-b68b-e778716e0a56%2FPTI_Women_voters_show_their_fingers_marked_with_indelible_ink_after_casting_vote_at_Umpher_in_Ri_Bho.jpg?im=FeatureCrop,algorithm=dnn,width=1200,height=738",NDTV News,5.5494364944633094e-05,35,94,233,21,119
285,Gnews,https://indianexpress.com/audio/3-things/one-nation-one-election-an-oil-gas-exploration-and-a-misleading-report/9577849/,"One nation, one election, an oil & gas exploration, and a ‘misleading’ report","How will India implement one nation, one election, a gas and oil exploration project in Assam, and India's response to a 'speculative and misleading' report.",2024-09-20 00:30:50,https://images.indianexpress.com/2024/09/Untitled-design-2024-09-20T015414.573.jpg,The Indian Express,0.09262266341367113,4,2,46,5,17
286,Gnews,https://indianexpress.com/article/india/one-nation-one-election-multi-party-consultations-political-consensus-n-k-singh-on-road-ahead-9577796/,"‘One nation, one election’ | Multi-party consultations, political consensus: Kovind Committee member N K Singh on road ahead","The Bill that Singh referred to are the Constitutional amendments that the government would have to carry out in order to implement One Nation, One Election.",2024-09-19 22:30:26,https://images.indianexpress.com/2024/09/N-K-Singh.jpg,The Indian Express,4.275504727411671e-07,14,47,171,16,103
287,Gnews,https://theprint.in/world/i-look-after-sri-lankas-interests-that-includes-ensuring-no-harm-to-indias-security-wickremesinghe-to-theprint/2275377/,"I look after Sri Lanka’s interests, that includes ensuring no harm to India’s security—Wickremesinghe to ThePrint","Sri Lankan President Ranil Wickremesinghe, credited with fixing the nation’s economy, is up against 37 other candidates in Saturday's presidential poll.",2024-09-19 17:06:39,https://static.theprint.in/wp-content/uploads/2024/09/2-1.jpg,ThePrint,0.32226529786469554,39,92,308,51,178
288,Gnews,https://www.ndtv.com/india-news/no-problem-till-1967-chirag-paswan-to-ndtv-on-one-nation-one-election-6603570,"No Problem Till 1967: Chirag Paswan To NDTV On ""One Nation, One Election""","Simultaneous election took place in India till 1967 and there was no problem at the time in terms of federalism or any other factor, Union minister Chirag Paswan said today, questioning the Opposition's resistance on the subject.",2024-09-19 14:51:43,"https://c.ndtvimg.com/2024-09/0mhguo5o_chirag-paswan-yuva-conclave_625x300_19_September_24.jpeg?im=FeatureCrop,algorithm=dnn,width=1200,height=738",NDTV News,0.9880373869827963,21,19,110,21,61
289,Gnews,https://www.news18.com/india/netflixs-sector-36-sheds-light-on-nithari-killings-all-about-the-gruesome-case-9056804.html,"Netflix’s 'Sector 36' Sheds Light On Nithari Killings, All About The Gruesome Case","Surendra Koli, the main accused in the case, was involved in 12 murders, with his co-accused, Moninder Singh Pandher. The case shocked the nation due to its disturbing details of sexual assault, brutal murder, and hints of possible cannibalism",2024-09-19 14:25:48,https://images.news18.com/ibnlive/uploads/2024/09/nithari-killings-2024-09-3de6f48e6fae2a6c944da2ec5238746e-16x9.jpg?impolicy=website&width=1200&height=675,News18,0.00029117302859613873,11,31,163,14,60
290,Gnews,https://www.devdiscourse.com/article/headlines/3092154-eu-pledges-180m-energy-aid-to-war-torn-ukraine,EU Pledges $180M Energy Aid To War-Torn Ukraine,European Union chief Ursula von der Leyen is visiting Ukraine with a promise of 160 million euros in energy funds to help the nation endure the winter. Half of Ukraine's energy infrastructure is destroyed. EU efforts also include decentralising energy production and covering a quarter of Ukraine's energy need through exports.,2024-09-19 12:04:41,https://www.devdiscourse.com/remote.axd?https://devdiscourse.blob.core.windows.net/devnews/20_07_2024_13_32_02_5010268.jpg?width=920&format=jpeg,Devdiscourse,0.00256111610037475,15,28,127,16,83
291,Gnews,https://www.ndtv.com/india-news/one-nation-one-election-explained-what-is-it-how-will-it-work-6602206,"What Is It, How It Will Work","The Union Cabinet has cleared the 'one nation, one election' proposal that will eventually see simultaneous voting for state and union governments, as well as urban bodies or panchayats.",2024-09-19 11:54:31,"https://c.ndtvimg.com/2019-04/0t4kpkig_election-generic-afp-_625x300_15_April_19.jpg?im=FeatureCrop,algorithm=dnn,width=1200,height=738",NDTV News,1.10201721558827e-09,57,106,510,38,235
292,Gnews,https://www.indiatvnews.com/news/india/opinion-one-nation-one-election-whats-the-game-aaj-ki-baat-with-rajat-sharma-modi-govt-congress-bjp-2024-09-19-952977,"OPINION | One Nation, One Election: What’s the game?","To expect political parties to rise above politics on the issue of 'One Nation, One Election', is to ask for the moon. At the ground level, some opposition parties feel that if simultaneous elections are held, they may not have adequate resources to counter Modi.",2024-09-19 09:57:12,https://resize.indiatvnews.com/en/resize/newbucket/1200_-/2024/09/aaj-ki-baat-with-rajat-sharma-1726738944.jpg,India TV News,0.003145854552476904,27,36,148,19,91
293,Gnews,https://www.deccanchronicle.com/world/neighbours/polling-begins-in-sri-lanka-island-nation-to-elect-its-next-president-1824969,"Polling begins in Sri Lanka, island nation to elect its next president",Colombo: Polls opened on Saturday in Sri Lanka's crucial presidential election -- the island nation's first major electoral exercise since its worst economic meltdown in 2022. Some 17 million people...,2024-09-21 03:28:00,https://www.deccanchronicle.com/h-upload/2024/09/21/1843971-aa-3081224.webp,Deccan Chronicle,3.213982992890716e-10,4,30,95,6,46
294,Gnews,https://www.firstpost.com/explainers/sri-lanka-presidential-election-2024-india-china-ties-13816788.html,Sri Lanka presidential election today: What’s at stake for India?,Sri Lanka is voting on September 21 to elect a new president. India is closely observing the polls in the strategically located island nation. Here's why who wins the election matters to New Delhi,2024-09-21 03:02:59,"https://images.firstpost.com/uploads/2024/09/Untitled-design-2024-09-18T195740.859-2024-09-2e48bbf7f6db9c86b518e307c00faebc.jpg?im=FitAndFill=(1200,675)",Firstpost,1.1448783987646624e-13,34,86,504,29,160
295,Gnews,https://www.firstpost.com/world/sri-lanka-2024-presidential-poll-elections-voting-live-13817595.html,Sri Lanka 2024 Elections LIVE: Sri Lanka votes for presidential hopefuls amid economic uncertainty,"Sri Lanka 2024 Elections LIVE Updates: This is the first election since Sri Lanka's economy buckled in 2022 under a severe foreign exchange shortage leaving the Indian Ocean island nation unable to pay for imports of essentials including fuel, medicine and cooking gas",2024-09-21 00:59:00,"https://images.firstpost.com/uploads/2024/09/Sri-Lanka-Elections-1-2024-09-1d3a6bf43c878f89b6b0248fb07f40c5.jpg?im=FitAndFill=(1200,675)",Firstpost,9.17035901964635e-12,20,159,544,32,231
296,Gnews,https://indianexpress.com/article/opinion/editorials/express-view-on-one-nation-one-election-reject-9579603/,"Express View on One Nation, One Election: Reject","Elections must be held whenever and wherever governments lose public trust. One nation one election undermines the will of we, the people",2024-09-20 19:30:20,https://images.indianexpress.com/2024/09/edit_1d4dad.jpg,The Indian Express,0.0461795703977098,20,43,137,19,76
297,Gnews,https://www.firstpost.com/explainers/economic-crisis-taxes-and-more-the-key-issues-in-sri-lankas-presidential-elections-13817435.html,"Economic crisis, taxes and more... The key issues in Sri Lanka's presidential elections",Sri Lanka will witness a highly-contested election on Saturday (September 21). Here are the main issues that will decide who will be the island nation's next president,2024-09-20 13:28:47,"https://images.firstpost.com/uploads/2024/09/lanka1-2024-09-8da1181186c557009eb0e70977619fa7.jpg?im=FitAndFill=(1200,675)",Firstpost,2.8488981163266618e-11,14,74,246,18,131
298,Gnews,https://www.deccanchronicle.com/nation/politics/bjd-to-study-one-nation-one-election-before-taking-stand-on-it-naveen-patnaik-1825193,"BJD to study one nation, one election before taking stand on it: Naveen Patnaik",Bhubaneswar: BJD president Naveen Patnaik said his party will undertake a detailed study on simultaneous elections before taking a stand on it.During an interaction at the 12th edition of the Odisha...,2024-09-22 04:46:00,https://www.deccanchronicle.com/h-upload/2024/09/22/1844265-aa-3077035.webp,Deccan Chronicle,0.04507623540757804,9,14,74,11,39
299,Gnews,https://www.deccanchronicle.com/southern-states/telangana/onoe-is-bjps-attempt-to-undermine-indias-federal-structure-cm-revanth-reddy-1825158,ONOE Is BJP’s Attempt To Undermine India’s Federal Structure: CM Revanth Reddy,"Hyderabad: Chief Minister A. Revanth Reddy on Saturday strongly opposed the BJP's push for the 'One Nation, One Election' (ONOE), alleging that it was an attempt to assert BJP's dominance and...",2024-09-21 19:07:00,https://www.deccanchronicle.com/h-upload/2024/09/15/1842186-revanthreddy.jpg,Deccan Chronicle,0.021803784932874888,12,41,195,24,85
300,Gnews,https://www.devdiscourse.com/article/politics/3095932-france-considers-tax-hikes-on-wealthy-to-tackle-budget-deficit,France Considers Tax Hikes on Wealthy to Tackle Budget Deficit,Prime Minister Michel Barnier announced potential tax hikes on France's wealthiest individuals and some large corporations to address the nation’s budget deficit. He also expressed openness to changes in President Macron's pension reforms while remaining firm on immigration control. France faces a growing public deficit and economic scrutiny.,2024-09-22 19:19:04,https://www.devdiscourse.com/remote.axd?https://devdiscourse.blob.core.windows.net/aiimagegallery/24_07_2024_16_45_53_4917748.png?width=920&format=jpeg,Devdiscourse,1.6438680534818379e-19,4,23,95,4,35
394,Gnews,https://indianexpress.com/article/india/simultaneous-polls-not-against-constitution-federalism-ram-nath-kovind-9605811/,"Simultaneous polls not against Constitution, federalism: Kovind","Former President Kovind defends 'one nation, one election', says it's constitutional",2024-10-05 21:19:02,https://images.indianexpress.com/2024/10/Kovinf.jpg,The Indian Express,5.410694717992068e-05,11,14,42,6,35
301,Gnews,https://www.livemint.com/opinion/quick-edit/quad-meeting-indo-pacific-region-semiconductors-geopolitics-australia-india-us-japan-port-development-11727054822753.html,Mint Quick Edit | The Quad’s agenda and India’s preference,The four-nation grouping focused on a free and open Indo-Pacific has new initiatives aimed at the region’s welfare. Is this a sign of its increasingly civilian orientation? Or does a closer look at the Quad agenda offer clues on China containment?,2024-09-22 18:30:00,https://www.livemint.com/lm-img/img/2024/09/23/1600x900/PTI09-22-2024-000027B-0_1726974608474_1727055260132.jpg,Livemint,6.71824534052595e-11,6,17,72,5,33
302,Gnews,https://www.news18.com/sports/first-time-in-nearly-100-years-made-nation-proud-pm-narendra-modi-lauds-indian-chess-team-for-historic-gold-at-chess-olympiad-2024-9059798.html,'First Time in Nearly 100 Years...Made Nation Proud': PM Narendra Modi Lauds Indian Chess Team for Historic Gold at Chess Olympiad 2024,PM Modi congratulaed the Indian Chess team when speaking about the Indian disapora at the Modi&US event.,2024-09-22 18:10:56,https://images.news18.com/ibnlive/uploads/2024/09/photo-collage.png-43-fotor-20240922233715-2024-09-5a13d2f4fa944c8db0468d5d3acd2c96-16x9.jpg?impolicy=website&width=1200&height=675,News18,2.3227925955705656e-06,7,29,109,11,40
303,Gnews,https://www.firstpost.com/world/sri-lankas-new-marxist-leaning-president-vows-to-rewrite-history-13818051.html,Sri Lanka's new Marxist-leaning president vows to 'rewrite history',"Marxist lawmaker Anura Kumara Dissanayake won Sri Lanka’s presidential election, the Election Commission announced Sunday, after voters rejected the old political guard that has been widely accused of pushing the South Asian nation toward economic ruin.",2024-09-22 17:35:35,"https://images.firstpost.com/uploads/2024/09/Frankfurt-airport-halts-flights-as-climate-activists-block-runway-2024-09-22T231201.098-2024-09-76692cbad4773725be0bcd6214472f55.jpg?im=FitAndFill=(1200,675)",Firstpost,0.019493815054112594,25,81,329,44,171
304,Gnews,https://indianexpress.com/article/opinion/columns/atishi-delhi-cm-one-nation-one-election-bjp-aap-9582437/,"Vandita Mishra writes: A new CM, a big-bang idea, read between the lines","AAP's new CM focuses on Kejriwal's return, not Delhi's issues; BJP pushes for One Nation One Election, sidelining people's will.",2024-09-22 13:43:01,https://images.indianexpress.com/2024/09/atishi-new-scm.jpg,The Indian Express,0.8714971557500474,27,58,215,37,130
305,Gnews,https://www.theweek.in/news/world/2024/09/22/marxist-leader-anura-kumara-dissanayaka-is-the-new-sri-lankan-president-new-renaissance.html,Marxist leader Anura Kumara Dissanayaka elected new Sri Lankan president,"Marxist leader Anura Kumara Dissanayake has been elected the ninth President of Sri Lanka, a historic verdict that saw discontent voters respond to the unprecedented financial crisis that gripped the nation in 2022.",2024-09-21 18:30:00,https://www.theweek.in/content/dam/week/week/news/world/images/2024/9/22/Anura.jpg,THE WEEK,0.04586878574664277,23,46,208,29,107
306,Gnews,https://www.firstpost.com/sports/chess-olympiad-2024-india-players-open-men-women-profile-13818070.html,Chess Olympiad 2024: Who are India's golden double history makers?,India became only the third nation to achieve a golden double since the Open and Women's Chess Olympiads were conducted simultaneously in 1972,2024-09-23 02:57:28,"https://images.firstpost.com/uploads/2024/04/D-Gukesh-Candidates-X-FIDE-Chess-2024-04-785821acaffa57982c2f1422d95f27ee-1200x675.jpeg?im=FitAndFill=(1200,675)",Firstpost,2.031967322522325e-06,62,80,498,42,167
307,Gnews,https://indianexpress.com/article/india/sc-suo-motu-cognisance-tirupati-laddu-adulteration-allegations-vhp-9583482/,SC should take suo motu cognisance of Tirupati laddu adulteration allegations: VHP,"It noted there is no room for negligence and delay in this matter as such a scenario could result in nation-wide agitations by Hindu community members, who are already impatient over this issue.",2024-09-23 07:09:35,https://images.indianexpress.com/2024/09/tirupati-laddu.jpg,The Indian Express,7.101792375370795e-12,7,22,108,7,42
308,Gnews,https://www.news18.com/sports/two-golds-one-nation-sachin-tendulkar-congratulates-indian-teams-for-winning-chess-olympiad-2024-9060135.html,"Two Golds, One Nation! Sachin Tendulkar Congratulates Indian Teams For Winning Chess Olympiad 2024",India scripted history on Sunday in the Chess Olympiad as its men's and women's teams clinched their maiden titles in a rare clean sweep of gold medals after beating their respective opponents in the final round.,2024-09-23 06:20:25,https://images.news18.com/ibnlive/uploads/2024/09/sachin-tendulkar-chess-olympiad-2024-09-1b22126a39d5ac99f07fa0389f1954e7-16x9.jpg?impolicy=website&width=1200&height=675,News18,4.074045270718383e-11,15,48,151,6,45
309,Gnews,https://www.firstpost.com/world/hezbollah-deputy-chief-warns-retaliation-as-thousands-attend-funeral-of-people-killed-in-beirut-strike-13818118.html,Hezbollah deputy chief warns retaliation as thousands attend funeral of people killed in Beirut strike,"The Iran-backed militant group's second in command, Naim Qassem, vowed to be more aggressive with Israel by sending more rockets into the Jewish nation until there's a ceasefire in Gaza",2024-09-23 05:42:29,"https://images.firstpost.com/uploads/2024/09/skynews-hezbollah-naim-qassem_6694326-2024-09-a6fd688106f19f2d5f3dc4515325d5ad.jpg?im=FitAndFill=(1200,675)",Firstpost,3.865848996254522e-05,10,50,190,21,83
310,Gnews,https://www.devdiscourse.com/article/politics/3096209-sri-lankas-new-leftist-leader-anura-kumara-dissanayake-takes-office-amid-economic-turmoil,Sri Lanka's New Leftist Leader Anura Kumara Dissanayake Takes Office Amid Economic Turmoil,"Anura Kumara Dissanayake assumes presidency of Sri Lanka, marking a shift from long-standing political dynasties. Facing the nation's severest economic crisis in over seventy years, Dissanayake commits to democratic principles and promises economic recovery. He must form a new cabinet and secure parliament's support for an IMF bailout.",2024-09-23 07:23:31,https://www.devdiscourse.com/remote.axd?https://devdiscourse.blob.core.windows.net/devnews/23_09_2024_10_06_08_61045.jpg?width=920&format=jpeg,Devdiscourse,0.0013990481043301298,7,30,113,14,52
311,Gnews,https://www.devdiscourse.com/article/business/3096179-sundar-pichai-praises-pm-modis-ai-vision-for-transforming-india,Sundar Pichai Praises PM Modi's AI Vision for Transforming India,"Google CEO Sundar Pichai commended Prime Minister Narendra Modi's efforts to digitally transform India and leverage Artificial Intelligence to benefit the nation. Pichai shared these views following a roundtable with PM Modi in New York, where tech applications in various sectors were discussed.",2024-09-23 06:55:15,https://www.devdiscourse.com/remote.axd?https://devdiscourse.blob.core.windows.net/devnews/23_09_2024_12_25_06_5538635.jpg?width=920&format=jpeg,Devdiscourse,0.9930641886187038,13,18,116,23,71
324,Gnews,https://www.devdiscourse.com/article/business/3100042-argentinas-economic-upswing-in-july-sparks-hopes-of-recovery,Argentina's Economic Upswing in July Sparks Hopes of Recovery,"Argentina's economic activity grew by 1.7% in July compared to June, defying expectations of a steeper yearly decline. The grain-rich nation's outlook brightens as new President Javier Milei introduces austerity measures aimed at stabilizing finances and reducing inflation, despite mixed sector performance.",2024-09-25 20:07:17,https://www.devdiscourse.com/remote.axd?https://devdiscourse.blob.core.windows.net/aiimagegallery/20_06_2024_13_37_33_1268691.png?width=920&format=jpeg,Devdiscourse,6.11405381417368e-19,6,25,72,3,39
312,Gnews,https://www.devdiscourse.com/article/politics/3096510-anura-kumara-dissanayake-assumes-presidency-amidst-unprecedented-economic-recovery,Anura Kumara Dissanayake Assumes Presidency Amidst Unprecedented Economic Recovery,"Sri Lanka's newly elected president, Anura Kumara Dissanayake, has committed to fighting corruption and reviving the country's economy. A longtime advocate of Marxist economic policies, Dissanayake ran under the National People's Power alliance. His leadership marks a significant shift from the political dynasties that have historically ruled the nation.",2024-09-23 10:33:35,https://www.devdiscourse.com/remote.axd?https://devdiscourse.blob.core.windows.net/devnews/23_09_2024_10_06_08_61045.jpg?width=920&format=jpeg,Devdiscourse,5.0594253659394915e-06,1,20,69,6,20
313,Gnews,https://www.firstpost.com/explainers/israel-vs-hezbollah-whats-going-on-will-jewish-nation-invade-lebanon-13818301.html,Israel vs Hezbollah: What’s going on? Will Jewish nation invade Lebanon?,"A day after Hezbollah and Israel exchanged cross-border strikes, the IDF attacked over 300 of the Iran-backed terror group’s locations on Monday and sent messages telling people in southern Lebanon to vacate their homes. Experts say a new phase of the conflict between the two is underway and that a ground invasion into Lebanon could be on the cards",2024-09-23 11:29:06,"https://images.firstpost.com/uploads/2024/09/Untitled-2024-09-23T125506.611-2024-09-da1a2703876312d3dd5708a40f685500.jpg?im=FitAndFill=(1200,675)",Firstpost,0.004049383143682857,75,159,672,87,371
314,Gnews,https://www.indiatvnews.com/news/world/sri-lanka-anura-kumara-dissanayake-sworn-in-as-new-president-says-i-am-ready-to-change-country-future-video-2024-09-23-953606,"Sri Lanka: Anura Kumara Dissanayake sworn in as new President, says 'I am ready to change country's...'","Sri Lanka's leftist leader Anura Kumara Dissanayake took office as president on Monday, promising change in the island nation long led by powerful political families which is emerging from its worst economic crisis in more than seven decades.",2024-09-23 10:43:13,https://resize.indiatvnews.com/en/resize/newbucket/1200_-/2024/09/sri-lanka-s-newly-elected-president-anura-kumara-dissanayake-addresses-a-gathering-after-taking-his-oath-of-office-at-the-presidential-secretariat-in-colombo-1727087617.jpg,India TV News,1.5337215316481403e-05,18,54,221,22,105
315,Gnews,https://www.news18.com/world/pm-modi-meets-ukraines-zelensky-in-new-york-month-after-visiting-kyiv-video-9061057.html,"Ukraine's Zelensky, PM Modi Hold Bilateral In New York As Leaders Meet For Third Time In Four Months","Prime Minister Narendra Modi met Ukraine President Volodymyr Zelensky in New York on Monday (local time), the final day of a three-day US trip. Modi is meeting Zelensky almost a month after he became the first Indian Prime Minister to visit the eastern European nation as it remains embroiled in a conflict with neighbour Russia.",2024-09-23 21:12:40,https://images.news18.com/ibnlive/uploads/2024/09/modi-meets-zelensky-new-york-2024-09-e043459cc12849f875d85ebe649dd4c8-16x9.jpg?impolicy=website&width=1200&height=675,News18,0.00011156380209257955,26,56,275,31,127
316,Gnews,https://theprint.in/opinion/push-for-one-nation-one-police-along-with-one-nation-one-election/2280385/,"One Nation, One Police","India must have a strong federal government, which must have a uniform police structure—like One Nation, One Police.",2024-09-24 05:17:55,https://static.theprint.in/wp-content/uploads/2019/11/Mumbai-police.jpg,ThePrint,4.04488094511394e-06,37,81,306,32,194
317,Gnews,https://www.firstpost.com/explainers/israel-airstrikes-deadliest-day-lebanon-2006-explained-13818458.html,Deadliest day of Israeli strikes in Lebanon since 2006 kills 492: What led to it?,"Israel and Hezbollah have been at each other’s throats for decades. Now, the tensions are at an all-time high after the Jewish nation launched a new aerial offensive in Lebanon on Monday, killing nearly 500 people and injuring many others. What led to this? What happens next?",2024-09-24 04:47:32,"https://images.firstpost.com/uploads/2024/09/israel1-2024-09-4166b34407b80c66372e883b9c13c2d9.jpg?im=FitAndFill=(1200,675)",Firstpost,0.0004981705651509927,60,110,489,54,249
318,Gnews,https://indianexpress.com/article/opinion/columns/yogendra-yadav-writes-one-nation-one-election-is-a-desire-to-cut-down-clutter-of-democratic-politics-9584686/,Yogendra Yadav writes: One Nation One Election is a desire to cut down clutter of democratic politics,"Those who dominate India’s social and economic life are increasingly impatient with its messy politics. They can’t do away with elections altogether, but the next best thing is to limit this mess. So that the business of governance can be carried out undisturbed for four years and nine months",2024-09-24 00:10:32,https://images.indianexpress.com/2024/09/Opinion3_24th-Sept_4627d6.jpg,The Indian Express,1.3799817533425136e-06,52,115,403,35,180
319,Gnews,https://www.deccanchronicle.com/world/sri-lankas-new-president-appoints-cabinet-ahead-of-expected-snap-polls-1825664,Sri Lanka's new president appoints cabinet ahead of expected snap polls,Colombo: Sri Lanka's new leftist president appointed his cabinet Tuesday ahead of an expected snap parliamentary election as he prepares to renegotiate the bankrupt island nation's unpopular...,2024-09-24 10:26:00,https://www.deccanchronicle.com/h-upload/2024/09/24/1844939-untitleddesign-2024-09-24t155320732.webp,Deccan Chronicle,0.7287953992134911,13,44,157,28,71
320,Gnews,https://www.news18.com/sports/pm-narendra-modi-felicitates-history-making-indian-chess-olympiad-contingents-9063136.html,PM Narendra Modi Felicitates History-making Indian Chess Olympiad Contingent,The nation's Premier honoured the Indian chess wizards following their triumphant showing in the Hungarian capital city as they dished out a dominant performance to clinch the yellow metal.,2024-09-25 12:57:10,https://images.news18.com/ibnlive/uploads/2024/09/copy-of-sports-29-2024-09-f2b3409b6b3e493d37bdd501751c6127-16x9.jpg?impolicy=website&width=1200&height=675,News18,1.875768495132359e-09,8,36,141,10,48
321,Gnews,https://theprint.in/go-to-pakistan/bilawal-bhutto-just-gave-pakistanis-more-meme-material-on-him-and-this-time-he-knows-it/2283772/,"Bilawal Bhutto just gave Pakistanis more meme material on him. And this time, he knows it","From his Karachi floods reaction to the pronunciation of Toshakhana as ‘tocha khana’, the PPP leader never fails to entertain the nation, said a Pakistani.",2024-09-25 12:26:24,https://static.theprint.in/wp-content/uploads/2024/02/Untitled-design-108.jpg,ThePrint,0.971277081683333,30,39,219,36,111
322,Gnews,https://www.news18.com/sports/we-showed-india-is-already-a-superpower-d-gukesh-buoyed-after-iconic-olympiad-campaign-in-hungary-9063435.html,'We Showed India is Already a Superpower': D Gukesh Buoyed After Iconic Olympiad Campaign in Hungary,"The Chess Olympiad gold medal winners were honoured by PM Narendra Modi on Wednesday and D Gukesh, who starred in Budapest for the Indian contingent, marked it with a fine remark on the nation's strength.",2024-09-25 15:10:46,https://images.news18.com/ibnlive/uploads/2024/04/d-gukesh-chess-pti-2024-04-1477816d60049058d713a3ee884d25cb-16x9.jpg?impolicy=website&width=1200&height=675,News18,0.6718615713846136,12,16,87,13,46
336,Gnews,https://indianexpress.com/article/opinion/columns/one-nation-one-election-prioritises-neatness-over-negotiation-9590432/,"One nation, one election prioritises neatness over negotiation","It seems that there is a larger design to distort not just the election system, but the Constitution itself",2024-09-27 19:30:11,https://images.indianexpress.com/2024/09/vote.jpg,The Indian Express,1.516856110890242e-07,61,101,282,26,198
325,Gnews,https://www.news18.com/sports/probably-going-to-take-another-10-years-to-produce-a-grand-slam-champion-feels-indian-icon-leander-paes-9063524.html,"'Probably Going to Take Another 10 Years to Produce a Grand Slam Champion', Feels Indian Icon Leander Paes",Paes urged the tennis fraternity to nurture young talent in order to transform the nation into a sporting superpower capable of not only hosting the 2036 Olympics but also winning medals.,2024-09-25 18:38:18,https://images.news18.com/ibnlive/uploads/2024/07/leander-paes-wimbledon-afp-feature-2024-07-058cf456042f1a1e11cc3f4dc60cbc5f-16x9.png?impolicy=website&width=1200&height=675,News18,0.999940319178961,32,46,173,59,130
326,Gnews,https://www.firstpost.com/explainers/israel-ground-invasion-lebanon-hezbollah-war-13819166.html,Explained: What happens if Israel invades Lebanon,"Amid its barrage of airstrikes, Israel's top general said that it was preparing for a possible ground offensive in Lebanon against Hezbollah. Such a move, analysts believe, would be catastrophic, as it would lead to an all-out war between the Jewish nation and the militant group and its many allies, including Iran",2024-09-26 04:41:45,"https://images.firstpost.com/uploads/2024/09/israel1-2024-09-657b5d8d2685adb0d399d927f1566a79.jpg?im=FitAndFill=(1200,675)",Firstpost,8.334057832517234e-05,37,94,397,41,214
327,Gnews,https://www.news18.com/world/bangladeshs-yunus-reveals-who-masterminded-ex-pm-sheikh-hasinas-ouster-at-event-hosted-by-biden-clinton-9063535.html,"'Hasina's Ouster Planned': Muhammad Yunus Admits Plot Behind Bangladesh Upheaval, Names Mastermind","Nobel laureate and chief adviser to the interim Bangladesh government Muhammad Yunus this week accepted that there was ‘design and conspiracy’ involved in the ouster of Sheikh Hasina, the nation’s former prime minister.",2024-09-25 18:23:36,https://images.news18.com/ibnlive/uploads/2024/09/muhammad-yunus-bill-clinton-afp-2024-09-612f16d924470cb8f0364cfc36bf2414-16x9.jpg?impolicy=website&width=1200&height=675,News18,0.0006023826191380844,13,48,179,22,95
328,Gnews,https://indianexpress.com/article/cities/bangalore/pm-modi-dedicates-three-new-supercomputers-to-nation-9590237/,PM Modi dedicates three new supercomputers to nation,"The two HPC systems dedicated for climate sciences are worth `850 crore. Together, they have elevated the computing capacity available with the Ministry of Earth Sciences from 6.8 Peta Flop five years ago to a total of 22 Peta Flops, the highest ever by far.",2024-09-26 20:30:18,https://images.indianexpress.com/2024/09/Modi-in-Barmer-3col-1.jpg,The Indian Express,1.7667664079905932e-19,11,30,152,7,57
329,Gnews,https://www.news18.com/india/india-now-3rd-non-african-nation-with-complicated-mpox-strain-centre-asks-states-uts-to-boost-efforts-9064673.html,"India Now 3rd non-African Nation with ‘Complicated’ Mpox Strain; Centre Asks States, UTs to Boost Efforts","Samples from skin lesions of any patient with suspected symptoms of Mpox will be sent to the designated labs immediately, and for those that test positive a sample will be sent to Pune-based ICMR-National Institute of Virology for genome sequencing to determine the clade",2024-09-26 16:30:38,https://images.news18.com/ibnlive/uploads/2024/08/mpox-virus-gurugram-2024-08-efcccfa8645c6c9ea51abdff330a8a5a-16x9.jpg?impolicy=website&width=1200&height=675,News18,5.879033497863952e-21,22,51,192,9,95
330,Gnews,https://www.devdiscourse.com/article/business/3101155-ups-integral-role-in-indias-mission-2047-says-world-bank-vp,"UP's Integral Role in India's 'Mission 2047', Says World Bank VP","World Bank VP Martin Raiser emphasized Uttar Pradesh's potential to drive India's 'Mission 2047' to become a developed nation. In discussions with UP officials, Raiser highlighted the state's role in agriculture modernization, education reform, and economic growth. He also mentioned potential World Bank projects and expanded lending support for India.",2024-09-26 14:42:49,https://www.devdiscourse.com/remote.axd?https://devdiscourse.blob.core.windows.net/imagegallery/29_02_2020_19_19_03_7965895.jpg?width=920&format=jpeg,Devdiscourse,2.5029734731416455e-08,4,8,78,6,27
331,Gnews,https://www.devdiscourse.com/article/education/3100729-kenyas-tragic-school-fires-a-nation-in-mourning,Kenya's Tragic School Fires: A Nation in Mourning,"Thousands gathered to mourn 21 children who perished in a boarding school fire in Kenya. Coffins were adorned with flowers and photos. This tragedy is among many, highlighting ongoing issues of school fires often linked to harsh discipline. Previous task forces failed to resolve these dangers.",2024-09-26 10:35:42,https://www.devdiscourse.com/remote.axd?https://devdiscourse.blob.core.windows.net/imagegallery/11_03_2020_13_20_07_9483095.jpg?width=920&format=jpeg,Devdiscourse,0.8782092602325422,7,26,99,18,54
332,Gnews,https://www.indiatvnews.com/maharashtra/pm-modi-pune-visit-cancelled-due-to-heavy-rain-waterlogging-imd-weather-forecast-latest-updates-2024-09-26-954059,PM Narendra Modi's visit to Pune cancelled due to heavy rain | DETAILS,"The Prime Minister was scheduled to lay the foundation stone and dedicate to the nation various projects worth over Rs 20,900 crore.",2024-09-26 05:02:02,https://resize.indiatvnews.com/en/resize/newbucket/1200_-/2024/09/pm-modi-1727327304.jpg,India TV News,3.763487908799013e-58,13,21,183,4,56
333,Gnews,https://analyticsindiamag.com/ai-insights-analysis/ai-to-play-a-critical-role-in-fulfilling-viksit-bharat-2047-vision-says-screwvala/,"AI to Play a Critical Role in Fulfilling Viksit Bharat 2047 Vision, says Screwvala","India aspires to be a developed nation by 2047 with the country’s GDP growing from $3.4 trillion to $30 trillion by 2047. While speaking at Cypher 2024, Ronnie Screwvala co-founder upGrad & Swades Foundation, shared his thoughts on how AI can play an important role in achieving the Indian government’s Viksit Bharat @2047 vision.",2024-09-27 05:12:22,https://analyticsindiamag.com/wp-content/uploads/2024/09/DSC01907-scaled.jpg,Analytics India Magazine,0.979023857998955,35,55,190,46,142
334,Gnews,https://www.devdiscourse.com/article/business/3102018-indias-warehousing-demand-surges-amid-manufacturing-boom-and-govt-incentives,India’s Warehousing Demand Surges Amid Manufacturing Boom and Govt Incentives,"India's demand for warehousing in key sectors has risen from 15% in 2019 to 25% in 2024, driven by government policies and a global shift from China. Cities like Pune, Delhi-NCR, and Kolkata are major beneficiaries. This growth strengthens the nation's manufacturing sector, which employs over 27 million people.",2024-09-27 08:19:27,https://www.devdiscourse.com/remote.axd?https://devdiscourse.blob.core.windows.net/devnews/27_09_2024_13_49_15_0187315.jpg?width=920&format=jpeg,Devdiscourse,1.326458710332817e-40,8,38,146,3,48
335,Gnews,https://www.devdiscourse.com/article/business/3101947-indias-pharmaceutical-industry-emerges-as-key-economic-pillar,India's Pharmaceutical Industry Emerges as Key Economic Pillar,"The Indian pharmaceutical sector is playing a crucial role in the nation's economy, bolstered by initiatives like the Production-Linked Incentive scheme, as emphasized by Arunish Chawla, Secretary of the Department of Pharmaceuticals.",2024-09-27 07:38:13,https://www.devdiscourse.com/remote.axd?https://devdiscourse.blob.core.windows.net/devnews/27_09_2024_13_08_04_9970373.jpg?width=920&format=jpeg,Devdiscourse,0.00026947743174803544,9,32,85,10,46
337,Gnews,https://www.news18.com/india/will-ask-for-audit-of-all-temples-in-next-parliament-session-priyanka-chaturvedi-at-cnn-news18-townhall-9065737.html,Will Ask for Audit of All Temples in Next Parliament Session: Priyanka Chaturvedi at CNN-News18 Townhall,"The Shiv Sena (UBT) MP alleged that the BJP uses issues like 'freeing temples from state control', Uniform Civil Code, and 'one nation, one election' as red herrings to divert people’s attention",2024-09-27 15:18:39,https://images.news18.com/ibnlive/uploads/2024/09/priyanka-chaturvedi-2024-09-5f002b3a557c9747be275356146376bd-16x9.png?impolicy=website&width=1200&height=675,News18,0.0017685473739265695,11,18,161,17,68
338,Gnews,https://www.devdiscourse.com/article/law-order/3102518-sudans-struggle-a-nation-torn-apart-by-conflict,Sudan's Struggle: A Nation Torn Apart by Conflict,"The conflict between Sudan's army and the paramilitary Rapid Support Forces (RSF) in April 2023 has plunged the country into ethnic violence, famine, and internal displacement. The war has devastated infrastructure, escalated rivalries, and involved foreign states. Efforts for peace have so far failed.",2024-09-27 13:58:53,https://www.devdiscourse.com/remote.axd?https://devdiscourse.blob.core.windows.net/aiimagegallery/28_05_2024_11_55_04_5786116.png?width=920&format=jpeg,Devdiscourse,0.99999999914217,2,9,46,0,20
339,Gnews,https://www.firstpost.com/world/never-followed-india-out-agenda-says-maldives-president-muizzu-13819816.html,"Never followed 'India Out' agenda, says Maldives President Muizzu","Maldives President Mohamed Muizzu has denied having an ""India Out"" agenda, asserting that the island nation had a ""serious problem"" with the presence of foreign military on its soil",2024-09-27 13:45:25,"https://images.firstpost.com/uploads/2024/08/Maldives-president-Dec-2023-Reuters-2024-08-c2eebb5ed1ccc7fd5da68c9a6066262a.jpg?im=FitAndFill=(1200,675)",Firstpost,0.002970014605175416,9,26,132,16,59
340,Gnews,https://www.livemint.com/specials/at-japanese-museums-art-and-nature-merge-11727523879948.html,"At Japanese museums, art and nature merge","A tour of some of the nation’s elegant institutions, including the Enoura Observatory and the Chichu Art Museum, reveals an approach that is startlingly different from the monumental or encyclopedic ones that define many Western museums.",2024-09-27 18:30:00,https://www.livemint.com/lm-img/img/2024/09/28/1600x900/im-94327540_1727523884523_1727523924969.jpg,Livemint,0.014580063803029479,47,115,401,52,178
341,Gnews,https://scroll.in/article/1073155/this-book-asks-why-the-indianness-of-aligarh-muslim-university-jamia-millia-islamia-is-questioned,"This book asks why the Indianness of Aligarh Muslim University, Jamia Millia Islamia is questioned",‘Between Nation and Community’ cites primary and secondary sources and oral testimonies to understand what India thinks of the two universities.,2024-09-29 01:30:00,https://sc0.blr1.cdn.digitaloceanspaces.com/book/167242-lgziwtuzqx-1638886706.jpeg,Scroll.in,0.00037210177396096114,88,130,458,43,200
342,Gnews,https://indianexpress.com/article/books-and-literature/prakash-patra-rasheed-kidwai-nagarwala-financial-scam-indira-gandhi-government-9592917/,Prakash Patra and Rasheed Kidwai provide a thrilling account of the Nagarwala financial scam that shook Indira Gandhi’s government,"Explore the intricate details of the sensational Nagarwala scandal of 1971 in The Scam That Shook A Nation by Prakash Patra and Rasheed Kidwai. Uncover questions about political intrigue, financial impropriety, and a mystery that shook India's political landscape.",2024-09-29 00:00:37,https://images.indianexpress.com/2024/09/gandhi-eye-1.jpg,The Indian Express,6.193692195977952e-06,30,50,269,25,116
343,Gnews,https://www.devdiscourse.com/article/politics/3103911-austrias-election-a-nation-on-the-brink,Austria's Election: A Nation on the Brink,"Austria's upcoming election sees the far-right Freedom Party (FPO) in a tight contest with the ruling conservatives. Economic concerns and immigration dominate the debate, with the FPO's Herbert Kickl and Chancellor Karl Nehammer representing starkly different visions for Austria's future. Projections will be updated post 5 p.m. polling close.",2024-09-28 22:03:14,https://www.devdiscourse.com/remote.axd?https://devdiscourse.blob.core.windows.net/aiimagegallery/22_08_2024_14_20_48_0205614.png?width=920&format=jpeg,Devdiscourse,6.492911445711526e-13,7,14,105,7,44
344,Gnews,https://theprint.in/urduscope/in-1-nation-1-election-urdu-press-sees-quest-for-convenience-that-risks-silencing-local-voices/2287904/,"In ‘1 nation, 1 election’, Urdu press sees quest for convenience that risks silencing local voices","ThePrint’s round-up of how the Urdu media covered various news events through the week, and the editorial positions some of them took.",2024-09-28 06:28:50,https://static.theprint.in/wp-content/uploads/2024/09/Urduscope-27-09.jpg,ThePrint,1.1247586992130032e-08,39,93,402,35,215
345,Gnews,https://www.devdiscourse.com/article/law-order/3104524-impending-east-coast-and-gulf-port-strike-threatens-us-supply-chains,Impending East Coast and Gulf Port Strike Threatens U.S. Supply Chains,The International Longshoremen’s Association (ILA) announced a planned strike starting Tuesday at major U.S. East Coast and Gulf of Mexico ports. The strike aims to address wage issues that have persisted for 50 years. The potential walkout could disrupt supply chains crucial for the nation's economy.,2024-09-30 01:29:35,https://www.devdiscourse.com/remote.axd?https://devdiscourse.blob.core.windows.net/imagegallery/03_03_2020_19_04_52_2445844.jpg?width=920&format=jpeg,Devdiscourse,2.0446733661984315e-41,6,10,89,3,42
346,Gnews,https://indianexpress.com/article/news-today/california-governor-vetoes-bill-first-nation-ai-safety-measures-9595198/,California governor vetoes bill to create first-in-nation AI safety measures,"The bill would have established some of the first regulations on large-scale AI models in the nation and paved the way for AI safety regulations across the country, supporters said.",2024-09-30 01:13:51,https://images.indianexpress.com/2024/09/Untitled-design-2024-09-30T063543.329.jpg,The Indian Express,1.4483258089617393e-15,33,79,342,20,189
347,Gnews,https://www.firstpost.com/world/death-toll-passes-100-as-israel-continues-to-pound-lebanon-strikes-houthi-targets-in-yemen-13820445.html,"Death toll passes 100 as Israel continues to pound Lebanon, strikes Houthi targets in Yemen",The Jewish nation opened a new front for attack and launched a wave of airstrikes against Houthi targets in Yemen,2024-09-30 00:25:03,"https://images.firstpost.com/uploads/2024/09/Representative-Image-14-2024-09-92b9fa9232ad0139f846f17de197cccc.jpg?im=FitAndFill=(1200,675)",Firstpost,6.205836303863593e-08,12,28,176,14,82
348,Gnews,https://www.deccanchronicle.com/nation/govt-mulls-three-bills-to-implement-one-nation-one-election-plan-1826834,"Govt mulls three bills to implement 'one nation, one election' plan","New Delhi: The Central government is likely to bring three bills, including two to amend the Constitution, to put in place its plan to hold simultaneous elections. One of the proposed Constitution...",2024-09-29 10:26:00,https://www.deccanchronicle.com/h-upload/2024/09/29/1846514-untitleddesign3.webp,Deccan Chronicle,3.8560439575335044e-15,14,55,200,11,89
349,Gnews,https://www.devdiscourse.com/article/technology/3104092-india-takes-the-lead-in-ai-talent-and-skills-on-world-stage,India Takes the Lead in AI Talent and Skills on World Stage,"India emerges as a global leader in AI talent and skills, with Nasscom's new chairperson Sindhu Gangadharan emphasizing the nation's strengths. The focus is on mental well-being at workplaces, growth in India's Global Capability Centres, and the positive economic impact of AI. Despite concerns about job displacement, Gangadharan is optimistic about the future.",2024-09-29 08:59:00,https://www.devdiscourse.com/remote.axd?https://devdiscourse.blob.core.windows.net/imagegallery/29_02_2020_16_59_02_2201424.jpg?width=920&format=jpeg,Devdiscourse,3.1622437627895165e-20,4,26,103,4,33
350,Gnews,https://www.livemint.com/companies/ai-data-center-boom-spurs-race-to-find-power-11727586850047.html,AI data center boom spurs race to find power,"Across the nation, utilities are worried about expanding the overburdened power grid, citing high costs and concerns about commitment from data center projects.",2024-09-28 18:30:00,https://www.livemint.com/lm-img/img/2024/09/29/1600x900/im-16082829_1727586854465_1727608800160.jpg,Livemint,1.984455580445546e-13,37,104,444,26,211
351,Gnews,https://www.firstpost.com/sports/football-news/manolo-marquez-announces-india-probables-vietnam-tri-nation-friendly-tournament-13820789.html,Manolo Marquez announces 26 India probables for tri-nation friendly tournament in Vietnam,The Blue Tigers will face hosts Vietnam (9 October) and Lebanon (12 October) at the Thiên Trường Stadium in Nam Định. The final list of 23 players will be released before the team travels to Vietnam.,2024-09-30 16:12:29,"https://images.firstpost.com/uploads/2024/09/India-football-1200_Twitter-@IndianFootball-2024-09-c2d0c25542bb21a14ea38819cbc3225f-1200x675.jpg?im=FitAndFill=(1200,675)",Firstpost,0.9999999999787201,2,13,114,0,19
352,Gnews,https://sports.ndtv.com/football/manolo-marquez-names-26-probables-for-vietnam-tri-nation-friendly-tournament-6686398,Manolo Marquez Names 26 Probables For Vietnam Tri-Nation Friendly Tournament,The Indian senior men's team head coach Manolo Marquez on Monday announced a 26-member probables list for the Tri-Nation friendly tournament to be held in Vietnam.,2024-09-30 17:02:57,"https://c.ndtvimg.com/2024-09/0cm3me18_indian-football-team-x-indianfootball_625x300_30_September_24.jpg?im=FeatureCrop,algorithm=dnn,width=1200,height=738",NDTV Sports,1.0,1,6,94,0,15
353,Gnews,https://www.firstpost.com/explainers/israel-ground-invasion-southern-lebanon-west-asia-hezbollah-13820847.html,Israel begins ground incursion in southern Lebanon: What does it mean for the region?,"Israel said on Tuesday that its troops have crossed into southern Lebanon and begun ‘targeted’ ground raids against Hezbollah operatives in villages near the border. This action, the Jewish nation claims, will be limited in time and scope. However, it is a highly provocative, with many fearing a deadly repercussion from Iran and the Lebanon-based militant group",2024-10-01 04:47:34,"https://images.firstpost.com/uploads/2024/10/lebanon1-2024-10-dc2ee636f46fa1ddb340a28a9c114710.jpg?im=FitAndFill=(1200,675)",Firstpost,2.559023960980423e-07,38,106,480,44,240
354,Gnews,https://www.devdiscourse.com/article/politics/3106372-historic-dockworkers-strike-disrupts-major-us-ports-economy-at-risk,Historic Dockworkers Strike Disrupts Major U.S. Ports: Economy at Risk,"Dockworkers on the U.S. East and Gulf Coasts began their first major strike in nearly 50 years, affecting half of the nation's ocean shipping. The strike follows failed contract negotiations between the International Longshoremen's Association and the United States Maritime Alliance, potentially costing the economy billions and exacerbating inflation.",2024-10-01 06:49:35,https://www.devdiscourse.com/remote.axd?https://devdiscourse.blob.core.windows.net/devnews/15_08_2024_10_07_29_6611251.webp?width=920&format=jpeg,Devdiscourse,0.9999999999590705,4,9,67,0,19
355,Gnews,https://www.devdiscourse.com/article/politics/3106160-dockworkers-strike-paralyzes-us-east-and-gulf-coast-ports,Dockworkers Strike Paralyzes U.S. East and Gulf Coast Ports,"Dockworkers on the U.S. East Coast and Gulf Coast initiated a strike on Tuesday, ceasing half of the nation's ocean shipping. The strike resulted from failed labor negotiations concerning wages, disrupting crucial imports and exports akin to food and cars. This strike is expected to significantly impact the national economy.",2024-10-01 04:54:38,https://www.devdiscourse.com/remote.axd?https://devdiscourse.blob.core.windows.net/imagegallery/29_02_2020_16_57_55_697089.jpg?width=920&format=jpeg,Devdiscourse,0.9999999999729969,5,10,67,0,26
356,Gnews,https://www.devdiscourse.com/article/law-order/3106468-port-paralysis-east-and-gulf-coast-dockworkers-strike,Port Paralysis: East and Gulf Coast Dockworkers Strike,"Dockworkers on the U.S. East and Gulf Coast have initiated a large-scale strike, halting nearly half of the nation’s ocean shipping. The action results from a breakdown in labor contract negotiations concerning wages and port automation. This disruption is expected to cost the economy billions and exacerbate inflation.",2024-10-01 07:54:40,https://www.devdiscourse.com/remote.axd?https://devdiscourse.blob.core.windows.net/aiimagegallery/13_08_2024_19_29_40_4758988.png?width=920&format=jpeg,Devdiscourse,1.6593841619987124e-77,9,24,94,1,33
357,Gnews,https://www.devdiscourse.com/article/headlines/3106842-britain-marks-historic-milestone-closure-of-its-last-coal-plant,Britain Marks Historic Milestone: Closure of Its Last Coal Plant,"The closure of Britain's last coal plant is a significant step toward the country's climate goals, including net zero emissions by 2050. The Ratcliffe-on-Soar plant, operational since 1967, has ceased coal-power generation, making the UK the first G7 nation to do so. Renewable energy development plans are underway for the site.",2024-10-01 11:37:38,https://www.devdiscourse.com/remote.axd?https://devdiscourse.blob.core.windows.net/aiimagegallery/31_05_2024_11_54_59_5414491.png?width=920&format=jpeg,Devdiscourse,1.616292556231197e-06,2,12,62,5,27
358,Gnews,https://www.devdiscourse.com/article/law-order/3106749-massive-strike-stalls-us-ocean-shipping-threatens-economic-stability,"Massive Strike Stalls U.S. Ocean Shipping, Threatens Economic Stability","Dockworkers on the U.S. East and Gulf Coasts initiated their first major strike in nearly 50 years, disrupting half of the nation's ocean shipping. The strike, which began after failed labor negotiations over wages, could cost billions a day, threaten jobs, and escalate inflation, affecting 36 ports from Maine to Texas.",2024-10-01 10:56:36,https://www.devdiscourse.com/remote.axd?https://devdiscourse.blob.core.windows.net/aiimagegallery/21_08_2024_14_48_20_2248893.png?width=920&format=jpeg,Devdiscourse,8.842968824211101e-07,32,71,336,31,159
359,Gnews,https://www.firstpost.com/explainers/fadi-nour-qader-iran-made-missiles-hezbollah-israel-13821032.html,How is Hezbollah responding to Israel? With these ‘Iran-made’ missiles,"For the past few days, Israel has been bombarding Lebanon with airstrikes, taking aim at Hezbollah targets. In turn, the militant group has responded with strikes of its own, using many of the missiles in its vast arsenal. On Tuesday, as the Jewish nation launched a limited ground operation, the Lebanese group launched a salvo of Fadi rockets",2024-10-01 13:55:38,"https://images.firstpost.com/uploads/2024/10/missile1-2024-10-2c351da67bf8ce0bedf8a4fc0f14038f.jpg?im=FitAndFill=(1200,675)",Firstpost,6.254098534145572e-10,26,87,392,27,142
360,Gnews,https://www.devdiscourse.com/article/law-order/3107044-historic-strike-halts-half-of-us-ocean-shipping,Historic Strike Halts Half of U.S. Ocean Shipping,"Dockworkers on the U.S. East Coast and Gulf Coast began their first major strike in nearly 50 years, disrupting half of the nation's ocean shipping. The strike follows failed labor negotiations over wages with the United States Maritime Alliance. Analysts warn it could cost billions daily and stoke inflation.",2024-10-01 13:09:31,https://www.devdiscourse.com/remote.axd?https://devdiscourse.blob.core.windows.net/aiimagegallery/16_08_2024_12_31_21_6897197.png?width=920&format=jpeg,Devdiscourse,4.4590723529322195e-17,8,15,67,3,23
361,Gnews,https://www.devdiscourse.com/article/headlines/3107438-historic-us-dockworkers-strike-halts-ocean-shipping,Historic U.S. Dockworkers' Strike Halts Ocean Shipping,"Dockworkers on the U.S. East Coast and Gulf Coast initiated their first large-scale strike in nearly 50 years, disrupting about half the nation's ocean shipping. The strike, triggered by failed labor contract negotiations, is expected to have significant economic repercussions, potentially costing the economy billions daily.",2024-10-01 16:48:35,https://www.devdiscourse.com/remote.axd?https://devdiscourse.blob.core.windows.net/aiimagegallery/17_08_2024_14_34_37_9552564.png?width=920&format=jpeg,Devdiscourse,5.191480299313864e-24,4,13,63,2,15
362,Gnews,https://www.devdiscourse.com/article/headlines/3107282-seismic-strike-dockworkers-halt-us-ports-amid-contract-dispute,Seismic Strike: Dockworkers Halt U.S. Ports Amid Contract Dispute,"U.S. East Coast and Gulf Coast dockworkers commenced a large-scale strike, their first in nearly 50 years, halting about half of the nation's ocean shipping. The strike stems from failed wage negotiations with the United States Maritime Alliance. The disruption threatens the economy, jobs, and potentially increases inflation.",2024-10-01 15:18:55,https://www.devdiscourse.com/remote.axd?https://devdiscourse.blob.core.windows.net/imagegallery/27_06_2019_15_04_07_0802794.jpg?width=920&format=jpeg,Devdiscourse,8.067142817995231e-39,4,15,55,1,17
363,Gnews,https://www.ndtv.com/offbeat/happy-gandhi-jayanti-2024-top-wishes-quotes-whatsapp-messages-to-share-6697116,"Happy Gandhi Jayanti 2024: Top Wishes, Quotes, WhatsApp Messages To Share",Gandhi Jayanti Wishes: The birth anniversary of India's Father of the Nation is celebrated every year on October 2 with much enthusiasm and reverence.,2024-10-02 02:33:43,"https://c.ndtvimg.com/2024-09/0ekaeong_mahatma-gandhi_625x300_28_September_24.jpeg?im=FeatureCrop,algorithm=dnn,width=1200,height=738",NDTV News,0.9766117858136438,5,23,124,22,51
364,Gnews,https://www.devdiscourse.com/article/politics/3107718-moldovas-dual-citizenship-drama-sandu-vs-stoianoglo,Moldova's Dual Citizenship Drama: Sandu vs. Stoianoglo,"Moldova's presidential election sees opposition candidate Alexandr Stoianoglo criticized for holding Romanian citizenship. This issue has been leveraged against incumbent President Maia Sandu, who also holds dual citizenship. The debate underscores the ongoing clash between pro-European and pro-Russian sentiments in Moldova, a nation still defining its identity post-independence.",2024-10-01 23:38:32,https://www.devdiscourse.com/remote.axd?https://devdiscourse.blob.core.windows.net/aiimagegallery/01_08_2024_15_23_41_7184996.png?width=920&format=jpeg,Devdiscourse,1.3919619539392921e-11,3,17,64,4,25
365,Gnews,https://www.devdiscourse.com/article/politics/3107654-historic-strike-halts-us-east-and-gulf-coast-shipping,Historic Strike Halts U.S. East and Gulf Coast Shipping,"Dockworkers initiated the first major strike in nearly 50 years along the U.S. East and Gulf Coasts, disrupting half of the nation's ocean shipping. The strike, primarily over wage disputes and port automation, could cost the economy billions daily and stoke inflation. Federal officials urge negotiation.",2024-10-01 20:22:08,https://www.devdiscourse.com/remote.axd?https://devdiscourse.blob.core.windows.net/aiimagegallery/20_08_2024_09_57_27_2232965.png?width=920&format=jpeg,Devdiscourse,2.1432957993734817e-51,2,15,64,1,18
366,Gnews,https://www.devdiscourse.com/article/headlines/3107632-us-dockworkers-strike-threatens-european-automakers-industry-experts-warn,"U.S. Dockworkers Strike Threatens European Automakers, Industry Experts Warn",The dockworkers strike at U.S. East Coast and Gulf Coast ports could severely impact European automakers due to their reliance on these ports. The stoppage has halted about half the nation's ocean shipping and could lead to increased costs and production delays. Industry officials are calling for White House intervention.,2024-10-01 19:37:06,https://www.devdiscourse.com/remote.axd?https://devdiscourse.blob.core.windows.net/imagegallery/27_06_2019_18_00_09_3968771.jpg?width=920&format=jpeg,Devdiscourse,0.9997788624894247,1,14,56,0,17
367,Gnews,https://www.devdiscourse.com/article/law-order/3107874-mozambiques-pivotal-presidential-elections-key-challenges-ahead,Mozambique's Pivotal Presidential Elections: Key Challenges Ahead,"Mozambique heads to presidential and legislative elections next week, with the ruling Frelimo party expected to maintain power. Major issues include an ongoing Islamist insurgency, stalled gas projects, a billion-dollar debt scandal, climate shocks, and efforts towards national peace. Over 34 million citizens will vote in a critical juncture for the nation.",2024-10-02 05:42:21,https://www.devdiscourse.com/remote.axd?https://devdiscourse.blob.core.windows.net/aiimagegallery/25_05_2024_08_29_06_5460766.png?width=920&format=jpeg,Devdiscourse,7.0812427240775735e-19,2,10,44,2,17
368,Gnews,https://www.firstpost.com/explainers/how-tensions-between-iran-and-israel-have-escalated-since-october-7-attack-13821269.html,How tensions between Iran and Israel have escalated since October 7 attack,"Tensions between Israel and Iran have intensified as Tehran launched over 180 missiles towards the Jewish nation. As hostilities increase, here is a timeline of key events that led to this moment",2024-10-02 05:06:14,"https://images.firstpost.com/uploads/2024/10/Untitled-design-18-2024-10-39d2480b5b8d139a5b9c81b91ebbf1f3.jpg?im=FitAndFill=(1200,675)",Firstpost,2.6446011262374548e-15,19,67,370,20,142
369,Gnews,https://www.firstpost.com/explainers/israel-vs-iran-military-strength-explained-13821424.html,In Graphics and Video: Israel vs Iran military strength explained,"Iran launched 180 ballistic missiles at Israel. The Jewish nation intercepted several using its sophisticated air defence systems. Amid fears of a full-blown war, we take a look at the military strength of the two nations",2024-10-02 10:10:31,"https://images.firstpost.com/uploads/2024/10/Israel-vs-Iran_1-1-2024-10-61b9e1b5374c7d30eb2aa75ec4dac40f.jpg?im=FitAndFill=(1200,675)",Firstpost,0.00020400240896361731,6,21,96,8,46
370,Gnews,https://indianexpress.com/article/opinion/columns/in-trump-vance-narrative-cats-dogs-and-revival-of-nativist-american-nationhood-9600741/,"In Trump-Vance narrative, cats, dogs and revival of nativist American nationhood","According to Trump, ‘Making America Great Again’ (MAGA) desperately requires mass deportation of unworthy and unwanted aliens, who weaken the nation. This discourse invokes a long tradition in American history, which thrives on claiming that some immigrant groups are unfit to be Americans",2024-10-02 22:30:45,https://images.indianexpress.com/2024/10/oped-illustration.jpg,The Indian Express,2.872979305133346e-06,67,113,383,32,171
371,Gnews,https://indianexpress.com/article/cities/lucknow/focus-on-trans-ganga-city-project-at-upsida-event-9600893/,Focus on Trans Ganga City project at UPSIDA event,"The event was inaugurated with a ceremonial lamp lighting, followed by tributes to the Father of the Nation, Mahatma Gandhi, and former Prime Minister Lal Bahadur Shastri on their birth anniversaries. UPSIDA CEO Mayur Maheshwari was the chief guest.",2024-10-02 22:17:42,https://images.indianexpress.com/2024/10/IE-79_567343.jpeg,The Indian Express,1.1977890851430458e-29,1,19,99,3,24
372,Gnews,https://www.devdiscourse.com/article/entertainment/3108521-kangana-ranaut-sparks-controversy-with-comments-on-gandhi-and-shastri,Kangana Ranaut Sparks Controversy with Comments on Gandhi and Shastri,"Actor-politician Kangana Ranaut has ignited controversy with a social media post about Mahatma Gandhi and former prime minister Lal Bahadur Shastri. Her homage to Shastri appeared to downplay Gandhi's role as Father of the Nation, drawing criticism from Congress leaders and BJP members alike, including Supriya Shrinate and Manoranjan Kalia.",2024-10-02 16:15:32,https://www.devdiscourse.com/remote.axd?https://devdiscourse.blob.core.windows.net/devnews/25_09_2024_12_47_03_1729819.jpg?width=920&format=jpeg,Devdiscourse,0.07908551514761424,12,23,160,19,62
373,Gnews,https://www.devdiscourse.com/article/law-order/3108464-bosnia-raises-security-alert-amid-middle-east-conflict-concerns,Bosnia Raises Security Alert Amid Middle East Conflict Concerns,"Bosnia heightened security around weapons storage due to fears that Middle East and Ukraine conflicts could destabilize the Balkan nation. Defence Minister Zukan Helez announced increased measures to protect facilities and personnel. Despite recent bomb threats, Helez assured the public of security stability.",2024-10-02 15:11:02,https://www.devdiscourse.com/remote.axd?https://devdiscourse.blob.core.windows.net/imagegallery/03_03_2020_19_05_15_9474824.jpg?width=920&format=jpeg,Devdiscourse,1.3132193085086864e-06,5,14,100,9,37
374,Gnews,https://www.ndtv.com/india-news/love-jihad-big-threat-to-nations-unity-says-up-court-sentences-man-6699686,"""Love Jihad"" Big Threat To Nation's Unity, Says UP Court, Sentences Man","The objective of ""love jihad"" is to establish dominance by certain anti-social elements of a particular religion against India through demographic warfare and international conspiracy, a local court here has observed.",2024-10-02 09:55:42,"https://c.ndtvimg.com/court-generic_625x300_1527245477936.jpg?im=FeatureCrop,algorithm=dnn,width=1200,height=738",NDTV News,4.913814302634969e-10,8,26,123,9,61
375,Gnews,https://indianexpress.com/article/india/kangana-ranaut-mahatma-gandhi-birth-anniversary-comments-9601061/,Kangana Ranaut sparks row with post downplaying Mahatma Gandhi’s role on his birth anniversary,"The actor, who previously faced backlash for her comments on the farmers' protests, paid homage to Shastri on his 120th birth anniversary through a post that appeared to downplay Gandhi's stature as the Father of the Nation.",2024-10-03 03:44:55,https://images.indianexpress.com/2024/10/Kanagana.jpg,The Indian Express,0.0003733253046491267,14,31,184,18,74
376,Gnews,https://www.indiatvnews.com/news/world/uk-agrees-to-hand-over-sovereignty-of-chagos-islands-to-mauritius-what-is-its-significance-india-support-updates-2024-10-03-955304,UK agrees to hand over sovereignty of Chagos Islands to Mauritius | What is its significance?,"The Chagos Archipelago consists of approximately 58 small, flat islands located in the central Indian Ocean. India had earlier reaffirmed support to Mauritius over on the issue of the Chagos Archipelago, which was widely appreciated by the island nation.",2024-10-03 10:49:17,https://resize.indiatvnews.com/en/resize/newbucket/1200_-/2024/10/chagos-island-dispute-1727952647.jpg,India TV News,7.874884705443994e-11,21,70,258,13,87
377,Gnews,https://in.mashable.com/culture/83171/kangana-ranauts-controversial-remark-over-father-of-the-nation-on-gandhi-jayanti-triggers-the-intern,Kangana Ranaut’s Controversial Remark Over Father Of The Nation On Gandhi Jayanti Triggers The Internet,"“Desh ke pita nahi, Desh ke toh lal hote hain.” - Kangana",2024-10-03 07:02:46,https://sm.mashable.com/mashable_in/seo/7/79949/79949_6814.jpg,Mashable India,0.0010071397562573426,18,24,156,15,46
378,Gnews,https://www.devdiscourse.com/article/politics/3110028-moldovas-pivotal-election-a-tug-of-war-between-east-and-west,Moldova's Pivotal Election: A Tug-of-War between East and West,"As Moldova approaches a crucial presidential election and EU referendum, the nation is caught between Western influences and Kremlin-backed tactics aiming to keep it within Russia's sphere. This contest will prove decisive for Moldova's future direction, with potential implications for regional stability amidst ongoing tensions in nearby countries.",2024-10-04 01:00:26,https://www.devdiscourse.com/remote.axd?https://devdiscourse.blob.core.windows.net/aiimagegallery/20_06_2024_21_42_19_12241.png?width=920&format=jpeg,Devdiscourse,3.379040340043817e-10,3,16,50,3,16
379,Gnews,https://indianexpress.com/article/opinion/columns/pratap-bhanu-mehta-writes-why-the-arguments-for-and-against-one-nation-one-election-are-flawed-9602525/,Pratap Bhanu Mehta writes: Why the arguments for and against One Nation One Election are flawed,"It is neither a panacea for all that ails Indian politics and governance, nor an apocalypse. Democracy requires a broader imagination.",2024-10-03 19:22:14,https://images.indianexpress.com/2024/10/one-nation-one-election.jpg,The Indian Express,0.029768364442393773,83,131,252,55,204
380,Gnews,https://www.firstpost.com/entertainment/manvat-murders-web-series-review-ashutosh-gowariker-and-sai-tamhankars-brutal-show-on-the-real-life-killings-isnt-for-the-faint-hearted-13821866.html,'Manvat Murders' web-series review: Ashutosh Gowariker and Sai Tamhankar's brutal show on the real-life killings isn't for the faint-hearted,"Unveiling one of the most chilling historical events that gripped the nation, Manvat Murders is a captivating series brought to life by creator Girish Joshi and director Ashish Bende",2024-10-03 18:31:18,"https://images.firstpost.com/uploads/2024/10/mm-1-2024-10-74c1e4cb8e056c3282d1e0b77196b94b.jpg?im=FitAndFill=(1200,675)",Firstpost,2.5844154144287946e-09,17,34,164,12,78
381,Gnews,https://www.news18.com/football/grassroots-are-where-we-can-start-dreaming-for-our-national-team-bhaichung-bhutia-urges-stakeholders-to-invest-in-youth-development-9072663.html,'Grassroots are Where We Can Start Dreaming for Our National Team': Bhaichung Bhutia Urges Stakeholders to Invest in Youth Development,Bhutia called for the stakeholders in the Indian football ecosystem to invest in the grassroots as the nation requires a stable setup at the youth level in order to make a dent at the top level of football.,2024-10-03 15:52:17,https://images.news18.com/ibnlive/uploads/2024/10/copy-of-sports-39-2024-10-43c8fb52eec30f48e37052c362b7e942-16x9.jpg?impolicy=website&width=1200&height=675,News18,0.6551226076235251,18,33,111,21,69
382,Gnews,https://www.indiatvnews.com/news/world/india-welcomes-agreement-between-mauritius-uk-over-sovereignty-of-chago-archipelago-new-delhi-role-updates-2024-10-03-955350,"India welcomes agreement between Mauritius, UK over sovereignty of Chago Archipelago | How it played a role?","The Chagos Archipelago consists of approximately 58 small, flat islands located in the central Indian Ocean. India had earlier reaffirmed support to Mauritius over on the issue of the Chagos Archipelago, which was widely appreciated by the island nation.",2024-10-03 15:14:50,https://resize.indiatvnews.com/en/resize/newbucket/1200_-/2024/10/chagos-1727968695.jpg,India TV News,2.1565723505135497e-08,27,66,252,16,92
383,Gnews,https://www.devdiscourse.com/article/health/3109356-deadly-marburg-virus-strikes-rwanda-a-health-crisis-emerges,Deadly Marburg Virus Strikes Rwanda: A Health Crisis Emerges,"A Marburg virus outbreak has claimed 11 lives in Rwanda, with 36 confirmed cases, prompting urgent health measures. The disease, similar to Ebola, poses a significant threat as investigations continue to trace its origin. Isolation of patients is crucial to contain the virus's spread in the East African nation.",2024-10-03 11:39:26,https://www.devdiscourse.com/remote.axd?https://devdiscourse.blob.core.windows.net/imagegallery/27_06_2019_18_23_10_1033124.jpg?width=920&format=jpeg,Devdiscourse,0.9947461602300739,3,14,53,0,16
384,Gnews,https://www.indiatvnews.com/news/world/maldives-president-mohamed-muizzu-to-visit-india-on-october-7-pm-narendra-modi-strained-ties-china-derogatory-remarks-updates-2024-10-04-955430,Maldives President Mohamed Muizzu to visit India on October 7: Reports,"Earlier, Muizzu denied pursuing an 'India Out' agenda, saying that he never had any problem against any one country. Relations between India and the Maldives came under great strain after Muizzu took power and demanded the withdrawal of Indian military personnel in the island nation.",2024-10-04 06:19:21,https://resize.indiatvnews.com/en/resize/newbucket/1200_-/2024/10/muizzu-modi-1728022815.jpg,India TV News,0.004366853648899372,12,51,249,29,103
385,Gnews,https://www.firstpost.com/explainers/iran-israel-tensions-oil-prices-impact-13821931.html,Why are Iran-Israel tensions driving up oil prices? How could this impact you?,"The escalating tensions between Iran and Israel are driving up the prices of oil. On Thursday, it saw a 5 per cent jump after US President Joe Biden said they were ‘discussing’ America’s support to the Jewish nation on striking Iranian oil facilities. This would have impact the common man around the world, as it would result in a surge in costs of everyday items such as gas, petrol, food and more",2024-10-04 04:51:40,"https://images.firstpost.com/uploads/2024/10/oil1-2024-10-0ea7396bc4fe4806dde73aabf24f891f.jpg?im=FitAndFill=(1200,675)",Firstpost,4.99517433133389e-13,54,108,449,26,203
386,Gnews,https://www.devdiscourse.com/article/law-order/3110283-billionaire-charged-in-high-profile-singapore-graft-case,Billionaire Charged in High-Profile Singapore Graft Case,"Singapore billionaire Ong Beng Seng was charged with obstructing justice and abetting a disgraced ex-transport minister, S. Iswaran, who was jailed for receiving high-value gifts. The case highlights graft concerns in Singapore, a nation known for clean governance. Ong's business, Hotel Properties Ltd, has paused trading amid the legal proceedings.",2024-10-04 07:19:09,https://www.devdiscourse.com/remote.axd?https://devdiscourse.blob.core.windows.net/aiimagegallery/19_07_2024_16_42_17_0751941.png?width=920&format=jpeg,Devdiscourse,1.417965618309001e-05,5,13,64,6,23
387,Gnews,https://www.firstpost.com/explainers/israel-hashem-safieddine-hassan-nasrallah-hezbollah-leadership-alive-13822012.html,"After Hassan Nasrallah, Israel targets Hashem Safieddine: Who’s left of the Hezbollah leadership?","After taking out Hezbollah chief Hassan Nasrallah, Israel is now targeting its new leader, Hashem Safieddine. The Jewish nation carried out intense airstrikes in Beirut, aiming at the underground bunker where Safieddine was present. This is part of its continuous action to eliminate the Lebanese-based militant group. How far has it succeeded?",2024-10-04 08:01:36,"https://images.firstpost.com/uploads/2024/10/hez1-2024-10-c566d90a32a1283ac188f7d0d849fbed.jpg?im=FitAndFill=(1200,675)",Firstpost,0.0004816052605271407,56,114,517,56,231
388,Gnews,https://theprint.in/opinion/indian-muslim-leaders-must-drop-hezbollah-solidarity-put-country-before-muslimness/2296208/,Hezbollah support in India must stop. Muslims must put nation first,Indian Muslim leaders showing solidarity with Hezbollah and mourning Hassan Nasrallah is wrong. It's time to put India before Muslimness.,2024-10-04 07:46:48,https://static.theprint.in/wp-content/uploads/2024/10/nasrallah-meeting-delhi2.jpg,ThePrint,0.0019387233788889333,62,102,334,42,169
389,Gnews,https://www.devdiscourse.com/article/headlines/3111257-pm-modi-engages-with-ips-trainees-focuses-on-modern-policing-and-cybercrime,PM Modi Engages with IPS Trainees: Focuses on Modern Policing and Cybercrime,"Prime Minister Narendra Modi engaged with the IPS probationers, emphasizing the evolution of policing and the urgent need to combat cybercrime. He encouraged quality policing and nation-building, while highlighting the importance of raising awareness on cybercrime challenges.",2024-10-04 16:56:55,https://www.devdiscourse.com/remote.axd?https://devdiscourse.blob.core.windows.net/devnews/04_10_2024_22_26_49_3561722.jpg?width=920&format=jpeg,Devdiscourse,1.2847671530080064e-08,2,12,68,5,20
390,Gnews,https://www.ndtv.com/india-news/returning-home-50-indian-fishermen-arrested-by-sri-lankan-navy-released-6716155,"""Returning Home"": 50 Indian Fishermen Arrested By Sri Lankan Navy Released","Sri Lanka on Friday released 50 Indian fishermen arrested by its Navy for allegedly poaching in the island nation's waters, the Indian mission here said.",2024-10-04 13:03:29,"https://c.ndtvimg.com/ip1hsfag_fishermen-generic-pixabay-650_625x300_01_August_18.jpg?im=FeatureCrop,algorithm=dnn,width=1200,height=738",NDTV News,2.7092267794527795e-53,9,15,86,2,38
391,Gnews,https://www.news18.com/elections/olympic-medalist-shooter-manu-bhaker-haryana-2024-election-first-time-cast-vote-latest-updates-9074226.html,‘Small Steps Lead To Big Goals’: Shooter Manu Bhaker Shares Excitement As She Votes For First Time In Haryana,An upbeat Manu Bhaker reached a polling station in Haryana's Jhajjar early on Saturday (October 5) morning to cast her vote for the first time during the ongoing assembly elections in the state. The 22-year-old Olympic medalist and Indian shooter shared her excitement and said it was the responsibility of the nation's youth to contribute towards development.,2024-10-05 02:45:05,https://images.news18.com/ibnlive/uploads/2024/10/befunky-collage-63-2024-10-5b43d61a67f0348844b62bfe0e15e47f-16x9.jpg?impolicy=website&width=1200&height=675,News18,0.825934247841119,7,23,106,16,42
392,Gnews,https://www.firstpost.com/world/ireland-rejects-tel-avivs-request-to-withdraw-peacekeeping-troops-from-israel-lebanon-border-13822304.html,Ireland rejects Tel Aviv's request to withdraw peacekeeping troops from Israel-Lebanon border,"Ireland rejected Israel's request to remove peacekeeping troops from the Jewish nation's border with Lebanon, fearing that the IDF might be planning a border invasion",2024-10-05 03:31:13,"https://images.firstpost.com/uploads/2024/10/thumbs_b_c_30bc88d7db4257e5753ec43cd0fc07cd-2024-10-a67643921e08578754698c07be99d8bb.jpg?im=FitAndFill=(1200,675)",Firstpost,2.172149281583388e-19,6,32,124,7,69
393,Gnews,https://www.devdiscourse.com/article/business/3111196-andrew-whitfield-highlights-sas-growth-in-delivering-complex-services-to-uk-firms,Andrew Whitfield Highlights SA's Growth in Delivering Complex Services to UK Firms,"During a keynote address at the South Africa-UK GBS roundtable in London, Whitfield emphasized the nation’s role as a leading outsourcing hub for high-value services.",2024-10-04 17:14:52,https://www.devdiscourse.com/remote.axd?https://devdiscourse.blob.core.windows.net/devnews/10_02_2021_17_20_48_0735965.jpg?width=920&format=jpeg,Devdiscourse,1.2836181830640314e-12,10,55,194,11,64
395,Gnews,https://www.firstpost.com/world/united-states/presidents-of-the-united-states-franklin-d-roosevelt-a-world-war-ii-leader-and-the-new-deal-president-13822418.html,"Presidents of the United States: Franklin D Roosevelt, a World War II leader and the ‘New Deal’ president",Franklin D Roosevelt is the only American president to serve four terms. He rallied the nation during its darkest times — first during the Great Depression and then through World War II,2024-10-05 15:30:49,"https://images.firstpost.com/uploads/2024/10/Untitled-design-2024-10-05T180003.413-2024-10-a02ae8f529eb8d20ce9986c298c9c7f0.jpg?im=FitAndFill=(1200,675)",Firstpost,0.00023583452208281088,41,140,562,60,185
396,Gnews,https://www.firstpost.com/opinion/why-muizzu-shifts-foreign-minister-regulates-tourism-dollar-flow-before-india-visit-13822455.html,"Why Muizzu shifts foreign minister, regulates ‘tourism dollar’ flow before India visit","Indications are that the Maldivian side, which comprises a huge official delegation and also a separate business team, is now counting on New Delhi to help ease the fiscal pressure on the island nation",2024-10-05 15:00:41,"https://images.firstpost.com/uploads/2024/08/Untitled-design-2024-08-28T111338.251-2024-08-3c67470b8441279613697590da7c19e1.jpg?im=FitAndFill=(1200,675)",Firstpost,1.7216376368491504e-06,96,233,811,67,350
397,Gnews,https://www.firstpost.com/explainers/this-week-in-explainers-how-the-past-8-days-have-veered-west-asia-to-a-dangerous-turn-13822454.html,This Week in Explainers: How the past 8 days have veered West Asia to a dangerous turn,West Asia is on the brink of an all-out war after Israel killed Hezbollah chief Hassan Nasrallah in Lebanon. Iran has warned of more attacks after it launched 180 missiles at the Jewish nation. We tell you about everything that’s going on in the region and beyond,2024-10-06 03:54:22,"https://images.firstpost.com/uploads/2024/10/lebanon-lead-2024-10-0bdd7afcb440b8b2d52986cd722d16cf.jpg?im=FitAndFill=(1200,675)",Firstpost,0.014288621811079712,33,63,379,47,173
398,Gnews,https://www.theweek.in/news/world/2024/10/06/maldives-president-muizzu-arrives-today-for-state-visit-eyes-bailout-package-to-salvage-the-sinking-nation.html,Maldives president Muizzu arrives today for state visit; eyes bailout package to salvage sinking nation,"Nearly a year since he took over as the President of the Maldives, Mohamed Muizzu will arrive in India on Sunday for a five-day state visit.",2024-10-05 18:30:00,https://www.theweek.in/content/dam/week/week/news/india/images/2024/10/4/maldives-india-modi-muizzu.jpg,THE WEEK,6.94358821707673e-09,18,49,217,16,91
399,Gnews,https://www.deccanchronicle.com/nation/hindu-society-must-unite-for-its-security-mohan-bhagwat-1828501,Bhagwat Urges Hindu Society to Unite for Security,"India a Hindu nation, asserts RSS chief",2024-10-06 15:40:00,https://www.deccanchronicle.com/h-upload/2024/10/06/1848950-rsschiefmohanbhagwat.webp,Deccan Chronicle,0.024636262957822327,12,24,123,15,55
400,Gnews,https://www.firstpost.com/explainers/how-hamas-carried-out-its-deadliest-attack-on-israel-on-october-7-last-year-13822729.html,How Hamas carried out its deadliest attack on Israel on October 7 last year,"A year ago, Hamas carried out an audacious attack on Israel. This led to PM Netanyahu to declare Israel to be at war, with the Jewish nation bombing the Gaza Strip to ruins. Here is a detailed look at the events that unfolded on the fateful October 7",2024-10-07 06:37:07,"https://images.firstpost.com/uploads/2024/10/Hamas-4-2024-10-e4d22fd0b431860287617bae5b991d73.jpg?im=FitAndFill=(1200,675)",Firstpost,6.859822433099474e-18,27,66,343,19,170
401,Gnews,https://www.devdiscourse.com/article/sports-games/3112909-indian-football-team-optimistic-ahead-of-vietnam-friendly-despite-challenges,Indian Football Team Optimistic Ahead of Vietnam Friendly Despite Challenges,"India's national men's football team, led by coach Manolo Marquez, is in promising form ahead of a friendly match against Vietnam on October 12. Originally slated as part of a tri-nation tournament, structural changes now allow India additional preparation time, providing optimism despite logistical challenges.",2024-10-07 04:38:54,https://www.devdiscourse.com/remote.axd?https://devdiscourse.blob.core.windows.net/devnews/07_10_2024_10_08_50_935021.jpg?width=920&format=jpeg,Devdiscourse,8.907660120374807e-09,5,20,60,4,24
402,Gnews,https://www.deccanchronicle.com/southern-states/andhra-pradesh/malabar-2024-four-nation-naval-drill-starting-today-1828753,Malabar 2024: Four-Nation Naval Drill Starting Today,"Visakhapatnam: The naval maritime exercise, Malabar 2024, will begin with harbour exercises here from Tuesday. A senior naval official said ships from the US, Japan and Australia would start arriving...",2024-10-07 17:57:00,https://www.deccanchronicle.com/h-upload/2024/10/07/1849337-gzrbgwnbsaaarkj.webp,Deccan Chronicle,7.625706199445372e-48,2,21,91,1,32
403,Gnews,https://www.devdiscourse.com/article/health/3113693-india-pushes-for-global-guidelines-on-probiotics-at-codex-committee,India Pushes for Global Guidelines on Probiotics at Codex Committee,"India played a key role in advocating for updated international guidelines on probiotics at the 44th session of the CCNFSDU in Germany. The nation emphasized revising two-decade-old FAO/WHO documents and addressed nutrient reference values for young children, earning support from several countries.",2024-10-07 15:09:43,https://www.devdiscourse.com/remote.axd?https://devdiscourse.blob.core.windows.net/aiimagegallery/12_07_2024_10_34_56_7629668.png?width=920&format=jpeg,Devdiscourse,4.5680240860929025e-12,1,17,67,4,20
404,Gnews,https://www.news18.com/world/pm-modi-to-visit-maldives-on-president-muizzus-invitation-mea-9076917.html,"PM Modi Accepts Muizzu’s Invite To Maldives As India Signs Deals To Launch Rupay, Boost Island Nation’s Infra",The external affairs ministry on Monday said Prime Minister Narendra Modi accepted Maldives' President Mohamed Muizzu’s invitation to visit Maldives. Muizzu is on a visit to New Delhi.,2024-10-07 11:53:48,https://images.news18.com/ibnlive/uploads/2024/10/modi-meets-muizzu-2024-10-359f008deeaec8dbbcfb33021577df01-16x9.jpg?impolicy=website&width=1200&height=675,News18,9.287500189304176e-09,12,46,203,15,64
405,Gnews,https://www.firstpost.com/world/north-korea-to-adopt-new-constitution-designate-south-korea-as-hostile-nation-13823273.html,"North Korea to adopt new constitution, designate South as 'hostile' nation","The Supreme People’s Assembly, North Korea’s rubber-stamp parliament is expected to soon formalise Kim Jong-un's directive from January, which called for the removal of constitutional language that framed inter-Korean relations as a connection between two parts of the same nation",2024-10-08 10:56:45,"https://images.firstpost.com/uploads/2024/10/Kim-Jong-Un-2024-10-cc4fcedd9a39836ebd260534be115665-1200x675.jpg?im=FitAndFill=(1200,675)",Firstpost,1.9595916834223503e-13,25,99,328,14,124
406,Gnews,https://indianexpress.com/article/cities/kolkata/underwater-metro-pandal-platform-howrah-maidan-9609664/,‘Platform Howrah Maidan’: Nation’s first underwater Metro comes to a pandal,"India’s first underground metro, the Kolkata Metro, showcases an exceptional feature – its underwater tunnel.",2024-10-08 08:14:50,https://images.indianexpress.com/2024/10/Kol-METRO1-PARTHA-5COL.jpg,The Indian Express,5.412278555299896e-12,3,25,134,9,48
407,Gnews,https://www.firstpost.com/world/mozambiques-economic-future-in-balance-as-nation-goes-to-the-polls-13823448.html,Mozambique's economic future in balance as nation goes to the polls,An estimated 17 million people in the southern African nation have registered to vote in polls scheduled to open from 7:00 am to 6:00 pm (0500 GMT to 1600 GMT). Results are expected around two weeks later,2024-10-09 03:23:19,"https://images.firstpost.com/uploads/2024/10/2024-10-09T010213Z_1_LYNXMPEK9800M_RTROPTP_4_MOZAMBIQUE-ELECTION-1-2024-10-9168f70c257b2fb32ff4cd4fd4bb0019.jpg?im=FitAndFill=(1200,675)",Firstpost,1.8497914524369751e-09,12,59,237,19,117
408,Gnews,https://www.news18.com/india/navratri-2024-pm-narendra-modi-wishes-nation-on-maha-saptami-invokes-blessings-of-kalaratri-9078151.html,Navratri 2024: PM Narendra Modi Wishes Nation on Maha Saptami; Invokes Blessings of Maa Kalaratri,"On Maha Saptami, Prime Minister Narendra Modi extends his heartfelt wishes to the nation, encouraging everyone to offer prayers to Goddess Kalaratri. Explore the significance of this day in Navratri celebrations.",2024-10-09 03:19:35,https://images.news18.com/ibnlive/uploads/2024/10/navratri-2024-day-7-maa-kalaratri-narendra-modi-2024-10-4359519b9ae6ef56fdebda2ed97a3276-16x9.jpg?impolicy=website&width=1200&height=675,News18,1.3466975049669317e-05,6,22,146,12,41
409,Gnews,https://www.firstpost.com/explainers/mozambique-goes-to-the-polls-heres-what-you-need-to-know-13823304.html,Mozambique goes to the polls: Here's what you need to know,"With 17 million people heading to vote on October 9 in Mozambique, the fate of 250 members of parliament and provincial assemblies will be decided. The nation, ruled by the Frelimo party since its independence from Portugal in 1975, is likely to elect its next president from the same party. Here is all that you should know ahead of the elections",2024-10-09 02:34:40,"https://images.firstpost.com/uploads/2024/10/Africa-1-2024-10-e386f654ee2967a7ce3c9c03e3920bc6.jpg?im=FitAndFill=(1200,675)",Firstpost,1.1845145958919325e-09,17,61,270,19,133
410,Gnews,https://www.devdiscourse.com/article/politics/3115487-us-news-briefer-politics-storms-and-social-challenges-shake-the-nation,"US News Briefer: Politics, Storms, and Social Challenges Shake the Nation","Recent U.S. domestic highlights include Kamala Harris and Donald Trump's narrowing poll gap, intensified scrutiny on FEMA as hurricanes approach, the projected $1.8 trillion fiscal deficit, and a landmark Biden rule on lead pipe replacement. Legal and political controversies, such as Trump's election claims and New York's City Hall corruption, further dominate headlines.",2024-10-08 23:54:45,https://www.devdiscourse.com/remote.axd?https://devdiscourse.blob.core.windows.net/aiimagegallery/24_07_2024_02_18_14_7341877.png?width=920&format=jpeg,Devdiscourse,0.9156013287703302,2,13,58,0,12
411,Gnews,https://www.firstpost.com/world/why-italys-demographic-crisis-is-europes-worst-and-may-be-its-future-too-13823604.html,Why Italy's demographic crisis is Europe's worst and may be its future too,"As Italy grapples with a rapidly aging population and a shrinking workforce, the nation faces mounting pressures that could destabilise its economy and reverberate across Europe",2024-10-09 10:58:05,"https://images.firstpost.com/uploads/2024/10/OldAge1200AP-2024-10-84b2685ab5c817ef2a6255c27a24f39f.jpg?im=FitAndFill=(1200,675)",Firstpost,5.50059590395957e-20,17,61,180,7,99
412,Gnews,https://www.indiatvnews.com/news/india/ratan-tata-passes-away-president-murmu-vp-jagdeep-dhankhar-express-grief-over-sad-demise-of-veteran-industrialist-chairman-emeritus-tata-sons-updates-2024-10-10-956397,President Murmu VP Jagdeep Dhankhar express grief over demise of veteran industrialist Ratan Tata,"President Droupadi Murmu and Vice President Jagdeep Dhankhar expressed deep sorrow over the demise of veteran industrialist Ratan Tata. They highlighted his invaluable contributions to Indian industry, philanthropy, and nation-building.",2024-10-10 01:21:23,https://resize.indiatvnews.com/en/resize/newbucket/1200_-/2024/10/r-the-annual-amarnath-yatra-2024-1728522864.jpg,India TV News,0.22315027965933187,11,38,175,28,51
413,Gnews,https://indianexpress.com/article/india/ratan-naval-tata-passes-away-president-v-p-pm-lead-nation-in-paying-tribute-to-the-legend-9612607/,"Ratan Naval Tata Passes Away: President, V-P, PM Modi lead nation in paying tribute to ‘the legend’","Condolence messages and tribute poured in from across the country and abroad for Tata who strode the industry like a colossus, inspiring generations.",2024-10-09 20:06:32,https://images.indianexpress.com/2024/10/Untitled-design-5-5.jpg,The Indian Express,0.9968306114977843,45,107,559,122,179
414,Gnews,https://www.deccanchronicle.com/southern-states/andhra-pradesh/cm-naidu-backs-one-nation-one-election-policy-1829361,CM Naidu Backs One Nation-One Election Policy,"Vijayawada: Chief Minister N. Chandrababu Naidu has praised the central government’s plan to hold simultaneous elections to state assemblies and parliament in future.He said, ""The One Nation-One...",2024-10-09 19:39:00,https://www.deccanchronicle.com/h-upload/2024/10/09/1850628-na.webp,Deccan Chronicle,8.451315412907378e-07,5,25,98,9,43
415,Gnews,https://www.news18.com/viral/7-interesting-ratan-tata-facts-you-might-not-know-9081225.html,7 Interesting Ratan Tata Facts You Might Not Know,"Ratan Tata death: Ratan Naval Tata died on October 9 in Mumbai. As the nation mourns his loss, let us take a look at some of the interesting facts about the industrialist.",2024-10-10 03:11:51,https://images.news18.com/ibnlive/uploads/2024/10/ratan-tatas-legacy-of-generosity-and-leadership-will-be-honoured-with-a-state-funeral-2024-10-e36470ba16133595b721520ac94ef767-16x9.jpg?impolicy=website&width=1200&height=675,News18,0.9385095481073318,32,62,358,57,121
416,Gnews,https://www.firstpost.com/world/after-biden-netanyahu-phone-call-us-warns-israel-against-gaza-like-military-op-in-lebanon-13823905.html,"After Biden-Netanyahu phone call, US warns Israel against Gaza-like military op in Lebanon",President Lai told Taiwanese people on Thursday that his government would resist any attempt by China to annex the country. This comes amid China’s growing assertion on annexing the island nation.,2024-10-10 04:58:15,"https://images.firstpost.com/uploads/2024/10/2024-07-25T172915Z_1173861154_RC2H29A1VOL9_RTRMADP_3_ISRAEL-PALESTINIANS-USA-NETANYAHU-BIDEN-1-2024-10-653db9c6ab50c452d65e89b773f77812.jpg?im=FitAndFill=(1200,675)",Firstpost,2.687195688005934e-07,27,86,502,44,215
417,Gnews,https://www.firstpost.com/world/on-taiwans-national-day-president-lai-vows-to-resist-annexation-amid-chinese-threat-13823894.html,"On Taiwan's National Day, President Lai vows to 'resist annexation' amid Chinese threat",President Lai told Taiwanese people on Thursday that his government would resist any attempt by China to annex the country. This comes amid China’s growing assertion on annexing the island nation.,2024-10-10 04:23:05,"https://images.firstpost.com/uploads/2024/10/WhatsApp-Image-2024-10-10-at-9.17.15-AM-2024-10-d4acd5526fad53112f5ddc760023d476-1200x675.jpeg?im=FitAndFill=(1200,675)",Firstpost,3.391971626317432e-08,21,60,273,21,117
418,Gnews,https://indianexpress.com/article/india/ratan-naval-tata-passes-away-beacon-of-india-inc-and-philanthropist-9612571/,"Ratan Tata, Farewell & Thank You","Ratan Naval Tata Passes Away: Over 20 years as chairman, Ratan Tata took charge of group as nation opened economy.",2024-10-09 22:30:18,https://images.indianexpress.com/2024/10/cats_43e6ba.jpg,The Indian Express,2.599442172621371e-06,49,112,726,59,204
419,Gnews,https://www.devdiscourse.com/article/technology/3117037-boosting-ukraines-telecom-resilience-amid-conflict,Boosting Ukraine's Telecom Resilience Amid Conflict,"The European Bank for Reconstruction and Development and the International Finance Corporation are investing $435 million in Ukraine's telecom industry. This project, the largest foreign investment since Russia's invasion, aims to strengthen Ukraine's digital infrastructure by merging Lifecell and Datagroup-Volia into the nation's second-largest telecom operator.",2024-10-10 05:02:22,https://www.devdiscourse.com/remote.axd?https://devdiscourse.blob.core.windows.net/devnews/23_06_2023_18_22_01_898503.jpg?width=920&format=jpeg,Devdiscourse,0.9998058427724504,5,13,58,0,16
420,Gnews,https://www.news18.com/india/ratan-tatas-ailing-brother-jimmy-arrives-in-wheelchair-to-pay-last-respects-at-ncpa-lawns-video-9081800.html,Ratan Tata's Ailing Brother Jimmy Arrives In Wheelchair To Pay Last Respects At NCPA Lawns,"As the nation mourns the loss of business tycoon Ratan Tata, his ailing brother Jimmy Naval Tata arrived in a wheel-chair to pay his final respects in NCPA lawns Mumbai.",2024-10-10 10:11:48,https://images.news18.com/ibnlive/uploads/2024/10/several-senior-doctors-who-have-been-at-the-protest-site-since-saturday-night-are-also-planning-to-join-their-junior-counterparts-in-the-hunger-strike.-27-2024-10-35495b6a7123c59ddcf88d483f8c2784-16x9.jpg?impolicy=website&width=1200&height=675,News18,1.5745307412281905e-05,7,44,205,20,58
421,Gnews,https://www.news18.com/india/at-mental-health-day-event-isha-ambani-says-dhirubhai-ambani-international-school-built-to-be-a-happy-place-9081748.html,"At Mental Health Day Event, Isha Ambani Says Dhirubhai Ambani International School Built to be ‘A Happy Place’","The 21st Surgeon General of the United States, Dr Murthy’s mission as the nation’s doctor is to help lay the foundation for a healthier country, relying on the best scientific information available to provide clear, consistent, and equitable guidance and resources for the public",2024-10-10 08:59:40,https://images.news18.com/ibnlive/uploads/2024/10/isha-ambani-2024-10-8c4976830a6616ea35b5203e070fa220-16x9.jpg?impolicy=website&width=1200&height=675,News18,0.41530805253621056,15,38,134,28,51
422,Gnews,https://www.indiatvnews.com/news/india/kerala-assembly-passes-resolution-against-one-nation-one-election-proposal-in-country-simultaneous-polls-2024-10-10-956473,"Kerala Assembly passes resolution against 'one nation, one election' proposal in country","The high-level committee led by former President Ramnath Kovind had recommended simultaneous elections for the Lok Sabha and state assemblies as the first step, followed by synchronised local body polls within 100 days.",2024-10-10 08:34:53,https://resize.indiatvnews.com/en/resize/newbucket/1200_-/2024/10/kerala-assemlby-1728549100.jpg,India TV News,2.807179583982952e-08,11,20,101,8,40
423,Gnews,https://www.news18.com/india/ratan-tata-mortal-remains-ncpa-mumbai-heavy-security-mumbai-police-band-trumpets-drums-ratan-tata-final-journey-last-rites-9081538.html,"Amit Shah, Shinde Join Sea Of Mourners At Mumbai's NCPA Lawns To Pay Tributes To Ratan Tata","Ratan Tata's funeral procession in Mumbai drew numerous political leaders and dignitaries, with tributes pouring in from across the nation.",2024-10-10 07:46:56,https://images.news18.com/ibnlive/uploads/2024/10/mixcollage-10-oct-2024-02-07-pm-4373-2024-10-40cfe7905140006b49ab52452a268562-16x9.jpg?impolicy=website&width=1200&height=675,News18,3.770268062773075e-15,20,73,469,23,131
424,Gnews,https://www.devdiscourse.com/article/international/3117187-china-has-no-right-to-represent-taiwan-president-lai-vows-to-resist-annexation-or-encroachment,"China has no right to represent Taiwan: President Lai vows to resist ""annexation or encroachment""","He said that his ""mission"" as president was to ""ensure that our nation endures and progresses"" and ""resist annexation or encroachment upon our sovereignty.""",2024-10-10 07:42:59,https://www.devdiscourse.com/remote.axd?https://devdiscourse.blob.core.windows.net/devnews/10_10_2024_13_12_44_7541303.jpg?width=920&format=jpeg,Devdiscourse,0.002965451301482093,12,29,143,16,64
425,Gnews,https://www.indiatvnews.com/news/india/ratan-tata-s-legacy-will-guide-future-generations-says-amit-shah-2024-10-10-956461,"Ratan Tata's legacy will guide future generations, says Amit Shah","Union Home Minister Amit Shah paid tribute to Ratan Tata, honouring his transformative leadership and global influence, as the nation mourns the industrialist's passing at 86, with state honours for his final rites in Mumbai.",2024-10-10 07:34:18,https://resize.indiatvnews.com/en/resize/newbucket/1200_-/2024/10/befunky-collage-87-1728545448.jpg,India TV News,3.25117400521597e-08,10,25,161,12,57
426,Gnews,https://www.indiatvnews.com/entertainment/news/did-you-know-that-rata-tata-produced-an-amitabh-bachchan-starrer-movie-called-aetbaar-in-2004-2024-10-10-956449,Did you know that Ratan Tata produced an Amitabh Bachchan starrer movie in 2004?,The death of Tata Group Chairman Ratan Tata has shaken the entire nation. But do you know that Ratan Tata was also associated with films? He produced only one film and never turned to producing again.,2024-10-10 06:50:47,https://resize.indiatvnews.com/en/resize/newbucket/1200_-/2024/10/file-image-2024-10-10t121618-1728542792.jpg,India TV News,0.994583011138115,26,18,154,23,74
427,Gnews,https://www.firstpost.com/world/floods-in-south-sudan-affect-893000-people-displacing-over-241000-un-13824300.html,"Floods in South Sudan affect 893,000 people, displacing over 241,000: UN","Since gaining independence from Sudan in 2011, the world's youngest nation has remained plagued by chronic instability, violence and economic stagnation as well as climate disasters such as drought and floods.",2024-10-10 19:24:17,"https://images.firstpost.com/uploads/2024/08/Frankfurt-airport-halts-flights-as-climate-activists-block-runway-73-2024-08-5f7b853d3417e0af87ca908ee2a4325c.jpg?im=FitAndFill=(1200,675)",Firstpost,6.80804826379048e-32,15,49,179,5,76
428,Gnews,https://www.news18.com/world/oil-or-military-sites-as-israel-readies-iran-attack-plan-netanyahu-to-preside-over-key-cabinet-meeting-updates-9082407.html,How Will Israel Retaliate To Iran Missile Strike? Netanyahu To Take Call At Key Meet,Israel will finalise its attack plan on Iran on Thursday and the nation’s security cabinet will convene to vote on how the country will respond to the Iranian ballistic missile attacks earlier this month,2024-10-10 16:43:58,https://images.news18.com/ibnlive/uploads/2024/10/israel-iran-retaliation-israeli-tanks-lebanon-reuters-2024-10-b236232ee7872cefd613e0cd0d5ec82a-16x9.jpg?impolicy=website&width=1200&height=675,News18,8.461183290338488e-29,6,29,100,3,38
429,Gnews,https://indianexpress.com/article/cities/pune/phase-work-nations-largest-exhibition-cum-convention-centre-pune-moshi-9614045/,Building Pune: Phase 2 work of nation’s largest exhibition-cum-convention centre gets underway at Pune’s Moshi,"PMRDA's PIECC, India's largest, spans 228.5 acres, offering 1,05,000 sqm covered exhibition, 98,000 sqm open exhibition, 5,000-seater convention, 5-star hotel, commercial & recreation facilities, and parking for 6,792 cars & 592 trucks. It aims to boost regional trade, employment, and global recognition.",2024-10-10 13:09:32,https://images.indianexpress.com/2024/10/Pune-4.jpg,The Indian Express,8.485686664207355e-28,14,48,166,5,73
430,Gnews,https://www.devdiscourse.com/article/business/3117640-manoj-kumar-dubey-steering-indias-railway-finance-future,Manoj Kumar Dubey: Steering India's Railway Finance Future,"Manoj Kumar Dubey has taken over as the Chairman and Managing Director of the Indian Railway Finance Corporation. With a wealth of experience, he aims to align IRFC with India's economic strategies and enhance the nation's railway infrastructure through strong financial management and international market engagement.",2024-10-10 12:37:37,https://www.devdiscourse.com/remote.axd?https://devdiscourse.blob.core.windows.net/imagegallery/27_06_2019_18_37_32_7527733.png?width=920&format=jpeg,Devdiscourse,0.0001092843334560865,5,11,60,6,13
431,Gnews,https://www.news18.com/opinion/opinion-pakistan-on-the-precipice-a-nation-adrift-in-a-sea-of-crises-9082040.html,Pakistan on the Precipice: A Nation Adrift in a Sea of Crises,"Pakistan is drowning in crises, from political crackdowns to a silenced judiciary and escalating violence. The PTM ban and fraying ties with China are just the latest symptoms. Can it find a path out, or is this the beginning of the end?",2024-10-10 11:51:13,https://images.news18.com/ibnlive/uploads/2024/10/pakistan-airport-explosion-2024-10-b818f966270b8e536102dc1ebde57cb8-16x9.jpg?impolicy=website&width=1200&height=675,News18,0.000559116719166761,79,124,414,47,228
432,Gnews,https://www.news18.com/india/ratan-tata-death-cremation-amit-shah-eknath-shinde-shantanu-naidu-dogs-funeral-mumbai-mourning-latest-news-9081960.html,"Ratan Tata Cremated With State Honours In Mumbai, Nation Mourns Loss Of Iconic Business Leader",Union Home Minister Amit Shah and Maharashtra Chief Minister Eknath Shinde were among those who joined the procession taking the national icon’s hearse to the Parsi crematorium,2024-10-10 11:12:18,https://images.news18.com/ibnlive/uploads/2024/10/untitled-design-1-2024-10-a59c004ef8d44f6256458336919879d9-16x9.jpg?impolicy=website&width=1200&height=675,News18,6.859363402318091e-06,11,60,337,30,99
433,Gnews,https://indianexpress.com/article/live-news/daily-briefing-top-news-oct11-ratan-tata-9614830/,Daily briefing: Who succeeds Ratan Tata; PM Modi at India-ASEAN summit; and more,In today's edition: Nation bids farewell to Tata with full state honours; Samsung workers’ strike; and more,2024-10-11 03:42:42,https://images.indianexpress.com/2024/10/loksabha-2024-08-26T092332.831-1.jpg,The Indian Express,0.0004665016349314564,35,67,290,30,116
434,Gnews,https://www.news18.com/india/idol-of-goddess-durga-vandalised-amid-navratri-celebrations-in-hyderabad-probe-launched-9082928.html,"Idol Of Goddess Durga Vandalised Amid Navratri Celebrations In Hyderabad, Probe Launched","Unknown miscreants allegedly vandalised a Goddess Durga idol and ransacked the mandap and puja materials in Hyderabad's Nampally exhibition ground on Friday early hours amid Navratri celebrations across the nation. For more inputs, follow news18.com",2024-10-11 08:50:16,https://images.news18.com/ibnlive/uploads/2024/10/befunky-collage-71-2024-10-f800945f1fda7e66b1f67b833e8a038e-16x9.jpg?impolicy=website&width=1200&height=675,News18,1.0349975242836704e-19,4,8,57,3,23
435,Gnews,https://www.firstpost.com/firstcricket/sports-news/pakistan-national-cricket-team-first-test-shan-masood-reaction-13824448.html,Pakistan captain Shan Masood blames bowlers after shambolic defeat to England: 'We are hurt as a nation',"Pakistan captain Shan Masood said that the country is ""hurt as a nation"" after the shambolic defeat in the Multan Test, and added that they will try to come back stronger in the second Test.",2024-10-11 08:36:12,"https://images.firstpost.com/uploads/2024/10/Shan-Masood1-2024-10-ba6bf16e803d5465a92cf2e6937733cb-1200x675.jpg?im=FitAndFill=(1200,675)",Firstpost,0.9943127467145108,24,38,134,39,107
436,Gnews,https://www.news18.com/opinion/opinion-the-politics-of-desperation-congresss-self-destructive-spiral-9082901.html,The Politics of Desperation: Congress’s Self-Destructive Spiral,"The Congress, desperate to regain power, seems intent on burning down the house to do so. By aligning with questionable figures and undermining India on the global stage, the party is eroding its own credibility and harming the very nation it claims to champion",2024-10-11 08:18:21,https://images.news18.com/ibnlive/uploads/2024/06/untitled-design-3-2024-06-ad9646ea8733126a056089e24f96c306-16x9.jpg?impolicy=website&width=1200&height=675,News18,0.2081742030964162,75,105,397,58,182
437,Gnews,https://www.indiatvnews.com/news/india/pm-modi-extends-vijayadashami-greetings-to-nation-2024-10-12-956742,PM Modi extends Vijayadashami greetings to nation,"The festival of Dussehra is celebrated with great fervor across the country. It marks the culmination of the nine-day Navratri Utsav and Durga Puja celebrations. Notably, the day symbolizes the triumph of good over evil.",2024-10-12 02:51:54,https://resize.indiatvnews.com/en/resize/newbucket/1200_-/2024/10/whatsapp-image-2024-10-12-at-08-1728701447.jpg,India TV News,2.6362268641671206e-08,9,16,112,8,30
438,Gnews,https://indianexpress.com/article/trending/trending-in-india/amul-pays-tribute-to-ratan-tata-with-special-topical-9615299/,‘Poore vatan ka Ratan’: Amul pays tribute to Ratan Tata with special topical,"Amul's poignant black-and-white illustration of Ratan Tata, a young tata on a bicycle beside his older self, captured the nation's grief. The message, ""Poore vatan ka Ratan,"" echoed the deep respect felt for the industrialist.",2024-10-11 08:49:14,https://images.indianexpress.com/2024/10/Ratan-Tata-5-2.jpg,The Indian Express,1.7425606174938006e-08,1,12,51,4,17
439,Gnews,https://www.news18.com/opinion/opinion-cyber-assault-on-iran-is-this-israels-digital-blitzkrieg-9083918.html,Cyber Assault on Iran: Is This Israel’s Digital Blitzkrieg?,"The scale and precision of the attack suggest it wasn’t carried out by a disorganised group of hackers, but by a well-resourced, highly sophisticated entity—potentially a nation-state with a vested interest in destabilising Iran’s infrastructure",2024-10-12 09:14:39,https://images.news18.com/ibnlive/uploads/2024/09/hacker-2024-09-7de389914ab6511eda00f0a092cab38f-16x9.png?impolicy=website&width=1200&height=675,News18,4.003866520646209e-08,75,169,500,35,254
440,Gnews,https://www.firstpost.com/sports/football-news/fifa-saudi-arabia-2034-football-world-cup-report-13824916.html,FIFA accused of ignoring report on human rights abuses while considering Saudi Arabia's bid for 2034 World Cup,"FIFA is to make a decision on the host nation for the 2034 edition of the World Cup, although it appears to be a foregone conclusion at the moment with Saudi Arabia being the only nation to bid for hosting rights.",2024-10-13 01:00:47,"https://images.firstpost.com/uploads/2024/10/Gianni-Infantino-Mohammed-Bin-Salman-2018-World-Cup-Reuters-1200-2024-10-dc9cedbcd248b055e445628eaaf81c8b.jpg?im=FitAndFill=(1200,675)",Firstpost,0.0013135349707808532,24,42,205,26,115
441,Gnews,https://indianexpress.com/article/sports/cricket/india-t20-batting-vs-bangladesh-most-dangerous-9617343/,QUICK COMMENT: Is India’s new-look T20 batting line up the most dangerous in the world?,"India posted 297 for 6, the highest score in a T20 International by a Test playing nation. Once Samson was dismissed, India added 101 runs in 38 balls.",2024-10-12 16:30:45,https://images.indianexpress.com/2024/10/Samson-and-Pandya.jpg,The Indian Express,6.018100827864895e-08,23,32,171,13,63
442,Gnews,https://www.news18.com/sports/hockey-india-league-auction-all-you-need-to-know-about-the-teams-purse-composition-player-pool-and-values-9084620.html,"Hockey India League Auction: All you Need to Know About the Teams, Purse, Composition, Player Pool and Values","A total of eight teams in the men's division and six teams in the women's division will vie for the signature of the nation's top stars in addition to international players, who have signed up to go under the hammer.",2024-10-13 11:02:15,https://images.news18.com/ibnlive/uploads/2024/10/copy-of-sports-58-2024-10-4ab02ca68ebbdb54d36df87d22f82912-16x9.jpg?impolicy=website&width=1200&height=675,News18,1.5574000952401583e-47,4,29,138,4,59
443,Gnews,https://theprint.in/pageturner/excerpt/nehru-and-jinnah-squabbled-like-schoolboys-when-travancore-declared-its-independence/2309577/,"Nehru, Jinnah fought like schoolboys when Travancore declared independence","In '565', Mallika Ravikumar introduces readers to the dramatic saga of how a great nation was forged.",2024-10-13 07:13:19,https://static.theprint.in/wp-content/uploads/2024/09/Misleading-52.jpg,ThePrint,0.9267989299469634,52,75,342,62,182
444,Gnews,https://www.devdiscourse.com/article/headlines/3119988-unity-overcomes-untouchability-yogi-adityanaths-call-to-action,Unity Overcomes Untouchability: Yogi Adityanath's Call to Action,"Uttar Pradesh Chief Minister Yogi Adityanath emphasized the need for unity and eradication of untouchability during a public address at a coronation ceremony. He warned against societal divides, citing historical sufferings due to lack of unity and called for overcoming discrimination to protect the nation's social fabric.",2024-10-12 18:01:22,https://www.devdiscourse.com/remote.axd?https://devdiscourse.blob.core.windows.net/aiimagegallery/07_08_2024_15_23_10_2155475.png?width=920&format=jpeg,Devdiscourse,1.8022619239026897e-08,1,12,50,4,20
445,Gnews,https://www.devdiscourse.com/article/headlines/3120852-indias-pharmacopoeia-gains-global-recognition-a-new-era-for-drug-regulation,India's Pharmacopoeia Gains Global Recognition: A New Era for Drug Regulation,"India's pharmacopoeia has been recognized as a standard by 11 countries, showcasing the nation's growing influence in global drug regulation. The Drugs Controller General highlighted India's role in supplying medical products worldwide, emphasizing advancements in approving innovative therapies and meeting WHO standards.",2024-10-14 06:05:19,https://www.devdiscourse.com/remote.axd?https://devdiscourse.blob.core.windows.net/devnews/14_10_2024_11_35_13_2681106.jpg?width=920&format=jpeg,Devdiscourse,6.48489685813126e-24,4,15,60,2,21
446,Gnews,https://www.devdiscourse.com/article/politics/3121945-gibran-rakabuming-raka-the-reluctant-heir-of-indonesian-politics,Gibran Rakabuming Raka: The Reluctant Heir of Indonesian Politics,"Gibran Rakabuming Raka, son of Indonesian President Joko Widodo, initially reluctant to enter politics, is set to become the nation's youngest vice president. Influenced by his father, he gradually stepped into the political realm. His rise involves navigating family dynamics, political alliances, and a controversial court decision.",2024-10-15 02:02:49,https://www.devdiscourse.com/remote.axd?https://devdiscourse.blob.core.windows.net/imagegallery/29_02_2020_16_57_14_7140931.jpg?width=920&format=jpeg,Devdiscourse,7.815434127275208e-08,8,14,55,3,16
447,Gnews,https://www.firstpost.com/world/united-states/presidents-of-the-united-states-franklin-pierce-the-man-who-opened-the-door-to-civil-war-13825286.html,Franklin Pierce: The man who opened the door to Civil War,"Franklin Pierce became the 14th president of the United States during a time of apparent calm (1853-1857). With the advice of his southern advisers, Pierce, a New Englander, proclaimed an era of peace and prosperity at his inauguration. However, his decision to sign the Kansas-Nebraska Act eventually set the nation on the path to the Civil War",2024-10-14 16:00:00,"https://images.firstpost.com/uploads/2024/10/Untitled-design-57-2024-10-8e9ed15524a28c00e3fe214c028681fa.jpg?im=FitAndFill=(1200,675)",Firstpost,0.44601606765594737,44,58,291,43,139
448,Gnews,https://www.devdiscourse.com/article/business/3121537-india-advances-ethanol-blending-targets-amid-sustainable-energy-push,India Advances Ethanol Blending Targets Amid Sustainable Energy Push,"India is set to achieve its 20% ethanol blending target well ahead of schedule, thanks to proactive policy measures. Minister Hardeep Singh Puri highlighted the nation's leadership in the bioenergy sector, underscoring collaborations with Brazil. The initiative aims to balance energy affordability, sustainability, and availability.",2024-10-14 14:14:02,https://www.devdiscourse.com/remote.axd?https://devdiscourse.blob.core.windows.net/devnews/14_10_2024_19_43_54_2179895.jpg?width=920&format=jpeg,Devdiscourse,4.5602504990789e-12,6,22,113,7,40
449,Gnews,https://www.livemint.com/opinion/online-views/nobel-prize-for-economics-2024-prosperity-ai-inclusivity-institutions-democracy-rule-of-law-equality-11728960736959.html,Nobel for a prosperity theory: Let’s talk about it in the context of AI,The 2024 prize for Economics was awarded to a trio who showed why inclusive institutions must prevail over extractive ones for a nation to prosper. Their theory is all the more resonant now that AI is threatening to rig the rules in favour of an elite.,2024-10-14 18:30:00,https://www.livemint.com/lm-img/img/2024/10/15/1600x900/US-UNIVERSITY-OF-CHICAGO-PROFESSOR-JAMES-ROBINSON-_1728961248703_1728961248966.jpg,Livemint,9.663628423491558e-08,30,58,192,16,99
450,Gnews,https://theprint.in/diplomacy/canada-joins-a-tiny-list-of-countries-from-which-indian-envoys-have-been-withdrawn-or-expelled/2312796/,Canada joins a tiny list of countries from which Indian envoys have been withdrawn or expelled,"In 2023, India & Canada expelled a diplomat each. Withdrawal of high commissioner Monday possibly makes it 1st western nation India has recalled an ambassador from.",2024-10-15 15:50:25,https://static.theprint.in/wp-content/uploads/2024/10/Sanjay-Kumar-Verma-High-Commissioner-of-India-to-Canada-was-withdrawn-by-MEA-on-Monday-14-October-Wikimedia-Commons.jpg,ThePrint,4.440670366472391e-11,38,87,349,22,138
451,Gnews,https://www.livemint.com/opinion/online-views/us-elections-democrats-republicans-donald-trump-kamala-harris-electoral-college-voter-behaviour-11728962151103.html,American elections: The enduring puzzle of a 50-50 nation,"Trump or Harris? The US electorate is evenly split at the national level but highly partisan in individual states. Deep divisions added up somehow yield electoral college parity between Democrats and Republicans, who flipped identity roles along the way.",2024-10-14 18:30:00,https://www.livemint.com/lm-img/img/2024/10/15/1600x900/Election-2024-Florida-1_1728970817580_1728970830765.jpg,Livemint,9.007688919472845e-06,64,105,280,25,148
452,Gnews,https://indianexpress.com/article/opinion/columns/baba-siddiques-murder-from-dawood-ibrahim-to-lawrence-bishnoi-what-makes-gangs-powerful-9623404/,Baba Siddique’s murder: From Dawood Ibrahim to Lawrence Bishnoi - what makes gangs powerful,"Do the central and state governments have the determination to root out organised criminal gangs? Will they follow due process or compromise by taking the quicker route for applause from citizens, unmindful of the damage that it can cause to the rule of law and the nation?",2024-10-16 11:20:44,https://images.indianexpress.com/2024/10/dawood-bishnoi.jpg,The Indian Express,3.377284731590706e-06,42,96,361,32,166
453,Gnews,https://www.devdiscourse.com/article/headlines/3123558-india-sets-global-standards-at-icdra-india-2024-with-new-regulatory-advances,India Sets Global Standards at ICDRA INDIA-2024 with New Regulatory Advances,"The 19th International Conference of Drug Regulatory Authorities in India highlighted the nation's advances in drug regulations. New rules aim to align Indian medical research with global standards, focusing on safe and effective medicines. Key achievements include affiliate memberships and recognition of Indian Pharmacopoeia.",2024-10-16 07:41:01,https://www.devdiscourse.com/remote.axd?https://devdiscourse.blob.core.windows.net/devnews/16_10_2024_13_10_50_0951638.jpg?width=920&format=jpeg,Devdiscourse,1.6799590261250734e-63,2,13,68,1,17
454,Gnews,https://www.devdiscourse.com/article/business/3123361-india-set-to-shine-as-global-solar-module-powerhouse-by-2029,India Set to Shine as Global Solar Module Powerhouse by 2029,"India is poised to become a key player in the global solar module market, exporting surplus modules by 2029 due to enhanced production and supportive government policies. The nation's growing manufacturing capabilities and favorable global conditions present significant opportunities, albeit amidst competition and challenges.",2024-10-16 05:05:14,https://www.devdiscourse.com/remote.axd?https://devdiscourse.blob.core.windows.net/devnews/16_10_2024_10_35_06_3983285.jpg?width=920&format=jpeg,Devdiscourse,5.698262811541964e-22,7,39,89,2,47
455,Gnews,https://www.livemint.com/opinion/online-views/viswananthan-anand-praggnanandhaa-vaishali-world-chess-championship-technology-ibm-viksit-bharat-11729048064037.html,India’s success in chess is showing the path to Viksit Bharat,"Democratize information and everyone gets a chance to excel. If internet access and technology tools could turn India into a chess powerhouse in two decades, developed nation status by 2047 looks well within reach.",2024-10-15 18:30:00,https://www.livemint.com/lm-img/img/2024/10/16/1600x900/ANI-20240926021-0_1729056467123_1729056489087.jpg,Livemint,0.7451413606825824,54,68,300,50,144
456,Gnews,https://www.livemint.com/global/japan-exports-fell-more-than-expected-in-september-11729131902504.html,Japan exports fell more than expected in September,"Japan’s exports dropped for the first time in 10 months in September, with weak shipments to its major trading partners casting some doubt over the nation’s economic recovery path.",2024-10-16 18:30:00,https://www.livemint.com/lm-img/img/2024/10/17/1600x900/JAPAN-ECONOMY-BOJ-4_1724820913946_1729132021908.jpg,Livemint,4.7970255717665606e-18,7,28,129,6,43
457,Gnews,https://www.firstpost.com/world/why-japans-pms-including-shigeru-ishiba-steer-clear-of-yasukuni-shrine-visit-13826260.html,Why Japan's PMs including Shigeru Ishiba steer clear of Yasukuni Shrine visit,"Prime Minister Shigeru Ishiba continues Japan’s delicate balancing act by honouring the nation’s war dead with a ritual offering to the Yasukuni Shrine, while avoiding a personal visit to the controversial site",2024-10-17 03:40:37,"https://images.firstpost.com/uploads/2024/10/YasukuniShrine1200Reu-2024-10-3d7b5a27ea77301c99241a549d3874f8.jpg?im=FitAndFill=(1200,675)",Firstpost,0.0016205085902641521,21,55,185,24,86
458,Gnews,https://www.deccanchronicle.com/southern-states/andhra-pradesh/telugu-desam-strived-hard-for-state-and-nation-claims-naidu-1831178,TDP strived hard for state and nation: Naidu,TD chief says party never starved for power,2024-10-18 18:11:00,https://www.deccanchronicle.com/h-upload/2024/10/18/1853725-18cnr02.webp,Deccan Chronicle,4.178298532860304e-09,9,22,119,12,74
459,Gnews,https://indianexpress.com/article/cities/pune/viksit-bharat-per-capita-income-rise-tata-autocomp-chairman-9627371/,"For Viksit Bharat, per capita income must rise to $20k: Tata Autocomp chairman","Arvind Goel outlined India’s vision of becoming a developed nation by 2045 (Viksit Bharat) and stressed the need for substantial economic growth. Alongside the required per capita income, he also stated that GDP needs to grow from $3.7 trillion to $30 trillion.",2024-10-18 15:11:27,https://images.indianexpress.com/2024/10/Nijjar-18.jpg,The Indian Express,0.01750080979344237,21,37,162,24,95
460,Gnews,https://indianexpress.com/article/cities/ahmedabad/gujarat-congress-cow-shankaracharya-9626040/,"Gujarat: Congress leaders in attendance, Shankaracharya raises demand to declare cow as ‘Rashtramata’","Present at the event, Congress’s Banaskantha MP Geniben Patel said, “I will fully support the move to declare the cow as the mother of the nation.""",2024-10-17 21:30:48,https://images.indianexpress.com/2024/07/Cow-slaughter.jpg,The Indian Express,1.5102188350173882e-11,1,3,58,4,18
461,Gnews,https://www.livemint.com/opinion/online-views/daron-acemoglu-nobel-prize-for-economics-2024-institutions-product-innovation-technological-advancement-11729228155559.html,Daron Acemoglu’s three-point roadmap for India’s tech leadership,"The 2024 Nobel laureate shares three key recommendations. Graduate from being a ‘talent nation’ to an innovation hothouse, formulate a global tech strategy that includes alliances and push for technology that puts humans first.",2024-10-17 18:30:00,https://www.livemint.com/lm-img/img/2024/10/18/1600x900/Greece-Nobel-Economics-6_1729233059489_1729233100549.jpg,Livemint,3.241462057083213e-08,37,118,355,25,166
462,Gnews,https://www.devdiscourse.com/article/headlines/3127393-blackout-in-cuba-a-nation-in-darkness,Blackout in Cuba: A Nation in Darkness,"Cuba's entire grid collapsed, leaving 10 million without power, highlighting infrastructure challenges. Obsolete power plants and limited fuel imports contribute to the crisis. Cuba aims to expand renewable energy but struggles financially. Daily life is impacted, causing widespread dissatisfaction. The grid failure recalls past challenges during Hurricane Ian in 2022.",2024-10-18 23:35:59,https://www.devdiscourse.com/remote.axd?https://devdiscourse.blob.core.windows.net/aiimagegallery/28_05_2024_14_49_49_5436609.png?width=920&format=jpeg,Devdiscourse,2.5746173823654213e-08,2,12,39,2,14
463,Gnews,https://www.devdiscourse.com/article/headlines/3127339-cubas-energy-crisis-a-nation-in-darkness,Cuba's Energy Crisis: A Nation in Darkness,"Cuba experienced a nationwide blackout following the failure of the Antonio Guiteras power plant, the largest on the island. The Cuban government blamed the crisis on fuel shortages, deteriorating infrastructure, and U.S. trade embargoes as efforts to restore power faced delays, affecting millions.",2024-10-18 20:06:47,https://www.devdiscourse.com/remote.axd?https://devdiscourse.blob.core.windows.net/aiimagegallery/04_06_2024_16_25_34_9929191.png?width=920&format=jpeg,Devdiscourse,2.9256851427597444e-26,5,13,62,2,20
464,Gnews,https://www.devdiscourse.com/article/business/3126840-india-the-worlds-most-sought-after-business-hub,India: The World's Most Sought-After Business Hub,"Commerce and Industry Minister Piyush Goyal highlighted India's robust economic fundamentals, noting controlled inflation, strong foreign reserves, and healthy growth rates. John Chambers, former Cisco CEO, emphasized India as a prime investment destination with $3 trillion seeking opportunities, marking the nation as a trusted global business partner.",2024-10-18 13:05:17,https://www.devdiscourse.com/remote.axd?https://devdiscourse.blob.core.windows.net/aiimagegallery/27_06_2024_09_41_57_6133598.png?width=920&format=jpeg,Devdiscourse,1.0231860510047101e-07,4,13,50,4,20
465,Gnews,https://www.devdiscourse.com/article/headlines/3127970-cubas-power-grid-crisis-a-nation-in-darkness,Cuba's Power Grid Crisis: A Nation in Darkness,"Cuba's national power grid experienced a second collapse in 24 hours, plunging the island into further darkness. Technical issues in western Cuba and deteriorating infrastructure, fuel shortages, and rising demand are blamed. Despite partial power restoration, Cuba faces ongoing energy challenges exacerbated by reduced fuel imports and U.S. sanctions.",2024-10-19 14:41:33,https://www.devdiscourse.com/remote.axd?https://devdiscourse.blob.core.windows.net/imagegallery/27_06_2019_18_18_25_2697677.jpg?width=920&format=jpeg,Devdiscourse,0.9999999865256197,2,12,59,0,22
466,Gnews,https://www.ndtv.com/india-news/gauri-lankesh-murder-accused-shrikant-pangarkar-joins-shinde-led-sena-in-jalna-ahead-of-polls-6826840,Accused In Gauri Lankesh Murder Joins Eknath Shinde's Party Ahead Of Polls,"Shrikant Pangarkar, an accused in the 2017 murder of journalist Gauri Lankesh, which outraged the nation, joined Maharashtra Chief Minister Eknath Shinde-led Shiv Sena in Jalna ahead of assembly polls.",2024-10-19 14:30:01,"https://c.ndtvimg.com/pl44d4u8_shrikant-pangarkar-_625x300_20_August_18.jpg?im=FeatureCrop,algorithm=dnn,width=1200,height=738",NDTV News,3.542318540318495e-27,4,10,105,5,44
467,Gnews,https://www.firstpost.com/world/israel-warns-france-of-taking-legal-measures-against-latest-ban-to-participate-in-paris-fair-13827413.html,Israel warns France of taking 'legal measures' against latest ban to participate in Paris fair,Israel's Foreign Minister Israel Katz warned that the Jewish nation will take legal measures against France's decision to ban display of Israeli arms at a Paris fair,2024-10-21 02:52:32,"https://images.firstpost.com/uploads/2024/10/Representational-Image-23-2024-10-dc46b998ff4d5d49fdc03c7f8f5be2d7.jpg?im=FitAndFill=(1200,675)",Firstpost,1.8549916075287484e-06,21,32,168,14,83
468,Gnews,https://www.devdiscourse.com/article/headlines/3128644-five-pillars-for-a-progressive-society-vision-from-rss,Five Pillars for a Progressive Society: Vision from RSS,"RSS leader Deepak Vispute highlighted five key elements for societal progress, including Swadeshi adoption, legal adherence, social harmony, environmental care, and family values. His address emphasized the importance of these aspects for a prosperous nation, urging volunteers to embody these principles.",2024-10-20 12:57:26,https://www.devdiscourse.com/remote.axd?https://devdiscourse.blob.core.windows.net/aiimagegallery/30_08_2024_10_54_48_5237222.png?width=920&format=jpeg,Devdiscourse,3.418810109039715e-05,2,12,49,4,18
469,Gnews,https://indianexpress.com/article/cities/hyderabad/chandrababu-naidu-legislation-young-population-andhra-pradesh-9629750/,‘Have more children for the benefit of the nation’: Chandrababu Naidu plans legislation to boost young population in Andhra,"Andhra Pradesh Chief Minister N Chandrababu Naidu has expressed similar concerns in the past, saying that while the average age of the state's population is currently 32, it would be 40 by 2047.",2024-10-20 08:19:53,https://images.indianexpress.com/2024/10/Naidu_d66961.jpg,The Indian Express,0.002858207627538374,24,61,225,26,112
470,Gnews,https://www.devdiscourse.com/article/headlines/3127826-cuba-in-darkness-nation-faces-second-blackout-after-grid-collapse,Cuba in Darkness: Nation Faces Second Blackout After Grid Collapse,"Cuba's electrical grid collapsed for the second time, plunging the nation into a blackout. This follows an earlier failure caused by a large power plant's malfunction, affecting over 10 million citizens. Challenges include deteriorating infrastructure, fuel shortages, and reduced fuel deliveries from key allies.",2024-10-19 12:21:37,https://www.devdiscourse.com/remote.axd?https://devdiscourse.blob.core.windows.net/aiimagegallery/28_05_2024_14_49_49_5436609.png?width=920&format=jpeg,Devdiscourse,4.673088650793665e-51,5,13,52,1,23
471,Gnews,https://www.devdiscourse.com/article/business/3128170-eurofighter-typhoon-deal-a-cross-nation-effort-shaping-up-for-turkey,Eurofighter Typhoon Deal: A Cross-Nation Effort Shaping Up for Turkey,"Discussions are ongoing regarding Turkey's potential purchase of Eurofighter Typhoon jets. The project, primarily led by Britain, involves cooperation with Germany, Italy, and Spain. Despite previous objections from Germany, efforts are underway to overcome past challenges and enhance defense cooperation between these nations and Turkey.",2024-10-19 18:28:56,https://www.devdiscourse.com/remote.axd?https://devdiscourse.blob.core.windows.net/imagegallery/27_06_2019_18_36_44_9180289.png?width=920&format=jpeg,Devdiscourse,7.17812934640336e-50,2,18,62,1,22
472,Gnews,https://www.devdiscourse.com/article/education/3131611-tropical-storm-trami-halts-philippine-economy,Tropical Storm Trami Halts Philippine Economy,"The Philippine central bank ceased foreign currency trading as Tropical Storm Trami impacted the region. The government also suspended work and classes across Luzon, citing inclement weather. These measures aim to ensure public safety amidst challenging meteorological conditions affecting the island nation.",2024-10-22 23:18:41,https://www.devdiscourse.com/remote.axd?https://devdiscourse.blob.core.windows.net/imagegallery/27_06_2019_16_07_19_543745.jpg?width=920&format=jpeg,Devdiscourse,0.000923714860962168,2,15,41,0,13
473,Gnews,https://www.news18.com/auto/watch-video-of-ratan-tata-delivering-first-3-nanos-in-india-goes-viral-on-internet-9094370.html,Watch: Video of Ratan Tata Delivering First 3 Nanos in India Goes Viral on Internet,"The veteran industrialist, Ratan Tata took his last breath at the age of  86 in Mumbai. The whole nation mourned together on the day he said goodbye to the world.",2024-10-22 07:28:38,https://images.news18.com/ibnlive/uploads/2024/10/new-project-1-2-2024-10-22t125422.711-2024-10-8ccd18a0dd7eeb21373004936d564323-16x9.jpg?impolicy=website&width=1200&height=675,News18,0.7226652964230489,19,19,78,15,49
474,Gnews,https://indianexpress.com/article/upsc-current-affairs/upsc-essentials/devdutt-pattanaik-a-walk-through-delhis-historical-tapestry-9631656/,Art and Culture with Devdutt Pattanaik | A walk through Delhi’s historical tapestry,"Over the centuries, Delhi has transformed from being a legendary capital to a thriving metropolis. How does the nation’s capital embody the mark of its diverse architectural and cultural legacy from various phases of historical development?",2024-10-21 12:54:21,https://images.indianexpress.com/2024/10/UPSC-essentials-feature-Devdutta-Delhi-through-the-ages-1.jpg,The Indian Express,3.849862536341853e-06,37,74,394,34,128
475,Gnews,https://www.news18.com/opinion/finepoint-brics-dysfunctional-bloc-or-a-threat-to-us-led-global-order-9095784.html,BRICS: Dysfunctional Bloc Or A Threat To US-Led Global Order? - News18,BRICS is the most fashionable hedging bet a Global South nation can make in this day and age. It has the protection of multilateralism and claims to have solutions to real-world problems which contributes to its appeal,2024-10-23 11:01:11,https://images.news18.com/ibnlive/uploads/2024/10/xi-jinping-putin-modi-brics-2024-10-eac46ac600a8c3392f2f0ac4b5ec2303-16x9.jpg?impolicy=website&width=1200&height=675,News18,3.9243660885486807e-07,50,95,351,29,158
476,Gnews,https://www.indiatvnews.com/entertainment/news/amaran-trailer-sivakarthikeyan-sai-pallavi-bring-emotional-story-of-major-mukund-varadarajan-to-life-2024-10-24-958601,"Amaran trailer: Sivakarthikeyan, Sai Pallavi bring emotional story of Major Mukund Varadarajan to life","The trailer of Sivakarthikeyan and Sai Pallavi-starrer Amaran was shared by veteran actor Kamal Haasan, who is also one of the producers of the film. The film will showcase the journey of Major Varadharajan's courageous service to the nation. Watch the trailer here.",2024-10-24 03:10:19,https://resize.indiatvnews.com/en/resize/newbucket/1200_-/2024/10/amaran-trailer-1729738808.jpg,India TV News,0.7829580702739717,7,21,132,18,51
477,Gnews,https://www.news18.com/world/britains-king-charles-sips-narcotic-kava-drink-becomes-samoan-high-chief-9097244.html,"Britain's King Charles Sips Narcotic Kava Drink, Becomes Samoan 'High Chief'",Many Samoans are excited to host the king -- his first-ever visit to the Pacific Island nation that was once a British colony,2024-10-24 07:49:23,https://images.news18.com/ibnlive/uploads/2024/10/untitled-design-2024-10-b084b9743d3e25f89a637ccd07823274-16x9.png?impolicy=website&width=1200&height=675,News18,0.0006146055947976617,27,66,268,31,132
478,Gnews,https://scroll.in/article/1074720/the-artificially-intelligent-nation-state-data-hungry-biased-tech-could-prove-costly-for-india,"The artificially intelligent nation-state: Data-hungry, biased tech could prove costly for India",A technology that can massively expand state surveillance will inflict deadly harm along the fault lines carved out the past decade by the Hindutva regime.,2024-10-25 03:30:00,https://sc0.blr1.cdn.digitaloceanspaces.com/book/204031-xkdpfcmdct-1729531964.jpg,Scroll.in,0.0002306032411208845,63,131,424,49,169
479,Gnews,https://www.firstpost.com/explainers/why-doctors-are-calling-the-uk-to-abolish-its-yearly-clock-changing-system-13828797.html,Why doctors are calling the UK to abolish its yearly clock-changing system,"With winter approaching, the UK will turn back its clocks by an hour, marking the end of British Summer Time (BST) and the return to Greenwich Mean Time (GMT) at the close of this month. The clocks will be changed to allow people to experience more sunlight in the morning. However, medical experts are warning against the system saying it is 'harming the nation's sleep'",2024-10-24 15:01:44,"https://images.firstpost.com/uploads/2024/10/clock-change-britain-reuters-2024-10-fbaedf05a41bb34f75f4e614fbeff4e5.jpg?im=FitAndFill=(1200,675)",Firstpost,6.211404773060046e-09,39,53,298,24,139
480,Gnews,https://www.ndtv.com/india-news/why-do-we-fight-wars-nsa-ajit-doval-explains-amid-russia-ukraine-war-6876241,Why Do We Fight Wars? NSA Ajit Doval Explains Amid Russia-Ukraine War,National Security Advisor (NSA) Ajit Doval on Friday stressed the critical role of the nation's will in securing lasting peace post-conflict and questioned the core objectives of warfare.,2024-10-26 02:10:48,"https://c.ndtvimg.com/2018-10/39v6j6vo_ajit-doval-pti_625x300_25_October_18.jpg?im=FeatureCrop,algorithm=dnn,width=1200,height=738",NDTV News,0.8505258000015298,13,24,93,20,73
481,Gnews,https://www.news18.com/cricket/on-this-day-in-1952-pakistans-historic-first-test-win-against-india-9097383.html,On This Day In 1952: Pakistan's Historic First Test Win Against India,"Pakistan had won the Test match, played in Lucknow, by an innings and 43 runs. The win laid the foundation for the nation’s emergence as a competitive Test-playing side.",2024-10-26 01:10:26,https://images.news18.com/ibnlive/uploads/2024/10/on-this-day-cricket-india-pakistan-2024-10-4ac30f16e330a41e78d36dc800e151a1-16x9.jpg?impolicy=website&width=1200&height=675,News18,2.8844528975394043e-06,15,32,176,14,66
482,Gnews,https://www.firstpost.com/world/as-pro-west-russia-friendly-forces-contest-georgia-elections-heres-what-at-stake-13829293.html,"As pro-West & Russia-friendly forces contest Georgia elections, here's what at stake","In the 2024 Georgia elections, the future of the nation is at stake as the ruling party favours Russia and the Opposition favours joining the European Union (EU)",2024-10-26 00:26:07,"https://images.firstpost.com/uploads/2024/10/Lebanon-PM-2024-10-1a5d6d4225b95b608eab197cef8e89db.jpg?im=FitAndFill=(1200,675)",Firstpost,2.7532185185779057e-31,27,53,243,7,129
483,Gnews,https://www.devdiscourse.com/article/science-environment/3135818-indias-health-research-revolution-pioneering-innovations-for-a-healthier-nation,India's Health Research Revolution: Pioneering Innovations for a Healthier Nation,"Union Health Minister J P Nadda unveiled new health research initiatives by DHR-ICMR, including the 'First in the World' Challenge, aiming to position India at the forefront of global health innovation. Enhancements under these initiatives include upgraded diagnostic labs, data repositories, and development of rare disease drugs.",2024-10-25 18:03:41,https://www.devdiscourse.com/remote.axd?https://devdiscourse.blob.core.windows.net/aiimagegallery/22_07_2024_08_52_54_9391102.png?width=920&format=jpeg,Devdiscourse,2.7752500065818167e-17,2,19,57,2,17
484,Gnews,https://www.devdiscourse.com/article/headlines/3134982-rss-all-india-executive-council-meeting-shaping-future-initiatives,RSS All India Executive Council Meeting: Shaping Future Initiatives,"The RSS All India Executive Council held a two-day meeting inaugurated by RSS Chief Dr. Mohan Bhagwat at the Deendayal Cow Science Center. The gathering focused on reviewing annual plans, preparations for the centenary year, and addressing pressing socio-political challenges facing the nation with participation from diverse regions.",2024-10-25 09:24:11,https://www.devdiscourse.com/remote.axd?https://devdiscourse.blob.core.windows.net/devnews/25_10_2024_14_54_02_3210738.jpg?width=920&format=jpeg,Devdiscourse,1.7462506820103556e-53,3,21,110,2,31
485,Gnews,https://www.livemint.com/politics/news/joe-rogan-takes-center-stage-in-an-election-season-dominated-by-podcasts-11729844407841.html,Joe Rogan takes center stage in an election season dominated by podcasts,The nation’s No. 1 podcaster is set to host Donald Trump for a taped appearance that could air as soon as Saturday; Kamala Harris’s camp has been in talks to go on the show.,2024-10-24 18:30:00,https://www.livemint.com/lm-img/img/2024/10/25/1600x900/im-02576616_1729844412380_1729844455964.jpg,Livemint,0.00011573929266277106,53,83,449,48,203
486,Gnews,https://www.news18.com/sports/made-our-nation-proud-pm-narendra-modi-lauds-arjun-erigaisi-after-crossing-historic-2800-elo-mark-9100681.html,'Made Our Nation Proud': PM Narendra Modi Lauds Arjun Erigaisi After Crossing Historic 2800 Elo Mark,"The historic achievement garnered the attention of Indian PM Narendra Modi, who shared his heartfelt wishes to the young GM.",2024-10-27 05:29:15,https://images.news18.com/ibnlive/uploads/2024/10/ga33hqjamaam3xa-fotor-20241027105816-2024-10-4cab5d0f03eaf47d968422cbf101323f-16x9.jpg?impolicy=website&width=1200&height=675,News18,0.0008177035092009384,8,41,138,23,44
487,Gnews,https://www.devdiscourse.com/article/education/3136548-pioneering-the-future-isro-chairmans-vision-for-technological-transformation,Pioneering the Future: ISRO Chairman's Vision for Technological Transformation,ISRO Chairman S. Somanathan advocates for a transformative shift in India's economy to achieve global prominence. He emphasizes technological innovation and product development as key drivers and praises Elon Musk for inspiring global advancements. Somanathan encourages the youth to continuously learn and innovate for the nation’s progress.,2024-10-26 14:29:49,https://www.devdiscourse.com/remote.axd?https://devdiscourse.blob.core.windows.net/devnews/25_10_2024_17_04_37_894187.jpg?width=920&format=jpeg,Devdiscourse,1.0438784774954772e-17,3,11,57,3,23
488,Gnews,https://www.devdiscourse.com/article/politics/3137621-political-shift-in-japan-coalition-in-crisis-as-election-results-reshape-future-leadership,Political Shift in Japan: Coalition in Crisis as Election Results Reshape Future Leadership,"Japan's current ruling coalition, led by Prime Minister Shigeru Ishiba, faced a significant setback in recent elections. With no clear frontrunner emerging, political uncertainty looms over the nation's leadership and economic future. The opposition, while gaining seats, remains short of a majority, making government formation complex.",2024-10-28 01:09:29,https://www.devdiscourse.com/remote.axd?https://devdiscourse.blob.core.windows.net/aiimagegallery/02_06_2024_16_06_27_3187843.png?width=920&format=jpeg,Devdiscourse,7.286515213893776e-25,1,21,55,1,19
489,Gnews,https://www.devdiscourse.com/article/headlines/3137608-ecuadors-bold-move-private-investments-to-power-the-nation,Ecuador's Bold Move: Private Investments to Power the Nation,"Ecuador's national assembly approved a bill from President Daniel Noboa to expand private investment in the electricity sector. The legislation, targeting the severe energy crisis, allows projects generating up to 100 megawatts. Despite unanimous backing, some lawmakers noted it won't immediately resolve the crisis worsened by a historic drought.",2024-10-27 23:56:55,https://www.devdiscourse.com/remote.axd?https://devdiscourse.blob.core.windows.net/imagegallery/27_06_2019_18_18_10_5703828.png?width=920&format=jpeg,Devdiscourse,7.343781060018843e-25,5,13,41,1,16
490,Gnews,https://www.devdiscourse.com/article/education/3137205-chinas-demographic-dilemma-a-nation-adapting-to-age-and-scarcity,China's Demographic Dilemma: A Nation Adapting to Age and Scarcity,"China faces a demographic crisis as birth rates and population figures decline sharply, leading to the closure of kindergartens and affecting economic stability. Increased aging population pressures state finances, prompting policy revisions like altering retirement ages and encouraging childbirth.",2024-10-27 12:28:38,https://www.devdiscourse.com/remote.axd?https://devdiscourse.blob.core.windows.net/imagegallery/27_06_2019_16_07_19_543745.jpg?width=920&format=jpeg,Devdiscourse,0.995927488589998,6,19,56,0,25
491,Gnews,https://www.livemint.com/economy/india-woos-swiss-companies-as-100-bn-trade-deal-opens-doors-here-is-why-more-global-firms-are-ditching-china-11730108133727.html,India lures Swiss companies as $100 bn trade deal opens doors. Why more global firms are ditching China,"A $100 billion regional trade deal is expected to further open India to businesses geared towards China. TEPA, signed in March with the European Free Trade Association, provides tariff cuts as an extra incentive to corporates exporting to the nation.",2024-10-28 19:35:16,https://www.livemint.com/lm-img/img/2024/10/28/1600x900/3-0-12026478-chinatrade2-0_1679839520003_1730120993839.jpg,Livemint,1.6043234152252196e-15,26,55,264,16,125
492,Gnews,https://www.firstpost.com/world/harris-trump-offer-little-hope-for-us-cuba-detente-as-election-looms-13829936.html,"Harris, Trump offer little hope for US-Cuba détente as election looms","The US election holds critical implications for Cuba as it grapples with a severe economic crisis, with Trump and Harris taking hardline stances on the island nation",2024-10-28 12:23:02,"https://images.firstpost.com/uploads/2024/10/Untitled-design-16-2024-10-665adf08739c473412b235b3368880a7.jpg?im=FitAndFill=(1200,675)",Firstpost,3.310039632775516e-05,32,70,299,30,133
493,Gnews,https://www.firstpost.com/world/united-states/far-from-the-polls-alaskas-far-flung-native-villagers-struggle-to-cast-their-votes-13830132.html,Far from the polls: Alaska's far flung native villagers struggle to cast their votes,"The shuttered polling station represents just the latest example of persistent voting challenges in Alaska's remote Native villages, a collection of more than 200 far-flung communities that dot the nation's largest state",2024-10-29 06:25:38,"https://images.firstpost.com/uploads/2024/10/Alaska-voting-2024-10-6c77237aa94572f86ba739645aa421d8.jpg?im=FitAndFill=(1200,675)",Firstpost,4.195925950257867e-06,87,151,633,53,281
494,Gnews,https://www.firstpost.com/sports/chirag-chikkara-wrestler-all-you-need-to-know-u-23-world-championships-gold-13830408.html,"Who is Chirag Chikkara, latest Indian wrestler to win gold at U-23 World Championships","On Monday, Chirag Chikkara made the nation proud by winning gold in the men's 57kg category at the U-23 World Championships in Tirana, becoming the second Indian male grappler after Aman Sehrawat and the third Indian overall to win gold at the event.",2024-10-30 01:00:09,"https://images.firstpost.com/uploads/2024/10/Chirag-Chikkara-Indian-Oil-Corp-X-1200-2024-10-6d06825b2542a471670e015fca34f7ca.jpg?im=FitAndFill=(1200,675)",Firstpost,9.232369874384401e-05,24,43,213,16,79
495,Gnews,https://www.devdiscourse.com/article/sports-games/3140202-historic-cricket-series-zimbabwe-hosts-afghanistan-for-unprecedented-test-matches,Historic Cricket Series: Zimbabwe Hosts Afghanistan for Unprecedented Test Matches,"Zimbabwe is set to host Afghanistan in a multi-format cricket series from December to January, featuring the nation's first home Boxing Day and New Year's Tests in 28 years. The series includes T20Is, ODIs and Tests across Harare and Bulawayo, with Afghanistan holding an upper hand in previous encounters.",2024-10-29 18:17:59,https://www.devdiscourse.com/remote.axd?https://devdiscourse.blob.core.windows.net/devnews/29_10_2024_23_47_45_5712622.jpg?width=920&format=jpeg,Devdiscourse,5.592548363783465e-20,2,13,53,2,15
496,Gnews,https://www.devdiscourse.com/article/headlines/3140068-rozgar-mela-empowering-indias-youth-with-government-opportunities,Rozgar Mela: Empowering India's Youth with Government Opportunities,"Union Minister Sarbananda Sonowal, alongside PM Modi, celebrated the Rozgar Mela in Guwahati, where 144 candidates received government appointments. Highlighting PM Modi's leadership, Sonowal emphasized India's growth and self-reliance, urging youth to contribute to nation-building and India's economic rise.",2024-10-29 16:24:26,https://www.devdiscourse.com/remote.axd?https://devdiscourse.blob.core.windows.net/devnews/29_10_2024_21_54_13_730632.jpg?width=920&format=jpeg,Devdiscourse,5.529388714237737e-31,2,14,93,3,25
497,Gnews,https://www.news18.com/world/how-did-the-tiny-nation-of-armenia-become-indias-largest-arms-importer-explainer-9103037.html,How Did The Tiny Nation of Armenia Become India's Largest Arms Importer?,India's arms sales to Armenia will strengthen its economy and signify a strategic alliance aimed at expanding influence in the geopolitically crucial South Caucasus region,2024-10-29 09:11:17,https://images.news18.com/ibnlive/uploads/2024/10/pinaka-2024-10-831f45b8c9579fbc12c19e0ecf823852-16x9.png?impolicy=website&width=1200&height=675,News18,3.807107708719095e-15,26,60,254,14,101
498,Gnews,https://www.indiatvnews.com/news/india/pm-modi-virtually-distributes-over-51000-appointment-letters-under-rozgar-mela-latest-updates-health-cover-under-aayushman-bharat-pojects-luanch-2024-10-29-959403,"PM Modi virtually distributes over 51,000 appointment letters under rozgar mela scheme","Meanwhile, the rozgar Mela highlights the prime minister’s commitment to prioritising employment generation. It will empower the youth by providing them with meaningful opportunities to contribute to nation-building, a statement released by the authority read.",2024-10-29 05:43:12,https://resize.indiatvnews.com/en/resize/newbucket/1200_-/2024/10/modi-1730181020.jpg,India TV News,3.645983938139427e-25,6,13,61,2,19
499,Gnews,https://www.news18.com/india/committed-to-secularism-in-big-ucc-pitch-pm-modi-says-itll-end-discrimination-9105076.html,"'Committed To Secularism': In Big UCC Pitch, PM Modi Says It'll End Discrimination","""India is moving towards One Nation One Civil Code that is a Secular Civil Code,"" PM Modi said",2024-10-31 05:14:04,https://images.news18.com/ibnlive/uploads/2024/10/untitled-design-1-2024-10-b5237a45882bfdf75fe3b1c8627052c8-16x9.png?impolicy=website&width=1200&height=675,News18,4.7640423443696865e-11,14,40,285,19,104
500,Gnews,https://www.indiatvnews.com/news/india/pm-modi-in-gujarat-says-govt-is-trying-to-put-in-place-one-nation-one-secular-civil-code-vallabh-bhai-patel-jayanti-ekata-divas-latest-updates-2024-10-31-959655,"'Govt is trying to put in place ‘one nation, one secular civil code’: PM Modi in Gujarat","Speaking at the Rashtriya Ekta Diwas celebration in Kevadia, Gujarat, PM Modi stated that after the success of One Nation One Identity Card, One Nation One Ration Card, and One Nation One Health Insurance, now the government is working towards bringing One Nation One Election.",2024-10-31 04:59:47,https://resize.indiatvnews.com/en/resize/newbucket/1200_-/2024/10/pm-td-1730348397.jpg,India TV News,0.005795889730655564,18,29,184,24,97
501,Gnews,https://www.devdiscourse.com/article/entertainment/3141638-celebrating-the-iron-man-sardar-vallabhbhai-patels-legacy-on-national-unity-day,Celebrating the Iron Man: Sardar Vallabhbhai Patel's Legacy on National Unity Day,"The Indian nation commemorated the birth anniversary of Sardar Vallabhbhai Patel, known as the Iron Man of India, honoring his legacy of national unity. Notable figures from politics paid their respects, reflecting on Patel's pivotal role in unifying the nation and his enduring influence on India's history.",2024-10-31 02:18:36,https://www.devdiscourse.com/remote.axd?https://devdiscourse.blob.core.windows.net/devnews/14_10_2024_17_10_43_5255057.jpg?width=920&format=jpeg,Devdiscourse,2.6097825218047373e-05,9,11,76,6,17
502,Gnews,https://www.devdiscourse.com/article/politics/3141633-bolivias-roads-in-turmoil-arce-vs-morales,Bolivia's Roads in Turmoil: Arce vs. Morales,"Bolivian President Luis Arce urged an end to highway blockades crippling the nation. The blockades, organized by ex-President Evo Morales' supporters, have cost $1.7 billion and injured 70 people. Arce's call for normalcy highlights tensions with Morales, who accused Arce of avoiding dialogue. Arce's government denied involvement in alleged attacks on Morales.",2024-10-31 02:05:26,https://www.devdiscourse.com/remote.axd?https://devdiscourse.blob.core.windows.net/imagegallery/29_02_2020_16_55_29_8451536.jpg?width=920&format=jpeg,Devdiscourse,4.302265110137248e-12,1,7,43,4,27
503,Gnews,https://www.indiatvnews.com/news/india/pm-modi-greets-nation-on-deepawali-says-i-wish-everyone-healthy-happy-and-prosperous-life-latest-updates-2024-10-31-959642,"'I wish everyone healthy, happy, and prosperous life': PM Modi greets nation on Deepawali","Prime Minister Narendra Modi extended greetings to the nation on the occasion of Diwali. The PM wished them a healthy, happy, and prosperous life.",2024-10-31 01:42:42,https://resize.indiatvnews.com/en/resize/newbucket/1200_-/2024/10/pm-3-1730338759.jpg,India TV News,1.5308451508256439e-12,11,38,173,10,44
504,Gnews,https://www.firstpost.com/world/united-states/washington-dc-a-capital-without-statehood-and-its-unique-voter-dynamics-13826797.html,Washington DC: A capital without statehood and Its unique voter dynamics,"As the nation’s capital, Washington DC exemplifies the challenges of representation in a democracy where a strong voter base seeks equality and recognition in the political arena",2024-10-31 00:30:31,"https://images.firstpost.com/uploads/2024/10/Andrew-Jackson-2-Reuters-2024-10-948900c6fb7b98e1ea51860bdd268a68.jpg?im=FitAndFill=(1200,675)",Firstpost,8.468092223362025e-07,24,44,150,11,46
505,Gnews,https://www.devdiscourse.com/article/science-environment/3141606-taiwan-braces-for-super-typhoon-kong-rey-largest-storm-in-30-years,Taiwan Braces for Super Typhoon Kong-rey: Largest Storm in 30 Years,"Taiwan is on high alert as Super Typhoon Kong-rey approaches. The nation has shut down entirely, with financial markets closed and flights canceled. The typhoon, the largest in three decades, threatens the east coast with strong winds and heavy rain, prompting evacuations and military readiness.",2024-10-30 23:29:00,https://www.devdiscourse.com/remote.axd?https://devdiscourse.blob.core.windows.net/imagegallery/27_06_2019_18_29_38_8242443.jpg?width=920&format=jpeg,Devdiscourse,7.749971732995305e-25,3,16,50,2,28
506,Gnews,https://www.firstpost.com/world/at-least-95-dead-as-spain-witnesses-deadliest-flood-in-three-decades-13830744.html,At least 95 dead as Spain witnesses deadliest floods in three decades,"Spain’s Prime Minister Pedro Sánchez, called for unity, solidarity and vigilance at the time of crisis after 95 people lost their lives in the deadly floods that rocked the European nation",2024-10-30 22:54:11,"https://images.firstpost.com/uploads/2024/10/3708-2024-10-7b3d1c941de3ab5766115a8e26cadf2b.jpg?im=FitAndFill=(1200,675)",Firstpost,3.3875359962413516e-14,15,46,197,11,89
507,Gnews,https://www.livemint.com/news/us-news/us-presidential-election-2024-arnold-schwarzenegger-endorses-kamala-harris-and-tim-walz-11730304380535.html,US Election 2024: Arnold Schwarzenegger breaks silence: Why he’s voting for Kamala Harris,"Arnold Schwarzenegger, the action star turned politician, opens up about his frustrations with today’s political landscape and why he believes it’s time for a change. Find out why he’s backing Harris and Walz in a tweet that’s causing a stir across the nation.",2024-10-30 21:49:09,https://www.livemint.com/lm-img/img/2024/10/30/1600x900/US-TECHNOLOGY-COMPUTERS-WSJ-20_1698344484973_1730305135058.jpg,Livemint,0.9997624150610074,23,48,177,56,123
508,Gnews,https://indianexpress.com/article/news-today/syed-ahmad-khan-amu-founder-uae-india-9647334/,‘Celebrating the legacy of Syed Ahmad Khan’: AMU V-C attends founder’s day event in UAE,"In her address, Dr. Khatoon stated, “In celebrating Sir Syed Day with our esteemed alumni here in the UAE, we honor not just the legacy of Sir Syed Ahmad Khan but also the profound connections that bind us to this remarkable nation.”",2024-10-31 09:57:55,https://images.indianexpress.com/2024/10/Untitled-design-7-12.jpg,The Indian Express,2.2593483562948548e-09,22,39,228,16,82
509,Gnews,https://indianexpress.com/article/upsc-current-affairs/upsc-essentials/sarder-vallabhbhai-patel-national-unity-day-the-great-unifier-of-india-upsc-9644334/,Remembering the great unifier of India,"Sardar Vallabhbhai Patel, India's 'Iron Man', played a pivotal role in unifying the nation, shaping its administration, and drafting the Constitution. He is remembered for integrating over 500 princely states and establishing the All India Services.",2024-10-31 05:45:11,https://images.indianexpress.com/2024/10/Sarder-Patel-Remembering-the-great-unifier-of-India.jpg,The Indian Express,0.02242700531378775,31,80,393,46,148
510,Gnews,https://indianexpress.com/article/live-news/daily-briefing-top-news-today-9648047/,Daily Briefing: The MI magic behind IPL 2025 retentions,"In today’s edition: What Indian firms on US sanctions list do; PM Modi on ‘one nation, one secular civil’ code; A key pattern in cyber fraud cases",2024-11-01 04:15:27,https://images.indianexpress.com/2024/10/daily-briefing-14.jpg,The Indian Express,6.574888843641506e-06,31,87,370,34,129
511,Gnews,https://www.devdiscourse.com/article/science-environment/3142462-spains-deadly-deluge-a-call-for-climate-action,Spain's Deadly Deluge: A Call for Climate Action,"Devastating flash floods in eastern Spain have resulted in over 155 deaths, marking the nation's worst flood-related disaster in modern history. Rapid climate change and inadequate warnings are blamed for the severity of the catastrophe. Authorities face criticism for slow response strategies.",2024-10-31 17:59:22,https://www.devdiscourse.com/remote.axd?https://devdiscourse.blob.core.windows.net/aiimagegallery/16_07_2024_21_28_21_162617.png?width=920&format=jpeg,Devdiscourse,6.90907994786341e-39,3,11,37,1,21
512,Gnews,https://www.devdiscourse.com/article/law-order/3143658-singapore-advocates-for-humanitarian-ceasefire-in-gaza-amid-aid-efforts,Singapore Advocates for Humanitarian Ceasefire in Gaza Amid Aid Efforts,"Singapore, amidst the Israel-Palestine conflict, is pushing for a humanitarian ceasefire in Gaza and the release of hostages. The nation has raised significant funds for humanitarian aid, collaborating with various international partners to provide essential relief to affected populations.",2024-11-02 02:25:40,https://www.devdiscourse.com/remote.axd?https://devdiscourse.blob.core.windows.net/aiimagegallery/08_07_2024_08_30_10_8042769.png?width=920&format=jpeg,Devdiscourse,1.127148779608147e-20,4,17,77,3,24
513,Gnews,https://theprint.in/opinion/pov/india-gets-unfairly-bashed-for-unhygienic-street-food-bangkok-new-york-no-different/2338647/,"India gets unfairly bashed for unhygienic street food. Bangkok, New York are no different","Indian cuisine is rooted in fresh ingredients, rich spices with antimicrobial properties, and time-tested cooking methods. We are not a freeze-and-serve fast food nation.",2024-11-02 03:40:58,https://static.theprint.in/wp-content/uploads/2023/06/Sita-Ram-Diwan-Chand-copy.jpg,ThePrint,0.3110797168085532,44,92,295,51,157
514,Gnews,https://www.devdiscourse.com/article/science-environment/3144106-spains-deadliest-flash-floods-a-nation-under-water,Spain's Deadliest Flash Floods: A Nation Under Water,"Spain is grappling with its deadliest flash floods in modern history, with at least 214 fatalities reported in Valencia. The government has deployed 7,500 army troops for rescue operations. The tragedy is Europe's worst flood-related disaster since 1967. Climate change is cited as a contributing factor.",2024-11-02 22:20:21,https://www.devdiscourse.com/remote.axd?https://devdiscourse.blob.core.windows.net/aiimagegallery/16_07_2024_21_28_21_162617.png?width=920&format=jpeg,Devdiscourse,4.6869593236291823e-32,1,12,38,1,16
515,Gnews,https://indianexpress.com/article/opinion/columns/tavleen-singh-writes-uniformity-thats-not-needed-9650436/,Tavleen Singh writes: Uniformity that’s not needed,"If we continue to celebrate the different cultures and beliefs that exist in our many-hued land, India will continue to remain united. Uniformity is not something India wants or needs, so please, Prime Minister, can you stop banging on about ‘one nation, one law, one ration card’.",2024-11-02 21:30:49,https://images.indianexpress.com/2024/11/stat-Modi3-4col.jpg,The Indian Express,0.888115958517113,51,87,228,58,176
516,Gnews,https://www.deccanchronicle.com/sunday-chronicle/digi-arrest-fear-grips-the-nation-1834915,Digi Arrest fear grips the nation,"As ‘Digi Arrest’ scams witness an exponential rise across the country, cyber experts caution of possible pitfalls",2024-11-02 18:30:00,https://www.deccanchronicle.com/h-upload/2024/11/02/1858519-untitleddesign1.jpg,Deccan Chronicle,5.038744356537925e-06,37,76,292,25,134
517,Gnews,https://www.devdiscourse.com/article/international/3144074-uae-secures-historic-seat-on-iec-board-becoming-first-arab-nation-elected,"UAE Secures Historic Seat on IEC Board, Becoming First Arab Nation Elected","The UAE has made history as the first Arab country to be elected to the International Electrotechnical Commission (IEC) Board for 2025-2027. This reflects the UAE's efforts to enhance quality infrastructure, support industry growth, and integrate global standards, as part of its national industrial strategy.",2024-11-02 18:28:34,https://www.devdiscourse.com/remote.axd?https://devdiscourse.blob.core.windows.net/devnews/02_11_2024_23_58_28_5615791.jpeg?width=920&format=jpeg,Devdiscourse,0.9999988152129886,3,17,93,0,21
518,Gnews,https://www.devdiscourse.com/article/politics/3144172-kamala-harris-beacon-of-hope-for-india-us-relations,Kamala Harris: Beacon of Hope for India-US Relations,"Neil Makhija, an Indian-origin Democratic leader, emphasizes the significance of the India-US partnership. He advocates for Kamala Harris as a potential US president recognizing its importance. Makhija criticizes Trump's immigration policies and underscores Harris's efforts for immigration reform, from H1B visas to fostering an inclusive nation.",2024-11-03 04:47:37,https://www.devdiscourse.com/remote.axd?https://devdiscourse.blob.core.windows.net/aiimagegallery/29_07_2024_08_46_01_1632132.png?width=920&format=jpeg,Devdiscourse,1.09297365368967e-06,0,15,39,4,14
519,Gnews,https://www.devdiscourse.com/article/science-environment/3143932-spains-deadliest-floods-a-nations-response,Spain's Deadliest Floods: A Nation's Response,"Spain has experienced its deadliest flash floods, claiming at least 211 lives in Valencia, with several still missing. In response, the government has deployed 7,500 troops for search and clean-up operations, marking the largest military action in peacetime. Volunteers are actively aiding recovery efforts.",2024-11-02 11:31:10,https://www.devdiscourse.com/remote.axd?https://devdiscourse.blob.core.windows.net/aiimagegallery/15_08_2024_12_36_08_6763813.png?width=920&format=jpeg,Devdiscourse,3.344054116745766e-79,3,16,68,1,31
520,Gnews,https://theprint.in/opinion/great-speeches/neither-retaliation-nor-revenge-sardar-patels-appeal-for-peace-after-partition-violence/2339739/,Sardar Patel call for peace after Partition violence-don't retaliate,"On 12 September 1947, deputy PM Vallabhbhai Patel addressed the nation 'with a heavy heart and in obedience to the call of duty' to call for an end to the communal violence and unspeakable brutalities.",2024-11-03 06:19:49,https://static.theprint.in/wp-content/uploads/2020/01/425px-Jawaharlal_Nehru_with_Sardar_Vallabhbhai_Patel.jpg,ThePrint,0.996608870520107,65,92,280,88,225
522,Gnews,https://www.news18.com/politics/actor-politician-vijays-party-tvk-opposes-one-nation-one-election-9107986.html,Actor-Politician Vijay's Party TVK Opposes 'One Nation One Election',"In one of the resolutions, the TVK opposed the ‘One Nation, One Election’ proposal of the BJP while also another resolution was passed against the NEET. The TVK said that they want to abolish the NEET and revert the state list.",2024-11-03 15:47:54,https://images.news18.com/ibnlive/uploads/2024/11/untitled-design-25-2024-11-70e88e2f10d314b46921258e09187aa5-16x9.png?impolicy=website&width=1200&height=675,News18,5.396334134957082e-12,16,35,221,14,85
523,Gnews,https://www.theweek.in/news/india/2024/11/03/actor-vijays-tvk-passes-resolution-slamming-ruling-dmk-bjp-opposes-neet-waqf-bill.html,"Actor Vijay’s TVK passes resolution slamming ruling DMK, BJP; opposes NEET, Waqf Bill","Actor Vijay’s Tamilaga Vettri Kazhagam passed resolutions on Sunday slamming the ruling parties in the Centre and State. The party opposed ‘One nation, One election’ and NEET in the first executive meeting held after its first state conference in Vikravandi recently.",2024-11-02 18:30:00,https://www.theweek.in/content/dam/week/week/news/india/images/2024/10/27/vijay-tvk-party-conference-pti.jpg,THE WEEK,1.1337544751458812e-15,7,10,107,6,35
525,Gnews,https://www.firstpost.com/world/united-states/trump-vs-harris-what-sales-of-flags-pins-and-posters-say-about-the-election-13831942.html,"Trump vs Harris: What sales of flags, pins and posters say about the election","In a nation where election campaigns are as much about branding as they are about policies, campaign merchandise offers a lens into the spirit of American elections",2024-11-04 21:00:35,"https://images.firstpost.com/uploads/2024/11/Trump_Merchandise1200Reu-2024-11-9030e65ea3be05ba0bfbfdb40aa0d321.jpg?im=FitAndFill=(1200,675)",Firstpost,3.0615043327509172e-09,38,58,232,16,92
526,Gnews,https://www.firstpost.com/world/united-states/trump-vs-harris-will-abortion-rights-be-the-deciding-factor-in-swing-states-13831873.html,Trump vs Harris: Will abortion rights be the deciding factor in swing states?,"As the nation approaches the polls, abortion rights fuel rallies and political divides in the fight for the White House",2024-11-04 20:00:01,"https://images.firstpost.com/uploads/2024/11/Abortion_US1200Reu-2024-11-bc37ca7727aa48566fb126e6929b28f7.jpg?im=FitAndFill=(1200,675)",Firstpost,9.35316798047725e-05,36,74,303,32,132
527,Gnews,https://www.firstpost.com/world/palau-votes-to-decide-fate-of-pro-us-president-china-inflation-and-american-military-top-issues-13831978.html,"Palau votes to decide fate of pro-US president; China, inflation and American military top issues","Palau, a Pacific nation, with some 20,000 people is voting today to elect a new president. The results would be known sometime after November 12",2024-11-05 03:17:07,"https://images.firstpost.com/uploads/2024/11/President-of-Palau-Surangel-Whipps-Jr-2024-11-3aef75e8fb617f4a499f45c3dcf5dc32-1200x675.jpg?im=FitAndFill=(1200,675)",Firstpost,2.9666415587465797e-18,25,66,246,11,111
528,Gnews,https://www.devdiscourse.com/article/law-order/3145211-vp-dhankhar-calls-for-public-administration-reform-to-reflect-indian-values-end-colonial-legacy,"VP Dhankhar Calls for Public Administration Reform to Reflect Indian Values, End Colonial Legacy","The Vice-President referenced Prime Minister Narendra Modi’s “Panch Pran,” or five resolves for India’s growth, laid out in 2022, urging a nation free from colonial mindsets.",2024-11-04 16:45:50,https://www.devdiscourse.com/remote.axd?https://devdiscourse.blob.core.windows.net/devnews/04_11_2024_15_46_54_4271925.jfif?width=920&format=jpeg,Devdiscourse,1.7382005754929507e-06,5,59,152,14,68
529,Gnews,https://www.firstpost.com/world/united-states/the-non-americans-guide-to-americas-big-2024-election-day-13832315.html,The non-Americans' guide to America's big 2024 election day,"As millions cast their ballots, the nation holds its breath for a new chapter",2024-11-05 17:08:34,"https://images.firstpost.com/uploads/2024/11/Voting_US1200AP3-2024-11-19555d7ad27290a886baded80267eb35.jpg?im=FitAndFill=(1200,675)",Firstpost,0.007705374682899639,49,98,387,45,191
530,Gnews,https://www.news18.com/india/madrasas-serve-the-nation-up-clerics-muslim-bodies-hail-apex-court-verdict-9110110.html,"‘Madrasas Serve The Nation’: UP Clerics, Muslim Bodies Hail Apex Court Verdict",The Supreme Court on Tuesday upheld the constitutional validity of the UP Board of Madrasa Education Act 2004,2024-11-05 13:56:11,https://images.news18.com/ibnlive/uploads/2024/11/mixcollage-05-nov-2024-11-57-am-2565-2024-11-98945ecffb1d8852368c2434f75232aa-16x9.jpg?impolicy=website&width=1200&height=675,News18,2.381792508809093e-25,20,68,375,14,119
531,Gnews,https://www.indiatvnews.com/news/india/parliament-winter-session-to-be-held-from-november-25-to-december-20-kiren-rijiju-parliamentary-affairs-minister-latest-updates-2024-11-05-960241,Parliament winter session to be held from November 25 to December 20,"Significantly, during the winter session, a raging discussion supposedly to be around the 'One Nation, One Election' proposal and Waqf (Amendment) Bill, 2024, will be held.",2024-11-05 10:26:07,https://resize.indiatvnews.com/en/resize/newbucket/1200_-/2024/11/pti05-26-2023-000075b-1730802687.jpg,India TV News,1.299168349716868e-09,8,17,112,9,46
532,Gnews,https://www.firstpost.com/opinion/opinion-canada-going-the-pakistan-way-deal-with-it-the-way-india-has-dealt-with-a-terror-state-13832147.html,Opinion | Canada going the Pakistan way: Deal with it the way India has dealt with a terror state,"The Indian leadership must make it clear to Canada, and its ‘Fives Eyes’ friends, that there cannot be a normal relationship with a terror-sponsoring nation",2024-11-05 10:01:35,"https://images.firstpost.com/uploads/2024/11/ANI-1-2024-11-050cd328efd61a3db0d57af75d3a9e89.jpg?im=FitAndFill=(1200,675)",Firstpost,1.1630722383221157e-05,70,98,391,40,202
533,Gnews,https://www.indiatvnews.com/news/world/us-elections-2024-beigns-in-new-hampshire-election-day-traditional-midnight-vote-video-2024-11-05-960223,Small New Hampshire town kicks off US Election Day with its traditional midnight vote,"Just after midnight, the town's six registered voters gathered in the Tillotson Room at the Balsams Resort to cast the nation's first ballots on Election Day, continuing a 60-year tradition of being among the earliest to vote.",2024-11-05 08:15:35,https://resize.indiatvnews.com/en/resize/newbucket/1200_-/2024/11/a-man-votes-in-the-2024-u-1730794504.jpg,India TV News,0.9999488421925228,15,20,87,24,54
534,Gnews,https://www.theweek.in/news/sci-tech/2024/11/05/indian-on-the-moon-by-2040-a-powerful-inspiration-for-next-generation-isro-chief-somanath.html,"Indian on the moon by 2040 'a powerful inspiration for next generation', says ISRO chief Somanath","The nation’s goal of landing an Indian on the moon by 2040 “underscores our dedication to human space exploration and a powerful inspiration for the next generation,” said ISRO chief S. Somanath. He was talking at the third edition of the Indian Space Conclave, organised by the Indian Space Association (ISpA), which kicked off in Delhi on Tuesday.",2024-11-04 18:30:00,https://www.theweek.in/content/dam/week/week/news/sci-tech/images/2024/11/5/somanath.jpeg,THE WEEK,2.8467805475965722e-05,16,44,146,12,71
535,Gnews,https://www.devdiscourse.com/article/politics/3146728-historic-showdown-trump-vs-harris-in-pivotal-presidential-race,Historic Showdown: Trump vs. Harris in Pivotal Presidential Race,"The nation witnesses one of its most significant presidential races, with voters deciding between Donald Trump and Kamala Harris. Key races in Virginia, Georgia face attention as early voting trends emerge. Bomb threats disrupt Atlanta polling, while Pennsylvania officials refute Trump's cheating claims.",2024-11-06 00:41:03,https://www.devdiscourse.com/remote.axd?https://devdiscourse.blob.core.windows.net/aiimagegallery/28_05_2024_19_33_10_0747319.png?width=920&format=jpeg,Devdiscourse,1.471700738382023e-58,3,9,55,1,17
536,Gnews,https://www.news18.com/india/one-rank-one-pension-key-for-reaffirming-nations-gratitude-to-its-heroes-pm-modi-9111940.html,One Rank One Pension Key For Reaffirming Nation's Gratitude To Its Heroes: PM Modi,"Modi praises the implementation of 'One Rank One Pension' (OROP), a landmark initiative to honour veterans",2024-11-07 05:09:22,https://images.news18.com/ibnlive/uploads/2024/10/untitled-design-1-2024-10-b5237a45882bfdf75fe3b1c8627052c8-16x9.png?impolicy=website&width=1200&height=675,News18,0.9986454655513592,4,15,114,20,52
537,Gnews,https://theprint.in/india/taiwan-firms-investing-big-in-tamil-nadu-creating-tens-of-thousands-of-factory-jobs-whats-driving-it/2344630/,"Taiwan firms investing big in Tamil Nadu, creating tens of thousands of factory jobs. What's driving it","Taiwanese companies are making a beeline for Tamil Nadu, while the state is also reaching out to East Asian nation, especially in sectors such as electronics and non-leather footwear.",2024-11-07 03:59:17,https://static.theprint.in/wp-content/uploads/2024/11/Foxconn.jpg,ThePrint,3.945677156100283e-08,20,83,348,27,117
538,Gnews,https://www.devdiscourse.com/article/politics/3148291-americas-mirror-trumps-return-reflects-nations-divisions,America's Mirror: Trump's Return Reflects Nation's Divisions,"The recent American presidential elections revealed deep divides within the country, with Donald Trump securing a victory in key states. His campaign, marked by controversial and divisive rhetoric, resonated with many Americans concerned about democracy and seeking drastic changes in governance. Trump's return signals potential upheavals in political norms and institutions.",2024-11-07 01:23:00,https://www.devdiscourse.com/remote.axd?https://devdiscourse.blob.core.windows.net/aiimagegallery/24_05_2024_10_33_28_9373693.png?width=920&format=jpeg,Devdiscourse,9.838939167338827e-08,1,15,49,3,18
539,Gnews,https://www.devdiscourse.com/article/politics/3148280-donald-trumps-triumph-the-badass-comeback-of-america,Donald Trump's Triumph: The Badass Comeback of America,"Entrepreneur-turned-politician Vivek Ramaswamy lauded Donald Trump's recent election victory as an American resurgence. Trump, 78, secured both the popular and electoral college votes, ensuring Republican control of Congress. Ramaswamy highlighted Trump's resilience and self-belief, likening his comeback to that of the nation itself.",2024-11-06 22:47:45,https://www.devdiscourse.com/remote.axd?https://devdiscourse.blob.core.windows.net/devnews/06_11_2024_22_02_14_0639452.jpg?width=920&format=jpeg,Devdiscourse,1.4365809537784118e-14,3,14,45,2,17
540,Gnews,https://www.firstpost.com/world/german-chancellor-olaf-scholz-fires-finance-minister-ends-nations-three-party-coalition-govt-13832844.html,"German Chancellor Olaf Scholz fires finance minister, ends nation's three-party coalition govt","The decision followed weeks of intense disputes within the coalition, comprised of Scholz’s Social Democrats, finance minister Christian Lindner’s Free Democrats, and the Greens",2024-11-06 20:32:15,"https://images.firstpost.com/uploads/2024/10/German-Chancellor-Olaf-Scholz-2024-10-2d6f828f96dbc2d995597236090dda52-1200x675.jpg?im=FitAndFill=(1200,675)",Firstpost,1.6852933705400315e-18,9,35,140,7,64
541,Gnews,https://www.livemint.com/companies/news/adani-power-bangladesh-adani-group-india-bangladesh-power-trade-bangladesh-power-crisis-india-bangladesh-relations-11730887696683.html,Adani group to resume power to Bangladesh under new terms. But readies a backup.,Bangladesh agreed to fresh repayment terms just in time to continue receiving electricity from Adani Power’s Jharkhand plant—a deal that had played a key role in India-Bangladesh ties during the neighbouring nation’s earlier regime.,2024-11-06 18:30:00,https://www.livemint.com/lm-img/img/2024/11/06/1600x900/Adani_power_deal_Bangladesh_price_supply_news_1728627463787_1730901652985.jpg,Livemint,2.0052377916886345e-18,27,92,377,17,165
542,Gnews,https://www.news18.com/explainers/as-donald-trump-set-to-return-to-white-house-why-us-china-economic-war-could-be-a-possibility-9110946.html,"As Donald Trump Returns To White House, Why US-China Economic War Could Be A Possibility",Analysts believe Donald Trump will impose massive tariffs on China. These could be 60% across the board or even higher in the event that he eliminates China’s Most Favoured Nation status,2024-11-06 11:34:47,https://images.news18.com/ibnlive/uploads/2024/07/reuters-xi-jinping-note-donald-trump-2024-07-cb2dcf493d92a02a4570de5701c87dbd-16x9.jpg?impolicy=website&width=1200&height=675,News18,3.6831415552166523e-07,46,89,368,31,172
543,Gnews,https://www.devdiscourse.com/article/international/3149439-biden-acknowledges-trumps-unexpected-presidential-victory-calls-for-unity,"Biden Acknowledges Trump's Unexpected Presidential Victory, Calls for Unity","Outgoing President Joe Biden addressed Americans after Donald Trump clinched a notable victory in the presidential election. Biden emphasized the importance of a peaceful transition, urging Americans to respect the electoral outcome and unite as a nation. He praised Kamala Harris's campaign and affirmed U.S. democracy's enduring strength.",2024-11-07 17:53:00,https://www.devdiscourse.com/remote.axd?https://devdiscourse.blob.core.windows.net/devnews/07_11_2024_23_22_51_450676.jpg?width=920&format=jpeg,Devdiscourse,0.000290062303181111,6,20,60,7,28
544,Gnews,https://www.firstpost.com/world/united-states/the-day-after-its-a-divided-united-states-in-uncharted-waters-13833129.html,The day after: It's a divided United States in uncharted waters,"As America grapples with the fallout of a divisive election, Kamala Harris concedes with a message of resilience, while Trump's victory stirs both celebration and unease, leaving the nation—and the world—on edge",2024-11-07 17:30:31,"https://images.firstpost.com/uploads/2024/10/reuters-white-house-2024-10-f44e196b3838f5b9391b5cdd55255eed.jpg?im=FitAndFill=(1200,675)",Firstpost,0.9663279720094475,46,89,361,66,220
545,Gnews,https://www.firstpost.com/world/united-states/biden-addresses-nation-after-harriss-loss-focuses-on-peaceful-transition-of-power-not-giving-up-13833214.html,"Biden addresses nation after Harris's loss: Talks of peaceful transition, makes veiled attacks at Trump","Speaking at the Rose Garden on Thursday (November 7), Biden said that he spoke to President-elect Trump, congratulated him on the victory, and assured him that ""I would direct my entire administration to work with his team to ensure a smooth and orderly transition"".",2024-11-07 16:35:35,"https://images.firstpost.com/uploads/2024/11/Joe-Biden-speech-2024-11-0fe3e1c5dc75058bbf3b341c024d29dc.jpg?im=FitAndFill=(1200,675)",Firstpost,0.991404982596951,10,32,128,26,65
546,Gnews,https://www.firstpost.com/world/un-to-complete-mali-mission-withdrawal-by-mid-november-13833174.html,UN to complete Mali mission withdrawal by mid-November,"United Nations had previously maintained around 15,000 soldiers and police in the fragile and poor West African nation, which is in the grip of jihadist violence and other crises",2024-11-07 14:19:49,"https://images.firstpost.com/uploads/2024/11/Untitled-design-2024-11-07T194913.856-2024-11-ad0a5dd16c457366ba43205420295946.jpg?im=FitAndFill=(1200,675)",Firstpost,2.925201784818235e-34,8,31,105,3,51
547,Gnews,https://www.devdiscourse.com/article/headlines/3147708-solomon-islands-faces-economic-crossroads-report-highlights-path-to-growth,Solomon Islands Faces Economic Crossroads: Report Highlights Path to Growth,"The Solomon Islands Country Economic Memorandum, published by the World Bank, outlines critical growth strategies for the nation, focusing on improving transport and digital connectivity, enhancing private sector potential, and unlocking the potential of agriculture, tourism, and fisheries. It emphasizes that without reform, the Solomon Islands may struggle to reach economic targets.",2024-11-08 05:36:37,https://www.devdiscourse.com/remote.axd?https://devdiscourse.blob.core.windows.net/devnews/06_11_2024_17_52_58_7286994.png?width=920&format=jpeg,Devdiscourse,1.3123966535769401e-30,19,119,341,6,121
548,Gnews,https://www.indiatvnews.com/sports/cricket/india-vs-south-africa-live-telecast-when-and-where-to-watch-sa-vs-ind-t20i-series-on-tv-and-streaming-in-india-2024-11-07-960471,India vs South Africa Live: When and where to watch SA vs IND T20I series on TV and streaming in India?,India will take on South Africa in a short four-match T20 series that lasts a week at best. The series begins in Durban with the T20 World Champions set to tour the whole rainbow nation. India have called up three players for the first time in T20Is while the Proteas will see their seniors return.,2024-11-08 04:30:01,https://resize.indiatvnews.com/en/resize/newbucket/1200_-/2024/11/gdfgb-1730997639.jpg,India TV News,8.666065809233548e-28,7,19,178,6,36
549,Gnews,https://timesofindia.indiatimes.com/blogs/toi-edit-page/stories-red-or-blue-message-i-hate-you-2/,"Stories, red or blue. Message: I hate you","The election is definitively won, but the nation feels itself tearing at the seams. Rift between Red and Blue America, between the right and left, seems impassable. A Great Disorder: National Myth and the Battle...",2024-11-09 01:54:10,https://static.toiimg.com/imagenext/toiblogs/photo/blogs/wp-content/uploads/2024/11/Stories-Red-Or-Blue.Message_-I-Hate-You-scaled.jpeg,Times of India,1.9942107920250535e-07,15,80,193,12,90
550,Gnews,https://indianexpress.com/article/cities/ahmedabad/gujarat-cm-india-growth-economy-9660854/,CM: Gujarat will lead India’s growth to become a $3.5 trillion economy by 2047,"He highlighted Prime Minister Narendra Modi’s Viksit Bharat vision of making India a developed nation by 2047, positioning Gujarat as a key driver in this mission.",2024-11-09 00:32:28,https://images.indianexpress.com/2024/11/Guj.jpg,The Indian Express,6.979286099406612e-15,4,36,170,11,73
551,Gnews,https://timesofindia.indiatimes.com/travel/destinations/turkmenistan-a-land-of-white-cars-marble-cities-and-strict-laws/articleshow/115084144.cms,"Turkmenistan: A land of white cars, marble cities, and strict laws","Turkmenistan, a secretive Central Asian nation, presents a unique blend of stringent laws and architectural marvels. The capital city, Ashgabat, showcases an abundance of white marble buildings, a testament to the former president's aesthetic vision. However, the city's pristine facade belies a tightly controlled environment, with limited internet access and a noticeable absence of public life.",2024-11-09 03:30:00,"https://static.toiimg.com/thumb/msid-115084144,width-1070,height-580,resizemode-75,imgsize-11283190,pt-32,y_pad-40/115084144.jpg",Times of India,0.0024192381397763175,49,55,140,18,78
552,Gnews,https://www.deccanchronicle.com/world/beyonc-leads-the-2025-grammy-noms-becoming-the-most-nominated-artist-in-the-shows-history-1836614,"Beyoncé leads the 2025 Grammy noms, becoming the most nominated artist in the show’s history","New York: Welcome to Beyoncé country. When it comes to the 2025 Grammy Award nominations, “Cowboy Carter” rules the nation. She leads the nods with 11, bringing her career total to 99 nominations....",2024-11-08 19:48:00,https://www.deccanchronicle.com/h-upload/2024/11/08/1860692-12.jpg,Deccan Chronicle,0.024049277880707823,52,101,475,62,167
553,Gnews,https://www.devdiscourse.com/article/politics/3151706-us-ramps-up-missile-deliveries-to-ukraine-amid-escalating-tensions,U.S. Ramps Up Missile Deliveries to Ukraine Amid Escalating Tensions,"The United States is set to deliver over 500 interceptor missiles to Ukraine in the coming weeks, accelerating military aid to the war-torn nation. The delivery aims to strengthen Ukraine's defense capabilities and comes amidst growing confrontations between Russia and Western nations.",2024-11-10 01:15:46,https://www.devdiscourse.com/remote.axd?https://devdiscourse.blob.core.windows.net/imagegallery/29_02_2020_16_53_54_7540817.jpg?width=920&format=jpeg,Devdiscourse,2.4890926850048554e-30,6,9,62,2,20
554,Gnews,https://indianexpress.com/article/india/sukhu-whoever-says-ek-hain-to-safe-hain-modi-9662085/,Whoever says ‘ek hain to safe hain’ can’t keep nation together: Himachal CM Sukhu targets Modi,"""The Congress ideology has laid a strong foundation for a progressive India with its prime ministers implementing policies prioritising national interests"", said Sukhu.",2024-11-09 21:58:24,https://images.indianexpress.com/2024/08/Untitled-design-53-3.jpg,The Indian Express,0.0005440081391583666,6,7,69,6,20
555,Gnews,https://www.devdiscourse.com/article/politics/3152464-vivek-ramaswamy-backs-trumps-immigration-strategy,Vivek Ramaswamy Backs Trump's Immigration Strategy,"Vivek Ramaswamy, a prominent Indian-American supporter of Donald Trump, advocates for the mass deportation of illegal immigrants, emphasizing the need to restore legal immigration. He underscores Trump's focus on uniting the nation post-election and highlights the Republican Party's evolving multi-ethnic coalition committed to constitutional principles.",2024-11-11 00:50:27,https://www.devdiscourse.com/remote.axd?https://devdiscourse.blob.core.windows.net/devnews/16_07_2024_09_23_21_2876611.jpg?width=920&format=jpeg,Devdiscourse,1.0511293086057634e-05,5,18,60,6,24
556,Gnews,https://www.devdiscourse.com/article/politics/3152451-haitis-leadership-shuffle-a-nation-in-crisis,Haiti's Leadership Shuffle: A Nation in Crisis,"Haiti is set to appoint entrepreneur Alix Didier Fils-Aime as the new Prime Minister, replacing Garry Conille, amid escalating violence and political instability. Armed gangs control much of Port-au-Prince, worsening the crisis. The transitional council's legitimacy in making these leadership decisions is being questioned.",2024-11-10 23:33:10,https://www.devdiscourse.com/remote.axd?https://devdiscourse.blob.core.windows.net/aiimagegallery/18_06_2024_14_38_16_762823.png?width=920&format=jpeg,Devdiscourse,7.184688025090629e-23,4,12,47,2,24
580,Gnews,https://www.news18.com/world/iran-to-open-clinics-to-psychologically-treat-women-flouting-nations-hijab-laws-9120930.html,Iran Plans Clinics To Give Psychiatric Treatment To Women Flouting Nation’s Hijab Laws,"The clinics will be named ""hijab removal treatment clinic"" and these will offer ""scientific and psychological treatment for hijab removal"".",2024-11-14 18:30:19,https://images.news18.com/ibnlive/uploads/2024/11/iran-hijab-clinics-2024-11-d5aed7f1c3b25c7419f2c5887bf15431-16x9.jpg?impolicy=website&width=1200&height=675,News18,2.4209008500969229e-29,9,26,121,4,45
557,Gnews,https://www.devdiscourse.com/article/politics/3152621-historic-march-highlights-contentious-treaty-debate-in-new-zealand,Historic March Highlights Contentious Treaty Debate in New Zealand,"Hundreds began a nine-day march to Wellington, protesting a bill altering a key race relations treaty in New Zealand. The Treaty Principles Bill proposes a narrower treaty interpretation, sparking discussions on Maori relations. The bill, unlikely to pass, has intensified racial tensions across the nation.",2024-11-11 05:53:49,https://www.devdiscourse.com/remote.axd?https://devdiscourse.blob.core.windows.net/aiimagegallery/24_08_2024_15_35_48_9460836.png?width=920&format=jpeg,Devdiscourse,4.0480819211446116e-63,7,19,78,1,25
558,Gnews,https://www.devdiscourse.com/article/entertainment/3153726-biden-and-harris-honor-veterans-amid-recent-election-loss,Biden and Harris Honor Veterans Amid Recent Election Loss,"President Joe Biden and Vice President Kamala Harris made their first joint appearance since the election loss, commemorating Veterans Day at Arlington National Cemetery. Biden honored military veterans, announced expanded health care under the PACT Act, and underscored the nation's duty to its servicemen and women.",2024-11-11 19:26:26,https://www.devdiscourse.com/remote.axd?https://devdiscourse.blob.core.windows.net/imagegallery/01_04_2019_19_26_59_8821975.jpg?width=920&format=jpeg,Devdiscourse,0.024730891782383385,1,13,44,7,16
559,Gnews,https://www.devdiscourse.com/article/politics/3153675-biden-and-harris-honor-veterans-a-solemn-ceremony-amid-political-shifts,Biden and Harris Honor Veterans: A Solemn Ceremony Amid Political Shifts,"President Joe Biden and Vice President Kamala Harris paid tribute to U.S. military veterans in a joint appearance, their first since Harris's election defeat by Donald Trump. Biden emphasized the nation's duty to its veterans and pledged a peaceful transition of power.",2024-11-11 18:03:09,https://www.devdiscourse.com/remote.axd?https://devdiscourse.blob.core.windows.net/imagegallery/29_02_2020_16_56_48_7796591.jpg?width=920&format=jpeg,Devdiscourse,6.09770974466436e-07,0,10,55,4,11
560,Gnews,https://www.firstpost.com/opinion/head-on-why-jd-vance-could-be-trumps-maga-heir-13834301.html,Head-on | Why JD Vance could be Trump’s MAGA heir,America in the future will be a very different country from the nation Biden and Trump leave behind,2024-11-12 04:26:15,"https://images.firstpost.com/uploads/2024/11/2024-11-06T080040Z_813046712_HP1EKB60LHV7B_RTRMADP_3_USA-ELECTION-TRUMP-1-2024-11-8fc44178a77b73a5823597b3db6fa810.jpg?im=FitAndFill=(1200,675)",Firstpost,0.9002156879420928,49,93,391,74,221
561,Gnews,https://www.news18.com/politics/up-cm-yogi-adityanath-congress-chief-mallikarjun-kharge-sadhu-jharkhand-maharashtra-poll-latest-news-9117616.html,"'For A Yogi, Nation Comes First': UP CM’s Comeback To Mallikarjun Kharge’s ‘Atanki’ Jibe","'For A Yogi, Nation Comes First': UP CM’s Comeback To Mallikarjun Kharge’s ‘Sadhu’ Jibe",2024-11-12 09:45:33,https://images.news18.com/ibnlive/uploads/2024/11/befunky-collage-89-2024-11-a41f4f2b283402692b30f3e2e3bde1fc-16x9.jpg?impolicy=website&width=1200&height=675,News18,0.00023335594362657882,28,35,233,26,114
562,Gnews,https://www.devdiscourse.com/article/headlines/3154217-world-leaders-demand-climate-accountability-at-un-summit,World Leaders Demand Climate Accountability at U.N. Summit,"At the UN climate summit in Baku, Secretary-General Antonio Guterres urged world leaders to commit to climate finance, emphasizing that the richest countries must take responsibility. Azerbaijan's President Ilham Aliyev defended his nation against claims of being a 'petrostate' during COP29 deliberations.",2024-11-12 08:50:58,https://www.devdiscourse.com/remote.axd?https://devdiscourse.blob.core.windows.net/aiimagegallery/13_06_2024_05_02_40_4165108.png?width=920&format=jpeg,Devdiscourse,2.455788545041198e-07,2,18,44,4,28
563,Gnews,https://scroll.in/article/1075448/how-the-1958-mundhra-scam-exposed-the-nexus-between-lic-the-bureaucracy-and-rogue-businessmen,"How the 1958 Mundhra scam exposed the nexus between LIC, the bureaucracy and rogue businessmen","An excerpt from ‘The Founding Fathers of Fraud: Independent India’s First Scandals that Rocked the Nation’, by Bhaswar Mukherjee.",2024-11-12 08:00:00,https://sc0.blr1.cdn.digitaloceanspaces.com/book/94008-khqptuaaad-1585048708.jpg,Scroll.in,4.959570676862061e-08,45,102,583,49,276
564,Gnews,https://www.news18.com/cricket/yugon-ki-ladai-australian-media-greets-virat-kohli-with-desi-headlines-as-bgt-mania-grips-nation-9117110.html,'Yugon Ki Ladai': Australian Media Greets Virat Kohli With Desi Headlines As BGT Mania Grips Nation,"Virat Kohli was the first Indian player to land in Australia ahead of the Test series, and his arrival dominated the headlines of Australian newspapers.",2024-11-12 04:46:36,https://images.news18.com/ibnlive/uploads/2024/11/india-vs-australia-2024-25-virat-kohli-border-gavaskar-trophy-2024-11-e7080ca7fd9e0069c2a1ec559b49b74a-16x9.jpg?impolicy=website&width=1200&height=675,News18,5.522189238469316e-16,8,41,185,8,55
565,Gnews,https://www.firstpost.com/world/bangladesh-yunus-govt-silent-on-extradition-request-seeks-interpols-help-to-arrest-sheikh-hasina-13834494.html,"Bangladesh: Yunus govt, silent on extradition request, seeks Interpol’s help to arrest Sheikh Hasina","France-based Interpol publishes red notices at the request of a member nation, based on an arrest warrant issued in their home country. Red notices issued by the global police body alert law enforcement agencies worldwide about fugitives",2024-11-12 11:31:49,"https://images.firstpost.com/uploads/2024/08/hasina-2024-08-45066240317e69f768a12fdc0c216ed9.jpg?im=FitAndFill=(1200,675)",Firstpost,2.1885020951856462e-13,7,35,173,10,55
566,Gnews,https://www.indiatvnews.com/news/world/john-ratcliffe-central-intelligence-agency-chief-kash-patel-misses-out-donald-trump-us-election-2024-latest-updates-2024-11-13-961350,"Trump picks ex-US spy John Ratcliffe as CIA chief, Kash Patel misses out on top intelligence role",Ratcliffe served as the nation's top spy from late May 2020 until Trump left office in January 2021.,2024-11-13 01:17:54,https://resize.indiatvnews.com/en/resize/newbucket/1200_-/2024/11/john-ratcliffe-1731461042.jpg,India TV News,0.03637816498682483,29,53,268,35,97
567,Gnews,https://www.devdiscourse.com/article/entertainment/3155047-nation-as-religion-vice-president-dhankhars-call-for-balance,Nation as Religion: Vice President Dhankhar's Call for Balance,"Vice President Jagdeep Dhankhar emphasized the importance of balancing Constitutional rights with obligations at the All India Kalidas Festival. He urged citizens to prioritize the nation, preserve cultural heritage, and address climate change issues. Dhankhar highlighted India's rich cultural roots as key to its survival and prosperity.",2024-11-12 16:26:53,https://www.devdiscourse.com/remote.axd?https://devdiscourse.blob.core.windows.net/aiimagegallery/17_06_2024_12_09_21_3320288.png?width=920&format=jpeg,Devdiscourse,8.740604221737878e-07,1,12,43,4,20
568,Gnews,https://www.indiatvnews.com/news/world/pm-modi-to-embark-on-three-nation-visit-to-nigeria-brazil-attend-g20-summit-and-guyana-latest-updates-2024-11-12-961309,"PM Modi to embark on three-nation visit to Nigeria, Brazil, and Guyana","Prime Minister Narendra Modi will be visiting Nigeria, Brazil and Guyana from 16-21 November, 2024.",2024-11-12 15:26:46,https://resize.indiatvnews.com/en/resize/newbucket/1200_-/2023/07/pti07-08-2023-000100b-1688825877.jpg,India TV News,2.680564286407354e-10,7,26,145,11,52
569,Gnews,https://www.devdiscourse.com/article/headlines/3154784-norway-secures-full-control-over-national-gas-pipeline-network,Norway Secures Full Control Over National Gas Pipeline Network,"Norway has finalized a deal for the government to take over a large portion of the nation's gas pipeline network from seven private owners, increasing its stake in Gassled to 100%. The agreement, worth 18.1 billion crowns, aims to maintain low tariffs and facilitate long-term gas production.",2024-11-12 13:54:36,https://www.devdiscourse.com/remote.axd?https://devdiscourse.blob.core.windows.net/aiimagegallery/14_06_2024_08_04_34_2248676.png?width=920&format=jpeg,Devdiscourse,1.0996105960679267e-27,4,16,68,2,24
570,Gnews,https://www.devdiscourse.com/article/law-order/3156814-explosion-rocks-brazils-supreme-court-a-nation-on-alert,Explosion Rocks Brazil's Supreme Court: A Nation on Alert,"A deadly explosion occurred outside Brazil's Supreme Court, prompting evacuation and raising concerns about safety in the capital, Brasilia. The incident adds to tensions as the court has recently faced threats from far-right groups, related to its efforts against misinformation.",2024-11-14 00:51:13,https://www.devdiscourse.com/remote.axd?https://devdiscourse.blob.core.windows.net/aiimagegallery/06_08_2024_03_17_45_6553103.png?width=920&format=jpeg,Devdiscourse,1.643198237162781e-51,3,12,54,1,19
571,Gnews,https://www.firstpost.com/opinion/online-gambling-in-india-a-crisis-unfolding-behind-screens-13834749.html,Online gambling in India: A crisis unfolding behind screens,"Online betting and gambling have spread rapidly in India. In many cases, these companies are backed by Chinese investments, and the way this foreign-funded addiction is gripping the entire nation is a matter of deep concern",2024-11-13 08:36:19,"https://images.firstpost.com/uploads/2024/06/High-taxes-pushing-people-to-illegal-online-gambling-as-it-looks-at-30-growth-CSK-study-2024-06-95881d41b08b38dff077929a980432cc-1200x675.jpg?im=FitAndFill=(1200,675)",Firstpost,0.07003965290407804,47,89,287,46,180
572,Gnews,https://indianexpress.com/article/news-today/sri-lanka-parliamentary-election-president-anura-kumara-dissanayake-9668735/,Sri Lanka votes in a parliamentary election that’s key for its new Marxist-leaning president,"The election comes at a decisive time for Sri Lankans, as the island nation is struggling to emerge from its worst economic crisis, having declared bankruptcy after defaulting on its external debt in 2022.",2024-11-14 02:57:46,https://images.indianexpress.com/2024/11/Left-to-right-2024-11-14T082401.695.jpg,The Indian Express,0.00015639652901034833,4,38,113,12,53
573,Gnews,https://www.firstpost.com/world/argentina-withdraws-representatives-from-cop29-summit-a-day-after-milei-held-talks-with-trump-13834952.html,Argentina withdraws representatives from Cop29 summit a day after Milei held talks with Trump,"Argentinian representatives were ordered to withdraw from the Cop29 summit, three days after the international event started. The withdrawal of the South American nation led by climate science 'denier' Javier Milei has sparked concerns about the future of the Paris Climate accord",2024-11-14 01:11:42,"https://images.firstpost.com/uploads/2024/11/download-30-2024-11-62197da6a828e7acdbf1062c1ed5bd04.jpg?im=FitAndFill=(1200,675)",Firstpost,0.00031609996569715703,16,46,225,22,94
574,Gnews,https://www.news18.com/world/donald-trump-matt-gaetz-attorney-general-women-on-abortion-rights-ugly-republicans-us-9120045.html,"‘Ugly, Overweight’: Old Reply Of Trump's Attorney General Pick On Abortion Protesters Goes Viral",Donald Trump on Wednesday announced Matt Gaetz as his pick to be the nation’s chief law enforcement officer in the justice department.,2024-11-14 05:52:58,https://images.news18.com/ibnlive/uploads/2024/11/untitled-design-23-2024-11-ac230ffde59c0d199a385a8d22c34443-16x9.png?impolicy=website&width=1200&height=675,News18,0.011780614808150961,18,46,254,29,118
575,Gnews,https://www.news18.com/world/snub-to-mujibur-rahman-secular-word-out-of-constitution-bangladesh-to-become-islamic-nation-soon-9120025.html,Bangladesh To Be Islamic Nation Soon? Attorney General’s Plea Wants ‘Secular’ Word Out Of Constitution,"The Attorney General of Bangladesh, Md Asaduzzaman, also sought a change in the designation of Bangabandhu Sheikh Mujibur Rahman, who is referred to as the ‘Father of the Nation’",2024-11-14 05:38:17,https://images.news18.com/ibnlive/uploads/2024/11/rahman-2024-11-9b9fc69d420de7dc59415923333497f2-16x9.jpg?impolicy=website&width=1200&height=675,News18,0.0010663934273082037,6,30,186,20,71
576,Gnews,https://www.firstpost.com/world/sri-lanka-votes-in-parliamentary-election-in-president-dissanayakes-first-test-results-tomorrow-13834971.html,Sri Lanka votes in parliamentary election in President Dissanayake’s first test; results tomorrow,"Sri Lanka votes in a snap general election on Thursday, called by new President Anura Kumara Dissanayake to secure a majority in parliament to back his policies in the island nation struggling to recover from a crushing financial crisis",2024-11-14 03:56:06,"https://images.firstpost.com/uploads/2024/11/Sri-Lanka-voting-2024-11-d467b604222d28d5fc19e64b1a003cee-1200x675.jpg?im=FitAndFill=(1200,675)",Firstpost,1.6208515403212098e-11,19,43,197,16,111
577,Gnews,https://www.devdiscourse.com/article/politics/3158382-npp-sweeps-sri-lankan-snap-election-a-new-political-dawn,NPP Sweeps Sri Lankan Snap Election: A New Political Dawn,"Sri Lanka's National People's Power coalition, led by President Anura Kumara Dissanayake, secured a majority in a snap election. Winning 52 seats, it aims to address poverty and amend governance. Despite economic recovery efforts, challenges persist for the nation recovering from a severe financial crisis.",2024-11-15 02:52:16,https://www.devdiscourse.com/remote.axd?https://devdiscourse.blob.core.windows.net/imagegallery/29_02_2020_16_58_29_8149663.jpg?width=920&format=jpeg,Devdiscourse,3.8391338820646704e-13,6,16,57,3,22
578,Gnews,https://indianexpress.com/article/opinion/columns/india-must-play-in-pakistan-weakening-terror-means-reopening-closed-doors-of-cricket-cinema-trade-9670413/,"India must play in Pakistan: Weakening terror means reopening closed doors of cricket, cinema, trade","New Delhi must realise that its ‘big-nation arrogance’, which all our smaller neighbours complain about, cannot succeed in isolating Pakistan globally. Better to weaken terrorism by mutual trust and friendship",2024-11-15 01:22:27,https://images.indianexpress.com/2024/11/india-pakistan-1.jpg,The Indian Express,0.00020107458923776243,55,73,320,31,156
579,Gnews,https://www.news18.com/tech/eu-slaps-meta-with-nearly-800-million-euro-fine-heres-why-9120916.html,"EU Slaps Meta With Nearly 800 Million Euro Fine, Here's Why","The European Commission, the 27-nation bloc's executive branch and top antitrust enforcer, issued the 797.72 million euro ($841 million) penalty after its long-running investigation found that the company abused its dominant position and engaged in anti-competitive behaviour",2024-11-14 18:45:45,https://images.news18.com/ibnlive/uploads/2024/11/mark-zuckerberg-2024-11-c4f0f74d18a91d92dc1a5005310ea168-16x9.jpg?impolicy=website&width=1200&height=675,News18,0.0011208001094954031,6,25,104,10,48
581,Gnews,https://www.devdiscourse.com/article/politics/3157922-mexicos-battle-to-preserve-native-white-corn-a-constitutional-safeguard,Mexico's Battle to Preserve Native White Corn: A Constitutional Safeguard,Mexican President Claudia Sheinbaum plans to constitutionally protect non-GMO white corn varieties vital to the nation's biodiversity and health. Her initiative follows efforts by former President Andres Manuel Lopez Obrador to shield Mexican corn from GMO imports. The plan faces challenges under the USMCA trade agreement.,2024-11-14 15:10:21,https://www.devdiscourse.com/remote.axd?https://devdiscourse.blob.core.windows.net/aiimagegallery/21_07_2024_11_56_00_8575207.png?width=920&format=jpeg,Devdiscourse,0.9989821274402304,4,17,57,0,22
582,Gnews,https://www.firstpost.com/world/eu-slaps-meta-with-798m-euros-fine-for-breaching-antitrust-norms-13835233.html,EU slaps Meta with 798M euros fine for breaching antitrust norms,"The fine is the latest in a string of hefty penalties the commission, the regulator for the 27-nation European Union, has imposed against Big Tech companies over their practices in recent years -- and ranks among the 10 largest antitrust fines",2024-11-14 15:07:41,"https://images.firstpost.com/uploads/2024/10/Meta-slapped-with-91-million-fine-for-storing-users-Facebook-Insta-passwords-as-readable-plain-text-2024-10-018f2c6f28718f756251071c8d52c989-1200x675.jpg?im=FitAndFill=(1200,675)",Firstpost,0.00023093512271369498,15,43,138,13,79
583,Gnews,https://www.deccanchronicle.com/world/what-to-know-about-robert-f-kennedy-jr-trumps-pick-for-health-secretary-1838424,"What to know about Robert F. Kennedy Jr., Trump's pick for health secretary","President-elect Donald Trump 's plan to appoint Robert F. Kennedy Jr. , to lead the Health and Human Services Department will put a prominent vaccine skeptic at the helm of the nation's sprawling...",2024-11-15 07:13:00,https://www.deccanchronicle.com/h-upload/2024/11/15/1862898-untitleddesign-2024-11-15t123827038.jpg,Deccan Chronicle,0.8208862051963186,29,59,252,47,149
584,Gnews,https://www.devdiscourse.com/article/politics/3158384-burgums-appointment-a-new-era-for-us-interior-policy,Burgum's Appointment: A New Era for U.S. Interior Policy,"Donald Trump has named North Dakota Governor Doug Burgum as his pick for Interior Secretary, emphasizing his business-conservative approach. Burgum, a former Trump rival and now supporter, will prioritize increasing oil and gas production on federal lands, significantly impacting the nation's energy policies.",2024-11-15 02:56:13,https://www.devdiscourse.com/remote.axd?https://devdiscourse.blob.core.windows.net/devnews/14_11_2024_12_12_42_2986372.jpg?width=920&format=jpeg,Devdiscourse,1.4000164459247073e-17,3,11,56,3,24
585,Gnews,https://www.devdiscourse.com/article/business/3158254-argentinas-economic-revival-mileis-market-magic,Argentina's Economic Revival: Milei's Market Magic,"Argentina's country risk index dropped sharply, reaching its lowest level since July 2019 under President Javier Milei, reflecting market confidence in debt performance, fiscal strategies, and government buybacks. Despite economic challenges, Milei's policies have improved financial stability, as the nation prepares to renegotiate an IMF loan.",2024-11-14 20:56:07,https://www.devdiscourse.com/remote.axd?https://devdiscourse.blob.core.windows.net/imagegallery/11_03_2020_13_17_44_8184075.jpg?width=920&format=jpeg,Devdiscourse,6.283304613913584e-07,2,13,58,5,19
586,Gnews,https://www.devdiscourse.com/article/international/3158789-sri-lankas-leftist-coalition-achieves-historic-parliamentary-victory,Sri Lanka's Leftist Coalition Achieves Historic Parliamentary Victory,"Sri Lankan President Dissanayake's leftist coalition triumphs with a two-thirds majority in the snap parliamentary elections, winning 159 out of 225 seats. This decisive victory paves the way for major policy changes, including the potential abolition of the controversial executive presidency amid the nation's economic challenges.",2024-11-15 10:11:21,https://www.devdiscourse.com/remote.axd?https://devdiscourse.blob.core.windows.net/devnews/15_11_2024_15_41_16_3305452.jpg?width=920&format=jpeg,Devdiscourse,2.026756235632623e-09,0,24,55,0,16
587,Gnews,https://indianexpress.com/article/india/centre-working-to-turn-ne-states-into-nations-growth-engine-jyotiraditya-scindia-9671882/,‘Centre working to turn NE states into nation’s growth engine’: Jyotiraditya Scindia,"Scindia noted that 19 railway projects are being implemented in the northeast region, with a financial outlay of Rs 82,000 crore.",2024-11-15 15:08:41,https://images.indianexpress.com/2024/11/Untitled-design-2024-11-15T203634.330.jpg,The Indian Express,7.339896222324273e-19,17,40,216,11,89
588,Gnews,https://www.ndtv.com/world-news/sri-lankan-presidents-party-wins-absolute-majority-in-parliament-history-with-india-complex-7026856,Sri Lankan President's Party Wins Absolute Majority. History With India Complex,"The sweeping mandate to the left coalition underlines widening support for his leftist policies, giving him the power to push through his plans to fight poverty and graft in the island nation struggling to emerge from the worst financial crisis.",2024-11-15 14:29:54,"https://c.ndtvimg.com/2024-11/37ukfh6o_anura-kumara-dissanayake-sri-lankan-president-reuters_625x300_15_November_24.jpeg?im=FaceCrop,algorithm=dnn,width=1200,height=738",NDTV News,2.175697693330208e-05,32,82,308,30,150
589,Gnews,https://www.firstpost.com/world/ukraine-dreams-of-reclaiming-2014-borders-in-war-but-energy-crisis-displacement-could-crush-its-fight-13835556.html,"Ukraine dreams of reclaiming 2014 borders in war but energy crisis, displacement could crush its fight","""Our priority is still to protect people, protect the nation, to liberate people from almost 10 years of temporary occupation, so Crimea and Donbas are part of Ukraine,"" Ukrainian Defence Minister Rustem Umerov recently said. However, despite Ukraine’s resolve, the strain of war is growing",2024-11-15 13:02:47,"https://images.firstpost.com/uploads/2024/09/AP24273317010956-2024-09-3a995eb018a515d0d540772773fb32bf-1200x675.jpg?im=FitAndFill=(1200,675)",Firstpost,1.3977260821802322e-18,23,44,180,9,90
590,Gnews,https://www.devdiscourse.com/article/politics/3159026-germanys-spd-calls-for-debt-brake-reform,Germany's SPD Calls for Debt Brake Reform,"The leader of Germany's Social Democratic Party, Lars Klingbeil, urges reform of the nation's debt brake, emphasizing the need for a responsible compromise with the Christian Democrats. He underlines the urgency of seizing this moment as an opportunity for the democratic parties to bring about significant change.",2024-11-15 12:51:54,https://www.devdiscourse.com/remote.axd?https://devdiscourse.blob.core.windows.net/aiimagegallery/13_06_2024_11_29_29_4882176.png?width=920&format=jpeg,Devdiscourse,4.7165768978914514e-08,3,10,36,3,17
591,Gnews,https://www.devdiscourse.com/article/law-order/3158922-hardeep-singh-puri-inaugurates-geo-india-2024-emphasizes-energy-as-backbone-of-economic-growth,"Hardeep Singh Puri Inaugurates GEO India 2024, Emphasizes Energy as Backbone of Economic Growth","Highlighting India’s surging energy needs, Shri Puri underscored the nation’s critical role in driving global energy demand.",2024-11-15 12:48:33,https://www.devdiscourse.com/remote.axd?https://devdiscourse.blob.core.windows.net/devnews/15_11_2024_17_02_46_6326437.png?width=920&format=jpeg,Devdiscourse,1.012930631969898e-55,7,58,272,5,90
592,Gnews,https://www.devdiscourse.com/article/law-order/3159567-indian-americans-push-trump-to-sanction-bangladesh,Indian Americans Push Trump to Sanction Bangladesh,Indian Americans are lobbying the incoming Trump administration and Congress to impose economic sanctions on Bangladesh for the persecution of Hindu minorities. Dr. Bharat Barai emphasizes Trump's bold stance and calls for both US and Indian government action to address religious minority oppression in the South Asian nation.,2024-11-16 01:09:26,https://www.devdiscourse.com/remote.axd?https://devdiscourse.blob.core.windows.net/imagegallery/03_03_2020_19_04_32_3060217.jpg?width=920&format=jpeg,Devdiscourse,6.033941457886637e-20,2,16,56,2,21
593,Gnews,https://www.devdiscourse.com/article/law-order/3159455-operation-sagar-manthan-unveils-major-drug-trafficking-bust,Operation Sagar Manthan Unveils Major Drug Trafficking Bust,"An anti-narcotics operation, 'Sagar Manthan,' involving multiple agencies led to the capture of 700 kg of methamphetamine and the arrest of eight Iranians off the Gujarat coast. This seizure underscores the successful international cooperation in tackling maritime drug trafficking, reinforcing India's commitment to a drug-free nation.",2024-11-15 18:28:33,https://www.devdiscourse.com/remote.axd?https://devdiscourse.blob.core.windows.net/aiimagegallery/18_06_2024_18_57_29_6642858.png?width=920&format=jpeg,Devdiscourse,0.9841018325181273,1,18,60,0,20
594,Gnews,https://www.devdiscourse.com/article/technology/3159397-india-emerges-as-digital-powerhouse-niti-aayog-ceo-on-technological-transformation,India Emerges as Digital Powerhouse: NITI Aayog CEO on Technological Transformation,"NITI Aayog CEO BVR Subrahmanyam highlights India's ambitious digital strides, drawing parallels with global giants. With extensive digital infrastructure, the nation promises exponential economic growth, educational expansion, and technological leadership, positioning itself as a hub for fintech and climate innovations, ready to redefine global standards.",2024-11-15 17:29:14,https://www.devdiscourse.com/remote.axd?https://devdiscourse.blob.core.windows.net/aiimagegallery/06_08_2024_05_57_18_1809295.png?width=920&format=jpeg,Devdiscourse,2.380253437862527e-10,4,20,55,3,16
595,Gnews,https://www.deccanchronicle.com/entertainment/kollywood/rajinikanths-thalapathi-to-re-release-in-theatres-1838711,Rajinikanth’s Thalapathi to re-release in theatres,"Thalapathi’s re-release is all set for December 12, 2024, on the occasion of Rajinikanth’s 74th birthday. Several fans across the nation ruined the birthday of Rajinikanth as they flocked the theatres...",2024-11-16 07:27:00,https://www.deccanchronicle.com/h-upload/2024/11/16/1863209-rajinikanthsthalapathi.jpg,Deccan Chronicle,6.77655513052823e-07,10,19,102,9,51
596,Gnews,https://www.theweek.in/news/india/2024/11/16/congress-asks-modi-when-to-manipur-as-pm-embarks-on-three-nation-tour.html,Congress asks Modi ‘when to Manipur’ as PM embarks on three-nation tour,"Taking a dig at Prime Minister Narendra Modi for his foreign tour, the Congress on Saturday asked why is the prime minister “steadfastly refusing” to visit Manipur, a state marred by ethnic violence for over a year.",2024-11-15 18:30:00,https://www.theweek.in/content/dam/week/week/news/world/images/2024/9/21/modi-us-visit-security-beefed-up-pti.jpg,THE WEEK,0.0664319609400241,21,36,114,18,65
597,Gnews,https://www.news18.com/world/pm-modi-to-be-honoured-with-nigerias-second-highest-national-honour-9123188.html,PM Modi To Be Honoured With Nigeria's Second Highest National Honour,"PM Modi is currently on a three-nation visit, including to Nigeria.",2024-11-17 06:58:43,https://images.news18.com/ibnlive/uploads/2024/11/pm-modi-1-2024-11-2b1dc43dafc3358f2d5227c44b43b2cd-16x9.jpg?impolicy=website&width=1200&height=675,News18,3.4595134843747526e-15,3,17,119,6,29
598,Gnews,https://www.devdiscourse.com/article/law-order/3160437-unmasking-violence-chinas-series-of-disturbing-attacks,Unmasking Violence: China's Series of Disturbing Attacks,"A surge of violent attacks across China highlights a troubling increase in mass killings. These incidents, ranging from car rammings to knife assaults, have sparked online conversations about the nation's mental health crisis. The attacks, spanning from 2014 to 2024, reveal underlying societal tensions.",2024-11-17 04:49:43,https://www.devdiscourse.com/remote.axd?https://devdiscourse.blob.core.windows.net/aiimagegallery/19_06_2024_08_30_36_2548159.png?width=920&format=jpeg,Devdiscourse,2.2743204973956355e-17,4,16,39,1,18
599,Gnews,https://www.firstpost.com/world/pm-modi-in-nigeria-talks-to-focus-on-strengthening-strategic-partnership-13835878.html,PM Modi in Nigeria: Talks to focus on strengthening strategic partnership,"Prime Minister Narendra Modi recieved a grand welcome as he touched down in Nigeria to kick-start his three-nation visit. Upon his arrival in the Nigerian capital Abuja, PM Modi received a ceremonial welcome from Nigeria's minister for federal capital territory, Nyesom Ezenwo Wike, who presented him with the symbolic 'Key to the City' of Abuja",2024-11-17 04:31:29,"https://images.firstpost.com/uploads/2024/11/GciA6EbaMAUfFH0-2024-11-781b2583fbf3e659a99193644a5dbe91.jpg?im=FitAndFill=(1200,675)",Firstpost,0.07088305111648559,16,51,251,33,77
600,Gnews,https://www.news18.com/world/pm-modi-arrives-in-nigeria-receives-grand-welcome-from-indian-diaspora-video-9123044.html,"PM Modi Arrives In Nigeria, Receives Grand Welcome From Indian Diaspora",Prime Minister Narendra Modi reached Nigeria in the first leg of his three-nation visit.,2024-11-17 02:37:04,https://images.news18.com/ibnlive/uploads/2024/11/pm-modi-in-nigeria-2024-11-f7601d3319aa16418d7ee4dcc89e15cc-16x9.jpg?impolicy=website&width=1200&height=675,News18,4.515902700401637e-05,8,46,228,24,61
601,Gnews,https://www.deccanchronicle.com/nation/current-affairs/pm-modi-arrives-in-nigeria-on-first-leg-of-three-nation-visit-1838913,PM Modi arrives in Nigeria on first leg of three-nation visit,Abuja: Prime Minister Narendra Modi on Sunday arrived in Nigeria on the first leg of his three-nation visit at the invitation of President Bola Ahmed Tinubu. This visit is the first by an Indian prime...,2024-11-17 01:41:00,https://www.deccanchronicle.com/h-upload/2024/11/17/1863417-gciuihaxyaanwer.jpg,Deccan Chronicle,0.20117524406886245,23,76,311,51,120
602,Gnews,https://www.deccanchronicle.com/nation/modi-embarks-on-five-day-tour-to-nigeria-brazil-guyana-to-attend-the-g20-summit-and-india-caricom-summit-1838888,"Modi embarks on five-day tour to Nigeria, Brazil, Guyana to attend the G20 summit and India-Caricom summit","New Delhi: Prime Minister Narendra Modi on Saturday departed for a five-day diplomatic journey to Nigeria, Brazil, and Guyana. His three-nation tour, scheduled from November 16 to 21, includes...",2024-11-16 18:50:00,https://www.deccanchronicle.com/h-upload/2024/11/08/1860714-modi.jpg,Deccan Chronicle,0.6808365910382675,14,48,191,34,93
603,Gnews,https://www.news18.com/opinion/arklight-indias-vishwa-mitra-moment-leading-the-way-to-global-peace-9122700.html,India’s Vishwa Mitra Moment: Leading The Way To Global Peace - News18,"As a nation committed to multilateral diplomacy, India has increasingly positioned itself as a bridge between diverse global interests, advocating for dialogue and diplomacy for the sake of development",2024-11-16 11:26:09,https://images.news18.com/ibnlive/uploads/2024/10/narendra-modi-4-2024-10-0ea82f424f03b5c0ff8bfcd2507d7bd6-16x9.jpg?impolicy=website&width=1200&height=675,News18,5.922611019299528e-16,47,168,697,34,234
604,Gnews,https://theprint.in/world/why-bangladeshs-top-judicial-officer-is-calling-for-removal-of-secularism-from-constitution/2359362/,Why Bangladesh’s top judicial officer is calling for removal of ‘secularism’ from constitution,Bangladesh Attorney General Mohammad Asaduzzaman also termed illegal constitutional provision declaring Sheikh Mujibur Rahman as ‘father of the nation’.,2024-11-16 08:27:06,https://static.theprint.in/wp-content/uploads/2024/11/Bangladesh-Attorney-General-Mohammad-Asaduzzaman-Wikimedia-Commons.jpg,ThePrint,1.5404038754401528e-10,12,36,205,14,78
605,Gnews,https://www.devdiscourse.com/article/politics/3160610-manipurs-unresolved-strife-a-nation-awaits-action,Manipur's Unresolved Strife: A Nation Awaits Action,"The ongoing ethnic conflict in Manipur has resulted in over 200 deaths and significant property damage. Congress leader KC Venugopal criticized Prime Minister Narendra Modi and Home Minister Amit Shah for their inaction. He emphasized that BJP's divisive agenda contrasts with Congress's focus on actual issues, including Maharashtra's upcoming elections.",2024-11-17 08:49:19,https://www.devdiscourse.com/remote.axd?https://devdiscourse.blob.core.windows.net/aiimagegallery/07_07_2024_13_25_17_9584879.png?width=920&format=jpeg,Devdiscourse,2.447937156069624e-06,4,7,44,4,17
606,Gnews,https://www.deccanchronicle.com/nation/current-affairs/pm-narendra-modi-heads-to-brazil-for-19th-g20-leaders-summit-1839148,PM heads to Brazil for G20 Leaders' Summit,"Abuja: Prime Minister Narendra Modi embarked on his journey to Brazil from Abuja, Nigeria, marking the second leg of his significant three-nation tour.During his visit to Brazil, PM Modi will attend...",2024-11-17 21:19:00,https://www.deccanchronicle.com/h-upload/2024/11/17/1863698-modi.jpg,Deccan Chronicle,1.733070830119766e-05,7,24,124,11,47
607,Gnews,https://www.livemint.com/companies/people/colgate-palmolive-prabha-narasimhan-oral-care-consumer-behaviour-health-assessments-interview-marketing-11731580462149.html,"On a mission to change consumer behaviour, grow premium offerings: Colgate-Palmolive’s Prabha Narasimhan","Prabha Narasimhan, MD and CEO of Colgate-Palmolive (India), discusses the launch of the year-round Oral Health Movement, the growing focus on premiumization and the challenges of marketing in a diverse nation like India.",2024-11-17 18:30:00,https://www.livemint.com/lm-img/img/2024/11/17/1600x900/Prabha_Narasimhan_1731837008635_1731837022318.JPG,Livemint,0.04809465036428378,50,107,322,57,148
608,Gnews,https://www.indiatvnews.com/news/world/bangladesh-muhammad-yunus-sheikh-hasina-extradition-will-seek-from-india-100-days-interim-govt-2024-11-17-962089,'We will seek Sheikh Hasina's extradition from India': Bangladesh Muhammad Yunus on 100 days on interim govt,Bangladesh interim govt head Muhammad Yunus addressed the nation on the completion of 100 days of his administration. He said that the govt is also investigating incidents of violence against minorities.,2024-11-17 17:20:08,https://resize.indiatvnews.com/en/resize/newbucket/1200_-/2024/11/sheikh-1731863823.jpg,India TV News,0.9652822904314519,19,24,124,24,73
609,Gnews,https://www.firstpost.com/world/yunus-urges-patience-as-bangladesh-govt-works-on-election-reforms-13835971.html,Yunus urges patience as Bangladesh govt works on election reforms,"Yunus, a microfinance pioneer, is leading a temporary administration, to tackle what he has called the ""extremely tough"" challenge of restoring democratic institutions in the South Asian nation of some 170 million people.",2024-11-17 14:24:16,"https://images.firstpost.com/uploads/2024/10/WhatsApp-Image-2024-10-24-at-14.23.38_2e1bb6c8-2024-10-47cf92fb061b41395f167e7062fed3a7-1200x675.jpg?im=FitAndFill=(1200,675)",Firstpost,0.0018939332832935806,9,49,156,21,86
610,Gnews,https://www.indiatvnews.com/news/world/pm-modi-honoured-with-second-highest-civilian-award-gnoc-award-in-nigeria-says-will-inspire-both-nations-relation-to-new-heights-2024-11-17-962078,"PM Modi honoured with Nigeria's second-highest civilian award, first foreign dignitary after Queen Elizabeth","PM Narendra Modi is on a three-nation visit scheduled from November 17 to November 21. On the first leg of his visit, he reached Nigeria today. This visit is the first by an Indian prime minister to Nigeria in 17 years. He will also visit Brazil and Guyana.",2024-11-17 14:10:21,https://resize.indiatvnews.com/en/resize/newbucket/1200_-/2024/11/modi-1731852443.jpg,India TV News,0.006587718009842619,8,37,158,21,48
611,Gnews,https://www.devdiscourse.com/article/politics/3160846-nigerias-prestigious-honor-for-pm-modi-a-historic-visit,Nigeria's Prestigious Honor for PM Modi: A Historic Visit,"Prime Minister Narendra Modi was awarded Nigeria's second-highest national honor, the Grand Commander of the Order of the Niger, marking him as the second foreign dignitary to receive it. Modi is on a three-nation tour that includes Brazil and Guyana. This visit marks the first by an Indian PM in 17 years.",2024-11-17 13:01:44,https://www.devdiscourse.com/remote.axd?https://devdiscourse.blob.core.windows.net/aiimagegallery/10_07_2024_14_36_14_8832089.png?width=920&format=jpeg,Devdiscourse,0.0056800877884159336,3,13,45,7,16
612,Gnews,https://www.devdiscourse.com/article/law-order/3160736-strengthening-ties-modis-historic-visit-to-nigeria,Strengthening Ties: Modi's Historic Visit to Nigeria,"Prime Minister Narendra Modi visited Nigeria, marking the first such visit by an Indian leader in 17 years. During talks with President Bola Ahmed Tinubu, both nations focused on enhancing their partnership in trade, investment, and digital infrastructure. The visit is part of Modi's three-nation tour.",2024-11-17 10:57:53,https://www.devdiscourse.com/remote.axd?https://devdiscourse.blob.core.windows.net/devnews/16_11_2024_12_26_23_5212138.png?width=920&format=jpeg,Devdiscourse,8.035641384089794e-21,2,18,47,1,19
613,Gnews,https://www.firstpost.com/world/5-things-brazil-wants-from-the-g20-summit-at-rio-13836090.html,5 things Brazil wants from the G20 summit at Rio,"As Brazil gears up to host the G20 leaders summit, here are 5 things that will be at the top of the South American nation's agenda",2024-11-18 08:15:37,"https://images.firstpost.com/uploads/2024/11/download-21-1-2024-11-c4e59e40294f76c76657d48a6c1b0973.jpg?im=FitAndFill=(1200,675)",Firstpost,4.773536978283612e-16,29,79,389,24,187
614,Gnews,https://www.indiatvnews.com/education/news/schools-in-these-states-closed-due-to-pollution-check-full-list-2024-11-18-962148,Schools in THESE states closed due to air pollution - check full list,"In view of the worst air quality, several schools across the nation are closed. Check the list of these states where schools are closed and when physical classes will resume. All details here.",2024-11-18 08:06:44,https://resize.indiatvnews.com/en/resize/newbucket/1200_-/2024/05/school-closed-4-1716797301.jpg,India TV News,1.4330841830950768e-82,9,34,147,2,60
615,Gnews,https://www.indiatvnews.com/maharashtra/udhhav-has-sold-bala-saheb-s-shiv-sena-has-no-political-issue-for-election-eknath-shinde-exclusive-2024-11-18-962133,"Udhhav Thackeray has sold Balasaheb's Shiv Sena, has no political issue for election: Shinde | Exclusive","Talking about PM Modi's 'ek hai toh safe hain', Shinde said there is nothing to politicise this slogan as PM Modi has called everyone to stand united for the development of the nation.",2024-11-18 06:40:19,https://resize.indiatvnews.com/en/resize/newbucket/1200_-/2024/11/eknath-1731912176.jpg,India TV News,0.9984117871820225,7,9,88,14,44
616,Gnews,https://www.devdiscourse.com/article/politics/3161329-dissanayake-solidifies-grip-on-sri-lanka-amid-economic-challenges,Dissanayake Solidifies Grip on Sri Lanka Amid Economic Challenges,"Sri Lankan President Anura Kumara Dissanayake reappoints Harini Amarasuriya as prime minister following his election victory. Despite his coalition's broad mandate, his finance minister choice remains unannounced. Dissanayake pledges policy continuity to alleviate the nation's economic woes caused by a foreign currency shortage and previous financial meltdown.",2024-11-18 05:14:04,https://www.devdiscourse.com/remote.axd?https://devdiscourse.blob.core.windows.net/devnews/04_07_2022_17_27_07_1071347.jpg?width=920&format=jpeg,Devdiscourse,1.5947341560070733e-07,1,20,57,5,20
617,Gnews,https://www.theweek.in/news/entertainment/2024/11/18/whats-diljit-dosanjhs-condition-to-stop-singing-alcohol-themed-songs.html,What's Diljit Dosanjh's condition to stop singing alcohol-themed songs?,Punjabi singer Diljit Dosanjh calls for ‘dry nation movement’ at Ahmedabad show. The singer posted a long video on Instagram in which he talked about how it was easy for him to tweak the lyrics of his songs,2024-11-17 18:30:00,https://www.theweek.in/content/dam/week/week/web-stories/entertainment/images/2024/9/4/diljit-dosanjh-dil-luminati-tour-india-locations-dates.jpg,THE WEEK,0.9999999820360447,22,12,84,35,59
618,Gnews,https://www.firstpost.com/world/more-than-100-trucks-of-aid-looted-in-gaza-says-un-palestinian-agency-13836287.html,"More than 100 trucks of aid looted in Gaza, says UN Palestinian agency","More than 100 trucks of humanitarian assistance were violently looted in the Gaza Strip on November 16, according to the United Nation's (UN) Palestinian refugee agency UNRWA",2024-11-18 12:24:32,"https://images.firstpost.com/uploads/2024/11/WhatsApp-Image-2024-11-18-at-5.50.15-PM-2024-11-3775d7f6840b51119d937e1a4cbae4df-1200x675.jpeg?im=FitAndFill=(1200,675)",Firstpost,8.875815315052522e-82,3,6,55,1,20
619,Gnews,https://www.devdiscourse.com/article/politics/3161762-mass-resignation-six-armenian-officials-step-down-under-pashinyans-request,Mass Resignation: Six Armenian Officials Step Down Under Pashinyan's Request,"Six top Armenian officials resigned following Prime Minister Nikol Pashinyan's request, citing systematic reasons rather than personal ones. The officials include the interior minister, judiciary heads, and committee chairpersons, signaling a significant shift in the nation's leadership dynamic.",2024-11-18 11:27:18,https://www.devdiscourse.com/remote.axd?https://devdiscourse.blob.core.windows.net/devnews/08_06_2020_22_50_57_3733251.jpg?width=920&format=jpeg,Devdiscourse,6.781993458810278e-16,1,15,58,3,12
620,Gnews,https://www.devdiscourse.com/article/science-environment/3161719-typhoon-man-yis-fury-a-nations-resilience-tested,Typhoon Man-yi's Fury: A Nation's Resilience Tested,"Typhoon Man-yi, one of the strongest storms to hit the northern Philippines recently, has caused fatalities, displaced thousands, and damaged infrastructures. With winds reaching 195 km/h, the typhoon's impact worsened a crisis triggered by multiple prior storms. International aid, including U.S. assistance, has been mobilized for recovery efforts.",2024-11-18 11:06:09,https://www.devdiscourse.com/remote.axd?https://devdiscourse.blob.core.windows.net/aiimagegallery/28_08_2024_06_41_05_6178887.png?width=920&format=jpeg,Devdiscourse,2.2535391533073886e-49,4,16,55,1,25
621,Gnews,https://www.theweek.in/news/world/2024/11/18/irony-how-bangladesh-shifted-clsoer-to-pakistan-in-100-days-under-interim-government.html,Irony! How Bangladesh shifted closer to Pakistan in 100 days under interim government,"Muhammad Yunus, the chief advisor of the interim government in Bangladesh, addressed the nation on Sunday on the completion of 100 days of his administration. The Nobel laureate discussed key issues, including efforts to revive the country’s economy, hold elections and ensure justice for everyone who suffered atrocities during the July-August protests.",2024-11-17 18:30:00,https://www.theweek.in/content/dam/week/week/news/india/images/2024/11/18/awami-league-ap.jpg,THE WEEK,3.22935702820295e-12,26,52,273,17,97
622,Gnews,https://www.firstpost.com/explainers/firstup-ruling-on-donald-trumps-hush-money-conviction-pm-modi-to-visit-guyana-the-headlines-today-13836242.html,"FirstUp: Ruling on Donald Trump's hush money conviction, PM Modi to visit Guyana... The headlines today","The judgment on US President-elect Donald Trump’s conviction in a hush-money case is set to take place today while Prime Minister Modi will head to South American nation Guyana. Meanwhile, Ukrainian President Zelenskyy will address a special session of the European Parliament to mark 1,000 days since Russia's invasion",2024-11-19 01:00:10,"https://images.firstpost.com/uploads/2024/11/FirstUp-1-7-2024-11-0f753ccd5f74b4961234870de30c1495.jpg?im=FitAndFill=(1200,675)",Firstpost,5.939003395391825e-22,21,65,346,16,141
623,Gnews,https://www.deccanchronicle.com/world/putin-signs-new-nuclear-doctrine-after-biden-allows-ukraine-to-strike-inside-russia-with-us-missiles-1839573,Putin signs new Russian nuclear doctrine after Biden's arms decision for Ukraine,President Vladimir Putin on Tuesday signed a revised nuclear doctrine declaring that a conventional attack on Russia by any nation that is supported by a nuclear power will be considered a joint...,2024-11-19 11:08:00,https://www.deccanchronicle.com/h-upload/2024/11/19/1864111-aa-3434938.jpg,Deccan Chronicle,6.28922419161903e-05,13,66,168,19,103
624,Gnews,https://www.firstpost.com/world/100-days-of-muhammad-yunus-in-power-how-bangladesh-has-fared-under-its-only-nobel-laureate-13836531.html,100 days of Muhammad Yunus in power; how Bangladesh has fared under its only Nobel Laureate,"The interim government under Nobel Laureate Muhammad Yunus has completed 100 days. He took over charge to tackle what he has called the ""extremely tough"" challenge of restoring democratic institutions in the South Asian nation of some 170 million people",2024-11-19 10:47:22,"https://images.firstpost.com/uploads/2024/09/Muhammad-Yunus-2024-09-748fd2ffb685c5667f1b08cabb4d6006-1200x675.jpg?im=FitAndFill=(1200,675)",Firstpost,1.0561438624539285e-05,16,64,242,25,119
625,Gnews,https://www.deccanchronicle.com/world/novo-nordisks-obesity-drug-goes-on-sale-in-china-1839564,Novo Nordisk's obesity drug goes on sale in China,"Beijing: Novo Nordisk's blockbuster weight-loss drug Wegovy is now available for use in China, the company confirmed to AFP on Tuesday, as the Asian nation battles high rates of obesity. The Danish...",2024-11-19 10:18:00,https://www.deccanchronicle.com/h-upload/2024/10/27/1856760-tablets.jpg,Deccan Chronicle,1.1334507410910992e-13,6,30,81,3,28
626,Gnews,https://www.firstpost.com/world/why-modi-guyana-visit-matters-for-india-energy-security-13836463.html,Why Modi’s Guyana visit matters for India’s energy security,"At a time when India seeks to diversify oil and gas supplies, Prime Minister Narendra Modi is embarking on a state visit to Carribean nation of Guyana, which has emerged as the fastest-growing economy of the world on the back of an oil boom",2024-11-19 06:29:28,"https://images.firstpost.com/uploads/2024/11/Modi_Guyana1200PTI-2024-11-1530bc662b3abb489a23c04dc08bbb6a.jpg?im=FitAndFill=(1200,675)",Firstpost,3.0271729613819802e-22,20,72,379,17,131
627,Gnews,https://www.indiatvnews.com/news/india/winter-session-of-parliament-winter-govt-to-convene-all-party-meeting-on-sunday-kiren-rijiju-2024-11-19-962291,"Ahead of Winter Session of Parliament, govt to convene all party meeting on Sunday","The Winter Session of the Parliament will start on November 25 and will continue till December 20. The latest session may see debates on the Waqf Amendment Bill, a JPC for which was formed in the Monsoon Session. The session may also see discussions on 'One Nation, One Election.'",2024-11-19 06:17:30,https://resize.indiatvnews.com/en/resize/newbucket/1200_-/2024/11/parliament-1731996994.jpg,India TV News,2.8881895335750773e-70,8,8,124,3,52
628,Gnews,https://www.devdiscourse.com/article/politics/3161985-parliament-unites-for-critical-winter-session-preparatives,Parliament Unites for Critical Winter Session Preparatives,"Union Minister Kiren Rijiju announced a crucial 'All Party Meeting' on November 24, ahead of the Winter Parliament Session. Key discussions include the Waqf Amendment Bill and introducing the 'One Nation One Election' bill. The session also coincides with key election results and Constitution Day celebrations.",2024-11-19 05:29:38,https://www.devdiscourse.com/remote.axd?https://devdiscourse.blob.core.windows.net/devnews/19_11_2024_10_59_29_0407909.jpg?width=920&format=jpeg,Devdiscourse,7.016583817377794e-29,1,10,58,2,19
629,Gnews,https://www.devdiscourse.com/article/international/3161969-spacex-successfully-launches-indias-gsat-n2-satellite-a-leap-for-broadband-and-connectivity,SpaceX Successfully Launches India's GSAT-N2 Satellite: A Leap for Broadband and Connectivity,"SpaceX has successfully launched India's GSAT-N2 satellite, enhancing the nation's broadband and connectivity capabilities. The collaboration aims to improve internet services, including remote areas and in-flight connectivity. The GSAT-N2 satellite boasts a 14-year mission lifespan and multi-beam architecture, serving India's growing communication needs.",2024-11-19 05:11:41,https://www.devdiscourse.com/remote.axd?https://devdiscourse.blob.core.windows.net/devnews/19_11_2024_10_41_36_2093561.jpg?width=920&format=jpeg,Devdiscourse,4.068933618544883e-20,5,22,99,4,33
630,Gnews,https://sports.ndtv.com/football/worlds-worst-ranked-nation-san-marino-achieve-historic-uefa-nations-league-promotion-7052452,World's Worst-Ranked Nation San Marino Achieve Historic UEFA Nations League Promotion,San Marino defeated Liechtenstein 3-1 to attain promotion to the UEFA Nations League third tier.,2024-11-19 03:37:07,"https://c.ndtvimg.com/2024-11/0jevfn7o_san-marino-football_625x300_19_November_24.jpg?im=FitAndFill,algorithm=dnn,width=1200,height=738",NDTV Sports,0.0003395148890415594,7,29,111,12,53
631,Gnews,https://www.devdiscourse.com/article/politics/3162902-sudans-power-struggle-army-chief-criticizes-former-ruling-party,Sudan's Power Struggle: Army Chief Criticizes Former Ruling Party,"Sudan's army chief condemned attempts to reinstate an ally of deposed leader Omar al-Bashir, citing risks to national unity amid ongoing conflict with paramilitary forces. The former ruling National Congress Party faces internal divisions, further complicating efforts to establish peace and stability in the war-torn nation.",2024-11-19 15:12:42,https://www.devdiscourse.com/remote.axd?https://devdiscourse.blob.core.windows.net/imagegallery/11_03_2020_13_22_31_2034832.jpg?width=920&format=jpeg,Devdiscourse,4.2836076644212693e-51,0,21,70,1,23
632,Gnews,https://www.devdiscourse.com/article/law-order/3162894-justice-for-rg-kar-medic-a-nation-awaits-verdict,Justice for RG Kar Medic: A Nation Awaits Verdict,"The trial concerning the rape and murder of a medic at RG Kar Hospital advances as more witnesses are examined. Accused Sanjay Roy appears for trial, sparking nationwide outrage and protests demanding justice. The case, investigated by the CBI, has heightened public attention and judicial scrutiny.",2024-11-19 15:08:22,https://www.devdiscourse.com/remote.axd?https://devdiscourse.blob.core.windows.net/aiimagegallery/08_06_2024_10_08_24_9182646.png?width=920&format=jpeg,Devdiscourse,3.983995590162749e-57,3,7,52,1,15
633,Gnews,https://www.devdiscourse.com/article/law-order/3163014-pakistan-vows-to-crush-terrorism-pm-sharifs-bold-stance,Pakistan Vows to Crush Terrorism: PM Sharif's Bold Stance,"Pakistan Prime Minister Shehbaz Sharif highlights terrorism as the nation's greatest challenge, committing to eradicate it for peace and progress. Addressing a key meeting, he emphasized national unity against rising attacks, with Army Chief General Munir rallying all citizens in the anti-terror fight.",2024-11-19 16:16:19,https://www.devdiscourse.com/remote.axd?https://devdiscourse.blob.core.windows.net/aiimagegallery/23_08_2024_08_10_29_1056328.png?width=920&format=jpeg,Devdiscourse,3.970990071082911e-52,4,12,52,1,20
634,Gnews,https://www.devdiscourse.com/article/law-order/3163010-brazils-ex-presidents-aides-apprehended-in-pre-inauguration-coup-plot,Brazil's Ex-President's Aides Apprehended in Pre-Inauguration Coup Plot,"Brazilian police have arrested five individuals, including a former cabinet member, for allegedly conspiring to assassinate President-elect Luiz Inacio Lula da Silva and orchestrate a coup. The plot involved military personnel and was dubbed 'Green and Yellow Dagger.' Investigations are ongoing as the nation grapples with this revelation.",2024-11-19 16:13:23,https://www.devdiscourse.com/remote.axd?https://devdiscourse.blob.core.windows.net/aiimagegallery/13_08_2024_10_50_26_1256933.png?width=920&format=jpeg,Devdiscourse,1.3010204245076524e-34,4,21,83,2,29
635,Gnews,https://www.livemint.com/economy/indias-economic-powerhouse-seeks-stability-in-state-elections-11732070638721.html,India’s Economic Powerhouse Seeks Stability in State Elections,"India’s western state of Maharashtra holds local elections Wednesday, a vote that not only tests the support for Prime Narendra Modi and his party but that could have far-reaching consequences for a region that drives the nation’s economy.",2024-11-20 02:43:58,https://cms-lm-staging.s3.ap-south-1.amazonaws.com/mint/img/default/1600x900.png,Livemint,5.342622046625107e-11,23,95,312,20,149
636,Gnews,https://www.devdiscourse.com/article/law-order/3163337-californians-reject-highest-minimum-wage-proposal-in-the-nation,Californians Reject Highest Minimum Wage Proposal in the Nation,"California voters have turned down a proposal to raise the state's minimum wage to $18, citing concerns over increased costs and job cuts. Opposition came from groups like the California Chamber of Commerce, while proponents claimed it would benefit two million workers across various sectors.",2024-11-20 01:26:10,https://www.devdiscourse.com/remote.axd?https://devdiscourse.blob.core.windows.net/aiimagegallery/14_08_2024_02_36_14_038106.png?width=920&format=jpeg,Devdiscourse,6.592378008109029e-15,4,14,56,3,23
637,Gnews,https://www.devdiscourse.com/article/politics/3163303-texas-land-lease-fuels-deportation-plans,Texas Land Lease Fuels Deportation Plans,"Texas offers over 1,400 acres to the Trump administration for building facilities aimed at mass deportation of immigrants. The state is prepared to lease land for processing and detention to assist in the largest deportation efforts in the nation's history.",2024-11-19 23:43:07,https://www.devdiscourse.com/remote.axd?https://devdiscourse.blob.core.windows.net/aiimagegallery/31_05_2024_16_02_12_2930948.png?width=920&format=jpeg,Devdiscourse,3.682245086145033e-29,0,8,53,2,19
638,Gnews,https://www.devdiscourse.com/article/headlines/3163089-india-sets-sail-for-shipbuilding-supremacy-by-2030,India Sets Sail for Shipbuilding Supremacy by 2030,"The Great Oceans Dialogue concluded successfully in New Delhi, highlighting India's ambitious maritime goals. Union Minister Sarbananda Sonowal announced India's goal to become a top 10 shipbuilding nation by 2030. Discussions centered on partnerships and sustainable growth in the maritime sector, with insights from global leaders and policymakers.",2024-11-19 17:19:41,https://www.devdiscourse.com/remote.axd?https://devdiscourse.blob.core.windows.net/devnews/19_11_2024_22_49_30_0267764.jpg?width=920&format=jpeg,Devdiscourse,1.5516829289799277e-20,2,26,91,3,26
639,Gnews,https://www.deccanchronicle.com/trending-home/modi-arrives-in-guyana-on-last-leg-of-three-nation-visit-1839684,Modi arrives in Guyana on last leg of three-nation visit,"Georgetown: Prime Minister Narendra Modi on Wednesday arrived in Guyana on the last leg of his three-nation visit after attending the G20 Summit in Brazil.In an unprecedented gesture, the prime...",2024-11-20 05:08:00,https://www.deccanchronicle.com/h-upload/2024/11/20/1864273-guna.jpg,Deccan Chronicle,1.565727259982902e-11,7,38,178,11,54
640,Gnews,https://www.devdiscourse.com/article/headlines/3163670-resilience-in-the-face-of-adversity-ukraines-energy-rebuild-amidst-war,Resilience in the Face of Adversity: Ukraine's Energy Rebuild Amidst War,"Maxim Timchenko, CEO of DTEK, details efforts to restore Ukraine's energy amidst constant Russian attacks. Despite immense challenges, Ukraine’s shift to decentralized renewable energy has enabled rapid power restoration. Collaborations with global companies bolster these efforts, exemplifying resilience and innovation in a war-torn nation.",2024-11-20 07:46:44,https://www.devdiscourse.com/remote.axd?https://devdiscourse.blob.core.windows.net/imagegallery/27_06_2019_18_01_02_8802375.jpg?width=920&format=jpeg,Devdiscourse,0.9999869074666499,2,13,53,0,18
641,Gnews,https://www.devdiscourse.com/article/health/3163633-japans-tourism-boom-record-visitor-surge-amidst-weak-yen,Japan's Tourism Boom: Record Visitor Surge Amidst Weak Yen,"In October, Japan experienced a record-breaking influx of 3.31 million visitors, driven by a weakened yen. This surge, documented by the Japan National Tourism Organization, surpassed figures from previous months, nearing pre-pandemic levels and significantly boosting the nation's economy through tourism-related revenue.",2024-11-20 07:15:40,https://www.devdiscourse.com/remote.axd?https://devdiscourse.blob.core.windows.net/devnews/20_11_2024_10_00_45_3881613.webp?width=920&format=jpeg,Devdiscourse,0.9999903928831936,4,14,50,0,22
642,Gnews,https://www.firstpost.com/world/bangladesh-jamaat-e-islami-ready-to-apologise-for-1971-mistakes-if-proven-beyond-doubt-13836974.html,Bangladesh: Jamaat-e-Islami ready to apologise for 1971 ‘mistakes if proven beyond doubt’,"Jamaat-e-Islami Ameer Shafiqur Rahman has said that his party would apologise to the nation if it is proven beyond doubt that it was involved in any wrongdoings during the 1971 Liberation War, according to a report",2024-11-20 12:33:17,"https://images.firstpost.com/uploads/2024/11/Shafiqur-Rahman1200-2024-11-a9504296b698c5f6ddf552e557080873.jpg?im=FitAndFill=(1200,675)",Firstpost,0.979330756573758,7,22,85,19,73
643,Gnews,https://indianexpress.com/article/cities/pune/ncc-cadets-pune-poonawalla-school-elderly-polling-booths-9680268/,Over 30 NCC cadets from Pune’s Poonawalla school assist elderly persons at polling booths,"As a pre-election awareness campaign, students of the school were also encouraged to take out cycle rallies and inspire people to vote for the nation.",2024-11-20 15:50:05,https://images.indianexpress.com/2024/11/Pune-NCC-cadets.jpg,The Indian Express,0.00689091805144276,13,20,138,15,58
644,Gnews,https://www.news18.com/world/pm-modi-receives-dominica-award-of-honour-highest-national-award-dedicates-people-of-india-9127365.html,"PM Modi Receives Dominica's Highest National Award, Dedicates It To People Of India",PM Modi is in the last leg of his three-nation visit and was conferred with the highest national award of Dominica.,2024-11-21 02:13:58,https://images.news18.com/ibnlive/uploads/2024/11/pm-modi-2024-11-f08e671adb8879e1b5503af311d713f5-16x9.jpg?impolicy=website&width=1200&height=675,News18,0.7077209139867808,11,44,272,38,82
645,Gnews,https://www.firstpost.com/world/as-pm-modi-will-visit-the-indian-arrival-monument-in-guyana-5-things-about-the-historic-legacy-13837259.html,Modi in Guyana: 5 things about Indian Arrival Monument,"Indian Prime Minister Narendra Modi is visiting the Indian Arrival Monument in Guyana on Thursday, acknowledging the journey of the Indian diaspora in the country. The monument symbolises the arrival of Indian indentured labourers during the long colonial rule, contributing to the nation’s growth and cultural diversity",2024-11-21 09:51:13,"https://images.firstpost.com/uploads/2024/11/PM-Mo-2024-11-8eb9d281d6ebe9026bf56ff5acff7f40.jpg?im=FitAndFill=(1200,675)",Firstpost,7.1596843690588e-10,4,37,148,11,67
646,Gnews,https://www.devdiscourse.com/article/business/3165109-forging-the-future-indias-steel-industry-on-the-global-stage,Forging the Future: India's Steel Industry on the Global Stage,"Union Steel Minister H D Kumaraswamy emphasizes collaboration with institutions like IISc and IITs to advance India’s steel industry for global competitiveness. He highlights the steel sector's role in nation-building and the importance of sustainability, innovation, and government support amid challenges like volatile markets and climate change imperatives.",2024-11-21 07:09:23,https://www.devdiscourse.com/remote.axd?https://devdiscourse.blob.core.windows.net/imagegallery/29_02_2020_19_16_04_3385426.jpg?width=920&format=jpeg,Devdiscourse,1.2514138453390992e-24,1,11,61,2,12
647,Gnews,https://theprint.in/world/bhutans-bitcoin-binge-countrys-crypto-holdings-top-1-1-billion-valued-at-over-a-third-of-its-gdp/2365935/,"Bhutan’s Bitcoin Binge: Country’s crypto holdings top $1.1 billion, valued at over a third of its GDP","Surge in Bhutan’s crypto wealth is driven not only by soaring Bitcoin prices but also deliberate policy to enhance crypto holdings, a strategy that is paying off when nation needs funds.",2024-11-21 06:14:01,https://static.theprint.in/wp-content/uploads/2024/11/IMG_0852.jpeg,ThePrint,3.9928717849214327e-22,37,102,457,20,209
648,Gnews,https://indianexpress.com/article/cities/bangalore/an-indian-engineer-who-broke-several-barriers-new-book-explores-unknown-facets-of-sir-m-visvesvarayas-life-9680980/,An Indian engineer who broke several barriers: New book explores unknown facets of Sir M Visvesvaraya’s life,"Aparajith Ramnath has written the book 'Engineering a Nation: The Life and Career of M. Visvesvaraya', which highlights how the 19th dewan of Mysore had developed a modern outlook.",2024-11-21 05:55:52,https://images.indianexpress.com/2024/11/Untitled-design-18-2.jpg,The Indian Express,0.05047251461103272,16,26,124,16,43
649,Gnews,https://www.firstpost.com/world/as-uruguay-gets-ready-for-polls-here-are-5-things-about-latin-american-nation-13837518.html,"As Uruguay gets ready for polls, here are 5 things about Latin American nation","As Uruguay heads to presidential elections this Sunday, here are five things to know about the Latin American nation",2024-11-22 06:06:10,"https://images.firstpost.com/uploads/2024/11/Untitled-design-12-2024-11-5e0b34ea43bfd210be23452ea52d58d9.jpg?im=FitAndFill=(1200,675)",Firstpost,3.127018087636884e-09,15,57,178,10,56
650,Gnews,https://www.devdiscourse.com/article/headlines/3166470-south-koreas-recycling-conundrum-a-model-with-limits,South Korea's Recycling Conundrum: A Model with Limits,"South Korea is praised for its recycling efforts but faces challenges as it prepares to host global plastic waste talks. Despite high reported recycling rates, actual recycled plastic is significantly lower. The nation's inconsistent policies and industry influence highlight the limits of its waste management approach.",2024-11-22 05:09:55,https://www.devdiscourse.com/remote.axd?https://devdiscourse.blob.core.windows.net/aiimagegallery/23_07_2024_15_38_18_911965.png?width=920&format=jpeg,Devdiscourse,5.228840584813889e-06,5,16,53,4,21
651,Gnews,https://indianexpress.com/article/news-today/alabama-carries-out-third-nitrogen-execution-for-hitchhikers-killing-atmore-9682884/,Alabama carries out nation’s third nitrogen gas execution on man for hitchhiker’s killing,"Alabama began using nitrogen gas earlier this year to carry out some executions. The method involves placing a respirator gas mask over the face to replace breathable air with pure nitrogen gas, causing death by lack of oxygen.",2024-11-22 04:54:07,https://images.indianexpress.com/2024/11/killing.jpg,The Indian Express,0.9348166513344468,25,56,290,45,158
652,Gnews,https://indianexpress.com/article/research/carrying-chhatrapati-shivaji-overseas-the-maratha-indentured-labourers-in-mauritius-9682898/,Carrying Chhatrapati Shivaji overseas: Maratha indentured labourers in Mauritius,"Rooted in Chhatrapati Shivaji Maharaj’s vision of Matratha nationalism, indentured labourers carried their cultural legacy to Mauritius, where they carved out a special place for themselves. Today the island nation boasts of a bustling Marathi-speaking community.",2024-11-22 04:43:01,https://images.indianexpress.com/2024/11/Research-Premium.jpg,The Indian Express,0.002772549560984525,24,41,180,20,81
653,Gnews,https://www.indiatvnews.com/news/world/pm-modi-emplanes-for-india-after-concluding-three-nation-visit-nigeria-brazil-and-guyana-latest-updates-2024-11-22-962793,PM Modi emplanes for India after concluding three-nation visit,"Prime Minister Narendra Modi made history as the first Indian head of state to visit Guyana in over 50 years. During his visit, he paid tribute to Mahatma Gandhi and delivered a powerful address advocating 'Democracy First, Humanity First' as a global mantra for peace and progress.",2024-11-22 01:33:11,https://resize.indiatvnews.com/en/resize/newbucket/1200_-/2024/11/pm-modi-4-1732238406.jpg,India TV News,0.0003806698035575538,10,34,150,19,38
654,Gnews,https://www.devdiscourse.com/article/politics/3166239-bolsonaros-coup-plot-unveiled-a-legal-battle-awaits,Bolsonaro's Coup Plot Unveiled: A Legal Battle Awaits,"Jair Bolsonaro, former Brazilian President, is formally accused by federal police of planning a coup to overturn the 2022 election. The investigation implicates 36 others, including former ministers. As Bolsonaro's political future hangs in the balance, the nation's Supreme Court awaits decisions on pressing charges.",2024-11-21 20:09:30,https://www.devdiscourse.com/remote.axd?https://devdiscourse.blob.core.windows.net/aiimagegallery/28_08_2024_14_02_37_0204706.png?width=920&format=jpeg,Devdiscourse,1.2040323281369046e-05,2,10,52,5,20
655,Gnews,https://www.devdiscourse.com/article/politics/3166180-security-showdown-senate-denied-public-testimony,Security Showdown: Senate Denied Public Testimony,"FBI Director Christopher Wray and Homeland Security Secretary Alejandro Mayorkas declined to testify publicly before a U.S. Senate committee on national security, leading to criticism from the committee's chairman. Their absence violates a long-standing tradition of public accountability and transparency in discussing threats facing the nation.",2024-11-21 18:24:23,https://www.devdiscourse.com/remote.axd?https://devdiscourse.blob.core.windows.net/imagegallery/27_05_2019_11_50_05_8739542.jpg?width=920&format=jpeg,Devdiscourse,1.7518481475011096e-09,4,11,57,4,19
656,Gnews,https://www.devdiscourse.com/article/business/3165950-royal-spectacle-the-price-and-promotion-of-a-nation,Royal Spectacle: The Price and Promotion of a Nation,"The coronation of King Charles and Queen Camilla in 2023 cost 72 million pounds, significantly less than Queen Elizabeth's funeral. Despite financial challenges, the event aimed to boost Britain's economy and identity, reaching billions worldwide with its display of grandeur and tradition.",2024-11-21 15:45:19,https://www.devdiscourse.com/remote.axd?https://devdiscourse.blob.core.windows.net/imagegallery/11_03_2020_13_17_04_3595712.jpg?width=920&format=jpeg,Devdiscourse,1.8426170494093098e-11,5,13,53,2,17
657,Gnews,https://www.indiatvnews.com/news/india/grand-saint-conference-organised-on-20th-anniversary-celebration-of-akshardham-temple-updates-2024-11-21-962767,Grand Saint Conference organised on 20th Anniversary Celebration of Akshardham Temple,"The saints and sages present conveyed the message that unity, compassion, and tolerance among all sects of Sanatan Dharma are the foundation of India’s spiritual and cultural heritage. They prayed for the nation to flourish in peace and harmony.",2024-11-21 14:50:54,https://resize.indiatvnews.com/en/resize/newbucket/1200_-/2024/11/swaminarayan-akshardham-temple-1732200502.jpg,India TV News,3.950325581752565e-18,3,39,232,11,50
658,Gnews,https://www.firstpost.com/opinion/with-economy-in-freefall-pakistans-global-standing-hits-a-new-low-13837583.html,"With economy in freefall, Pakistan’s global standing hits a new low","Pakistan is a plutocracy—a government controlled by the wealthy and privileged. This has resulted in policies that are not designed to pull the poor out of poverty, resulting in chronic economic stress for the Islamic nation",2024-11-22 07:49:06,"https://images.firstpost.com/uploads/2024/11/flour-in-Pakistan-1-2024-11-dbbe9532f8738031bc0e443256d9c46f.jpg?im=FitAndFill=(1200,675)",Firstpost,9.183278875587003e-13,75,147,525,30,284
659,Gnews,https://www.devdiscourse.com/article/sports-games/3166596-his-knowledge-of-cricket-is-west-indies-cricket-legends-interact-with-pm-modi-in-guyana,"""His knowledge of cricket is...."": West Indies cricket legends interact with PM Modi in Guyana","PM Modi's visit to Guyana, the first by an Indian Prime Minister in over five decades, marked the third and final leg of his three-nation tour. During the historic visit, PM Modi co-chaired the 2nd India-CARICOM Summit alongside Caribbean leaders, further strengthening India's partnerships in the region.",2024-11-22 07:10:16,https://www.devdiscourse.com/remote.axd?https://devdiscourse.blob.core.windows.net/devnews/22_11_2024_12_39_57_8870266.jpg?width=920&format=jpeg,Devdiscourse,0.9976315501449453,33,62,262,68,132
660,Gnews,https://www.indiatvnews.com/news/world/india-prime-minister-narendra-modi-5-day-diplomatic-blitz-31-bilateral-meetings-in-a-whirlwind-of-global-engagements-2024-11-22-962870,PM Modi's 5-day diplomatic blitz: 31 bilateral meetings in a whirlwind of global engagements,"PM Modi's visit marked the final leg of a significant journey that began in Nigeria, continued in Brazil for the 19th G20 Summit, and concluded with a historic State visit to Guyana. This marked the first visit by an Indian Prime Minister to the South American nation in over 50 years.",2024-11-22 08:43:17,https://resize.indiatvnews.com/en/resize/newbucket/1200_-/2024/11/pm-modi-held-multiple-bilateral-meetings-1732264184.jpg,India TV News,5.449317581612792e-11,10,35,201,13,37
661,Gnews,https://www.devdiscourse.com/article/law-order/3166712-diplomatic-tensions-escalate-india-canada-ties-under-strain,Diplomatic Tensions Escalate: India-Canada Ties Under Strain,"Diplomatic tensions between India and Canada have escalated following allegations linking Indian government officials to criminal activities, including the plot to kill Sikh separatist Hardeep Singh Nijjar. Both governments deny the allegations, but the accusations have further strained ties, with mutual expulsions of diplomats and ongoing disputes over each nation's handling of separatism.",2024-11-22 08:29:46,https://www.devdiscourse.com/remote.axd?https://devdiscourse.blob.core.windows.net/devnews/05_08_2022_16_35_48_5837234.jpg?width=920&format=jpeg,Devdiscourse,1.6842285545329e-29,1,14,47,1,13
662,Gnews,https://www.firstpost.com/india/modiplomacy-pm-modi-held-31-bilaterals-in-5-days-across-3-countries-13837628.html,Modiplomacy: PM Modi held 31 bilaterals in 5 days across 3 countries,"Prime Minister Narendra Modi, who wrapped up his three-nation visit, participated in 31 bilateral meetings and informal interactions with global leaders in the past five days. Read more for details",2024-11-22 09:17:52,"https://images.firstpost.com/uploads/2024/11/Narendra-Modi-and-Giorgia-Meloni-2024-11-255a20264e8346afa55a0e437efe6cdd-1200x675.jpg?im=FitAndFill=(1200,675)",Firstpost,3.40328008963647e-12,5,27,182,11,26
663,Gnews,https://www.firstpost.com/world/climate-change-pacifics-sinking-island-nation-tuvalu-recreating-itself-on-the-metaverse-13837735.html,Climate change: Pacific’s sinking island nation Tuvalu recreating itself on the metaverse,"As sea level rise is eating away at its shores due to climate change, the Tuvalu government is taking drastic measures to preserve its land and culture — by creating a digital backup of everything from its houses to its trees as it endeavors to save whatever it can, according to a report",2024-11-22 13:31:10,"https://images.firstpost.com/uploads/2024/11/Tuvalu1200-2024-11-7def6425b793b75b37ab013564b42a3e.jpg?im=FitAndFill=(1200,675)",Firstpost,0.000871155630550287,51,141,489,47,258
664,Gnews,https://www.devdiscourse.com/article/politics/3167146-romanias-political-crossroads-nationalist-challenger-vs-establishment,Romania's Political Crossroads: Nationalist Challenger vs. Establishment,"Far-right nationalist George Simion is set to challenge Romania's political establishment in the presidential race. His AUR party advocates for 'family, nation, faith, and freedom,' opposing mainstream EU and NATO policies. Controversies surround Simion, including allegations of Russian ties, which he denies.",2024-11-22 13:09:08,https://www.devdiscourse.com/remote.axd?https://devdiscourse.blob.core.windows.net/imagegallery/27_05_2019_11_49_54_2610105.jpg?width=920&format=jpeg,Devdiscourse,4.08685494633092e-08,6,18,62,4,17
665,Gnews,https://www.devdiscourse.com/article/entertainment/3166971-president-murmu-advocates-for-nation-first-mindset-at-lokmanthan-2024,President Murmu Advocates for 'Nation First' Mindset at LokManthan-2024,"President Droupadi Murmu emphasized the importance of a 'Nation First' mindset to transform India into a developed nation. Speaking at LokManthan-2024, she highlighted efforts to replace colonial legacies, promote cultural unity, and honor India's intellectual heritage. The event gathered nationalist thinkers in Hyderabad.",2024-11-22 11:19:08,https://www.devdiscourse.com/remote.axd?https://devdiscourse.blob.core.windows.net/devnews/21_11_2024_21_44_33_4948215.jpg?width=920&format=jpeg,Devdiscourse,3.105354667526352e-16,0,15,61,3,21
666,Gnews,https://www.deccanchronicle.com/southern-states/telangana/nation-first-key-to-indias-progress-says-president-murmu-1840377,"‘Nation First' key to India's progress, says Murmu",Hyderabad: President Droupadi Murmu on Friday stressed the importance of instilling a sense of “Nation First” among citizens to make India a developed nation. She was addressing a gathering at the...,2024-11-22 10:23:00,https://www.deccanchronicle.com/h-upload/2024/11/22/1865113-22murmu2.jpg,Deccan Chronicle,0.003216143497396256,8,27,99,12,43
667,Gnews,https://indianexpress.com/article/sports/cricket/rishabh-pant-freak-six-pat-cummins-india-vs-australia-perth-9683550/,"Rishabh Pant brings pure joy to Perth with that freakish flick of a six off Cummins, as radio commentators beam through mics","IND vs AUS: The sensational counter attacking Six makes a nation sigh collectively about whether Pant could have taken on Pat Cummins on that November 19 day, in one-day cricket, while commentators gush",2024-11-22 09:34:23,https://images.indianexpress.com/2024/11/New-Project-14-1.jpg,The Indian Express,0.9740030841967747,44,60,259,44,152
668,Gnews,https://www.news18.com/india/pm-modis-showcases-indias-rich-heritage-with-special-gifts-for-world-leaders-pictures-9130552.html,PM Modi's Showcases India's Rich Heritage With Special Gifts For World Leaders; See Pics,Modi presented special gifts to world leaders to showcase India's rich culture and diversity during his whirlwind three-nation tour.,2024-11-22 18:27:18,https://images.news18.com/ibnlive/uploads/2024/11/pm-modi-2024-11-6bca3a4d4b26e83ca16463f8a6d48a9f-16x9.jpg?impolicy=website&width=1200&height=675,News18,2.0001459232422354e-19,22,69,367,15,81
669,Gnews,https://www.devdiscourse.com/article/law-order/3167508-nicaraguan-parliament-extends-ortegas-power,Nicaraguan Parliament Extends Ortega's Power,"The Nicaraguan parliament, controlled by the Sandinista Front, has unanimously approved a constitutional reform that further empowers President Daniel Ortega and the nation's police and military. The reform was submitted by Ortega as an urgent matter and swiftly passed by lawmakers.",2024-11-22 17:08:25,https://www.devdiscourse.com/remote.axd?https://devdiscourse.blob.core.windows.net/aiimagegallery/13_06_2024_11_29_29_4882176.png?width=920&format=jpeg,Devdiscourse,1.3110064564425356e-08,6,14,46,3,15
670,Gnews,https://www.devdiscourse.com/article/science-environment/3167978-sri-lankas-financial-renaissance-imfs-strategic-support-and-challenges-ahead,Sri Lanka's Financial Renaissance: IMF's Strategic Support and Challenges Ahead,"The International Monetary Fund's latest review of Sri Lanka's $2.9 billion bailout highlights both emerging recovery signs and continued economic vulnerabilities. With a focus on completing debt restructuring and responsible fiscal policy, the IMF emphasizes maintaining macroeconomic stability to secure the nation's prosperity amid ongoing financial challenges.",2024-11-23 06:31:31,https://www.devdiscourse.com/remote.axd?https://devdiscourse.blob.core.windows.net/aiimagegallery/09_07_2024_12_48_12_9332723.png?width=920&format=jpeg,Devdiscourse,6.756453000436957e-28,2,22,58,1,23
671,Gnews,https://www.firstpost.com/explainers/donald-trump-treasury-secretary-scott-bessent-challenges-united-states-13837913.html,What are the challenges that Trump's treasury chief will face,"President-elect Donald Trump announced hedge fund billionaire Scott Bessent as his choice for the next Treasury Secretary. Bessent, if confirmed by the Senate, will manage the nation’s finances and will be central to implementing Trump’s economic vision. He will also be the first openly gay Treasury Secretary in a Republican administration",2024-11-23 07:39:30,"https://images.firstpost.com/uploads/2024/11/AFP-scott-bessent-2024-11-4654041f87f1d2677ac7e283c6c98e4d.jpg?im=FitAndFill=(1200,675)",Firstpost,2.692810950169503e-08,47,108,470,41,221
672,Gnews,https://www.devdiscourse.com/article/business/3168221-imf-sanctions-third-review-of-sri-lankas-bailout-amidst-economic-vulnerability,IMF Sanctions Third Review of Sri Lanka's Bailout Amidst Economic Vulnerability,"The International Monetary Fund (IMF) approved the third review of Sri Lanka's $2.9 billion bailout, releasing another $333 million. While economic recovery signs surface, the nation must finalize debt restructuring to continue progress. Tax reforms and economic policies are pivotal for reaching fiscal goals as growth gradually resumes.",2024-11-23 10:02:47,https://www.devdiscourse.com/remote.axd?https://devdiscourse.blob.core.windows.net/devnews/30_06_2022_13_09_09_7406546.jpg?width=920&format=jpeg,Devdiscourse,0.9997212702501083,6,14,63,0,17
673,Gnews,https://www.devdiscourse.com/article/headlines/3168443-sri-lankas-imf-bailout-a-new-era-of-economic-reform,Sri Lanka's IMF Bailout: A New Era of Economic Reform,"The new NPP government of Sri Lanka secured IMF approval for a crucial tranche of its $3 billion bailout, reinforcing economic reforms despite initial opposition. President Anura Dissanayake confirmed commitment to the program, initiated amid crisis, to stabilize the nation's economy, tackling corruption, and ensuring sustainable growth.",2024-11-23 12:35:29,https://www.devdiscourse.com/remote.axd?https://devdiscourse.blob.core.windows.net/aiimagegallery/08_08_2024_16_47_45_5166824.png?width=920&format=jpeg,Devdiscourse,1.2790342454478633e-29,1,10,56,2,21
674,Gnews,https://indianexpress.com/article/india/people-shut-shops-fake-well-wishers-constitution-amit-shah-on-poll-results-9686584/,People have shut shops of fake well-wishers of Constitution: Amit Shah on poll results,"Maharashtra, the holy land of Chhatrapati Shivaji Maharaj, Babasaheb Ambedkar, Jyotiba Phule and Veer Savarkar, has always kept culture and nation supreme along with development, the senior BJP leader said.",2024-11-23 14:54:25,https://images.indianexpress.com/2024/11/Untitled-design-8-12.jpg,The Indian Express,3.2600359023782056e-10,7,35,206,14,63
675,Gnews,https://www.news18.com/cricket/pcb-denies-reports-of-potential-meeting-with-icc-bcci-to-resolve-2025-champions-trophy-fiasco-9131711.html,"PCB Denies Reports Of Potential Meeting With ICC, BCCI To Resolve 2025 Champions Trophy Fiasco",PCB is reportedly yet to receive any response from the ICC on the email it has sent to the global body asking for the reasons about India’s reluctance to send the team to the neighbouring nation,2024-11-23 13:35:25,https://images.news18.com/ibnlive/uploads/2024/09/pcb-meeting-x-feature-2024-09-d85b7051ee8788ecab77f6683439b49d-16x9.png?impolicy=website&width=1200&height=675,News18,0.10736933047399316,13,17,134,20,78
676,Gnews,https://www.firstpost.com/world/netanyahu-holds-meeting-with-senior-officials-over-lebanon-ceasefire-as-israel-is-poised-to-accept-us-proposal-13838409.html,Netanyahu holds meeting with senior officials over Lebanon ceasefire as Israel is poised to accept US proposal,Israel's Prime Minister Benjamin Netanyahu held a meeting with a few senior Israeli officials over a ceasefire deal with Hezbollah as reports indicate that the Jewish nation has given the tentative okay to proposal brokered by the US,2024-11-25 00:32:05,"https://images.firstpost.com/uploads/2024/11/Netanyahu-2-Reuters-2024-11-34ce3bd180464c3c17947df3f7612ab6.jpg?im=FitAndFill=(1200,675)",Firstpost,2.6137079231056923e-17,16,36,197,11,86
677,Gnews,https://www.devdiscourse.com/article/politics/3169557-uruguays-electoral-showdown-a-battle-of-moderates,Uruguay's Electoral Showdown: A Battle of Moderates,"Uruguay held a closely contested presidential runoff between centrist candidates Yamandu Orsi and Alvaro Delgado. The race highlights Uruguay's moderate political climate, with economic stability and social issues taking center stage. Both candidates aim to capture undecided voters in a nation watching for political continuity or change.",2024-11-24 23:05:44,https://www.devdiscourse.com/remote.axd?https://devdiscourse.blob.core.windows.net/aiimagegallery/22_08_2024_06_51_53_0586652.png?width=920&format=jpeg,Devdiscourse,2.110232745184064e-29,3,19,51,1,22
678,Gnews,https://www.devdiscourse.com/article/politics/3169554-uruguay-awaits-results-of-tight-presidential-runoff,Uruguay Awaits Results of Tight Presidential Runoff,"Uruguay's runoff election has concluded, leaving the nation eagerly anticipating the results in a closely contested race between a conservative incumbent coalition candidate and a left-wing challenger. Independent pollsters have started quick counts, but official results may take longer, reminiscent of the 2019 election delay.",2024-11-24 22:41:46,https://www.devdiscourse.com/remote.axd?https://devdiscourse.blob.core.windows.net/imagegallery/29_02_2020_16_53_54_7540817.jpg?width=920&format=jpeg,Devdiscourse,0.22262346143646627,2,21,51,0,22
679,Gnews,https://www.livemint.com/education/mint-primer-should-all-school-children-be-given-skill-education-11732459377903.html,Should all schoolchildren be given skill education?,A recent World Bank skill gap analysis done across six states has thrown up the need to offer skill education in schools for India to reap the demographic dividend and become a developed nation by 2047. Mint looks at the current status and the way forward.,2024-11-24 18:30:00,https://www.livemint.com/lm-img/img/2024/11/24/1600x900/2-0-1016201018-vocationaleducation4-0_1679904585116_1732463845611.JPG,Livemint,8.927126631135087e-10,22,53,151,10,77
680,Gnews,https://www.news18.com/world/three-days-82-killed-shia-sunni-violence-rocks-pakistan-9132532.html,"Three Days, 82 Killed: Shia-Sunni Violence Rocks Pakistan","Pakistan, predominantly a Sunni nation, includes the Kurram district in Khyber Pakhtunkhwa province, which borders Afghanistan and has a significant Shiite population.",2024-11-24 12:40:38,https://images.news18.com/ibnlive/uploads/2024/11/pakistan-shia-sunni-violence-kurram-afp-2024-11-f17bcd9268b02f5b2811c09600118b9d-16x9.jpg?impolicy=website&width=1200&height=675,News18,1.0870018352460968e-27,8,42,167,6,74
681,Gnews,https://www.news18.com/india/constitution-day-event-govt-opposition-demands-for-rahul-gandhi-address-president-pm-modi-address-9133203.html,Constitution Day Event Tomorrow: Govt Vs Opposition Likely Over Demands For Rahul's Address,The Constitution Day event will be organised in the old Parliament building on Tuesday where PM Modi will address the nation.,2024-11-25 07:35:27,https://images.news18.com/ibnlive/uploads/2024/11/pm-modi-and-rahul-gandhi-2024-11-32bca25bce02346d9fa3f9c633160715-16x9.jpg?impolicy=website&width=1200&height=675,News18,0.0,18,18,194,1,74
682,Gnews,https://www.devdiscourse.com/article/business/3169762-indias-employment-landscape-a-new-era-of-growth,India's Employment Landscape: A New Era of Growth,"The second half of FY25 shows a 7.1% net employment growth, reflecting positive hiring trends. Key sectors like logistics, e-commerce, and EVs lead the surge due to technological advancements and government initiatives, while emerging cities enhance job opportunities, offering diverse career prospects across the nation.",2024-11-25 05:58:15,https://www.devdiscourse.com/remote.axd?https://devdiscourse.blob.core.windows.net/devnews/25_11_2024_11_27_54_5071238.jpg?width=920&format=jpeg,Devdiscourse,1.6822384577816732e-31,10,58,201,5,60
683,Gnews,https://www.indiatvnews.com/news/india/75-years-of-constitution-sentiment-of-nation-first-will-keep-says-pm-modi-at-supreme-court-2024-11-26-963548,"75 Years Of Constitution: 'Sentiment of nation first will keep it alive for many years,' says PM Modi at SC",75 Years Of Constitution: PM Modi also added that Constitution is fully implemented now in Jammu and Kashmir and that Constitution Day was celebrated there for the first time.,2024-11-26 13:13:39,https://resize.indiatvnews.com/en/resize/newbucket/1200_-/2024/11/PTI11_25_2024_000183B.jpg,India TV News,0.9978619876869094,8,15,78,16,34
684,Gnews,https://theprint.in/india/education/one-nation-one-subscription-all-about-modi-govts-new-scheme-that-promises-to-be-indias-jstor/2374737/,‘One Nation One Subscription’: All about Modi govt’s new scheme that promises to be India’s JSTOR,"Publishers like Oxford University Press, Elsevier, Taylor and Francis have already been included in national journal-subscription programme. 'Game-changer for Indian academia,' says PM.",2024-11-26 12:50:11,https://static.theprint.in/wp-content/uploads/2024/11/Feature-Image-9-2.png,ThePrint,2.541155549753896e-15,28,71,281,14,104
685,Gnews,https://www.firstpost.com/explainers/one-nation-one-subscription-scheme-key-benefits-explained-13839014.html,"What is ‘One Nation One Subscription’, Centre’s new scheme for students, researchers?","The Union Cabinet has given the green light to the ‘One Nation One Subscription’ (ONOS) scheme. The initiative seeks to provide students, faculty, and researchers access to globally renowned scholarly articles and journals",2024-11-26 10:59:56,"https://images.firstpost.com/uploads/2024/11/Untitled-design-26-2024-11-fc1e68e849de7ca5e432aa09a34d774b.jpg?im=FitAndFill=(1200,675)",Firstpost,4.2173195264050266e-29,15,67,362,11,110
686,Gnews,https://www.indiatvnews.com/news/world/pakistan-pti-protests-funny-scene-slingshots-vs-giant-fans-pakistan-police-and-pti-protesters-turn-clash-into-bizarre-showdown-2024-11-26-963521,Slingshots vs giant fans: Pakistan Police and PTI protesters turn clash into bizarre showdown,"This sparked a meme frenzy on social media, with users chuckling over the irony of a nuclear-armed nation's government resorting to such tactics. Some even joked about it being the 'latest advancement' in Pakistan's nuclear arsenal.",2024-11-26 10:47:55,https://resize.indiatvnews.com/en/resize/newbucket/1200_-/2024/11/pakistan-police-using-slingshots-1732617843.jpg,India TV News,5.866742866593327e-18,12,57,251,13,118
687,Gnews,https://www.deccanchronicle.com/entertainment/kamal-haasan-pays-tribute-to-indias-constitution-on-its-75th-anniversary-1841451,Kamal Haasan pays tribute to India’s Constitution on its 75th Anniversary,"The Constitution is like the North Star—it anchors us amidst chaos, guiding our journey as a nation through uncharted waters. On the 75th anniversary of this historic document, actor and statesman...",2024-11-26 09:43:00,https://www.deccanchronicle.com/h-upload/2024/11/26/1866637-untitleddesign15.jpg,Deccan Chronicle,0.9939180290384434,9,13,64,13,37
688,Gnews,https://indianexpress.com/article/trending/trending-in-india/26-11-attack-among-top-trending-topics-on-google-search-9690841/,26/11 attack among top trending topics on Google search,"As the nation marks the 16th anniversary of this tragic event, people across the country are remembering the victims and the heroic efforts of security forces.",2024-11-26 06:26:51,https://images.indianexpress.com/2023/11/mumbai-attack-3.jpg,The Indian Express,8.656618906166837e-24,4,10,53,2,15
689,Gnews,https://indianexpress.com/article/india/national-constitution-day-2024-live-updates-dr-b-r-ambedkar-9690644/,India Constitution Day 26 November 2024 LIVE: 75th Constitution Day of India,"India Constitution Day 26 November, 75th Constitution Day of India | Samvidhan Divas Theme, Status, Quotes and Images: Learn about Constitution Day, observed on 26 November, honoring Dr. BR Ambedkar and the adoption of India’s Constitution. Discover its significance and history in shaping the nation.",2024-11-26 05:09:35,https://images.indianexpress.com/2024/11/const-2.jpg,The Indian Express,1.628096287030511e-06,74,173,1155,105,450
690,Gnews,https://www.devdiscourse.com/article/headlines/3171100-india-pushes-forward-with-transformative-national-schemes,India Pushes Forward with Transformative National Schemes,"Prime Minister Narendra Modi announced the approval of several key initiatives, including the 'One Nation, One Subscription' scheme, aimed at advancing research and education. The government also approved the National Mission on Natural Farming and multi-tracking rail projects, promising significant progress in agriculture, infrastructure, and innovation.",2024-11-26 05:08:17,https://www.devdiscourse.com/remote.axd?https://devdiscourse.blob.core.windows.net/devnews/26_11_2024_10_38_09_4672076.jpg?width=920&format=jpeg,Devdiscourse,2.725422321790329e-67,3,13,64,1,22
691,Gnews,https://www.deccanchronicle.com/nation/current-affairs/nation-celebrates-75-years-of-constitution-leaders-extend-greetings-1841328,Nation marks 75 Years of Constitution; leaders extend greetings,"New Delhi: Prime Minister Narendra Modi extended greetings of the 75th anniversary of 'Constitution Day' to the people of India on Tuesday.Taking on X, PM Modi posted, ""Happy Constitution Day to all...",2024-11-26 04:31:00,https://www.deccanchronicle.com/h-upload/2024/11/26/1866544-ani-20241126041229.jpg,Deccan Chronicle,1.1879873236898533e-05,19,72,375,33,125
692,Gnews,https://www.news18.com/education-career/one-nation-one-subscription-govts-rs-6000-cr-scheme-for-nationwide-access-to-research-journals-9134133.html,'One Nation One Subscription': Govt's Rs 6000 Cr Scheme For Nationwide Access To Research Journals,"Rs 6,000 crore 'One Nation One Subscription' scheme will provide nationwide access to research journals for 1.8 crore students.",2024-11-26 04:22:18,https://images.news18.com/ibnlive/uploads/2024/10/college-admissions-2-2024-10-744a79cb764078010fbd7eec9e72c040-16x9.jpg?impolicy=website&width=1200&height=675,News18,1.4701103627721322e-175,7,29,157,1,43
693,Gnews,https://indianexpress.com/article/explained/one-nation-one-subscription-9691391/,First phase of ‘One Nation One Subscription’ approved: How the scheme can improve govt institutions’ access to journals,"Aiming to centralise journal subscriptions for nearly 6,300 government-run institutions, ONOS seeks to provide equitable access to 13,000 scholarly journals under a single platform",2024-11-26 10:46:03,https://images.indianexpress.com/2024/11/HEIs.jpg,The Indian Express,3.230670928127835e-19,36,90,351,14,143
694,Gnews,https://www.devdiscourse.com/article/headlines/3171964-saudi-arabias-bold-budget-plan-for-2025-amid-fiscal-deficit,Saudi Arabia's Bold Budget Plan for 2025 Amid Fiscal Deficit,"Saudi Arabia has approved its 2025 state budget, projecting a fiscal deficit of 101 billion riyals. Despite challenges from declining oil prices and extended production cuts, the nation plans a significant spending increase to support its Vision 2030 economic transformation plan.",2024-11-26 15:01:57,https://www.devdiscourse.com/remote.axd?https://devdiscourse.blob.core.windows.net/aiimagegallery/12_07_2024_11_31_10_7711058.png?width=920&format=jpeg,Devdiscourse,1.2491280376855066e-17,5,12,39,2,22
695,Gnews,https://www.devdiscourse.com/article/health/3172394-historic-appointment-indian-american-scientist-leads-nih-under-trump,Historic Appointment: Indian-American Scientist Leads NIH Under Trump,"US President-elect Donald Trump appoints Indian-American Jay Bhattacharya as director of the National Institutes of Health, marking the first such nomination by Trump for a senior administrative role. Bhattacharya joins Robert F. Kennedy Jr. to spearhead medical research and address the nation's health crises.",2024-11-27 02:23:17,https://www.devdiscourse.com/remote.axd?https://devdiscourse.blob.core.windows.net/imagegallery/03_03_2020_19_00_38_2827682.jpg?width=920&format=jpeg,Devdiscourse,1.577397099422827e-39,2,14,50,1,18
696,Gnews,https://www.firstpost.com/opinion/delhis-pollution-emergency-and-indias-aspiration-to-become-a-leading-economy-13839301.html,Delhi’s pollution emergency and India’s aspiration to become a leading economy,"Delhi has turned out to be one of the most polluted places on this planet, an undesirable achievement for a nation that has always prioritised and promoted the principles of ecological consciousness",2024-11-27 09:34:21,"https://images.firstpost.com/uploads/2024/11/Representational-Image-2024-11-23T190112.385-2024-11-36b53e76abc41cd40d0703fe0f024ef3.jpg?im=FitAndFill=(1200,675)",Firstpost,0.008607230792839166,59,105,275,38,182
697,Gnews,https://www.firstpost.com/world/namibia-votes-today-5-things-about-general-election-in-the-african-nation-13839259.html,"Namibia votes today, 5 things about general election in the African nation","Namibia is holding elections today, with its history of genocide, SWAPO party leadership, drought challenges, and uranium exports all playing a big role in shaping the voters' decision",2024-11-27 06:30:47,"https://images.firstpost.com/uploads/2024/11/Untitled-design-28-2024-11-e1bd39cd763d6d0134ee40b901b6c208.jpg?im=FitAndFill=(1200,675)",Firstpost,2.0385054347607083e-10,7,52,179,11,65
698,Gnews,https://www.firstpost.com/world/tanzanias-ruling-party-faces-tough-test-in-local-polls-amid-concerns-of-intimidation-13839413.html,Tanzania's ruling party faces tough test in local polls amid concerns of intimidation,"About 31 million Tanzanians are eligible to cast ballots for more than 80,000 street and village leaders who wield considerable power in the East African nation",2024-11-27 10:21:02,"https://images.firstpost.com/uploads/2024/11/Mbowe-2024-11-5507292003330dbbe208559b4802e91a-1200x675.jpg?im=FitAndFill=(1200,675)",Firstpost,1.248473551614227e-06,12,40,136,12,56
699,Gnews,https://www.firstpost.com/explainers/vacations-maldives-just-got-pricier-13839463.html,Vacations in Maldives are expensive. Here's why it just got pricier to leave,"Maldives has raised its exit fees, levied on departing passengers, as much as 400 per cent. The move comes in the backdrop of Male facing a foreign exchange crisis and its economy appearing to have taken a hit after calls to Indian tourists to avoid the picturesque island nation came as a response to President Mohamed Muizzu's 'India Out' campaign. Let's take a closer look",2024-11-27 12:38:56,"https://images.firstpost.com/uploads/2024/05/maldives1-2024-05-47aba783db44a8ca6d9bcbee8d52ac05.jpg?im=FitAndFill=(1200,675)",Firstpost,8.795458880364044e-12,25,57,282,22,154
700,Gnews,https://www.indiatvnews.com/news/world/bangladesh-chinmoy-krishna-das-arrest-latest-update-30-held-over-protest-against-iskcon-leader-2024-11-27-963730,"Bangladesh: 30 held over protest against Chinmoy Das's arrest, ex-foreign minister dubs situation 'alarming'",A prominent Bangladeshi Hindu leader who has been leading rallies demanding security for Hindus in the overwhelmingly Muslim nation was ordered detained on charges of sedition Tuesday.,2024-11-27 12:30:29,https://resize.indiatvnews.com/en/resize/newbucket/1200_-/2024/11/AP11_26_2024_000271B.jpg,India TV News,1.934517237622301e-06,22,91,301,27,141
701,Gnews,https://www.news18.com/explainers/how-one-nation-one-subscription-scheme-will-transform-academia-benefit-students-researchers-9136056.html,"How ‘One Nation One Subscription’ Scheme Will Transform Academia, Benefit Students & Researchers","The One Nation One Subscription scheme, which will be launched on January 1, will help students and researchers from diverse institutions, including under-resourced colleges, have access to the latest findings, enabling quality research and innovation",2024-11-27 12:07:44,https://images.news18.com/ibnlive/uploads/2024/11/indian-research-2024-11-6d4857d625fbec727ea229aa23fe1448-16x9.jpg?impolicy=website&width=1200&height=675,News18,4.492472888950451e-43,16,63,283,7,111
702,Gnews,https://www.devdiscourse.com/article/law-order/3172915-philippines-political-turmoil-duterte-vs-marcos,Philippines' Political Turmoil: Duterte vs. Marcos,Philippine Vice President Sara Duterte faces criminal complaints for allegedly attacking and disobeying authorities in Congress. Tensions surge with President Ferdinand Marcos Jr. after Duterte's threats. The case highlights ongoing power struggles between two of the nation's most influential families.,2024-11-27 11:25:01,https://www.devdiscourse.com/remote.axd?https://devdiscourse.blob.core.windows.net/devnews/19_06_2022_16_54_07_9347538.jpg?width=920&format=jpeg,Devdiscourse,1.3235810196503674e-08,1,20,56,3,24
703,Gnews,https://www.firstpost.com/explainers/hezbollah-lebanon-israel-ceasefire-hamas-gaza-13839565.html,"After Hezbollah, will Israel agree to a ceasefire with Hamas in Gaza?","The ceasefire in Lebanon with Hezbollah has given momentum to an Israel-Hamas truce in Gaza. US President Joe Biden is now pushing for an elusive deal in Gaza, with Hamas reportedly also wanting to negotiate an agreement. But will the Jewish nation settle for such a pact?",2024-11-28 04:30:09,"https://images.firstpost.com/uploads/2024/11/gaza2-2024-11-4b4e21869a4f61c4ac88ec58e673912b.jpg?im=FitAndFill=(1200,675)",Firstpost,1.264934652961558e-05,51,62,450,45,221
704,Gnews,https://www.firstpost.com/world/israel-lebanon-ceasefire-hezbollah-claims-victory-vows-to-keep-fighting-in-1st-statement-after-deal-13839524.html,"Israel-Lebanon ceasefire: Hezbollah claims victory, vows to keep fighting in 1st statement after deal","In the first statment after the Israel-Lebanon ceasefire deal was put into effect, Hezbollah claimed victory over Tel Aviv and vowed to keep on fighting any form of aggression from the Jewish nation",2024-11-28 00:34:03,"https://images.firstpost.com/uploads/2024/11/lebanon6-2024-11-1c1efa05845a8fa1b13578cf1a2aa2a9.jpg?im=FitAndFill=(1200,675)",Firstpost,2.7881432027862994e-21,14,33,182,10,96
705,Gnews,https://indianexpress.com/article/opinion/columns/delhis-pollution-crisis-is-not-just-an-india-problem-9697908/,Delhi’s pollution crisis is not just an India problem,"Half a billion people living in the shadows of the Himalayas, from the plains of the Punjab in Pakistan through the entire sweep of India’s northern states into Bangladesh, are affected by the toxic smog in the nation’s capital",2024-11-29 20:30:19,https://images.indianexpress.com/2024/11/POLLU30id.jpg,The Indian Express,0.0011753684332273852,69,96,280,32,172
706,Gnews,https://indianexpress.com/article/political-pulse/anti-national-pro-myanmar-manipur-govt-attacks-bjp-mizo-criticism-biren-singh-9697739/,"‘Anti-national’, ‘pro-Myanmar’: Manipur govt attacks BJP’s Mizo ally for criticism of Biren Singh","Issues statement in response to MNF demand for Biren Singh’s removal, also warns of “an agenda for a Kuki-Chin nation”",2024-11-29 15:21:44,https://images.indianexpress.com/2024/11/brien.jpg,The Indian Express,9.102494343190122e-18,27,73,355,15,114
707,Gnews,https://www.devdiscourse.com/article/technology/3175504-indias-starry-ambition-private-sector-to-propel-space-growth,India's Starry Ambition: Private Sector to Propel Space Growth,India's space program is set for major growth with the involvement of private sector startups. ISRO Chairman S Somanath highlights the nation's potential to expand its share in the global space market through collaborative efforts. India's current space capabilities are set to rise significantly by 2047.,2024-11-29 10:46:09,https://www.devdiscourse.com/remote.axd?https://devdiscourse.blob.core.windows.net/aiimagegallery/30_07_2024_13_00_19_6190566.png?width=920&format=jpeg,Devdiscourse,3.735412148534974e-12,2,14,59,4,26
708,Gnews,https://www.firstpost.com/world/5-big-issues-that-could-block-saudi-arabias-bid-to-host-2034-fifa-world-cup-13840429.html,5 big issues that could block Saudi Arabia's bid to host 2034 FIFA World Cup,FIFA’s decision to consider Saudi Arabia’s bid has already sparked criticism. Choosing the country as the host nation could result in rights groups and fans accusing the organisation of prioritising commercial gains over ethical considerations,2024-11-30 14:05:09,"https://images.firstpost.com/uploads/2024/11/FIFA-world-cup-2024-11-4cf03e75f7504da03d7aadd68039f6ba.jpg?im=FitAndFill=(1200,675)",Firstpost,3.360806749745881e-45,8,38,180,4,88
709,Gnews,https://www.firstpost.com/world/rebels-take-strategic-towns-in-syrias-idlib-hama-provinces-after-attack-against-iran-russia-backed-govt-13840444.html,"Rebels take control of strategic towns in Syria's Idlib, Hama provinces; International community concerned","Idlib, located in northwestern Syria, lies 59 kilometres away from Aleppo, the capital of the most populous governorate in the West Asian nation",2024-11-30 15:39:50,"https://images.firstpost.com/uploads/2024/11/2024-11-29T211905Z_1_LYNXNPEKAS0SS_RTROPTP_4_SYRIA-SECURITY-CASUALTIES-UN-1-2024-11-c5ce1e686709dfb1f9ae06b13bb5efc2.jpg?im=FitAndFill=(1200,675)",Firstpost,5.261574203555347e-31,10,31,108,2,29
710,Gnews,https://indianexpress.com/article/opinion/columns/in-1950s-when-a-business-house-stood-in-the-dock-9699448/,"In 1950s, when a business house stood in the dock","The Modi government’s apparent reluctance to act against Adani could be because it views, more than previous administrations, big business as a partner in nation-building and also serving the country’s foreign policy and geostrategic interests.",2024-11-30 20:30:19,https://images.indianexpress.com/2024/11/dalmiaaa.jpg,The Indian Express,2.8344547914882345e-13,43,80,424,24,140
711,Gnews,https://www.indiatvnews.com/business/news/gst-collection-reports-8-5-per-cent-growth-to-rs-1-82-lakh-cr-in-november-2024-12-01-964291,GST collection reports 8.5 per cent growth to Rs 1.82 lakh cr in November,"GST was rolled out on July 1, 2017 heralding the start of 'One Nation, One Tax, One Market'. It subsumed at least 16 indirect taxes and cesses that previously existed in India, administered separately by the Centre and states, resulting in a greatly rationalised taxation structure.",2024-12-01 14:24:33,https://resize.indiatvnews.com/en/resize/newbucket/1200_-/2024/12/gst-1733063028.jpg,India TV News,2.6550219761645114e-19,7,23,130,7,47
712,Gnews,https://www.devdiscourse.com/article/health/3177549-indias-strides-towards-aids-eradication-a-new-hope,India's Strides Towards AIDS Eradication: A New Hope,"India has reported significant progress in combating AIDS, with a 79% reduction in deaths and a 44% decrease in infections in 2023. The nation aims to achieve the UN's goal of eradicating AIDS by 2030 through measures like universal testing and free drug distribution.",2024-12-01 11:05:04,https://www.devdiscourse.com/remote.axd?https://devdiscourse.blob.core.windows.net/aiimagegallery/11_06_2024_12_56_37_1590388.png?width=920&format=jpeg,Devdiscourse,7.161780805473625e-17,5,16,68,4,35
713,Gnews,https://www.news18.com/business/banking-finance/sbi-inoperative-account-activation-campaign-9141461.html,SBI Launches Nation-Wide Drive To Promote Inoperative Account Activation,State Bank of India said it has launched a nationwide drive to raise awareness about inoperative account activation,2024-12-01 09:56:08,https://images.news18.com/ibnlive/uploads/2024/06/img-2-2024-06-24t124500.329-2024-06-22b4b7b8b4ebcf0ef71f55500ff16f61-16x9.jpg?impolicy=website&width=1200&height=675,News18,4.949869341704087e-19,7,36,174,8,64
714,Gnews,https://www.firstpost.com/explainers/firstup-biden-to-visit-angola-nepals-pm-heads-to-china-the-headlines-today-13840183.html,"FirstUp: Biden to visit Angola, Nepal's PM heads to China... The headlines today","US President Joe Biden will visit the African nation Angola while Nepal's PM KP Sharma Oli will embark on his first foreign visit to China. In India, Congress leader Rahul Gandhi is set to appear before a court in Pune",2024-12-02 01:00:58,"https://images.firstpost.com/uploads/2024/11/FirstUp-1-11-2024-11-d05cc17ec406383d2e30a950ce191ddc.jpg?im=FitAndFill=(1200,675)",Firstpost,5.1065865388181456e-30,14,42,355,13,121
715,Gnews,https://indianexpress.com/article/india/bjps-sudhir-mungantiwar-at-idea-exchange-we-will-raise-ladki-bahin-grant-to-rs-2100-if-we-dont-we-will-be-criticised-across-the-nation-9701165/,"Sudhir Mungantiwar at Idea Exchange: ‘We will raise Ladki Bahin grant to Rs 2,100. If we don’t, we will be criticised across the nation’","Sudhir Mungantiwar is a seven-term MLA and Minister of Forests, Cultural Affairs and Fisheries in the Mahayuti government of Maharashtra.",2024-12-01 23:05:05,https://images.indianexpress.com/2024/12/Maharashtra-BJP-leader-Sudhir-Mungantiwar-right-in-conversation-with-Shubhangi-Khapre-at-the-Indian-Express-office-in-Mumbai-Sankhadeep-Banerjee.jpg,The Indian Express,0.9998465170138295,113,145,829,207,510
716,Gnews,https://www.devdiscourse.com/article/law-order/3178288-taiwans-strategic-dance-in-high-tech-diplomacy,Taiwan's Strategic Dance in High-Tech Diplomacy,"Taiwan's President Lai Ching-te highlights the nation's pivotal role in the high-tech industry, particularly semiconductors, during a Hawaii think-tank visit. The U.S.-Taiwan partnership is emphasized as strategically important, against a backdrop of geopolitical tensions with China and shifts in U.S. policy under Donald Trump.",2024-12-02 08:26:25,https://www.devdiscourse.com/remote.axd?https://devdiscourse.blob.core.windows.net/aiimagegallery/19_07_2024_10_56_14_1881527.png?width=920&format=jpeg,Devdiscourse,5.41750262041345e-21,2,17,61,2,18
717,Gnews,https://www.devdiscourse.com/article/law-order/3178380-innovating-taxation-president-murmus-vision-for-modern-tax-collection,Innovating Taxation: President Murmu's Vision for Modern Tax Collection,"President Droupadi Murmu stressed the importance of innovative and less intrusive tax collection using technology. Addressing IRS trainees, she highlighted their role in nation-building by fostering transparency, accountability, and international cooperation, crucial for socio-economic progress. IRS officers are vital to India's economic framework and governance.",2024-12-02 09:42:25,https://www.devdiscourse.com/remote.axd?https://devdiscourse.blob.core.windows.net/aiimagegallery/18_06_2024_12_38_12_7691767.png?width=920&format=jpeg,Devdiscourse,1.845772130871044e-10,3,20,56,3,18
718,Gnews,https://www.firstpost.com/world/in-georgia-its-president-versus-prime-minister-over-eu-stand-13840757.html,"In Georgia, it’s president versus prime minister over EU accession",A major political tussle is at the heart of the political crisis in Georgia. The stand-off between the country's president and prime minister over the former USSR nation's prospects of joining the EU has rattled the country like never before,2024-12-02 09:15:10,"https://images.firstpost.com/uploads/2024/12/01000000-0aff-0242-573f-08dc7dc99f91_cx0_cy2_cw0_w1597_n_r1_st_s-2024-12-7a153ac9b1494b3995df617ff047394d.jpg?im=FitAndFill=(1200,675)",Firstpost,1.1961522933634052e-09,37,99,444,34,213
719,Gnews,https://www.firstpost.com/explainers/south-korea-disappear-earth-decline-fertility-rate-demographic-crisis-13840864.html,Why South Korea could become the first country to disappear from Earth,"South Korea, once known for its economic growth and modernisation, is now facing a major fertility crisis. If the trend continues, the nation's population could decline to a third of its current size by the century’s end",2024-12-02 11:33:06,"https://images.firstpost.com/uploads/2024/12/Untitled-design-1-2024-12-00bdcb646d7d881f53961101ab93d984.jpg?im=FitAndFill=(1200,675)",Firstpost,4.939708974632428e-17,47,80,398,22,199
720,Gnews,https://www.devdiscourse.com/article/sports-games/3179071-vuelta-a-espanas-italian-premiere-a-historic-kickoff,Vuelta a Espana's Italian Premiere: A Historic Kickoff,"For the first time, the Vuelta a Espana will commence in Italy during its 90th edition, set for August 23. Starting in Turin, the race spans multiple Italian regions before heading back to Spain, marking the sixth time the Vuelta begins outside its home nation.",2024-12-02 16:53:56,https://www.devdiscourse.com/remote.axd?https://devdiscourse.blob.core.windows.net/aiimagegallery/19_08_2024_16_03_48_2957362.png?width=920&format=jpeg,Devdiscourse,5.850885494929264e-46,3,11,42,1,21
721,Gnews,https://www.devdiscourse.com/article/politics/3179027-georgias-eu-integration-crisis-a-nation-at-crossroads,Georgia's EU Integration Crisis: A Nation at Crossroads,"Georgia's President Salome Zourabichvili urges Western nations to support Georgia's EU integration amid protests and government stalemate. Amid allegations of electoral fraud, clashes continue as the government, denying Russian influence, enacts controversial laws. Demonstrations reflect deep national divides over Georgia's future direction.",2024-12-02 16:19:19,https://www.devdiscourse.com/remote.axd?https://devdiscourse.blob.core.windows.net/aiimagegallery/24_07_2024_09_13_23_090846.png?width=920&format=jpeg,Devdiscourse,1.1818052574576559e-76,2,10,59,1,23
722,Gnews,https://www.deccanchronicle.com/nation/india-ups-vigil-at-bangla-missions-1843475,India Ups Vigil at Bangla Missions,"New Delhi: India termed the security breach of the Bangladeshi diplomatic mission in Agartala as “deeply regrettable”, and said that the security would be scaled up for the neighbouring nation’s...",2024-12-02 19:27:00,https://www.deccanchronicle.com/h-upload/2024/12/02/1868751-aa-3568892.jpg,Deccan Chronicle,8.946651347567529e-16,12,25,121,7,55
723,Gnews,https://www.devdiscourse.com/article/politics/3179378-taiwans-diplomatic-odyssey-strengthening-ties-in-the-pacific,Taiwan's Diplomatic Odyssey: Strengthening Ties in the Pacific,"Taiwanese President Lai Ching-te embarked on a diplomatic journey visiting the Marshall Islands, focused on bolstering ties and offering support. Despite Chinese opposition, he emphasized shared cultural heritage and values of democracy with the Pacific nation. The visit marks his first since assuming office, aiming to enhance bilateral relations.",2024-12-03 04:43:20,https://www.devdiscourse.com/remote.axd?https://devdiscourse.blob.core.windows.net/devnews/24_01_2024_11_50_34_6211807.jpg?width=920&format=jpeg,Devdiscourse,1.4999332890062775e-07,2,16,58,5,18
724,Gnews,https://www.deccanchronicle.com/nation/current-affairs/pm-modi-to-dedicate-implementation-of-criminal-laws-to-nation-today-1843515,PM Modi to dedicate implementation of criminal laws to nation today,"Chandigarh: Prime Minister Narendra Modi will dedicate to the nation the successful implementation of three transformative new criminal laws - Bharatiya Nyaya Sanhita, Bharatiya Nagarik Suraksha...",2024-12-03 04:40:00,https://www.deccanchronicle.com/h-upload/2024/12/03/1868795-ani-20241203041418.jpg,Deccan Chronicle,4.647864608668317e-14,9,35,101,6,51
725,Gnews,https://www.devdiscourse.com/article/politics/3179477-swapo-surges-ahead-in-namibias-election,SWAPO Surges Ahead in Namibia's Election,Namibia's ruling SWAPO party leads both presidential and parliamentary races amid election technical challenges. Vice President Netumbo Nandi-Ndaitwah vies to become the nation's first female president. Opposition trails significantly as final results from the extended voting period remain pending.,2024-12-03 06:54:18,https://www.devdiscourse.com/remote.axd?https://devdiscourse.blob.core.windows.net/imagegallery/29_02_2020_16_57_55_697089.jpg?width=920&format=jpeg,Devdiscourse,0.999510281175266,5,13,41,0,18
726,Gnews,https://www.news18.com/viral/ohio-woman-gets-one-year-jail-sentence-for-killing-and-eating-cat-aa-9143695.html,Ohio Woman Gets One Year Jail Sentence For Killing And Eating Cat,"The judge said, “You’ve embarrassed this county. You’ve embarrassed this nation. More importantly, you’ve embarrassed yourself.”",2024-12-03 09:54:23,https://images.news18.com/ibnlive/uploads/2024/12/news18-14-2024-12-776961fc7b6be6f0ca87dec6e6238be6-16x9.png?impolicy=website&width=1200&height=675,News18,0.9894244930455798,20,31,147,31,95
727,Gnews,https://www.firstpost.com/explainers/will-the-us-brokered-ceasefire-between-israel-and-lebanon-hezbollah-hold-13841170.html,Will the US-brokered ceasefire between Israel and Lebanon's Hezbollah hold?,"The ceasefire between Israel and Hezbollah is under severe strain, with escalating violence threatening to unravel the US-brokered agreement less than a week after its inception. Israeli airstrikes have killed at least 11 people in Lebanon, while Hezbollah retaliated with missile fire, accusing the Jewish nation of violating the truce 54 times",2024-12-03 12:42:51,"https://images.firstpost.com/uploads/2024/12/Israel-Lebanon-border-2024-12-c8cd0e973fa42b16e29533dbbd5f2146.jpg?im=FitAndFill=(1200,675)",Firstpost,2.224287699841106e-23,25,91,371,15,177
728,Gnews,https://www.devdiscourse.com/article/technology/3179864-ai-evolution-in-the-philippines-call-center-industry-balancing-progress-and-job-security,AI Evolution in the Philippines Call Center Industry: Balancing Progress and Job Security,"The Philippine BPO sector, a critical pillar of the nation's economy, faces workforce upheaval due to AI integration. Although the government advocates upskilling to offset job losses, entrenched labor rights issues and the lack of unionization pose significant challenges. Industry leaders express concern over potential displacement of low-skilled workers.",2024-12-03 11:50:56,https://www.devdiscourse.com/remote.axd?https://devdiscourse.blob.core.windows.net/imagegallery/29_02_2020_16_59_02_2201424.jpg?width=920&format=jpeg,Devdiscourse,9.180595879718696e-62,4,13,62,1,20
817,Gnews,https://indianexpress.com/article/india/opposition-cms-on-joint-poll-bills-against-federalism-will-erase-regional-voices-9722113/,"Opposition CMs on joint poll Bills: ‘Against federalism, will erase regional voices’","West Bengal CM and TMC supremo Mamata Banerjee said the Union Cabinet “has bulldozed their way through with the unconstitutional and anti-federal One Nation, One Election Bill”.",2024-12-12 22:34:57,https://images.indianexpress.com/2024/12/rajya.jpg,The Indian Express,3.2583350712494485e-10,13,44,206,15,75
729,Gnews,https://www.firstpost.com/world/south-korea-president-yoon-suk-yeol-emergency-martial-law-13841284.html,South Korea's Yoon declares emergency martial law to 'protect' country from 'communist forces',"""To safeguard a liberal South Korea from the threats posed by North Korea's communist forces and to eliminate anti-state elements... I hereby declare emergency martial law,"" Yoon Suk Yeol said in a live televised address to the nation",2024-12-03 13:54:52,"https://images.firstpost.com/uploads/2024/05/BRREAKING_NEWS-2024-05-38e7a468ebc1fe9953b26a668abf2070.jpg?im=FitAndFill=(1200,675)",Firstpost,1.1363458930055863e-05,10,45,156,16,71
730,Gnews,https://indianexpress.com/article/cities/delhi/activist-nadeem-khan-high-court-interim-protection-arrest-9704333/,‘Harmony of our nation not so fragile’: HC protects activist Nadeem Khan from arrest until Friday,"While granting interim protection from arrest until the next date of hearing on December 6, Justice Singh directed Khan to join the investigation on Wednesday and cooperate with the probe.",2024-12-03 12:07:50,https://images.indianexpress.com/2024/10/delhi-high-court-1.png,The Indian Express,3.4031463969545455e-05,4,9,48,5,21
731,Gnews,https://www.devdiscourse.com/article/health/3180362-south-korea-faces-financial-turmoil-amid-martial-law-declaration,South Korea Faces Financial Turmoil Amid Martial Law Declaration,"South Korea's government is prepared to use all measures to stabilize its financial markets following President Yoon Suk Yeol's declaration of martial law. The Korean won has declined sharply, impacting investor confidence. Political wrangling over the nation's budget intensifies tensions amid the economic turmoil.",2024-12-03 16:33:46,https://www.devdiscourse.com/remote.axd?https://devdiscourse.blob.core.windows.net/aiimagegallery/02_08_2024_08_57_43_122775.png?width=920&format=jpeg,Devdiscourse,0.9999999926688536,1,9,45,0,17
732,Gnews,https://www.devdiscourse.com/article/science-environment/3179819-barbados-generats-125m-to-fund-water-security-and-climate-resilience-projects,Barbados Generats $125M to Fund Water Security and Climate Resilience Projects,"Groundbreaking financial innovation supports the Caribbean nation’s adaptation to climate change with investments in water management, food security, and ecosystem protection.",2024-12-03 13:59:26,https://www.devdiscourse.com/remote.axd?https://devdiscourse.blob.core.windows.net/devnews/21_11_2024_09_54_23_8575662.webp?width=920&format=jpeg,Devdiscourse,1.4208651023076138e-34,7,58,263,6,80
733,Gnews,https://www.devdiscourse.com/article/sports-games/3180641-saudi-arabia-2034-world-cup-a-new-era-in-human-rights-and-global-football,Saudi Arabia 2034 World Cup: A New Era in Human Rights and Global Football,"Hammad Albalawi, leading Saudi Arabia's bid for the 2034 World Cup, emphasized the nation's strides in human rights as part of Vision 2030, aiming to attract unprecedented numbers of fans. Saudi Arabia remains the sole contender for hosting amidst concerns over its human rights record. Major labor reforms have been cited as proof of progress.",2024-12-03 23:20:10,https://www.devdiscourse.com/remote.axd?https://devdiscourse.blob.core.windows.net/imagegallery/22_07_2020_11_20_50_3283068.png?width=920&format=jpeg,Devdiscourse,3.90114575853505e-11,6,20,60,3,21
734,Gnews,https://www.devdiscourse.com/article/politics/3180631-political-turmoil-in-south-korea-martial-law-drama-unfolds,Political Turmoil in South Korea: Martial Law Drama Unfolds,"South Korean President Yoon Suk Yeol stepped back from his sudden martial law declaration following strong opposition from parliament. His attempt aimed at suppressing political dissent was rejected, leading to public outcry and calls for his resignation amid the nation's biggest political crisis in decades.",2024-12-03 22:52:20,https://www.devdiscourse.com/remote.axd?https://devdiscourse.blob.core.windows.net/devnews/03_12_2024_20_42_35_8747545.jpg?width=920&format=jpeg,Devdiscourse,2.3711309409380405e-09,6,19,53,3,23
735,Gnews,https://www.devdiscourse.com/article/politics/3180481-crisis-in-korean-democracy-martial-law-sparks-unrest,Crisis in Korean Democracy: Martial Law Sparks Unrest,"South Korean President Yoon Suk Yeol's martial law declaration has triggered protests and a political crisis. Lawmakers rejected the move, considering it an illegal coup. The situation has sparked widespread concern both domestically and internationally, with fears it may destabilize the nation's democratic fabric.",2024-12-03 18:11:55,https://www.devdiscourse.com/remote.axd?https://devdiscourse.blob.core.windows.net/imagegallery/11_03_2020_13_23_01_9613234.jpg?width=920&format=jpeg,Devdiscourse,1.7011742580283275e-26,3,21,53,1,23
736,Gnews,https://www.firstpost.com/tech/india-most-targeted-nation-for-mobile-malware-attacks-with-28-of-all-attacks-finds-global-report-13841396.html,"India most targeted nation for mobile malware attacks with 28% of all attacks, finds global report",India accounted for 28% of global mobile malware attacks out of over 20 billion mobile threat transactions made between June 2023 and May 2024. This is more than that of the US & Canada. The study also found that India accounted for over 66% of all such attacks in Asia-Pacific,2024-12-04 04:26:19,"https://images.firstpost.com/uploads/2024/12/India-most-targeted-nation-for-mobile-malware-attacks-with-28-of-all-attacks-finds-global-report-2024-12-8cde25b1781ff249cc2d1fdda6069627-1200x675.jpg?im=FitAndFill=(1200,675)",Firstpost,2.3440856122933138e-23,22,63,216,7,84
737,Gnews,https://indianexpress.com/article/world/south-korea-martial-law-military-rule-history-9705621/,"Martial law not new, South Korea has an uneasy past with military rule",South Korea has long battled military coups and martial law before it became a democratic nation in the late 1980s.,2024-12-04 08:21:00,https://images.indianexpress.com/2024/12/AP12_04_2024_000086A.jpg,The Indian Express,7.635966344008984e-11,18,54,230,16,96
738,Gnews,https://www.indiatvnews.com/sports/cricket/pakistan-announce-test-squad-for-south-africa-series-shaheen-afridi-sajid-khan-left-out-babar-azam-returns-2024-12-04-964644,"Pakistan announce Test squad for South Africa series; Shaheen Afridi, Sajid Khan left out, Babar Azam returns","Pakistan Cricket Board (PCB) on Wednesday, December 4 named squads for the multi-format tour of South Africa. Shaheen Afridi and Sajid Khan were the notable omissions from the Test team as Pakistan picked as many as five pace-bowling options for two Test matches in the rainbow nation.",2024-12-03 18:30:00,https://resize.indiatvnews.com/en/resize/newbucket/1200_-/2024/12/79775-1733292890.jpg,India TV News,1.1708667827917873e-11,10,21,184,10,48
739,Gnews,https://www.devdiscourse.com/article/politics/3181415-bjps-preneet-kaur-backs-vp-dhankhars-push-for-farmer-dialogue,BJP's Preneet Kaur Backs VP Dhankhar's Push for Farmer Dialogue,"Bharatiya Janata Party's Preneet Kaur praises Vice President Jagdeep Dhankhar's call for dialogue with protesting farmers. Kaur urges Shivraj Chouhan to initiate talks, highlighting farmers as crucial to the nation. Dhankhar questions former agriculture ministers' promises as farmer protests seek solutions and Minimum Support Price assurance.",2024-12-04 12:10:37,https://www.devdiscourse.com/remote.axd?https://devdiscourse.blob.core.windows.net/devnews/04_12_2024_17_40_30_4636317.jpg?width=920&format=jpeg,Devdiscourse,1.1772199534138366e-31,0,10,68,2,15
740,Gnews,https://www.devdiscourse.com/article/headlines/3181414-cubas-power-grid-crisis-a-nation-in-darkness,Cuba's Power Grid Crisis: A Nation in Darkness,"Cuba's largest power plant failure caused a nationwide blackout early Wednesday. The grid collapse, due to obsolete power plants and dwindling oil imports, left Havana in darkness and affected around 10 million people. Efforts to reconnect the system are ongoing amid ongoing economic and natural challenges.",2024-12-04 12:10:14,https://www.devdiscourse.com/remote.axd?https://devdiscourse.blob.core.windows.net/aiimagegallery/27_06_2024_03_41_14_4994242.png?width=920&format=jpeg,Devdiscourse,1.8660411331425305e-06,6,24,50,0,20
741,Gnews,https://www.devdiscourse.com/article/politics/3181603-south-korea-in-crisis-president-yoon-faces-impeachment-over-martial-law-move,South Korea in Crisis: President Yoon Faces Impeachment Over Martial Law Move,"South Korean President Yoon Suk Yeol's attempt to impose martial law sparked chaos as lawmakers moved to impeach him. His declaration aimed at curbing political dissent backfired, leading to calls for his resignation. Civic protests and economic instability followed, reflecting deep divisions in the nation.",2024-12-04 14:07:52,https://www.devdiscourse.com/remote.axd?https://devdiscourse.blob.core.windows.net/imagegallery/27_05_2019_11_49_54_2610105.jpg?width=920&format=jpeg,Devdiscourse,1.266462630161027e-10,5,21,58,3,24
742,Gnews,https://indianexpress.com/article/cities/kolkata/question-of-nations-security-and-respect-hotels-in-malda-bar-guests-from-bangladesh-9707140/,‘Question of nation’s security and respect’: Hotels in Malda bar guests from Bangladesh,"Members of the Malda Hotel Association convened a meeting to discuss their concerns, which primarily revolves around potential infiltrators from Bangladesh",2024-12-04 23:21:58,https://images.indianexpress.com/2024/12/travel22.jpg,The Indian Express,0.5178092975603396,22,26,191,26,90
743,Gnews,https://www.devdiscourse.com/article/law-order/3181832-no-early-release-for-norwegian-mass-murderer,No Early Release for Norwegian Mass Murderer,"A Norwegian court has denied early release to Anders Behring Breivik, the convicted mass murderer responsible for the deaths of 77 people in Norway's deadliest peacetime attack. The decision, reported by Aftenposten and NTB, reaffirms the seriousness of his crimes and their impact on the nation.",2024-12-04 16:19:48,https://www.devdiscourse.com/remote.axd?https://devdiscourse.blob.core.windows.net/devnews/08_01_2024_16_09_09_6619573.jpg?width=920&format=jpeg,Devdiscourse,0.0003064490861877188,5,9,43,5,22
744,Gnews,https://www.devdiscourse.com/article/international/3181519-pakistans-electricity-crisis-a-nation-on-the-brink,Pakistan's Electricity Crisis: A Nation on the Brink,"Pakistan's deepening electricity crisis is compounding economic difficulties, with excessive bills and outages leaving citizens in distress. Residents in cities like Karachi struggle to afford necessities, as government inaction heightens frustration. Urgent intervention is needed to address the soaring costs and persistent blackouts plaguing the nation.",2024-12-04 13:14:09,https://www.devdiscourse.com/remote.axd?https://devdiscourse.blob.core.windows.net/devnews/04_12_2024_18_44_02_1750547.jpg?width=920&format=jpeg,Devdiscourse,0.000850331358599346,2,30,78,10,42
745,Gnews,https://www.devdiscourse.com/article/headlines/3182415-historic-merger-vodafone-and-three-unite-to-dominate-uks-mobile-market,Historic Merger: Vodafone and Three Unite to Dominate UK's Mobile Market,"The UK has approved a $19 billion merger between Vodafone and Hutchison's Three, creating the nation's largest mobile operator. Concerns about price increases were addressed by commitments to network investments and customer protections. The merger promises to enhance competition in Britain's mobile sector.",2024-12-05 07:14:00,https://www.devdiscourse.com/remote.axd?https://devdiscourse.blob.core.windows.net/devnews/28_11_2022_02_57_45_2654444.jpg?width=920&format=jpeg,Devdiscourse,0.9999999906554536,3,8,44,0,14
746,Gnews,https://analyticsindiamag.com/ai-news-updates/relax-openai-has-the-drones-under-control/,"Relax, OpenAI Has the Drones Under Control","The company has teamed up with Andruil Industries to enhance the nation’s ability to detect, assess, and respond to lethal aerial threats in real-time.",2024-12-05 06:23:55,https://analyticsindiamag.com/wp-content/uploads/2024/12/OpenAI_Amit_Raja_Naik.jpg,Analytics India Magazine,3.0205085198739164e-08,16,47,201,17,98
747,Gnews,https://indianexpress.com/article/education/icssr-research-internship-programme-in-social-and-human-sciences-introduced-appointment-letters-distributed-pradhan-9709555/,ICSSR Research Internship Programme in social and human sciences introduced,ICSSR has selected 40 candidates from different parts of the nation to be appointed as interns. The Internship Programme would involve national and international workshops on skills required for research studies,2024-12-06 05:22:35,https://images.indianexpress.com/2024/12/edu-min-internship-1.jpg,The Indian Express,1.059597279455911e-23,8,43,189,7,67
748,Gnews,https://www.devdiscourse.com/article/politics/3183675-trump-shines-at-patriot-awards-as-fox-reembraces-him,Trump Shines at Patriot Awards as Fox Reembraces Him,"President-elect Donald Trump appeared at the Fox Nation's Patriot Awards to accept the 'Patriot of the Year' award, marking his reembrace by the network after an up-and-down relationship. The event celebrated military veterans and first responders, reflecting Trump's core support base.",2024-12-06 03:53:49,https://www.devdiscourse.com/remote.axd?https://devdiscourse.blob.core.windows.net/devnews/03_12_2024_09_46_56_5920296.jpg?width=920&format=jpeg,Devdiscourse,3.5742024925454064e-23,0,9,52,2,14
749,Gnews,https://www.devdiscourse.com/article/politics/3183497-trump-to-accept-patriot-of-the-year-at-fox-nation-ceremony,Trump to Accept 'Patriot of the Year' at FOX Nation Ceremony,Donald Trump is set to receive the 'Patriot of the Year' award at FOX Nation's annual Patriot Awards in New York. The ceremony honors military veterans and other inspirational figures. Trump's acceptance of the award marks a renewed relationship with FOX after a significant defamation lawsuit settlement earlier in 2023.,2024-12-05 18:48:37,https://www.devdiscourse.com/remote.axd?https://devdiscourse.blob.core.windows.net/devnews/03_12_2024_09_46_56_5920296.jpg?width=920&format=jpeg,Devdiscourse,2.7184145547695094e-08,2,12,51,4,19
750,Gnews,https://www.devdiscourse.com/article/politics/3183439-paraguay-expels-chinese-diplomat-amid-tensions-over-taiwan-ties,Paraguay Expels Chinese Diplomat Amid Tensions Over Taiwan Ties,"Paraguay expelled Chinese diplomat Xu Wei for allegedly interfering in its domestic affairs by urging the nation to cut ties with Taiwan. The Paraguayan government remains steadfast in its recognition of Taiwan, despite pressure from Beijing. Recent diplomatic challenges highlight the growing tensions in Latin America regarding Taiwan's status.",2024-12-05 17:41:59,https://www.devdiscourse.com/remote.axd?https://devdiscourse.blob.core.windows.net/aiimagegallery/27_05_2024_11_02_58_8274229.png?width=920&format=jpeg,Devdiscourse,7.937549942237079e-07,6,13,56,5,24
751,Gnews,https://www.devdiscourse.com/article/politics/3183370-france-in-flux-macron-addresses-nation-amidst-political-crisis,France in Flux: Macron Addresses Nation Amidst Political Crisis,"Following the resignation of Prime Minister Michel Barnier after a historic no-confidence vote, President Emmanuel Macron faces the urgent task of stabilizing France's political landscape. Macron's upcoming speech is expected to address the ongoing crisis and the economic implications, as political uncertainty looms over the nation.",2024-12-05 16:54:19,https://www.devdiscourse.com/remote.axd?https://devdiscourse.blob.core.windows.net/devnews/18_10_2024_09_47_12_4073573.jpg?width=920&format=jpeg,Devdiscourse,2.574819437831366e-10,4,19,47,2,19
752,Gnews,https://www.devdiscourse.com/article/politics/3183337-mexico-seeks-agreement-to-manage-migrant-deportations,Mexico Seeks Agreement to Manage Migrant Deportations,"Mexico aims to secure a deal with the Trump administration to prevent receiving deportees from third countries during potential mass deportations. Mexico's President, Claudia Sheinbaum, emphasized the nation's focus on welcoming returning Mexicans while supporting migrants' rights. Mexican officials prepare for increased deportations from the U.S.",2024-12-05 16:34:32,https://www.devdiscourse.com/remote.axd?https://devdiscourse.blob.core.windows.net/aiimagegallery/01_07_2024_14_56_08_4043408.png?width=920&format=jpeg,Devdiscourse,9.496008625301972e-55,2,8,46,1,18
753,Gnews,https://www.devdiscourse.com/article/science-environment/3183044-pcc-to-hold-16th-quarterly-meeting-focus-on-cop29-feedback-and-climate-change-response-fund,"PCC to Hold 16th Quarterly Meeting, Focus on COP29 Feedback and Climate Change Response Fund","The PCC meeting will also focus on the Climate Change Response Fund (CCRF), which was established by President Cyril Ramaphosa in his State of the Nation Address.",2024-12-05 16:21:22,https://www.devdiscourse.com/remote.axd?https://devdiscourse.blob.core.windows.net/devnews/05_12_2024_13_43_12_70908.webp?width=920&format=jpeg,Devdiscourse,1.8781081269677812e-24,6,18,183,9,76
754,Gnews,https://www.devdiscourse.com/article/politics/3185118-refile-update-2-south-korea-president-yoon-apologises-for-martial-law-ahead-of-impeachment-vote,REFILE-UPDATE 2-South Korea President Yoon apologises for martial law ahead of impeachment vote,"South Korean President Yoon Suk Yeol on Saturday apologised for his attempt to impose martial law this week and bowed during a televised speech to the nation, only hours head of a planned impeachment vote. Yoon said he would not seek to avoid legal and political responsibility for his decision, which he said was born of desperation.",2024-12-07 01:40:55,https://www.devdiscourse.com/remote.axd?https://devdiscourse.blob.core.windows.net/imagegallery/29_02_2020_16_58_29_8149663.jpg?width=920&format=jpeg,Devdiscourse,0.007189008945167505,16,35,124,14,62
755,Gnews,https://www.devdiscourse.com/article/politics/3185114-update-2-south-korea-president-yoon-apologises-for-martial-law-ahead-of-impeachment-vote,UPDATE 2-South Korea President Yoon apologises for martial law ahead of impeachment vote,"South Korean President Yoon Suk Yeol on Saturday apoligised for his attempt to impose martial law this week and bowed during a televised speech to the nation, only hours head of a planned impeachment vote. Yoon said he would not seek to avoid legal and political responsibility for his decision, which he said was born of desperation.",2024-12-07 01:29:39,https://www.devdiscourse.com/remote.axd?https://devdiscourse.blob.core.windows.net/imagegallery/27_05_2019_12_10_31_1940386.jpg?width=920&format=jpeg,Devdiscourse,0.007189008945167505,16,35,124,14,62
756,Gnews,https://www.firstpost.com/world/south-koreas-yoon-suk-yeol-to-address-nation-ahead-of-impeachment-vote-13842451.html,South Korea’s Yoon Suk Yeol to address nation ahead of impeachment vote,"On Friday the leader of Yoon Suk Yoel's own People Power Party said the president was a danger to the country and needed to be removed from power, increasing the pressure on him to quit even though PPP members later reaffirmed its formal opposition to his impeachment",2024-12-07 01:04:51,"https://images.firstpost.com/uploads/2024/12/Untitled-design-13-2024-12-7572b3b4a5c5a0919dbc194f24718795.jpg?im=FitAndFill=(1200,675)",Firstpost,0.012353640862278546,12,34,119,14,56
757,Gnews,https://www.devdiscourse.com/article/entertainment/3185206-reuters-entertainment-news-summary,Reuters Entertainment News Summary,"The first two chapters of ""One Hundred Years of Solitude"" - a 16-episode series split in two parts - will be presented at the Havana film festival on the Caribbean island nation where residents are blocked from accessing Netflix among other U.S. websites.",2024-12-07 04:59:18,https://www.devdiscourse.com/remote.axd?https://devdiscourse.blob.core.windows.net/imagegallery/01_04_2019_19_28_56_3344151.jpg?width=920&format=jpeg,Devdiscourse,1.4903358988126366e-32,5,25,106,3,37
758,Gnews,https://www.firstpost.com/world/avoid-all-travel-india-issues-midnight-advisory-for-nationals-as-tensions-in-syria-escalate-13842467.html,'Avoid all travel': India issues midnight advisory for nationals as tensions in Syria escalate,"Shortly before the clock hit midnight, the Ministry of External Affairs warned Indians to avoid all travel to Syria as tensions in the West Asian nation escalate",2024-12-07 04:08:08,"https://images.firstpost.com/uploads/2024/12/Syria-1-2024-12-acd2575fd8392a30b76ac17f57bbc274.jpg?im=FitAndFill=(1200,675)",Firstpost,1.6641850972703924e-07,18,33,149,12,72
759,Gnews,https://indianexpress.com/article/cities/chandigarh/visa-fraud-punjab-haryana-dgp-9711323/,"Visa fraud: ‘If left unchecked, it can tarnish nation’s reputation’, HC asks DGPs of Punjab, Haryana, Chandigarh to issue directions",The observation was made by the court while hearing an anticipatory bail plea of an accused in a case of immigration fraud registered in Jalandhar.,2024-12-07 05:01:23,https://images.indianexpress.com/2024/12/Untitled-design-2-5.png,The Indian Express,8.10930130744672e-17,19,61,242,14,141
760,Gnews,https://www.devdiscourse.com/article/headlines/3185336-defence-minister-calls-for-unified-support-on-armed-forces-flag-day,Defence Minister Calls for Unified Support on Armed Forces Flag Day,"Defence Minister Rajnath Singh appeals to citizens for generous contributions to the Armed Forces Flag Day Fund, highlighting the collective responsibility for the welfare of serving and retired soldiers, and their families. Singh emphasizes the soldiers' courage and the nation's duty in recognizing their sacrifices.",2024-12-07 08:06:10,https://www.devdiscourse.com/remote.axd?https://devdiscourse.blob.core.windows.net/devnews/07_12_2024_13_36_03_2735825.jpg?width=920&format=jpeg,Devdiscourse,0.00012347245374102567,3,19,95,9,37
761,Gnews,https://www.firstpost.com/explainers/brian-thompson-unitedhealthcare-ceo-murder-anger-insurance-healthcare-system-united-states-13842523.html,'My prayers are out of network': How UnitedHealthcare CEO's murder exposes anger against US healthcare system,"Brian Thompson, the CEO of UnitedHealthcare, was gunned down in Manhattan on Wednesday. The incident has unleashed an avalanche of biting humour and scornful commentary over his death. The comments point towards growing anger, frustration and helplessness among Americans towards the nation's expensive health insurance industry",2024-12-07 11:32:54,"https://images.firstpost.com/uploads/2024/12/reuters-insurance-2024-12-e781af66e6051bea08f119a0f39308ab.jpg?im=FitAndFill=(1200,675)",Firstpost,0.0034390131152596854,32,72,378,44,172
762,Gnews,https://www.devdiscourse.com/article/law-order/3185492-south-koreas-political-turmoil-president-yoon-faces-impeachment-drama,South Korea's Political Turmoil: President Yoon Faces Impeachment Drama,"South Korea faces a political crisis as President Yoon Suk Yeol's martial law declaration leads to an impeachment vote, drawing global attention. Tensions soar in parliament and across the nation, with public protests and intense pressures for Yoon to resign. The opposition needs bipartisan support for impeachment.",2024-12-07 11:02:03,https://www.devdiscourse.com/remote.axd?https://devdiscourse.blob.core.windows.net/devnews/06_12_2024_12_35_29_3862738.jpg?width=920&format=jpeg,Devdiscourse,2.735353328217132e-10,1,17,49,3,20
763,Gnews,https://www.indiatvnews.com/gujarat/pm-modi-praises-baps-volunteers-urges-efforts-to-make-india-a-developed-nation-by-2047-2024-12-07-965162,"PM Modi praises BAPS volunteers, urges efforts to make India a developed nation by 2047",Prime Minister Modi praised BAPS volunteers for their dedication and urged them to contribute to making India a developed nation by 2047 during a virtual address at the Karyakarta Sammelan in Ahmedabad.,2024-12-07 14:11:30,https://resize.indiatvnews.com/en/resize/newbucket/1200_-/2024/12/befunky-collage-2-2024-12-07t194039-1733580615.jpg,India TV News,0.0074839391756110225,7,25,108,13,42
764,Gnews,https://www.deccanchronicle.com/world/us-orders-testing-of-milk-supply-for-bird-flu-amid-growing-concerns-1844932,US orders testing of milk supply for bird flu amid growing concerns,"The US government has taken steps to better monitor the spread of bird flu among dairy cows, ordering testing of the nation’s milk supply for the H5N1 virus. The decision, announced by the US...",2024-12-07 12:32:00,https://www.deccanchronicle.com/h-upload/2024/12/07/1870188-milk.jpg,Deccan Chronicle,4.3185911998485225e-77,9,22,109,2,59
765,Gnews,https://www.devdiscourse.com/article/headlines/3186099-india-aims-to-be-a-developed-nation-by-2047-vice-president-dhankar,India Aims to Be a Developed Nation by 2047: Vice President Dhankar,"Vice President Jagdeep Dhankar reiterated India's vision of becoming a developed nation by 2047, emphasizing the need for economic growth and technological transformation. He urged reduced import dependence and encouraged students to innovate. The address was delivered at Mahatma Gandhi Central University's convocation in Bihar's Motihari.",2024-12-08 04:00:13,https://www.devdiscourse.com/remote.axd?https://devdiscourse.blob.core.windows.net/devnews/08_12_2024_09_30_07_9519788.jpg?width=920&format=jpeg,Devdiscourse,1.0748684028223085e-13,5,17,65,4,33
766,Gnews,https://www.devdiscourse.com/article/politics/3186082-political-turmoil-in-south-korea-arrest-of-former-defense-minister-shakes-nation,Political Turmoil in South Korea: Arrest of Former Defense Minister Shakes Nation,"South Korean President Yoon Suk Yeol faces impeachment after an attempt to declare martial law. Ex-Defense Minister Kim Yong-hyun was arrested for his involvement. Opposition parties accuse them of insurrection, further deepening the political crisis in South Korea. President Yoon pledged to resign early.",2024-12-08 03:46:22,https://www.devdiscourse.com/remote.axd?https://devdiscourse.blob.core.windows.net/aiimagegallery/11_08_2024_13_32_00_4120194.png?width=920&format=jpeg,Devdiscourse,2.98973109246026e-06,4,19,46,5,17
767,Gnews,https://www.devdiscourse.com/article/law-order/3186053-south-koreas-martial-law-crisis-a-nation-in-turmoil,South Korea's Martial Law Crisis: A Nation in Turmoil,"Ex-Defence Minister Kim Yong-hyun was arrested for his role in President Yoon Suk Yeol's brief martial law declaration. The crisis has ignited political instability in South Korea, as opposition lawmakers accuse Yoon of insurrection. Yoon, facing impeachment, has promised to leave office early.",2024-12-08 01:33:41,https://www.devdiscourse.com/remote.axd?https://devdiscourse.blob.core.windows.net/aiimagegallery/24_06_2024_15_08_13_2881327.png?width=920&format=jpeg,Devdiscourse,4.942137813776481e-16,1,15,63,3,18
768,Gnews,https://www.devdiscourse.com/article/politics/3185994-ghanas-political-showdown-a-nation-votes-amid-economic-turmoil,Ghana's Political Showdown: A Nation Votes Amid Economic Turmoil,"Ghana held crucial presidential and parliamentary elections seeking economic recovery after a significant financial crisis. The main contenders are Vice President Mahamudu Bawumia and former President John Dramani Mahama, with the latter leading in opinion polls. Both candidates express optimism amidst calm voting conditions.",2024-12-07 19:48:07,https://www.devdiscourse.com/remote.axd?https://devdiscourse.blob.core.windows.net/aiimagegallery/20_05_2024_12_52_06_5179097.png?width=920&format=jpeg,Devdiscourse,0.00017793908777423168,5,17,69,7,34
769,Gnews,https://www.devdiscourse.com/article/international/3186313-south-korean-political-crisis-deepens-as-former-defense-minister-arrested,South Korean Political Crisis Deepens as Former Defense Minister Arrested,"The former Defense Minister of South Korea, Kim Yong-hyun, was arrested amidst a political crisis following President Yoon Suk Yeol's declaration of martial law. The decision, met with opposition and calls for impeachment, has led to significant turmoil in South Korea's government and protests across the nation.",2024-12-08 07:59:26,https://www.devdiscourse.com/remote.axd?https://devdiscourse.blob.core.windows.net/devnews/08_12_2024_13_29_20_4107898.jpg?width=920&format=jpeg,Devdiscourse,0.9999537763811381,1,17,56,0,24
770,Gnews,https://www.devdiscourse.com/article/law-order/3186960-australia-strengthens-ties-with-nauru-through-major-funding-deal,Australia Strengthens Ties with Nauru through Major Funding Deal,"Australia signed a significant economic, social, and security agreement with Nauru, involving A$100 million in budget support over five years. This deal aims to enhance the bilateral relationship and provide substantial aid to the Pacific island nation.",2024-12-09 01:20:48,https://www.devdiscourse.com/remote.axd?https://devdiscourse.blob.core.windows.net/aiimagegallery/24_06_2024_15_02_43_1747054.png?width=920&format=jpeg,Devdiscourse,3.715780426099009e-38,1,9,36,1,16
771,Gnews,https://www.firstpost.com/world/biden-addresses-nation-after-bashar-al-assad-flees-syria-top-quotes-from-his-speech-13842797.html,Biden addresses nation after Bashar al-Assad flees Syria: Top quotes from his speech,"Speaking from the White House, Biden credited US leadership and allied efforts for what he called a ""new chapter"" in West Asia, highlighting the weakening of Assad’s backers— Russia, Iran, and Hezbollah",2024-12-08 20:08:55,"https://images.firstpost.com/uploads/2024/11/Untitled-design-37-2024-11-b7e541a827a481689d1c020b0ed2b01e.jpg?im=FitAndFill=(1200,675)",Firstpost,1.8972191303375136e-05,9,29,145,15,66
772,Gnews,https://www.news18.com/world/victory-to-islamic-nation-leader-of-syrias-biggest-rebel-faction-hails-assads-fall-9149531.html,'Victory To Islamic Nation': Leader Of Syria's Biggest Rebel Faction Hails Assad's Fall,The leader of Syria’s Islamist Hayat Tahrir al-Sham (HTS) group that headed a lightning rebel offensive snatching Damascus visited capital’s landmark Umayyad Mosque.,2024-12-08 17:39:25,https://images.news18.com/ibnlive/uploads/2024/12/untitled-design-19-2024-12-f17911e179b3e586fe81e9cbe4836eed-16x9.png?impolicy=website&width=1200&height=675,News18,2.6869626810399326e-16,10,31,248,13,83
773,Gnews,https://www.devdiscourse.com/article/law-order/3186730-rebels-topple-assad-new-dawn-in-syrian-politics,Rebels Topple Assad: New Dawn in Syrian Politics,"Syrian rebels have claimed the overthrow of President Bashar al-Assad, marking a historic end to his autocratic rule. This development significantly impacts Russian and Iranian influence in Syria. As celebrations erupt, new governance faces the challenge of unifying diverse factions and rebuilding the war-torn nation.",2024-12-08 15:19:58,https://www.devdiscourse.com/remote.axd?https://devdiscourse.blob.core.windows.net/imagegallery/27_05_2019_11_49_14_1279651.jpg?width=920&format=jpeg,Devdiscourse,3.8536732029267934e-51,3,12,52,1,20
774,Gnews,https://www.livemint.com/market/stock-market-news/bhel-hcc-nuclear-power-energy-fuel-carbon-footprint-emissions-electricity-consumption-11733549018331.html,Nuclear power: Two stocks tapping into a huge but restricted opportunity,India’s nuclear power sector offers a unique blend of opportunity and constraint—promising significant growth but limited by strict regulation and a small pipeline of projects. Companies like BHEL and HCC could play a key role in advancing the nation’s low-carbon energy ambitions.,2024-12-08 18:30:00,https://www.livemint.com/lm-img/img/2024/12/07/1600x900/g1bcf7abfe155bae6bb158c5944db7f9333445bd81fcc0117379538b94c9640c8420249f4632460206f5c88a10366f12363edaa5b5ec24f095c6f3cf60290fcab_1280_1733556725160_1733556815155.jpg,Livemint,8.490191247602889e-18,45,153,608,22,174
775,Gnews,https://www.devdiscourse.com/article/law-order/3187135-tongas-prime-minister-siaosi-sovaleni-resigns-a-leadership-shift-for-national-progress,Tonga's Prime Minister Siaosi Sovaleni Resigns: A Leadership Shift for National Progress,"Tongan Prime Minister Siaosi Sovaleni has resigned, citing the nation's progress as his reason. His decision precedes a no-confidence vote. King Tupou VI accepted his resignation, with parliament set to discuss new nominations for the premier on December 24. Sovaleni will remain a parliament member.",2024-12-09 06:55:21,https://www.devdiscourse.com/remote.axd?https://devdiscourse.blob.core.windows.net/devnews/09_12_2024_12_39_12_438242.jpg?width=920&format=jpeg,Devdiscourse,4.867003965709251e-07,4,10,41,4,23
776,Gnews,https://www.indiatvnews.com/news/india/parliament-winter-session-day-11-live-lok-rajya-sabha-bjp-congress-india-china-protest-adjourned-speak-chairman-amit-shah-railway-bill-updates-965304,"Parliament Winter Session LIVE: Nation has right to know nexus between Congress, Soros, says Nishikant Dubey","Parliament Winter Session 2024 Live Updates: Both Houses of the Parliament are to resume today after adjournment on Friday. Lok Sabha was adjourned after BJP MP Nishikant Dubey said, 'Congress ka hath, Soros ke sath'.",2024-12-09 05:16:18,https://resize.indiatvnews.com/en/resize/newbucket/1200_-/2024/12/parliament-1733720758.jpg,India TV News,3.965468532393332e-87,5,4,66,1,15
777,Gnews,https://www.devdiscourse.com/article/law-order/3187253-australia-secures-veto-rights-over-naurus-foreign-deals,Australia Secures Veto Rights Over Nauru's Foreign Deals,"Australia has secured a multimillion-dollar agreement with Nauru, granting it veto rights over the Pacific nation's foreign deals, including those with China. In exchange for $89 million in funding, Nauru agrees to let Australia approve third-country engagements in its security, banking, and telecom sectors.",2024-12-09 08:14:20,https://www.devdiscourse.com/remote.axd?https://devdiscourse.blob.core.windows.net/aiimagegallery/30_08_2024_00_41_06_1158863.png?width=920&format=jpeg,Devdiscourse,1.0528706747111409e-11,3,14,64,4,22
778,Gnews,https://www.firstpost.com/explainers/syria-rebel-flag-official-bashar-al-assad-fall-13842906.html,"After fall of Assad, will Syria get a new flag?","As Syrians woke up to a changed nation following the ouster of President Bashar al-Assad and the end of the family's 50-year reign, rebel flags replaced the posters of the dictator that once lined nearly every corner. But can this become the country's new flag?",2024-12-09 07:38:35,"https://images.firstpost.com/uploads/2024/12/Untitled-design-25-2024-12-69ec89c3c142ceefc9a35cd3d60799b7.jpg?im=FitAndFill=(1200,675)",Firstpost,3.5323075765330474e-10,27,101,363,24,157
779,Gnews,https://www.firstpost.com/world/taiwan-in-combat-readiness-as-china-encircles-island-nation-with-warships-pla-restricts-airspace-13842925.html,"Taiwan in ‘combat readiness’ as China encircles island nation with warships, PLA restricts airspace",There has been intense speculation about the possibility of China launching military drills in response to Taiwan President Lai Ching-te's Pacific tour last week that included two stopovers on US soil,2024-12-09 07:34:35,"https://images.firstpost.com/uploads/2024/12/Taiwan-China-2024-12-b2fd9ef42c8d4a1a3bfdf067b4ed37e3-1200x675.jpg?im=FitAndFill=(1200,675)",Firstpost,1.225195267753337e-30,3,25,102,2,34
780,Gnews,https://www.devdiscourse.com/article/business/3187545-maharashtra-leads-the-nation-a-hub-for-fdi-and-innovation,Maharashtra Leads the Nation: A Hub for FDI and Innovation,"Maharashtra has become the leading state in India for foreign direct investment, contributing over 14% to the nation's GDP. With ambitious goals, the state targets becoming a USD one trillion economy by 2027-28, focusing on high-tech sectors and green data initiatives for growth.",2024-12-09 11:26:11,https://www.devdiscourse.com/remote.axd?https://devdiscourse.blob.core.windows.net/aiimagegallery/31_05_2024_11_53_24_7747388.png?width=920&format=jpeg,Devdiscourse,8.946669319007532e-18,1,16,51,2,18
781,Gnews,https://www.devdiscourse.com/article/law-order/3187461-uniform-civil-code-bridging-social-divides-for-harmony,Uniform Civil Code: Bridging Social Divides for Harmony,"The Uniform Civil Code aims to unify diverse legal systems in India to enhance social harmony, gender equality, and secularism. Allahabad High Court Justice Dr. Shekhar Yadav highlighted its role in fostering uniformity in personal laws across communities. Its implementation remains a debated topic in the nation.",2024-12-09 10:29:20,https://www.devdiscourse.com/remote.axd?https://devdiscourse.blob.core.windows.net/aiimagegallery/16_08_2024_12_58_45_0625133.png?width=920&format=jpeg,Devdiscourse,7.671488317588351e-17,0,19,54,2,20
782,Gnews,https://www.devdiscourse.com/article/politics/3187369-south-koreas-political-turmoil-navigating-uncertain-waters,South Korea's Political Turmoil: Navigating Uncertain Waters,"South Korea faces political chaos as President Yoon Suk Yeol's brief martial law attempt leads to impeachment threats, economic instability, and diplomatic paralysis. With ministers resigning and markets reacting negatively, the nation struggles to prepare for global challenges amid an uncertain future with the US.",2024-12-09 09:33:26,https://www.devdiscourse.com/remote.axd?https://devdiscourse.blob.core.windows.net/aiimagegallery/02_08_2024_08_57_43_122775.png?width=920&format=jpeg,Devdiscourse,2.0116092836370965e-15,1,19,45,1,16
783,Gnews,https://www.news18.com/india/centre-mulling-to-bring-one-nation-one-election-bill-during-ongoing-winter-session-sources-9150456.html,Centre May Bring 'One Nation One Election' Bill During Ongoing Winter Session: Sources,"Government sources said when brought, the 'One nation, one poll' bill is likely to be referred to a joint parliamentary committee for wider consultation",2024-12-09 12:55:33,https://images.news18.com/ibnlive/uploads/2024/11/elections-2024-11-f06ff022f4a95d51451639d3919300e9-16x9.jpg?impolicy=website&width=1200&height=675,News18,1.9877636996186234e-40,11,31,140,3,65
784,Gnews,https://www.devdiscourse.com/article/education/3187685-nation-faces-challenge-with-117-million-out-of-school-children,Nation Faces Challenge with 1.17 Million Out-of-School Children,"In the financial year 2024-25, over 1.17 million children were identified as out-of-school across India, with Uttar Pradesh having the highest number. The Ministry of Education uses the PRABANDH portal to track and update this data, underscoring a significant challenge for the country's education system.",2024-12-09 12:43:22,https://www.devdiscourse.com/remote.axd?https://devdiscourse.blob.core.windows.net/aiimagegallery/08_07_2024_12_45_26_6696447.png?width=920&format=jpeg,Devdiscourse,1.1844914510938967e-32,3,13,43,1,17
785,Gnews,https://www.devdiscourse.com/article/law-order/3188321-syrias-new-chapter-a-nations-uncertain-future,Syria's New Chapter: A Nation's Uncertain Future,"After a 13-year civil war, Syria transitions power from President Bashar al-Assad to the rebel-led Salvation Government. The shift follows the capture of Damascus and Assad's flight to Russia. With peace uncertainties, regional dynamics shift as nations engage with the new authorities.",2024-12-09 21:43:02,https://www.devdiscourse.com/remote.axd?https://devdiscourse.blob.core.windows.net/aiimagegallery/27_05_2024_09_46_42_2342766.png?width=920&format=jpeg,Devdiscourse,3.4070043061137515e-18,2,18,57,2,18
786,Gnews,https://www.livemint.com/education/mint-primer-should-india-pay-for-academic-journal-access-11733751771892.html,Mint primer | Should India pay for academic journal access?,"Last month, the Union government announced a new “One Nation, One Subscription (ONOS)” scheme to give students and researchers free access to international scientific research. Why is the government paying for this? Shouldn’t knowledge be free? Mint explains.",2024-12-09 18:30:00,https://www.livemint.com/lm-img/img/2024/12/09/1600x900/AFP_8WM8HC_1608222656072_1733751970137.jpg,Livemint,2.7579930546397607e-15,18,54,159,7,76
787,Gnews,https://www.devdiscourse.com/article/headlines/3188573-nation-mourns-the-loss-of-visionary-leader-s-m-krishna,Nation Mourns the Loss of Visionary Leader S. M. Krishna,"India bids farewell to former Karnataka Chief Minister S. M. Krishna, who passed away at 92, leaving a lasting legacy in state and national politics. Leaders remember his significant contributions to development and his role in transforming Bengaluru. Condolences pour in from across the political spectrum.",2024-12-10 06:28:39,https://www.devdiscourse.com/remote.axd?https://devdiscourse.blob.core.windows.net/devnews/10_12_2024_11_58_34_6181657.jpg?width=920&format=jpeg,Devdiscourse,3.213435363542234e-11,0,16,67,5,13
788,Gnews,https://www.devdiscourse.com/article/law-order/3188697-crackdown-continues-chinas-ex-agriculture-minister-tang-renjian-arrested-for-bribery,Crackdown Continues: China's Ex-Agriculture Minister Tang Renjian Arrested for Bribery,"Former Chinese Agriculture Minister Tang Renjian has been arrested for bribery amid the nation's anti-corruption drive. Tang, who was removed from his post and expelled from the Communist Party, was accused following recent investigations into other high-ranking officials. He was previously the governor of Gansu province.",2024-12-10 07:48:44,https://www.devdiscourse.com/remote.axd?https://devdiscourse.blob.core.windows.net/imagegallery/03_03_2020_19_07_32_0301512.jpg?width=920&format=jpeg,Devdiscourse,2.1402601789984687e-41,1,11,42,1,18
789,Gnews,https://indianexpress.com/article/political-pulse/from-the-urdu-press-if-current-india-leadership-cant-fight-bjp-consider-an-alternative-foremost-hope-from-fadnavis-govt-is-it-will-ensure-amity-9716964/,"From the Urdu Press: ‘If current INDIA leadership can’t fight BJP, consider an alternative’, ‘Foremost hope from Fadnavis govt is it will ensure amity’","“India is still a rural country. Farmers are the nation’s anna daata, but their plight remains abysmal,” writes Urdu Times",2024-12-10 10:38:09,https://images.indianexpress.com/2024/12/mamata-pulse-1.jpg,The Indian Express,0.00026976118405343025,54,75,433,44,226
790,Gnews,https://indianexpress.com/article/cities/mumbai/maharashtra-apaar-id-unique-identification-system-school-students-9716924/,"Campus Talk: As Maharashtra pushes for APAAR ID, a look at the unique identification system for school students","Automated Permanent Academic Account Registry is a new unique ID for students under the Central Government’s ‘One Nation, One student ID’ initiative.",2024-12-10 10:23:40,https://images.indianexpress.com/2024/12/campus-talk.jpg,The Indian Express,2.000983781081369e-07,13,53,195,17,79
791,Gnews,https://www.firstpost.com/world/to-counter-china-australia-signs-100-million-security-deal-with-nauru-with-a-veto-on-third-nation-pacts-13843279.html,"To counter China, Australia signs $100 mn security deal with Nauru with a veto on third nation pacts","To counter China's rising influence in the Pacific region, Australia has signed a $100 million security deal with Nauru that includes a veto on Nauru's prospective agreements with a third nation over a five-year period",2024-12-10 09:05:16,"https://images.firstpost.com/uploads/2024/12/Firstpost-39-2024-12-42b507c0dd46b4cf696e28c903384182.jpg?im=FitAndFill=(1200,675)",Firstpost,2.2804848042641465e-17,13,66,305,12,109
792,Gnews,https://www.firstpost.com/india/modi-govt-may-table-one-nation-one-election-bill-in-parliament-this-winter-session-13843235.html,"Modi govt may table 'One Nation, One Election' bill in Parliament this winter session","According to reports, the Union Cabinet has already approved the recommendations of the Ram Nath Kovind-led committee for 'One Nation, One Election' and now it is expected to tabled in the ongoing winter session of the parliament",2024-12-10 08:44:26,"https://images.firstpost.com/uploads/2024/12/Indian-Parliament-buildings-2024-12-e10e7e5ba07884458b7f3bd846337503-1200x675.jpg?im=FitAndFill=(1200,675)",Firstpost,7.868395037847087e-13,17,31,127,7,57
793,Gnews,https://www.devdiscourse.com/article/entertainment/3189114-googles-2024-trending-searches-a-spectrum-of-sports-politics-and-curiosities,"Google's 2024 Trending Searches: A Spectrum of Sports, Politics, and Curiosities","A Google blog outlined India's top 2024 search queries, dominated by sports events like IPL and politics, alongside entertainment interests, memes, and music. Political events and health concerns also featured prominently, with a mix of language and cultural diversity reflecting the nation's multifaceted curiosity.",2024-12-10 12:49:19,https://www.devdiscourse.com/remote.axd?https://devdiscourse.blob.core.windows.net/imagegallery/01_04_2019_19_28_56_3344151.jpg?width=920&format=jpeg,Devdiscourse,3.970339248022816e-08,4,18,58,0,12
794,Gnews,https://www.devdiscourse.com/article/politics/3189407-political-violence-erupts-congressman-killed-in-veracruz,Political Violence Erupts: Congressman Killed in Veracruz,"A federal congressman, Benito Aguas, was assassinated in Veracruz, intensifying the ongoing wave of political violence in Mexico. Aguas was part of the ruling coalition in Mexico's lower house of Congress. The incident highlights the challenges faced by President Claudia Sheinbaum in addressing the pervasive violence targeting politicians across the nation.",2024-12-10 15:44:06,https://www.devdiscourse.com/remote.axd?https://devdiscourse.blob.core.windows.net/aiimagegallery/30_07_2024_15_43_47_2309867.png?width=920&format=jpeg,Devdiscourse,0.9999999840377254,2,10,49,0,18
795,Gnews,https://www.firstpost.com/entertainment/jay-z-calls-lawsuit-accusing-him-of-raping-a-child-at-awards-after-party-an-extortion-ploy-13843532.html,"Jay-Z calls lawsuit, accusing him of raping a child at awards after-party, an ‘extortion ploy’","The 24-time Grammy award-winning rapper, producer, and music mogul called the allegations “idiotic” and “heinous in nature” in a statement released by Roc Nation, one of his companies",2024-12-11 06:50:23,"https://images.firstpost.com/uploads/2024/12/MixCollage-11-Dec-2024-12-21-PM-2933-2024-12-226aad031db49ffa20ed397a960aaaa2.jpg?im=FitAndFill=(1200,675)",Firstpost,0.9956932368856363,36,68,286,60,168
796,Gnews,https://www.news18.com/india/one-nation-one-subscription-grants-equal-access-to-research-journals-for-public-universities-colleges-ws-b-9152147.html,"'One Nation One Subscription' Grants Equal Access To Research Journals For Public Universities, Colleges","The new subscription model will open the research journals to all state-public institutions across India, with an additional annual outlay of Rs 850 crore, benefiting nearly 1.8 crore researchers, compared to just 57 lakhs earlier.",2024-12-11 04:18:08,https://images.news18.com/ibnlive/uploads/2024/12/research-journals-2024-12-6b022d48ebe886f0bcb0d6f52b7a727c-16x9.png?impolicy=website&width=1200&height=675,News18,9.975899998975448e-09,34,69,257,17,119
797,Gnews,https://www.firstpost.com/explainers/mohammad-al-bashir-syria-caretaker-prime-minister-plans-bashar-al-assad-ouster-13843469.html,"Who is Mohammad al-Bashir, Syria’s caretaker PM? What are his plans for war-hit nation?","Mohammad al-Bashir has been named Syria’s caretaker Prime Minister after the ouster of Bashar al-Assad, who fled to Russia. Who is he and can he help rebuild Syria?",2024-12-11 04:15:37,"https://images.firstpost.com/uploads/2024/12/Untitled-design-28-2024-12-aa3c656d12203e31dfee2bffa4c706c3.jpg?im=FitAndFill=(1200,675)",Firstpost,6.494847065660771e-05,23,93,389,40,164
798,Gnews,https://www.devdiscourse.com/article/law-order/3189843-south-korea-in-crisis-political-turmoil-and-impeachment-drama-unfold,South Korea in Crisis: Political Turmoil and Impeachment Drama Unfold,"South Korea grapples with deep political instability following the imposition of martial law by President Yoon Suk Yeol. Key figures, including the former defense minister, face legal repercussions, while opposition parties strategize a new impeachment motion. The situation sparks widespread debate over constitutional law and governance in the nation.",2024-12-11 03:57:18,https://www.devdiscourse.com/remote.axd?https://devdiscourse.blob.core.windows.net/imagegallery/03_03_2020_19_08_19_05616.jpg?width=920&format=jpeg,Devdiscourse,9.829022414313085e-14,3,19,53,2,18
799,Gnews,https://www.devdiscourse.com/article/business/3189795-from-drunken-nights-to-dutch-treats-the-decline-of-south-koreas-booze-culture,From Drunken Nights to Dutch Treats: The Decline of South Korea's Booze Culture,"In South Korea, the once-thriving drinking culture is experiencing a significant decline as younger generations prioritize health and cost concerns over traditional after-work booze gatherings. This shift affects businesses from pubs to Noraebangs, reflecting broader issues in the nation's domestic economy.",2024-12-11 01:02:08,https://www.devdiscourse.com/remote.axd?https://devdiscourse.blob.core.windows.net/aiimagegallery/28_05_2024_09_03_38_0083476.png?width=920&format=jpeg,Devdiscourse,1.112857746006579e-24,3,20,50,1,22
800,Gnews,https://www.news18.com/politics/pm-modi-wont-take-more-than-two-days-to-defeat-bangladesh-shiv-sena-mla-nilesh-rane-9151956.html,'PM Modi Won't Take More Than Two Days To Defeat Bangladesh': Shiv Sena MLA Nilesh Rane,"Shiv Sena MLA Nilesh Rane said Hindu community just has one country - India. Nepal is also a Hindu majority country, but number of community members is very less in Himalayan nation.",2024-12-10 18:32:16,https://images.news18.com/ibnlive/uploads/2024/12/pm-modi-2024-12-c19ceccb1c4ba5425a71bf6894e08212-16x9.jpg?impolicy=website&width=1200&height=675,News18,4.4814385219694963e-10,18,17,222,15,77
801,Gnews,https://theprint.in/india/one-nation-one-subscription-phase-1-access-to-13k-journals-for-over-6k-institutes-from-1-january/2396743/,"One Nation, One Subscription, phase 1: access to 13k+ journals for over 6k institutes from 1 January","Access will gradually be expanded to private institutes in 2nd phase, followed by universal access to published research studies through public libraries in phase 3, says DST secretary.",2024-12-10 15:59:23,https://static.theprint.in/wp-content/uploads/2024/12/Untitled-design-64.jpg,ThePrint,1.803948401099903e-26,23,48,213,9,111
802,Gnews,https://www.firstpost.com/world/breakaway-somaliland-may-get-trump-push-for-recognition-as-world-newest-nation-report-13843605.html,Breakaway Somaliland may get Trump push for recognition as world’s newest nation: Report,"The incoming Trump administration may recognise Somaliland, the breakaway self-governing region of Somalia, according to a report",2024-12-11 09:53:52,"https://images.firstpost.com/uploads/2024/12/Trump-Dec-7-2024-Reuters-2024-12-0c25d0a489c00f6fd01b699e1fce7914.jpg?im=FitAndFill=(1200,675)",Firstpost,1.816090488453571e-06,21,35,144,11,63
803,Gnews,https://www.devdiscourse.com/article/law-order/3190576-syrias-new-era-rebuilding-amidst-chaos,Syria's New Era: Rebuilding Amidst Chaos,"Abu Mohammed al-Golani, former rebel leader in Syria, vows to pursue justice for detainee atrocities from Assad's regime. The new government faces immense challenges in stabilizing a war-torn nation while rebuilding the economy and addressing refugee repatriation. International attention and caution shape the future landscape.",2024-12-11 14:08:50,https://www.devdiscourse.com/remote.axd?https://devdiscourse.blob.core.windows.net/devnews/07_12_2024_14_52_26_0292133.jpg?width=920&format=jpeg,Devdiscourse,2.472278683806858e-09,1,20,50,3,17
804,Gnews,https://www.devdiscourse.com/article/politics/3190560-syrians-return-home-after-assads-ouster-new-hopes-for-a-nation-rebuilt,Syrians Return Home After Assad's Ouster: New Hopes for a Nation Rebuilt,"Following the ousting of President Bashar al-Assad by rebel forces, many Syrians are returning home from Turkey, where they've faced years of hardship. This marks a new chapter of hope as they anticipate rebuilding their lives in a changed Syria. Turkey, supporting Syrian opposition, manages increased border crossings.",2024-12-11 13:57:09,https://www.devdiscourse.com/remote.axd?https://devdiscourse.blob.core.windows.net/aiimagegallery/28_05_2024_11_11_29_9794178.png?width=920&format=jpeg,Devdiscourse,9.246499174741959e-08,4,17,44,3,16
805,Gnews,https://www.devdiscourse.com/article/education/3189980-springer-nature-champions-indias-one-nation-one-subscription-initiative,Springer Nature Champions India's 'One Nation One Subscription' Initiative,"Springer Nature supports India's 'One Nation One Subscription' initiative, advancing access to knowledge across 6380 institutions for 18 million users. The publisher aims to boost Indian research visibility and integrity globally, partnering with local institutions and celebrating diversity through initiatives like 'Her research, Our Future'.",2024-12-11 07:11:22,https://www.devdiscourse.com/remote.axd?https://devdiscourse.blob.core.windows.net/imagegallery/11_03_2020_13_20_07_9483095.jpg?width=920&format=jpeg,Devdiscourse,1.8260354775445245e-53,2,12,51,1,21
806,Gnews,https://www.news18.com/football/morocco-spain-and-portugal-confirmed-as-joint-hosts-of-2030-fifa-world-cup-9153162.html,"Morocco, Spain and Portugal Confirmed as Joint Hosts of 2030 FIFA World Cup","The 2030 tournament will mark a century since the first World Cup was held in Uruguay, and as a result the bid will also see the South American nation handed a game along with Argentina and Paraguay.",2024-12-11 16:02:48,https://images.news18.com/ibnlive/uploads/2024/12/getty-fifa-world-cup-trophy_11-fotor-20241210195428-2024-12-bc7d6f3362df6c9c9b3a388645047178-16x9.jpg?impolicy=website&width=1200&height=675,News18,4.491051499972425e-44,9,25,87,2,41
807,Gnews,https://indianexpress.com/article/cities/ahmedabad/crackdown-on-love-land-jihad-cow-slaughter-will-continue-cms-bulldozer-will-roll-out-gujarat-minister-sanghavi-9719458/,"Crackdown on ‘love-land jihad’, cow slaughter will continue, CM’s bulldozer will roll out: Gujarat minister Sanghavi","On attacks on Hindus in Bangladesh, VHP national president Alok Kumar said that this is a conspiracy to make the neighbouring country a Hindu-free nation.",2024-12-11 14:48:35,https://images.indianexpress.com/2024/12/Harash-Sanghvi.jpg,The Indian Express,4.271155966477182e-10,16,37,190,13,82
808,Gnews,https://www.devdiscourse.com/article/law-order/3190794-syrias-new-rule-can-justice-and-stability-coexist,Syria's New Rule: Can Justice and Stability Coexist?,"The new rulers of Syria face the immense task of rebuilding a nation devastated by a 13-year civil war while balancing demands for justice against former regime oppressors. With limited resources and international scrutiny, the interim government must stabilize the country, prevent reprisals, and encourage refugee return.",2024-12-11 16:22:41,https://www.devdiscourse.com/remote.axd?https://devdiscourse.blob.core.windows.net/aiimagegallery/13_07_2024_23_08_59_3110729.png?width=920&format=jpeg,Devdiscourse,2.769073973727172e-20,5,21,62,2,27
809,Gnews,https://www.devdiscourse.com/article/business/3190566-myanmars-economic-turmoil-a-nation-in-crisis,Myanmar's Economic Turmoil: A Nation in Crisis,"Myanmar faces severe economic contraction as floods and ongoing conflicts ravage the nation, leading to homelessness, disrupted livelihoods, and a faltering currency. With inflation soaring and essential exports declining, the country's future looks precarious, amidst fierce battles and international warnings of a deepening crisis.",2024-12-11 14:00:08,https://www.devdiscourse.com/remote.axd?https://devdiscourse.blob.core.windows.net/aiimagegallery/09_07_2024_13_20_02_6790507.png?width=920&format=jpeg,Devdiscourse,0.999999999896404,3,10,54,0,27
810,Gnews,https://www.devdiscourse.com/article/sports-games/3190896-saudi-arabia-to-host-the-2034-fifa-world-cup-amid-controversy,Saudi Arabia to Host the 2034 FIFA World Cup Amid Controversy,"Saudi Arabia will host the 2034 FIFA World Cup, following Qatar as the second Middle Eastern nation to do so. Criticism centers on the Kingdom's human rights record and environmental concerns. FIFA moves forward despite controversies, highlighting the global reach and celebratory nature of the tournaments.",2024-12-11 17:39:57,https://www.devdiscourse.com/remote.axd?https://devdiscourse.blob.core.windows.net/aiimagegallery/14_06_2024_06_34_40_8836811.png?width=920&format=jpeg,Devdiscourse,0.9999999999395692,3,9,62,0,20
811,Gnews,https://www.firstpost.com/world/south-korea-president-yoon-suk-yeol-defiant-amid-pressure-to-resign-ahead-of-second-impeachment-move-13843827.html,'It’s a knife dance’: South Korea’s Yoon defiant amid pressure to quit ahead of second impeachment move,"Even as pressure is mounting on South Korean President Yoon Suk Yeol to step down amid the threat of another impeachment motion, he told the nation in a televised address that he would not quit over the imposition of the martial law",2024-12-12 07:46:41,"https://images.firstpost.com/uploads/2024/12/South-Korea-President-2024-12-8473bc2168d704ca69222f1e9b449f33-1200x675.jpg?im=FitAndFill=(1200,675)",Firstpost,0.34482003171789744,18,51,203,33,129
812,Gnews,https://www.devdiscourse.com/article/business/3191381-balancing-growth-and-transition-indias-path-to-a-sustainable-future,Balancing Growth and Transition: India's Path to a Sustainable Future,"Chief Economic Advisor V Anantha Nageswaran cautions about balancing energy transition with economic growth, emphasizing India's focus on job creation, skill gap, and private sector involvement. He highlights GDP growth, capital formation, and manufacturing deregulation as crucial for India's goal to become a developed nation by 2047.",2024-12-12 08:57:11,https://www.devdiscourse.com/remote.axd?https://devdiscourse.blob.core.windows.net/devnews/14_11_2024_12_53_39_7204467.jpg?width=920&format=jpeg,Devdiscourse,1.9941748721325933e-15,2,16,56,3,25
813,Gnews,https://www.news18.com/india/one-country-one-election-approved-by-union-cabinet-parliament-winter-session-lok-sabha-rajya-sabha-9153736.html,"Union Cabinet Approves One Nation, One Election, To Bring Comprehensive Bill Soon: Sources","The Union Cabinet has approved the 'one nation, one election' proposal to synchronise Lok Sabha, state assembly, and local body elections, with plans to introduce a bill in Parliament.",2024-12-12 08:54:07,https://images.news18.com/ibnlive/uploads/2024/12/parliament-winter-session-2-2024-12-2f2945ab15135839e50a459a96318ff4-16x9.jpg?impolicy=website&width=1200&height=675,News18,8.77025703394974e-22,11,29,161,6,57
814,Gnews,https://www.indiatvnews.com/news/india/modi-cabinet-approves-one-nation-one-election-bill-likely-to-be-tabled-in-winter-session-sources-2024-12-12-965870,"Modi Cabinet approves 'One Nation, One Election' Bill, likely to be tabled in Winter Session: Sources","'One Nation, One Election' Bill: The high-level Committee on Simultaneous Elections constituted under the chairmanship of former President Ram Nath Kovind submitted its report, comprising 18,626 pages, to President Droupadi Murmu in March 2024.",2024-12-12 08:47:00,https://resize.indiatvnews.com/en/resize/newbucket/1200_-/2024/12/one-nation-one-election-1733993560.jpg,India TV News,1.648265789496582e-18,14,66,302,13,108
815,Gnews,https://www.devdiscourse.com/article/headlines/3192565-nation-remembers-heroes-of-2001-parliament-attack,Nation Remembers Heroes of 2001 Parliament Attack,"President Murmu and other leaders pay tribute to the martyrs of the 2001 Parliament attack, emphasizing India's unity against terrorism. The attack by Lashkar-e-Taiba and Jaish-e-Mohammed resulted in the deaths of security personnel, leading to heightened India-Pakistan tensions. The leaders' tributes highlight the enduring inspiration from the fallen heroes.",2024-12-13 04:53:05,https://www.devdiscourse.com/remote.axd?https://devdiscourse.blob.core.windows.net/devnews/13_12_2024_10_22_51_5748297.jpg?width=920&format=jpeg,Devdiscourse,8.880107483855729e-11,0,7,57,4,19
816,Gnews,https://indianexpress.com/article/india/one-nation-one-election-earliest-joint-polls-likely-2034-if-no-change-9721986/,"One nation, one election: Earliest joint polls likely 2034 if no change","The report of the high-level committee chaired by former President Ram Nath Kovind proposed insertion of a new provision, Article 82 A(1), which states that the President will notify the “appointed date” on the first sitting of the Lok Sabha after a general election.",2024-12-12 22:50:39,https://images.indianexpress.com/2024/12/polls.jpg,The Indian Express,2.2541743641589492e-39,22,41,153,5,100
818,Gnews,https://www.devdiscourse.com/article/politics/3192103-trump-named-times-2024-person-of-the-year-impact-on-politics-and-global-role,Trump Named Time's 2024 Person of the Year: Impact on Politics and Global Role,"Time magazine has named U.S. President-elect Donald Trump as 'Person of the Year' for 2024, highlighting his significant effects on American politics and the nation's global position. The announcement follows his previous win in 2016; past recipients include Joe Biden, Kamala Harris, and Taylor Swift.",2024-12-12 15:22:41,https://www.devdiscourse.com/remote.axd?https://devdiscourse.blob.core.windows.net/devnews/10_12_2024_12_04_52_8265964.jpg?width=920&format=jpeg,Devdiscourse,2.788397022579136e-07,2,19,68,6,21
819,Gnews,https://theprint.in/politics/one-nation-one-election-bills-likely-in-parliament-next-week-constitutional-amendment-an-uphill-task/2399854/,"‘One Nation One Election’ bills likely in Parliament next week, constitutional amendment an uphill task","Cabinet clears 2 bills. One for simultaneous elections to LS & states will require constitutional amendment. Another for aligning polls in Delhi, Puducherry, J&K is an ordinary bill.",2024-12-12 14:50:12,https://static.theprint.in/wp-content/uploads/2024/12/one-nation.jpg,ThePrint,4.807849176558265e-12,27,63,288,19,127
820,Gnews,https://www.indiatvnews.com/west-bengal/kolkata-mamata-banerjee-opposes-one-nation-one-election-calls-it-unconstitutional-and-anti-federal-latest-updates-2024-12-12-965943,"Mamata Banerjee opposes 'One Nation, One Election', calls it 'unconstitutional and anti-federal'","One Nation, One Election: The Union Cabinet has approved bills to implement the 'One Nation, One Election' initiative, marking a significant step towards streamlining the electoral process in the county.",2024-12-12 14:26:47,https://resize.indiatvnews.com/en/resize/newbucket/1200_-/2024/12/mamata-1734013172.jpg,India TV News,5.855244374815632e-09,6,32,140,13,72
821,Gnews,https://www.indiatvnews.com/explainers/one-nation-one-election-top-10-recommendations-made-by-ram-nath-kovind-panel-on-simultaneous-polls-across-the-country-explainer-2024-12-12-965941,Top 10 recommendations made by Ram Nath Kovind panel,"The Union Cabinet has approved bills to implement the 'One Nation, One Election' initiative, marking a significant step towards streamlining the electoral process in the county.",2024-12-12 14:07:20,https://resize.indiatvnews.com/en/resize/newbucket/1200_-/2024/12/one-nation-one-election-1734012055.jpg,India TV News,1.0757526497545504e-27,17,59,206,7,96
822,Gnews,https://scroll.in/latest/1076754/union-cabinet-clears-one-nation-one-election-bills-report,"Union Cabinet clears ‘one nation, one election’ bills: Report","The draft legislations does not include any provision to synchronise local panchayat and municipal polls with Lok Sabha and Assembly elections, reports said.",2024-12-12 13:22:00,https://sc0.blr1.cdn.digitaloceanspaces.com/book/204474-arjinkbrzl-1732071188.jpeg,Scroll.in,6.3825862795410435e-21,13,59,293,13,122
823,Gnews,https://www.indiatvnews.com/tamil-nadu/chennai-mk-stalin-calls-one-nation-one-election-bill-draconian-says-it-will-erase-regional-voices-2024-12-12-965915,"MK Stalin calls One Nation, One Election Bill 'draconian', says it will erase regional voices","One Nation, One Election Bill: Tamil Nadu Chief Minister MK Stalin said this impractical and anti-democratic move will erase regional voices, erode federalism, and disrupt governance.",2024-12-12 12:42:29,https://resize.indiatvnews.com/en/resize/newbucket/1200_-/2023/07/pti06-02-2023-000091b-1688919687.jpg,India TV News,1.2045717118491461e-05,8,40,182,17,71
824,Gnews,https://www.devdiscourse.com/article/business/3192779-indias-infrastructure-boom-a-decade-of-transformation,India's Infrastructure Boom: A Decade of Transformation,"Union Minister Jyotiraditya Scindia highlighted significant progress in India's infrastructure over the past decade, surpassing achievements of the previous 60 years. Under Prime Minister Modi, India saw unparalleled development in roads, railways, and airports, with increased budget allocations boosting the nation's GDP and transforming it into a developed nation.",2024-12-13 07:31:55,https://www.devdiscourse.com/remote.axd?https://devdiscourse.blob.core.windows.net/aiimagegallery/02_07_2024_10_17_12_3409013.png?width=920&format=jpeg,Devdiscourse,0.999999998341939,4,9,47,0,19
825,Gnews,https://www.devdiscourse.com/article/politics/3192778-debate-ignites-over-one-nation-one-election-proposal,"Debate Ignites Over 'One Nation, One Election' Proposal","Shiv Sena (UBT) leader Sanjay Raut criticized the BJP's 'one nation, one election' concept, labeling it as a move to undermine democracy. Despite the Union Cabinet's approval of a constitutional amendment bill, Raut points to federal challenges and past failures to warn against this approach.",2024-12-13 07:31:18,https://www.devdiscourse.com/remote.axd?https://devdiscourse.blob.core.windows.net/aiimagegallery/16_08_2024_14_02_02_2179598.png?width=920&format=jpeg,Devdiscourse,1.1304940184313833e-09,2,17,66,5,30
826,Gnews,https://www.indiatvnews.com/news/india/parliament-winter-session-rajnath-hits-out-at-congress-says-constitution-not-a-single-party-s-contribution-updates-2024-12-13-966018,"Rajnath Singh hits out at Congress, says 'Constitution not a single party's contribution'","Parliament Winter Session: Rajnath Singh added that the Constitution paves the way for nation-building by touching all aspects of social, economic, political and cultural life.",2024-12-13 07:14:33,https://resize.indiatvnews.com/en/resize/newbucket/1200_-/2024/12/rajnathsingh-1734074279.jpg,India TV News,0.9976534980482641,9,19,93,19,44
827,Gnews,https://www.devdiscourse.com/article/politics/3192660-bjp-lauds-one-nation-one-election-bill-for-political-stability,BJP Lauds 'One Nation One Election' Bill for Political Stability,"BJP's CR Kesavan applauded the 'One Nation One Election' bill, asserting it would restore constitutional integrity and boost governance. Criticizing Congress for past disruptions, he highlighted broad political support for synchronized elections, emphasizing reduced electoral costs and enhanced voter participation.",2024-12-13 06:01:27,https://www.devdiscourse.com/remote.axd?https://devdiscourse.blob.core.windows.net/devnews/13_12_2024_11_31_15_2085031.jpg?width=920&format=jpeg,Devdiscourse,0.10306104457056353,3,14,55,9,33
828,Gnews,https://www.firstpost.com/explainers/union-cabinet-clears-one-nation-one-election-bills-parliament-what-next-13844176.html,"Union Cabinet clears ‘One Nation, One Election’ bills: What happens next?","The Union Cabinet has given its nod to two bills required to make simultaneous polls a reality. The ‘One Nation, One Election’ bills could come up in the ongoing Winter Session of Parliament. If passed by the Parliament, India could hold Lok Sabha and state Assembly elections together in the coming years",2024-12-13 08:23:18,"https://images.firstpost.com/uploads/2024/12/Untitled-design-2024-12-13T131713.837-2024-12-3d30e7fcc7e73f5918da96ad80b42ace.jpg?im=FitAndFill=(1200,675)",Firstpost,4.041072486987179e-21,28,67,311,15,159
841,Gnews,https://indianexpress.com/article/live-news/daily-briefing-top-news-today-9724223/,Daily Briefing: Allu Arjun spends a night in prison; faultlines deepen in Lok Sabha; The Lord of the Rings The War of the Rohirrim review,"In today's edition: Pushpa 2 star Allu Arjun walks out of prison; faultlines deepen on first day of discussion on Constitution in Parliament; S Y Quraishi on 'One Nation, One Election' proposal; and more",2024-12-14 03:52:08,https://images.indianexpress.com/2024/12/daily-briefing-2.jpg,The Indian Express,0.009425999957620822,30,59,310,34,131
829,Gnews,https://www.devdiscourse.com/article/politics/3192820-debate-sparks-over-one-nation-one-election-a-threat-to-democracy,"Debate Sparks Over 'One Nation, One Election': A Threat to Democracy?","The proposed 'One Nation, One Election' bill, recently approved by the Union Cabinet, has ignited a fiery debate in India. While some view it as a time-saving measure, others, notably Sanjay Raut of Shiv Sena (UBT), criticize it as potentially harmful to democracy and electoral processes.",2024-12-13 08:04:40,https://www.devdiscourse.com/remote.axd?https://devdiscourse.blob.core.windows.net/devnews/13_12_2024_13_34_33_6410066.jpg?width=920&format=jpeg,Devdiscourse,3.9865011267242216e-13,4,13,64,4,27
830,Gnews,https://www.devdiscourse.com/article/business/3193082-switzerland-revokes-indias-mfn-status-amid-nestle-tax-dispute,Switzerland Revokes India's MFN Status Amid Nestle Tax Dispute,"Switzerland has revoked India's Most Favoured Nation status post an Indian court's ruling against Nestle, impacting Indian business operations there. From January 2025, Indian firms in Switzerland will face higher withholding taxes on income. This decision aligns with a recent Indian Supreme Court case involving Nestle.",2024-12-13 11:18:24,https://www.devdiscourse.com/remote.axd?https://devdiscourse.blob.core.windows.net/aiimagegallery/11_06_2024_16_09_35_2027488.png?width=920&format=jpeg,Devdiscourse,3.112593599819697e-30,0,16,47,1,19
831,Gnews,https://www.news18.com/world/switzerland-suspends-most-favoured-nation-status-to-india-over-nestle-ruling-9155810.html,Switzerland Suspends Most Favoured Nation Status To India Over Nestle Ruling,Switzerland cited a 2023 ruling by Indian Supreme Court in a case relating to Vevey-headquartered Nestle for its decision to withdraw the MFN status.,2024-12-14 03:05:22,https://images.news18.com/ibnlive/uploads/2024/09/switzerland-2024-09-3d8eb0ddcdbb9ed59db31e15b54a4ea3.jpg,News18,1.1186464136024532e-26,18,56,274,9,95
832,Gnews,https://indianexpress.com/article/political-pulse/day-2-constitution-debate-one-nation-one-poll-bill-update-9724133/,Today in Politics: Day 2 of Constitution debate; One Nation One Poll Bill update,"The Constitution amendment Bill meant to introduce ‘one nation, one election’ effectively proposes implementing simultaneous elections to the Lok Sabha and the Legislative Assemblies by 2034 at the earliest. The Bill was circulated among MPs on Friday.",2024-12-14 01:38:39,https://images.indianexpress.com/2024/12/Untitled-design-33-4.jpg,The Indian Express,0.005609400714694606,18,45,235,32,129
833,Gnews,https://indianexpress.com/article/opinion/editorials/express-view-on-temples-mosques-and-history-a-welcome-order-9723885/,"Express view: On temples, mosques and history, a welcome order","As we commemorate the 75th year of the Constitution, the future of the Places of Worship Act lies in the hands of the Supreme Court and they could very well decide the role of history in shaping this diverse nation’s future",2024-12-14 01:15:27,https://images.indianexpress.com/2024/12/edit_4843cc.jpg,The Indian Express,4.5852322457875586e-07,19,27,104,9,50
834,Gnews,https://www.firstpost.com/sports/d-gukesh-ding-liren-world-chess-championship-criticism-viswanathan-anand-garry-kasparov-13844374.html,"Gukesh and Ding receive support from Kasparov, Anand amid criticism over World Chess Championship","While D Gukesh became the toast of the nation and was flooded with praise after his victory over Ding Liren, there were those such as former world champion Vladimir Kramnik who criticised the quality of the contest in Singapore.",2024-12-13 23:30:16,"https://images.firstpost.com/uploads/2024/12/Ding-Liren-D-Gukesh-FIDE-World-Chess-Championship-Game-14-1200-2024-12-64f0cf396d3efd7de98797dc92710e01.jpg?im=FitAndFill=(1200,675)",Firstpost,0.9388452727324575,38,55,247,44,132
835,Gnews,https://indianexpress.com/article/opinion/columns/s-y-quraishi-writes-one-nation-one-election-proposal-isnt-representative-its-insincere-9723883/,S Y Quraishi writes: One Nation One Election proposal isn’t representative - it’s insincere,The abysmal evaluation of this initiative that proposes simultaneous elections across the country will result in the overshadowing of state and regional politics and crumbling of an already thinly-laid out voting infrastructure - the proposal needs to be debated more,2024-12-13 21:30:20,https://images.indianexpress.com/2024/12/vote.jpg,The Indian Express,3.2111641804077657e-07,53,108,291,26,201
836,Gnews,https://www.devdiscourse.com/article/politics/3193735-trumps-bold-move-ending-daylight-saving-time,Trump's Bold Move: Ending Daylight Saving Time,"U.S. President-elect Donald Trump declared the Republican Party's intent to abolish daylight saving time, citing its inconvenience and significant cost to the nation. Trump's proposal aims to streamline time management for economic efficiency.",2024-12-13 20:00:01,https://www.devdiscourse.com/remote.axd?https://devdiscourse.blob.core.windows.net/devnews/10_12_2024_12_04_52_8265964.jpg?width=920&format=jpeg,Devdiscourse,3.105852925255298e-16,6,13,44,2,21
837,Gnews,https://www.indiatvnews.com/news/world/switzerland-suspends-most-favoured-nation-status-to-india-over-nestle-verdict-dividend-income-to-face-higher-tax-latest-updates-2024-12-13-966140,Switzerland suspends 'Most Favoured Nation' status to India over Nestle verdict,"Switzerland cited a 2023 ruling by Supreme Court in a case relating to Vevey-headquartered Nestle for its decision to withdraw the MFN status. This means that Switzerland will tax dividends that Indian entities will earn in that country at 10 per cent from January 1, 2025.",2024-12-13 18:17:37,https://resize.indiatvnews.com/en/resize/newbucket/1200_-/2024/12/switzerland-1734113035.jpg,India TV News,1.2604403888016369e-26,18,50,238,8,83
838,Gnews,https://www.news18.com/india/one-nation-one-election-brain-child-of-indias-founding-fathers-not-bjp-ex-president-kovind-9155706.html,"'One Nation One Election' Brain Child Of India's Founding Fathers, Not BJP: Ex-President Kovind","Kovind-led high-level committee on ’one nation, one election’ had recommended holding Lok Sabha, state assembly and local body elections simultaneously in a phased manner.",2024-12-13 17:33:17,https://images.news18.com/ibnlive/uploads/2024/12/untitled-design-10-2024-12-c99858fe2347a95b05370c61017fadf0.png,News18,6.387275977384497e-05,20,28,149,16,74
839,Gnews,https://www.devdiscourse.com/article/law-order/3193834-indias-bid-for-simultaneous-elections-a-legislative-leap,India's Bid for Simultaneous Elections: A Legislative Leap,"The Indian government is set to introduce two bills, including a constitutional amendment, to implement 'one nation, one election'. These bills aim to synchronize Lok Sabha and state assembly elections, aligning Union territories' laws with the proposed change. However, local body elections will remain unaffected for now.",2024-12-14 04:19:09,https://www.devdiscourse.com/remote.axd?https://devdiscourse.blob.core.windows.net/aiimagegallery/09_08_2024_07_37_32_3082828.png?width=920&format=jpeg,Devdiscourse,4.915933591649754e-25,2,12,49,2,22
840,Gnews,https://www.firstpost.com/explainers/this-week-in-explainers-bengaluru-techie-atul-subhash-suicide-shocked-nation-13844237.html,This Week in Explainers: How Atul Subhash’s suicide has shocked the nation,"The death of a 34-year-old Bengaluru-based techie Atul Subhash has rocked the country after his 24-page suicide note came to light, levelling serious allegations of harassment and extortion against his wife and her family. Here’s all this and more in our weekly roundup",2024-12-14 04:02:46,"https://images.firstpost.com/uploads/2024/12/Untitled-design-2024-12-13T163812.069-2024-12-726e184fdad8ff9e0883b409c4a96fc7.jpg?im=FitAndFill=(1200,675)",Firstpost,0.14648374177927959,21,72,372,48,154
842,Gnews,https://www.deccanchronicle.com/news/current-affairs/minister-arjun-ram-meghwal-to-introduce-one-nation-one-election-bill-on-dec-16-1846661,Minister Arjun Ram Meghwal to introduce 'One Nation One Election' Bill on Dec 16,"New Delhi: Union Law and Justice Minister Arjun Ram Meghwal will introduce 'The Constitution (One Hundred and Twenty-Ninth Amendment) Bill, 2024, in the Lok Sabha on December 16 (Monday).""The...",2024-12-14 03:42:00,https://www.deccanchronicle.com/h-upload/2024/12/14/1872289-aa-3635576.jpg,Deccan Chronicle,4.46913789993106e-12,11,21,176,12,71
843,Gnews,https://indianexpress.com/article/india/one-nation-one-election-bills-lok-sabha-monday-govt-9724263/,"‘One Nation, One Election’ Bills to be introduced in Lok Sabha on Monday","The Bills were drafted as per the recommendations of the high-level committee chaired by former President Ram Nath Kovind, which was appointed by the Law Ministry on Sep 2, 2023",2024-12-14 05:19:56,https://images.indianexpress.com/2024/12/dec24-27.jpg,The Indian Express,1.9640582671796786e-65,8,35,155,3,64
844,Gnews,https://www.news18.com/india/parliament-winter-session-one-nation-one-poll-bill-lok-sabha-implementation-unlikely-before-2034-9155830.html,"Centre To Introduce 'One Nation, One Poll Bill' On Monday, Implementation Unlikely Before 2034","Parliament Winter Session: The government aims to conduct the Lok Sabha and Assembly Elections simultaneously, for which the Centre will introduce the ONOP Bill in Lok Sabha on Monday.",2024-12-14 03:47:53,https://images.news18.com/ibnlive/uploads/2024/12/parliament-winter-session-3-2024-12-ea91a899254dd690a90fa0a6b0676058.jpg,News18,2.1176933888291702e-23,14,14,149,8,63
