id,apiname,url,title,summary,published,imageurl,source,score,adverb_count,adjective_count,noun_count,pronoun_count,verb_count
1,Newsdata,https://www.bhaskar.com/local/mp/harda/news/harda-five-gates-of-tawa-dam-opened-administration-became-alert-regarding-increasing-water-level-of-narmada-river-administration-made-announcement-in-the-villages-near-ghat-in-district-133418604.html,"नर्मदा नदी का जल स्तर लगातार बढ़ रहा, प्रशासन अलर्ट:तवा डेम के पांच गेट खुले, जिले में घाट से लगे गांवों में कराई गई मुनादी",पूरे प्रदेश में बीते तीन दिनों से झमाझम बारिश का सिलसिला जारी है। अलग-अलग हिस्सों में जोरदार बारिश का दौर देखने मिल रहा है। लगातार हो रही झमाझम बारिश के चलते अब नर्मदा नदी का जलस्तर भी लगातार बढ़ते चला जा रहा है। जिसको लेकर हरदा जिला प्रशासन ने हंडिया एवं टिमरनी तहसील के अंतर्गत नर्मदा किनारे के गांवों के लिए अलर्ट जारी किया गया है। केंद्रीय जल आयोग से मिले आंकड़े के अनुसार रात एक बजे से लेकर सुबह दस बजे तक जल स्तर में वृद्धि दर्ज की गई है। अगले तीन घंटों के दौरान जिले में तेज बारिश की संभावना को देखते हुए जिला प्रशासन ने होमगार्ड एवं एसडीडीआरएफ के जवानों को किसी तरह की आपात स्थिति से निपटने तैयार रहने को कहा गया है। वहीं हंडिया ओर छीपानेर में जवानों को तैनात किया गया है। तवा डेम के पांच गेट खोले जाने से और बढ़ेगा जल स्तरनर्मदा नदी के जल स्तर में हो रही वृद्धि के साथ ही शुक्रवार सुबह 8 बजे तवा डेम के पांच गेट खोल दिए गए है। जिससे जल स्तर बढ़ने की संभावना है। यदि लगातार बारिश के साथ ही अगले पांच से घण्टे में तवा डेम का पानी आने के बाद घाट किनारे गांवों में स्थिति बिगड़ सकती है। जिसको लेकर प्रशासन ने गांव कोटवारों से ग्रामीणों को मुनादी कर अलर्ट रहने को कहा गया है।,2024-08-02 06:39:07,https://images.bhaskarassets.com/thumb/1000x1000/web2images/521/2024/08/02/45be59a0-d07d-497f-8756-7b1d76d5c4a5_1722569182847.jpg,bhaskar_hindi,0.02834806744162719,0,1,11,1,2
2,Newsdata,https://malayalam.news18.com/news/india/up-cobbler-rejects-rs-10-lakh-offer-for-slipper-stitched-by-rahul-gandhi-nkn-681879.html,ഇല്ല തരില്ല; 10 ലക്ഷം തരാമെന്ന് പറഞ്ഞിട്ടും രാഹുല്‍ ഗാന്ധി തുന്നിയ ചെരിപ്പ് വിട്ടുകൊടുക്കില്ലെന്ന് ചെരിപ്പുകുത്തി,ലോക്‌സഭാ പ്രതിപക്ഷ നേതാവ് രാഹുല്‍ ഗാന്ധി തുന്നിയ ചെരിപ്പിന് പത്ത് ലക്ഷം രൂപ വിലപറഞ്ഞിട്ടും വില്‍ക്കാന്‍ കൂട്ടാക്കാതെയിരിക്കുകയാണ് ചെരിപ്പുകുത്തിയായ റാം ചേത്.,2024-08-02 06:39:00,https://images.news18.com/malayalam/uploads//2024/08/rahul-gandhi-2024-08-1769396365ca2359f02c170ba0351f26-3x2.jpg,malayalam_news18,0.9999999999999962,0,0,0,0,0
3,Newsdata,https://theprint.in/feature/around-town/new-book-investigates-bhima-koregaon-riots-are-manufactured-not-spontaneous/2204129/,"New book investigates Bhima Koregaon—‘riots are manufactured, not spontaneous’","There’s no singular account of what happened at Elgar Parishad. In ‘Bhima Koregaon: Challenging Caste’, Ajaz Ashraf offers precisely this.",2024-08-02 06:38:55,https://static.theprint.in/wp-content/uploads/2024/08/Ajaz_Ashraf_book_launch-696x392.jpg,theprint,0.0009098027140567681,49,54,366,40,177
4,Newsdata,https://www.hindutamil.in/news/supplements/vazhvu-inithu/1289200-failure-is-necessary-for-success.html?frm=rss_more_article,"வெற்றியை வரவேற்க, தோல்வி அவசியம்","“ஜாக் மாவை விட, அதிகமாகத் தோற்றுப் போகும் சந்தர்ப்பங்கள் நமக்கு அமையலாம். அதற்கு வெற்றி அற்ற வாழ்க்கையை வாழ்வோம் என்று அர்த்தமில்லை. தோல்விகளைக் கையாள்வது லேசுபட்ட காரியம் அல்ல. எல்லாவற்றுக்கும் ஒரு வழி இருப்பது போல் தோல்வியை எதிர் கொள்ளச் சில வழிகள் இருக்கின்றன.",2024-08-02 06:37:55,https://static.hindutamil.in/hindu/uploads/news/2024/08/02/xlarge/1289200.jpg,hindutamil,0.00027485581368081165,1,1,3,2,1
5,Newsdata,https://www.bhaskar.com/local/mp/ratlam/news/one-and-a-half-inch-rain-in-ratlam-in-24-hours-133418597.html,"24 घंटे में रतलाम में डेढ़ इंच बारिश:तापमान में आई गिरावट, रिमझिम बारिश ने शहर को भिगोया","रतलाम में बीती रात से रुक-रुक कर रिमझिम तो कभी तेज बारिश हो रही है। शुक्रवार सुबह से मौसम सुहावना बना है। आसमान में बादलों ने डेरा डाल रखा है। दोपहर 12 बजे से फिर रिमझिम बारिश शुरू हो चुकी है। पिछले 24 घंटे में जिले में करीब डेढ़ इंच बारिश हुई है। मौसम विभाग ने 3 अगस्त को रतलाम में भारी बारिश का अलर्ट जारी किया है। अगस्त माह के पहले दिन से सावन की झड़ी लग गई है। रुक-रुक कर हो रही बारिश खेतों के लिए फायदमेमंद है। रिमझिम बारिश ने शहर समेत पूरे जिले को भिगो कर रख दिया है। मौसम के तापमान में कमी आई है। हल्की-हल्की ठंडी हवाओं का भी दौर जारी है। मौसम विभाग की माने तो अगस्त माह में सबसे ज्यादा बारिश होती है। पिछले 2 साल से रतलाम जिले में ऐसा ही हो रहा है। अगस्त माह की शुरूआत से बारिश की झड़ी लग गई है। जिले में अब तक हुई 18 इंच बारिश बारिश में पिछले साल के मुकाबले रतलाम जिला अभी पिछड़ा हुआ है। पिछले साल इस समय तक 636.88 मिमी बारिश दर्ज की गई। शुक्रवार सुबह तक जिले में 472.88 मिमी बारिश दर्ज की गई। जो कि पिछले साल के मुकाबले 164 मिमी कम है। पिछले 24 घंटे में रतलाम जिले में डेढ़ इंच बारिश हुई है। बारिश में सबसे आगे बाजना 28.97 इंच, दूसरे नंबर पर रतलाम शहर 20.9 इंच व तीसरे नंबर सैलाना विकासखंड में 20.7 इंच बारिश हो चुकी है। रावटी में 19.2, आलोट में 18, जावरा में 17, ताल में 13 इंच बारिश हो चुकी है। सबसे कम पिपलौदा विकासखंड में 9.2 इंच बारिश हुई है। जिले की सामान्य औसत वर्षा 918.3 मिमी है। गुरुवार को अधिकतम तापमान 27.2 व न्यूनतम 23.2 सेल्सियस डिग्री दर्ज किया गया। शुक्रवार सुबह तक बारिश के आंकड़ों पर एक नजर (बारिश का आंकड़ा मिली मीटर में है)",2024-08-02 06:37:40,https://images.bhaskarassets.com/thumb/1000x1000/web2images/521/2024/08/02/img-20240802-wa0022_1722580547.jpg,bhaskar_hindi,0.02834806744162719,0,1,11,1,2
6,Newsdata,https://www.bhaskar.com/local/rajasthan/dungarpur/news/husband-and-wife-arrested-for-assault-133418594.html,"मारपीट के आरोपी पति-पत्नी गिरफ्तार:जमीन विवाद को लेकर युवक पर किया था हमला, 1 महीने से फरार थे आरोपी","डूंगरपुर की बिछीवाड़ा थाना पुलिस ने युवक पर हमले के आरोपी दंपती को गिरफ्तार किया है। आरोपियों ने जमीन विवाद को लेकर युवक पर हमला किया था। आरोपी पति-पत्नी हमले के बाद करीब 1 महीने से फरार चल रहे थे। बिछीवाड़ा थानाधिकारी कैलाश सोनी ने बताया कि 7 जुलाई की शाम को बिछीवाड़ा निवासी दिनेश नाई अपने घर में बैठा था। तभी लोकेश नाई, उसकी पत्नी सोनिया और राजकुमार उसके घर पर आए। घर में आते ही जमीन विवाद को लेकर तीनों ने झगड़ा शुरू कर दिया। इस दौरान राजकुमार नाई लट्ठ लेकर आया और घर के खिड़की कांच तोड़ दिए। तीनों ने दिनेश और उसके परिवार के लोगों पर हमला कर उन्हें लहूलुहान कर दिया। चिल्लाने की आवाज सुनकर आसपास के लोग मौके पर आए। मारपीट के बाद तीनों आरोपी मौके से फरार हो गए। दिनेश की रिपोर्ट पर पुलिस ने मामला दर्ज करते हुए आरोपियों की तलाश शुरू कर दी थी। इसी मामले में पुलिस ने लोकेश नाई और उसकी पत्नी सोनिया को गिरफ्तार किया है। फिलहाल पुलिस आरोपियों से पूछताछ कर रही है।",2024-08-02 06:36:46,https://images.bhaskarassets.com/thumb/1000x1000/web2images/521/2024/08/02/93030a0b-232c-4f56-94fc-ea51c94aa1671722571149439_1722580572.jpg,bhaskar_hindi,0.02834806744162719,0,1,11,1,2
52,Newsdata,https://www.india.com/maharashtra/mumbai-crime-minor-girl-raped-twice-by-21-year-old-man-she-met-on-instagram-arrested-vakola-police-station-7184147/,"Mumbai CRIME: Minor Girl Raped Twice By 21-Year-Old Man She Met On Instagram, Arrested","According to reports, the victim went missing from her residence between August 13 and 16. Despite her parents' extensive search efforts, she returned home on her own",2024-08-22 01:48:12,https://static.india.com/wp-content/themes/icom/images/default-big.svg,india,0.9961105808497769,8,19,86,14,44
7,Newsdata,https://www.bhaskar.com/local/rajasthan/bharatpur/news/theft-in-electronic-shop-133418593.html,"इलेक्ट्रॉनिक की दुकान में चोरी:2 लाख का सामान और 30 हजार कैश ले गए चोर, सीसीटीवी में कैद हुई घटना","डीग जिले के कामां कस्बे में चोरों ने एक इलेक्ट्रॉनिक की दुकान को अपना निशाना बना लिया। चोर दुकान से करीब 2 लाख का सामान और 30 हजार रुपए की नकदी ले गए। घटना देर रात 2 बजे की है। चोरी की पूरी घटना सीसीटीवी कैमरे में कैद हो गई। सुबह जब स्थानीय लोग घरों से निकले तो, दुकान की शटर टूटी देखी जिसके बाद घटना का पता लगा। इलेक्ट्रिक दुकान मालिक प्रह्लाद ने बताया कि उसकी दुकान कस्बे के गर्ल्स स्कूल के पास स्थित है। कल रात करीब 9 बजे मैं दुकान बंद कर घर चला गया था। सुबह मुझे पड़ोसियों ने सूचना दी कि मेरी दुकान की शटर टूटी हुई है। जिसके बाद मैं दुकान पर पहुंचा। तो दुकान का सामान बिखरा हुआ था। सीसीटीवी को चेक करने पर चोर दिखाई दे रहे थे। जिसके बाद घटना की सूचना पुलिस को दी गई। दुकान की तलाशी लेने के बाद पता चला कि चोर दुकान से करीब 2 लाख का सामान और 30 हजार रुपए कैश चोरी कर ले गए हैं। पूरी घटना सीसीटीवी कैमरे में कैद हो गई है। जिसमें दिखाई दे रहा है कि एक चोर टॉर्च की रोशनी में गल्ले की तलाशी ले रहा है और उसमें से रुपए निकाल रहा है।",2024-08-02 06:35:46,https://images.bhaskarassets.com/thumb/1000x1000/web2images/521/2024/08/02/whatsapp-image-2024-08-02-at-120132_1722580343.jpeg,bhaskar_hindi,0.02834806744162719,0,1,11,1,2
8,Newsdata,https://tv9kannada.com/national/stray-dogs-attack-claims-life-of-82-year-old-bedridden-woman-in-telangana-kannada-news-nyr-876494.html,ಗುಡಿಸಲಿಗೆ ನುಗ್ಗಿ ಅನಾರೋಗ್ಯದಿಂದ ಹಾಸಿಗೆ ಹಿಡಿದಿದ್ದ ವೃದ್ಧೆಯ ಕಚ್ಚಿ ಕೊಂದ ಬೀದಿ ನಾಯಿಗಳು,ಅನಾರೋಗ್ಯದಿಂದ ಬಳಲುತ್ತಿದ್ದ ಮಹಿಳೆಯನ್ನು ಬೀದಿ ನಾಯಿಗಳು ಕೊಂದಿರುವ ಘಟನೆ ತೆಲಂಗಾಣದಲ್ಲಿ ನಡೆದಿದೆ. ಅವರು ಮಲಗಿದ್ದ ಗುಡಿಸಿಲಿಗೆ ನುಗ್ಗಿದ ನಾಯಿಗಳು ದೇಹದ ಹಲವು ಭಾಗಗಳನ್ನು ಕಚ್ಚಿ ತಿಂದಿವೆ. ಮಹಿಳೆ ಅಲ್ಲೇ ಸಾವನ್ನಪ್ಪಿದ್ದಾರೆ.,2024-08-02 06:35:04,https://images.tv9kannada.com/wp-content/uploads/2024/08/dogs-3.jpg,tv9kannada,0.9999999999999962,0,0,0,0,0
9,Newsdata,https://marathi.indiatimes.com/editorial/article/pakistan-ranks-152-out-of-180-countries-in-the-world-media-freedom-index/articleshow/112215994.cms,World Press Freedom Index: माध्यमांची पाकिस्तानी गळचेपी,"World Press Freedom Index: पत्रकारांच्या हत्या, त्यांना मिळणाऱ्या धमक्या आणि अभिव्यक्ती स्वातंत्र्यावरील मर्यादामुळे ‘जागतिक माध्यम स्वातंत्र्य निर्देशांका’त १८० देशांमध्ये पाकिस्तानचे स्थान १५२ वर आहे. पाकिस्तानात माध्यमांचे स्वातंत्र्य ही कमालीची दुर्मिळ बाब झाली आहे...",2024-08-02 06:33:38,"https://static.langimg.com/photo/imgsize-52020,msid-112215994/maharashtra-times.jpg",marathi_indiatimes,1.0,0,0,18,0,2
10,Newsdata,https://assamtribune.com/video/live-public-reaction-government-hospital-fees-hiked-in-assam-1546367,#LIVE | Public Reaction: Government Hospital fees hiked in Assam,,2024-08-02 06:33:16,https://assamtribune.com/h-upload/videothumb/yt_full_di5HS0OdZLA.jpg,assamtribune,0.9999999999999962,0,0,3,0,0
11,Newsdata,https://www.jagran.com/editorial/apnibaat-biased-minorityism-has-adverse-effects-concept-needs-to-be-changed-23771038.html,"जागरण संपादकीय: पक्षपाती अल्पसंख्यकवाद के दुष्परिणाम, बदलनी होगी अवधारणा",ब्रिटिश राज में पंथ और संस्कृति के क्षेत्र में कोई शासकीय दखल नहीं था। सभी समुदाय अपनी रुचि की शिक्षा लेने संस्थान बनाने रीति-रिवाज और त्योहार आदि अपनी परंपरा से मनाने के लिए मुक्त थे। स्वतंत्र भारत के संविधान ने ही दो प्रकार के नागरिक बनाए अल्पसंख्यक और गैर-अल्पसंख्यक। अल्पसंख्यकों को दोहरे अधिकार मिल गए-एक नागरिक के रूप में दूसरे अल्पसंख्यक के रूप में।,2024-08-02 18:25:00,https://www.jagranimages.com/images/newimg/02082024/02_08_2024-muslim_23771038.jpg,jagran,0.9999999999999962,0,0,0,0,0
12,Newsdata,https://www.jagran.com/editorial/nazariya-nta-working-system-will-have-to-be-changed-for-transparency-in-competitive-exams-23771035.html,"जागरण संपादकीय: एनटीए की कार्यप्रणाली, प्रतियोगी परीक्षाओं में पारदर्शिता के लिए बदलनी होगी कार्यप्रणाली",NTA की ओर से कराई जाने वाली परीक्षाओं में उन्नत तकनीक का उपयोग बढ़ाना होगा और परीक्षाएं कंप्यूटर से ही करानी होंगी लेकिन ऐसा करते समय इसके प्रति सतर्क रहना होगा कि उसके तकनीकी तंत्र में सेंध न लगने पाए। इसके अतिरिक्त उसे प्रश्नपत्रों के कई सेट तैयार करने होंगे ताकि यदि कहीं कोई गड़बड़ी हो जाए तो उससे देश भर की परीक्षा प्रभावित न होने पाए।,2024-08-02 18:25:00,https://www.jagranimages.com/images/newimg/02082024/02_08_2024-students_jobs_23771035.jpg,jagran,0.9999999999999962,0,0,0,0,0
13,Newsdata,https://www.tv9marathi.com/entertainment/bigg-boss-3-ott-winner-prize-money-sana-makbul-lifts-the-hindi-bigg-boss-trophy-with-rs-25-prize-and-bags-gifts-details-in-marathi-1244972.html,Bigg Boss 3 OTT winner : सना मकबूल हिच्या डोक्यावर ‘बिग बॉस ओटीटी 3’चा ताज...,Bigg Boss 3 OTT winner Prize Money : बिग बॉस ओटीटी 3 चांगलेच धमाल करताना दिसले. विशेष म्हणजे अनेक रेकॉर्ड या सीजनने तोडले आहेत. अखेर बिग बॉस ओटीटी 3 ला त्याचा विजेता मिळाला आहे. सुरूवातीपासूनच विजेता कोण होणार याबद्दल प्रेक्षकांमध्ये मोठी क्रेझ बघायला मिळाली.,2024-08-02 18:21:01,https://images.tv9marathi.com/wp-content/uploads/2024/08/bigg-boss-2.jpg,tv9marathi,9.142384052267357e-164,0,18,177,1,8
14,Newsdata,https://hindi.theprint.in/india/broadcasting-services-regulation-bill-a-threat-to-freedom-of-expression-congress/714884/,प्रसारण सेवा (विनियमन) विधेयक ‘अभिव्यक्ति की स्वतंत्रता के लिए खतरा’ : कांग्रेस,"नयी दिल्ली, दो अगस्त (भाषा) कांग्रेस ने शुक्रवार को आरोप लगाया कि प्रसारण सेवा (विनियमन) विधेयक अभिव्यक्ति की स्वतंत्रता और स्वतंत्र मीडिया के लिए प्रत्यक्ष खतरा है। मुख्य विपक्षी पार्टी ने दावा किया कि यह ‘अत्यधिक ऑनलाइन निगरानी’ का मार्ग प्रशस्त करेगा। कांग्रेस के मीडिया एवं प्रचार विभाग के प्रमुख पवन खेड़ा ने लोगों से [...]",2024-08-02 18:18:47,https://statichindi.theprint.in/wp-content/plugins/gumlet/assets/images/pixel.png,theprint_hi,0.9999999999999962,0,0,0,0,0
15,Newsdata,https://hindi.theprint.in/india/almost-twice-as-many-women-are-living-in-asha-kiran-shelter-home-than-the-approved-capacity-national-commission-for-women/714883/,आशा किरण आश्रय गृह में स्वीकृत क्षमता से लगभग दोगुना महिलाएं रह रही हैं: राष्ट्रीय महिला आयोग,"नयी दिल्ली, दो अगस्त (भाषा) राष्ट्रीय महिला आयोग की तथ्यान्वेषी समिति की रिपोर्ट के अनुसार, आशा किरण आश्रय गृह में 493 महिलाएं रह रही हैं जो 255 की स्वीकृत क्षमता का लगभग दोगुना है। राष्ट्रीय महिला आयोग (एनसीडब्ल्यू) की अध्यक्ष रेखा शर्मा ने पिछले महीने आठ महिलाओं सहित 14 लोगों की मौत की खबर के [...]",2024-08-02 18:18:37,https://statichindi.theprint.in/wp-content/plugins/gumlet/assets/images/pixel.png,theprint_hi,0.9999999999999962,0,0,0,0,0
16,Newsdata,https://hindi.theprint.in/india/three-people-died-and-four-others-were-injured-as-part-of-a-building-collapsed-in-jahangirpuri/714882/,"जहांगीरपुरी में इमारत का हिस्सा ढहने से तीन लोगों की मौत, चार अन्य घायल","(तस्वीरों के साथ) नयी दिल्ली, दो अगस्त (भाषा) उत्तर पश्चिमी दिल्ली के जहांगीरपुरी इलाके में शुक्रवार को दो मंजिला इमारत का एक हिस्सा गिरने से तीन लोगों की मौत हो गई और चार अन्य घायल हो गए। अधिकारियों ने यह जानकारी दी। पुलिस ने बताया कि इमारत का अगला हिस्सा दोपहर में ढह गया जिसके [...]",2024-08-02 18:18:27,https://statichindi.theprint.in/wp-content/plugins/gumlet/assets/images/pixel.png,theprint_hi,0.9999999999999962,0,0,0,0,0
17,Newsdata,https://hindi.theprint.in/sports/aiming-towards-medal-created-history-by-reaching-semi-final/714881/,"पदक की ओर लक्ष्य, सेमीफाइनल में पहुंचकर रचा इतिहास","(अमनप्रीत सिंह) (तस्वीरों के साथ ) पेरिस, दो अगस्त ( भाषा ) लक्ष्य सेन ने एक गेम हारने के बाद शानदार वापसी करते हुए चीनी ताइपै के चोउ तियेन चेन को रोमांचक मुकाबले में हराकर पेरिस ओलंपिक पुरूष एकल बैडमिंटन स्पर्धा के सेमीफाइनल में प्रवेश कर लिया । वह ओलंपिक में पुरूष एकल अंतिम चार [...]",2024-08-02 18:18:17,https://statichindi.theprint.in/wp-content/plugins/gumlet/assets/images/pixel.png,theprint_hi,0.9999999999999962,0,0,0,0,0
18,Newsdata,https://www.india.com/madhya-pradesh/madhya-pradesh-indore-girl-students-strip-searched-assaulted-threatened-to-be-filmed-naked-by-teachers-at-indore-government-sharda-girls-higher-secondary-school-watch-viral-video-7135408/,"MP SHOCKER: Schoolgirls Strip-Searched, Assaulted, Threatened To Be Filmed Naked At Indore Govt School","Girl students at a government school in Indore, Madhya Pradesh were allegedly strip searched, beaten, and threatened to be filmed naked by a teacher after one of the students had brought a mobile phone to class.",2024-08-02 18:17:29,https://static.india.com/wp-content/themes/icom/images/default-big.svg,india,0.009221188256974934,9,22,109,12,65
19,Newsdata,https://www.dnaindia.com/india/report-dna-tv-show-16-arrested-for-harassing-woman-amid-rain-in-lucknow-s-gomti-nagar-area-3100037,DNA TV Show: 16 arrested for harassing woman amid rain in Lucknow's Gomti Nagar area,"In today's DNA, Anant Tyagi discusses on woman on a bike harassed by men in Lucknow.",2024-08-02 18:15:00,https://cdn.dnaindia.com/sites/default/files/styles/third/public/2024/08/02/2644046-anant-tyagi-2.jpg,dnaindia,1.060494974842288e-38,2,12,165,6,59
20,Newsdata,https://timesofindia.indiatimes.com/blogs/toi-editorials/ode-to-the-bucket-3/,"Ode to the bucket: People to Parliament, it means so much to us","Aluminium, steel, copper or plastic, it’s a rare life that hasn’t had a bucket in it. For the very poor, a bucket is everything, to store water or to store their belongings. For the very...",2024-08-03 03:02:50,https://static.toiimg.com/imagenext/toiblogs/photo/blogs/wp-content/uploads/2019/01/toiedit-logo.jpg,toi,3.989722515990468e-06,10,29,104,9,48
21,Newsdata,https://theprint.in/feature/did-not-win-the-trophy-but-made-a-place-in-hearts-of-people-bigg-boss-ott-3-first-runner-up-naezy/2205778/,“Did not win the trophy but made a place in hearts of people”: ‘Bigg Boss OTT 3’ first runner up Naezy,"Mumbai (Maharashtra) [India], August 3 (ANI): Rapper Naezy stood as the first runner-up during the ‘Bigg Boss OTT 3’ finale. He may not have won the trophy but he is excited about all the love he has got from the audience with his stint in the reality show. Speaking with ANI after the grand finale [...]",2024-08-03 03:02:02,https://static.theprint.in/wp-content/uploads/2024/08/ANI-20240803025041.jpg,theprint,0.9999900864007741,21,31,112,50,103
309,Newsdata,https://www.india.com/news/india/thane-truck-carrying-chemicals-crashed-while-travelling-to-punjab-one-person-injured-7214684/,"Thane: Truck Carrying Chemicals Crashed While Travelling To Punjab, One Person Injured","According to the police officials, the incident took place when the driver allegedly lost control, leading to the driver being injured.",2024-09-03 05:35:10,https://static.india.com/wp-content/themes/icom/images/default-big.svg,india,1.6317562582557238e-33,13,15,148,4,64
22,Newsdata,https://timesofindia.indiatimes.com/blogs/toi-editorials/games-watch-cool-moments-from-week-1-that-got-us-buzzing/,Games watch: Cool moments from Week 1 that got us buzzing,"It’s been only a week since the Paris Olympics kicked off. But there hasn’t been a dearth of iconic ‘cool moments’. In a sensational victory, Indian men’s hockey team gave us another ‘chak de’ moment...",2024-08-03 02:55:45,https://static.toiimg.com/imagenext/toiblogs/photo/blogs/wp-content/uploads/2019/01/toiedit-logo.jpg,toi,4.838367353384874e-05,18,41,134,12,58
23,Newsdata,https://tv9kannada.com/national/pm-narendra-modi-chairs-high-level-meeting-over-bangladesh-crisis-in-his-residence-kannada-news-sct-878310.html,Bangladesh Crisis: ಬಾಂಗ್ಲಾದೇಶದ ಹಿಂಸಾಚಾರದ ಬಗ್ಗೆ ಪ್ರಧಾನಿ ನಿವಾಸದಲ್ಲಿ ಮೋದಿ ನೇತೃತ್ವದಲ್ಲಿ ಮಹತ್ವದ ಸಭೆ,"ಬಾಂಗ್ಲಾದೇಶದಲ್ಲಿ ನಡೆದಿರುವ ಹಿಂಸಾಚಾರದ ಕುರಿತು ಪ್ರಧಾನಿ ನರೇಂದ್ರ ಮೋದಿಯವರ ನಿವಾಸದಲ್ಲಿ ಇಂದು ಸಂಜೆ ಮಹತ್ವದ ಸಭೆ ನಡೆದಿದೆ. ಈ ಸಭೆಯಲ್ಲಿ ಪ್ರಧಾನಿ ನರೇಂದ್ರ ಮೋದಿಯವರ ಜೊತೆ ಕೇಂದ್ರ ಗೃಹಸಚಿವ ಅಮಿತ್ ಶಾ, ರಕ್ಷಣಾ ಸಚಿವ ರಾಜನಾಥ್ ಸಿಂಗ್, ವಿದೇಶಾಂಗ ವ್ಯವಹಾರಗಳ ಖಾತೆ ಸಚಿವ ಸುಬ್ರಹ್ಮಣ್ಯಂ ಜೈಶಂಕರ್, ರಾಷ್ಟ್ರೀಯ ಭದ್ರತಾ ಸಲಹೆಗಾರ ಅಜಿತ್ ದೋವಲ್ ಸೇರಿದಂತೆ ಹಲವು ಹಿರಿಯ ಸಚಿವರು ಭಾಗಿಯಾಗಿದ್ದಾರೆ.",2024-08-05 16:52:20,https://images.tv9kannada.com/wp-content/uploads/2024/08/modi-meeting.jpg,tv9kannada,1.0,0,10,165,0,4
24,Newsdata,https://www.washingtontimes.com/news/2024/aug/7/white-house-slaps-down-donald-trumps-musing-about-/,White House slaps down Trump's musing about Biden re-taking the nomination,"President Biden does not lament his decision to step aside and let Vice President Kamala Harris lead the Democratic ticket into November, the White House said Wednesday.",2024-08-07 19:59:54,https://twt-thumbs.washtimes.com/media/image/2024/08/05/Election_2024_Trump_Strategy_56006_s1440x959.jpg,washingtontimes,0.0019149204836109144,4,18,93,10,47
25,Newsdata,https://theprint.in/feature/this-time-the-character-is-more-darker-edgier-taapsee-pannu-on-her-role-in-phir-aayi-hasseen-dillruba/2213412/,"“This time the character is more darker, edgier”: Taapsee Pannu on her role in ‘Phir Aayi Hasseen Dillruba’","New Delhi [India], August 8 (ANI): Actor Taapsee Pannu, who is gearing up for the release of her upcoming film ‘Phir Aayi Hasseen Dillruba’, talked about her character Rani and how challenging it was to make it intriguing for the audience again. Taapsee’s depiction of Rani in ‘Haseen Dillruba’ remains a stunning and compelling performance. [...]",2024-08-07 19:47:02,https://static.theprint.in/wp-content/uploads/2024/08/ANI-20240807193143.jpg,theprint,0.9999205452585539,17,26,173,34,85
26,Newsdata,https://tv9telugu.com/entertainment/ott/kamal-haasans-bharateeyudu-2-movie-set-to-stream-on-netflix-ott-from-august-9th-1322430.html,Bharateeyudu 2 OTT: ఓటీటీ ఆడియెన్స్ గెట్ రెడీ.. మరికొన్ని గంటల్లో స్ట్రీమింగ్‌కు భారతీయుడు 2.. ఎక్కడ చూడొచ్చంటే?,తెలుగుతో సహా ఇతర భాషల్లోనూ భారతీయుడు 2 సినిమా భారీ డిజాస్టర్ గా నిలిచింది. ప్లాఫ్ టాక్ రావడంతో చాలామంది ఓటీటీలో ఈ సినిమాను చూద్దామని ఫిక్స్ అయ్యారు. ఇప్పుడు వారి కోసమే మరికొన్ని గంటల్లో ఈ మూవీ ఓటీటీలోకి రానుంది. భారతీయుడు 2 సినిమా డిజిటల్ స్ట్రీమింగ్ హక్కులను ఓటీటీ దిగ్గజ సంస్థ,2024-08-08 17:00:11,https://images.tv9telugu.com/wp-content/uploads/2024/08/bharateeyudu-2-movie-1.jpg,tv9telugu,0.851753081053286,4,22,200,0,9
27,Newsdata,https://www.india.com/news/india/amarnath-yatra-suspended-on-both-routes-after-heavy-rains-details-inside-7158444/,Amarnath Yatra Suspended On Both Routes After Heavy Rains; Details Inside,The annual 52-day long Amarnath Yatra kicked off June 29 from the twin base camps of Pahalgam and Baltal and will conclude on August 19.,2024-08-11 17:52:57,https://static.india.com/wp-content/themes/icom/images/default-big.svg,india,1.1930650877552676e-41,5,22,139,3,45
28,Newsdata,https://timesofindia.indiatimes.com/blogs/disruption-in-higher-education/the-new-disruptions-in-ai-a-glimpse-into-the-future/,The new disruptions in AI: A glimpse into the future,AI is still a bright progressing innovation that is leading to many changes in the industrial and economic sectors in numerous countries. New generations of AI have gone beyond the traditional roles of AI as...,2024-08-11 17:45:36,https://static.toiimg.com/imagenext/toiblogs/photo/blogs/wp-content/uploads/2019/10/image2.jpeg,toi,1.5253748355284936e-14,36,125,436,22,182
29,Newsdata,https://tv9telugu.com/entertainment/tollywood/samanta-dhulipala-interesting-comments-on-naga-chaitanya-and-sobhita-love-story-1324823.html,Naga Chaitanya- Sobhita: నాగ చైతన్య- శోభితల ప్రేమ కథ మొదలైందిలా.. సీక్రెట్స్ బయటపెట్టిన సమంత,"టాలీవుడ్ యువ సామ్రాట్ అక్కినేని నాగ చైతన్య, ప్రముఖ హీరోయిన్ శోభిత ధూళిపాళ్ల నిశ్చితార్థం జరిగి రెండు రోజులు గడిచిపోయింది. ఆగస్టు 8న వీరి నిశ్చితార్థం జరగ్గా, అక్కినేని నాగార్జున ఎంగేజ్ మెంట్ ఫొటోలను సోషల్ మీడియా లో షేర్ చేశాడు. ఆ తర్వా శోభిత కూడా ఇదే ఫొటోలను నెట్టింట షేర్ చేసింది.",2024-08-11 17:40:19,https://images.tv9telugu.com/wp-content/uploads/2024/08/naga-chaitanya-sobhita-dhu-3.jpg,tv9telugu,1.3013630052217263e-27,1,21,178,6,9
51,Newsdata,https://www.india.com/news/delhi/auto-taxi-two-day-strike-in-delhi-ncr-from-august-22-to-23-heres-why-taxi-drivers-protesting-against-ola-uber-7184173/,Auto-Taxi Drivers On Two-Day Strike In Delhi-NCR From Today; Here’s Why They Are Protesting,"The unions are protesting the adverse effects of app-based cab services on their earnings and livelihoods, citing issues such as reduced income and high commissions.",2024-08-22 02:14:44,https://static.india.com/wp-content/themes/icom/images/default-big.svg,india,2.6699667513292446e-07,14,30,179,15,83
30,Newsdata,https://tv9kannada.com/national/dimple-yadavs-ex-aide-accused-of-rape-attempt-bjp-alleges-national-news-in-kannada-rak-882158.html,ಬಾಲಕಿ ಮೇಲೆ ಅತ್ಯಾಚಾರಕ್ಕೆ ಯತ್ನ; ಡಿಂಪಲ್ ಯಾದವ್ ಮಾಜಿ ಸಹಾಯನ ವಿರುದ್ಧ ಬಿಜೆಪಿ ಆರೋಪ,"ನವಾಬ್ ಸಿಂಗ್ ಯಾದವ್ ಲೋಕಸಭಾ ಸಂಸದ ಹಾಗೂ ಎಸ್‌ಪಿ ಮುಖ್ಯಸ್ಥ ಅಖಿಲೇಶ್ ಯಾದವ್ ಅವರ ಪತ್ನಿ ಡಿಂಪಲ್ ಯಾದವ್ ಅವರ ಸಹಾಯಕರ ಆಗಿದ್ದಾರೆ ಎಂದು ಬಿಜೆಪಿ ಆರೋಪಿಸಿದೆ ದೂರಿನ ಆಧಾರದ ಮೇಲೆ, ಭಾರತೀಯ ನ್ಯಾಯ ಸಂಹಿತಾ (BNS) ಮತ್ತು ಪೋಕ್ಸೊ ಕಾಯ್ದೆಯ ಸಂಬಂಧಿತ ನಿಬಂಧನೆಗಳ ಅಡಿಯಲ್ಲಿ ಎಫ್‌ಐಆರ್ ದಾಖಲಿಸಲಾಗಿದೆ. ಆರೋಪಿಯನ್ನು ಬಂಧಿಸಲಾಗಿದ್ದು, ಮುಂದಿನ ಕಾನೂನು ಕ್ರಮ ಜರುಗಿಸಲಾಗುತ್ತಿದೆ ಎಂದು ಪೊಲೀಸರು ಸುದ್ದಿಗಾರರಿಗೆ ತಿಳಿಸಿದ್ದಾರೆ.",2024-08-12 14:51:43,https://images.tv9kannada.com/wp-content/uploads/2024/08/dimple-akhilesh.jpg,tv9kannada,2.1869009488144007e-145,2,14,134,1,19
31,Newsdata,https://www.aajtak.in/religion/news/story/aaj-ka-panchang-16-august-2024-aaj-ki-tithi-rahu-kaal-shubh-muhurt-grah-nakshatra-in-hindi-friday-tlifdp-2011641-2024-08-16,"आज 16 अगस्त 2024 का शुभ मुहूर्त, राहु काल, आज की तिथि और ग्रह",Aaj ka panchang,2024-08-16 00:00:10,https://akm-img-a-in.tosshub.com/aajtak/images/story/202408/66bdf51e7486d-20240815-15311756-16x9.jpeg,aajtak,1.5182509877251067e-179,0,24,30,0,2
32,Newsdata,https://www.india.com/news/delhi/amid-kolkata-horror-11-year-old-girl-raped-left-bleeding-from-privates-by-house-owners-22-year-old-son-in-delhi-rape-7174134/,"Amid Kolkata Horror, 11-Yr-Old Girl Raped, Left Bleeding From Privates By House Owner’s 22-Yr-Old Son In Delhi","An 11-year-old girl was allegedly raped by a 22-year-old man in Delhi, leaving the minor victim bleeding from her privates, and threatening to kill her if she narrated the harrowing ordeal to anyone.",2024-08-17 18:21:28,https://static.india.com/wp-content/themes/icom/images/default-big.svg,india,0.9973975520509487,17,26,135,24,71
33,Newsdata,https://www.india.com/maharashtra/badlapur-case-nhrc-seeks-detailed-report-case-to-be-tried-in-fast-track-court-says-maharashtra-cm-7180850/,"Badlapur Case: NHRC Seeks Detailed Report; Case To Be Tried In Fast-Track Court, Says Maharashtra CM",Protesters at Badlapur railway station demonstrated against the alleged sexual assault of two minors.,2024-08-20 18:42:25,https://static.india.com/wp-content/themes/icom/images/default-big.svg,india,1.4657707845371397e-22,26,68,385,16,151
34,Newsdata,https://theprint.in/feature/tallulah-willis-opens-up-about-her-struggles-with-skin-picking-disorder/2231282/,Tallulah Willis opens up about her struggles with skin-picking disorder,"Washington [US], August 20 (ANI): Actor Tallulah Willis, daughter of Demi Moore and Bruce Willis, has recently shared her personal experience with dermatillomania, a condition also known as skin picking disorder. Taking to the Instagram account, the 30-year-old posted a three-year-old photo of herself on social media to raise awareness about the condition. In her [...]",2024-08-20 18:32:37,https://static.theprint.in/wp-content/uploads/2024/08/ANI-20240820182057.jpg,theprint,0.9969859080514811,17,25,111,23,64
35,Newsdata,https://www.washingtontimes.com/news/2024/aug/20/dhs-loses-track-of-32000-migrant-kids/,"DHS loses track of 32,000 migrant kids","Homeland Security has lost track of 32,000 illegal immigrant children who failed to show up for their deportation hearings and rarely bothers to look for them, the department's inspector general said Tuesday.",2024-08-20 18:26:17,https://twt-thumbs.washtimes.com/media/image/2024/06/21/Immigration_Child_Detention_89380_s1440x888.jpg,washingtontimes,0.007292380451108466,29,51,251,34,169
36,Newsdata,https://timesofindia.indiatimes.com/blogs/conservative-estimates/regress-as-default-option/,Regress as default option,"It was said about the Bourbons that they “have learned nothing and forgotten nothing.” This was because in the wake of their restoration in the early nineteenth century, they continued with their old ways which...",2024-08-21 17:38:00,https://static.toiimg.com/imagenext/toiblogs/photo/blogs/wp-content/uploads/2017/11/rs-kapoor7-1.jpg,toi,0.00013732937194147968,33,74,274,25,128
37,Newsdata,https://odishatv.in/news/odisha/lightning-strikes-claim-8-lives-in-odisha-5-critical-242161,"Lightning strikes claim 8 lives in Odisha, 5 critical",Most of the deceased who lost their lives due to the lightning strikes were working in their farmlands.,2024-08-21 17:17:22,https://images.odishatv.in/uploadimage/library/16_9/16_9_4/default.svg,odishatv,5.796945147076737e-07,6,11,60,4,20
38,Newsdata,https://theprint.in/feature/dhvani-bhanushali-makes-acting-debut-opposite-aashim-gulati-in-kahan-shuru-kahan-khatam/2232745/,Dhvani Bhanushali makes acting debut opposite Aashim Gulati in ‘Kahan Shuru Kahan Khatam’,"Mumbai (Maharashtra) [India], August 21 (ANI): Singer Dhvani Bhanushali is all set to make her acting debut with upcoming young family entertainer ‘Kahan Shuru Kahan Khatam’ opposite Aashim Gulati. Taking to Instagram, Dhvani shared this exciting note. https://www.instagram.com/p/C-7nkRRNnXq/? Sharing the film’s poster, she wrote, “Arranged an accidental love story that’ll take you for a ride! [...]",2024-08-21 17:02:12,https://static.theprint.in/wp-content/uploads/2024/08/ANI-20240821165933.jpg,theprint,1.6564996645619064e-17,2,18,138,7,36
39,Newsdata,https://www.india.com/news/meet-nirali-shah-who-is-pioneering-leadership-in-medical-device-innovation-7183680/,Meet Nirali Shah Who Is Pioneering Leadership in Medical Device Innovation,"Apart from her technical expertise, what sets her apart as a leader, according to Nirali, is transparency, communication effectiveness, and empowering teams.",2024-08-21 17:02:09,https://static.india.com/wp-content/themes/icom/images/default-big.svg,india,0.5127865621171838,38,72,274,42,144
40,Newsdata,https://theprint.in/feature/gippy-grewal-jasmin-bhasin-talk-about-their-film-ardaas-sarbat-de-bhale-di/2232743/,"Gippy Grewal, Jasmin Bhasin talk about their film ‘Ardaas Sarbat De Bhale Di’","Mumbai (Maharashtra) [India], August 21 (ANI): Actors Gippy Grewal, Jasmin Bhasin and Gurpreet Singh Ghuggi got candid about their film ‘Ardaas Sarbat De Bhale Di’. In a conversation with ANI, Gippy shared, “It is not a film that can be explained in one line. It is not a fictional story. It connects with common people. [...]",2024-08-21 17:02:01,https://static.theprint.in/wp-content/uploads/2024/08/ANI-20240821170017.jpg,theprint,0.999678569371365,23,27,117,31,69
41,Newsdata,https://www.dnaindia.com/india/report-revealed-reason-behind-road-rage-in-badlapur-father-son-family-dispute-suv-car-kalyan-badlapur-road-3103461,REVEALED: Reason behind road rage in Badlapur,A man named Satish Sharma has been arrested on charges of attempted murder and under sections of the Bharatiya Nyaya Sanhita. He was sent to police custody till August 23.,2024-08-21 16:53:20,https://cdn.dnaindia.com/sites/default/files/styles/third/public/2024/08/21/2647533-badlapur.jpg,dnaindia,0.9833754866864788,8,28,113,22,56
42,Newsdata,https://tv9telugu.com/world/maharaja-jamsaheb-nawanagar-elated-that-pm-modi-met-his-extended-family-and-paid-homage-at-jam-saheb-of-nawanagar-memorial-in-warsaw-1332009.html,PM Modi: ప్రధాని మోదీవి ఆదర్శ భావాలు.. మహారాజా జంసాహెబ్ నవానగర్ కీలక ప్రకటన..,ప్రధానమంత్రి నరేంద్రమోదీ పోలాండ్‌లో పర్యటిస్తున్నారు. ఈ పర్యటనలో భాగంగా ప్రధాని మోదీ వార్సాలోని జామ్ సాహెబ్ ఆఫ్ నవనగర్ (ది డోబ్రీ మహారాజా మెమోరియల్) మెమోరియల్ వద్ద నివాళులర్పించారు.. రెండవ ప్రపంచ యుద్ధం సమయంలో నవనగర్ దిగ్విజయ్‌సిన్హ్‌జీ రంజిత్‌సిన్హ్‌జీ జడేజా కీలకంగా వ్యవహరించి.. ఎందరికో దేవుడిగా మారారు..,2024-08-21 16:50:58,https://images.tv9telugu.com/wp-content/uploads/2024/08/pm-modi-10.jpg,tv9telugu,7.302959283949933e-210,4,15,213,1,6
43,Newsdata,https://www.washingtontimes.com/news/2024/aug/21/massive-job-revision-pulls-veil-off-joe-bidens-hap/,"Massive job revision pulls the veil off Biden's happy-face economy, critics say","The U.S. economy added 818,000 fewer jobs from early 2023 to early 2024 than the government previously reported, a sizable revision that could affect the Federal Reserve's decisions on interest rates and reverberate in the presidential campaign.",2024-08-21 16:40:12,https://twt-thumbs.washtimes.com/media/image/2024/08/21/Economy_Job_Market_Revisions_20714_s1440x940.jpg,washingtontimes,2.6077730186077164e-11,10,31,127,9,62
44,Newsdata,https://www.india.com/news/air-india-flight-gets-bomb-threat-emergency-sounded-at-thiruvananthapuram-airport-7184301/,"Air India Flight Gets Bomb Threat, ‘Emergency’ Sounded at Thiruvananthapuram Airport","Air India's Mumbai-Thiruvananthapuram flight is currently in an isolation bay, and passengers are being evacuated.",2024-08-22 03:09:47,https://static.india.com/wp-content/themes/icom/images/default-big.svg,india,9.799124920100523e-21,6,4,68,3,28
45,Newsdata,https://www.tv9marathi.com/maharashtra/badlapur-school-rape-case-update-dont-involve-politics-in-this-banner-at-station-road-1255908.html,"“My Child Not For Politics”, बदलापुरातील ‘त्या’ घटनेनंतर परिसरात बॅनरबाजी, बॅनरने वेधलं लक्ष","बदलापूर परिसरात झळकणारे हे बॅनर कोणी लावले, याची माहिती अद्याप समोर आलेली नाही. मात्र या बॅनरने सर्वसामान्यांसह राजकीय लोकांचेही लक्ष वेधून घेतले आहे.",2024-08-22 02:59:16,https://images.tv9marathi.com/wp-content/uploads/2024/08/badlapur-rape-case.jpg,tv9marathi,1.0051955129928678e-98,2,26,263,3,3
46,Newsdata,https://www.india.com/news/india/amrit-udyan-opens-for-public-check-timings-how-to-book-slot-nearest-metro-prohibited-items-7184238/,"Amrit Udyan Opens For Public: Check Timings, How to Book Slot, Nearest Metro, Prohibited Items","Amrit Udyan will remain open for the general public from August 16 to September 15, 2024.",2024-08-22 02:55:20,https://static.india.com/wp-content/themes/icom/images/default-big.svg,india,1.9766127565360166e-31,17,38,293,9,72
47,Newsdata,https://tv9telugu.com/entertainment/tollywood/anchor-rashmi-gautam-shares-an-emotional-post-about-her-grandfather-death-1332108.html,Anchor Rashmi: జబర్దస్త్ యాంకర్ రష్మీ ఇంట తీవ్ర విషాదం.. ధైర్యం చెబుతోన్న అభిమానులు.. ఏమైందంటే?,స్టార్ యాంకర్ రష్మీ గౌతమ్ గురించి ప్రత్యేకంగా చెప్పాల్సిన అవసరం లేదు. ప్రస్తుతం తెలుగు బుల్లితెరపై ఆమెదే హవా. కెరీర్ ప్రారంభంలో కొన్ని సినిమాల్లో చిన్న రోల్స్ చేసిన ఈ ముద్దుగుమ్మ జబర్దస్త్ కామెడీ షో తో ఫుల్ ఫేమస్ అయిపోయింది. తన అందంతో పాటు ముద్దు ముద్దు మాటలతో తెలుగు బుల్లితెర ఆడియెన్స్ కు బాగా చేరువైంది.,2024-08-22 02:54:46,https://images.tv9telugu.com/wp-content/uploads/2024/08/anchor-rashmi-gautam.jpg,tv9telugu,3.113683045904767e-24,5,30,212,9,10
48,Newsdata,https://timesofindia.indiatimes.com/blogs/toi-edit-page/why-vedic-mantras-have-mystical-powers/,Why Vedic mantras have mystical powers,Authored by Alka Nigam The ancient cultures and traditional beliefs agree that our universe is resonant with vibrational frequencies inaudible to human ears. The fundamental cosmic sound is imbued with mystical energy making the entire...,2024-08-22 02:45:14,https://static.toiimg.com/imagenext/toiblogs/photo/blogs/wp-content/uploads/2024/08/speaking-tree.png,toi,6.551879803516153e-06,12,58,180,16,77
49,Newsdata,https://tv9telugu.com/entertainment/tollywood/actor-ponnambalam-gets-emotional-remembering-the-great-help-of-megastar-chiranjeevi-1332096.html,Chiranjeevi: ‘నా వైద్యం కోసం 60 లక్షలకు పైగా ఖర్చు చేశారు.. నా జీవితం చిరంజీవి చలవే’: నటుడు పొన్నాంబళం,"మెగాస్టార్ చిరంజీవి పుట్టిన రోజు వేడుకల్లో పాల్గొనేందుకు ప్రముఖ తమిళ నటుడు, అలనాటి విలన్ పొన్నాంబళం చెన్నై నుంచి హైద‌రాబాద్ వ‌చ్చారు. మెగాస్టార్ బ‌ర్త్‌డే నేప‌థ్యంలో న‌గ‌రంలో ఏర్పాటుచేసిన ఓ కార్య‌క్ర‌మంలో ఆయ‌న పాల్గొన్నారు. ఈ సందర్భంగా మాట్లాడిన ఆయన చిరంజీవి చేసిన సాయాన్ని మరోసారి గుర్తు తెచ్చుకుని ఎమోషనల్ అయ్యారు. '",2024-08-22 02:23:58,https://images.tv9telugu.com/wp-content/uploads/2024/08/ponnambalam-chiranjeevi.jpg,tv9telugu,4.255726448079909e-55,0,24,232,3,7
50,Newsdata,https://www.india.com/news/hindenburg-report-congress-to-hold-nationwide-protest-today-for-sebi-chief-madhabi-puri-buch-resignation-7184204/,Hindenburg Report: Congress To Hold Nationwide Protest Today For SEBI Chief Madhabi Puri Buch Resignation,"After holding a meeting at the Congress Bhavan here, former MLA Mohd. Moquim said party leader Rahul Gandhi has been fighting to protect the country's Constitution and democracy.",2024-08-22 02:16:41,https://static.india.com/wp-content/themes/icom/images/default-big.svg,india,4.906577542175729e-21,5,20,167,7,47
53,Newsdata,https://odishatv.in/news/odisha/farmhouse-to-multi-storied-buildings-crorepati-dhenkanal-forest-ranger-under-vigilance-scanner-242169,Farmhouse to multi-storied buildings: 'Crorepati' Dhenkanal Forest Ranger under Vigilance scanner,"Vigilance sleuths conducted simultaneous raids at eight locations linked to Bibhudananda Mishra, Forest Range Officer of Dhenkanal Range, on allegations of amassing disproportionate assets. The operation covered properties in Dhenkanal, Cuttack, and Bhubaneswar with a team of seven DSPs and other officials. Important documents were discovered during the raid.",2024-08-22 03:44:36,https://images.odishatv.in/uploadimage/library/16_9/16_9_4/default.svg,odishatv,1.453143259018028e-26,1,12,87,3,18
54,Newsdata,https://timesofindia.indiatimes.com/blogs/plumage/sundaram-tagore-gallery-to-unveil-stirring-strands-of-art-at-kiaf-seoul/,Sundaram Tagore Gallery to unveil stirring strands of art at KIAF Seoul,"KIAF Seoul is South Korea’s first international art fair which opened in 2002. Its rapid growth has seen Seoul emerge as a global art city, evolving to exceed market standards. It has become a vibrant art hub,...",2024-08-22 03:42:37,https://static.toiimg.com/imagenext/toiblogs/photo/blogs/wp-content/uploads/2024/08/AKA003e_untitled.jpg,toi,0.008364158991353432,46,151,539,68,237
55,Newsdata,https://tv9telugu.com/entertainment/ott/varun-sandesh-starrer-viraaji-movie-now-streaming-on-aha-ott-1332173.html,Viraaji OTT: ఓటీటీలోకి వచ్చేసిన లేటెస్ట్ సస్సెన్స్ థ్రిల్లర్ .. ఊహకు అందని ట్విస్టులు.. స్ట్రీమింగ్ ఎందులోనంటే?,"ఎప్పటిలాగే ఈ వారం కూడా పలు ఓటీటీల్లో సరికొత్త సినిమాలు, వెబ్ సిరీస్ లు సందడి చేయనున్నాయి. ఇప్పటికే కొన్ని సినిమాలు స్ట్రీమింగ్ అవుతున్నాయి. మరికొన్ని సినిమాలు, వెబ్ సిరీస్ లు శుక్రవారం (ఆగస్టు23) అందుబాటులోకి రానున్నాయి. అయితే గురువారం (ఆగస్టు 22)అర్ధరాత్రి నుంచే కొన్ని సినిమాలు ఓటీటీలోకి వచ్చేశాయి. ప్రభాస్ నటించిన కల్కి సినిమా ఇప్పుడు ఓటీటీలో సందడి చేస్తోంది. దీంతో పాటు మరో తెలుగు సస్పెన్స్ థ్రిల్లర్ మూవీ డిజిటల్ స్ట్రీమింగ్ కు వచ్చేసింది.",2024-08-22 05:40:01,https://images.tv9telugu.com/wp-content/uploads/2024/08/viraaji-movie.jpg,tv9telugu,1.1748897570406513e-68,1,30,267,4,7
56,Newsdata,https://tv9telugu.com/trending/tricky-optical-illusion-find-the-number-8001-in-this-1008-series-1332067.html,Photo Puzzle: తస్సాదియ్యా.! ఈ ఫోటోలో ‘8001’ నెంబర్‌ను కనిపెడితే మీరు తెలివైనవారే,మళ్లీ మీ ముందుకు ఓ ఆప్టికల్ ఇల్యూషన్ ఫోటోను తీసుకొచ్చేశాం. ఇది మీ కంటికి సవాల్‌ విసురుతుంది. అలాగే మీ మైండ్‌ను కూడా బంతాట ఆడేస్తుంది. మీకు ఇచ్చే సమయం కేవలం 7 సెకన్లు మాత్రమే. మీవి డేగ కళ్ళలైతే ఆ లోపే మీరు సమాధానాన్ని కనిపెట్టాలి.,2024-08-22 05:30:20,https://images.tv9telugu.com/wp-content/uploads/2024/08/photo-puzzle-1.jpg,tv9telugu,1.2644476743632146e-54,1,14,84,0,2
57,Newsdata,https://www.india.com/news/badlapur-sexual-assault-case-bombay-high-court-takes-suo-moto-cognisance-matter-to-be-heard-today-7184594/,"Badlapur Sexual Assault Case: Bombay High Court Takes Suo Moto Cognisance, Matter To Be Heard Today",The authorities on Wednesday suspended internet services in the town. Police said they have arrested 72 persons in connection with the violence during the stir.,2024-08-22 05:22:24,https://static.india.com/wp-content/themes/icom/images/default-big.svg,india,4.9812366410326346e-23,3,20,145,6,49
58,Newsdata,https://www.india.com/news/india/inter-state-al-qaeda-terror-module-busted-11-nabbed-from-uttar-pradesh-jharkhand-rajasthan-delhi-police-7186549/,"Al Qaeda Module, Plotting Terror Attack In North India, Busted; 11 Arrested From UP, Jharkhand, Rajasthan: Delhi Police","An official said the Delhi Police conducted an operation alongside the police forces of the respective states, leading to the arrest of 11 people belonging to an Al Qaeda terror module.",2024-08-22 16:23:18,https://static.india.com/wp-content/themes/icom/images/default-big.svg,india,4.7260027547943324e-31,5,28,185,7,72
59,Newsdata,https://www.india.com/news/delhi/tragic-delhi-girl-17-falls-to-death-while-fetching-clothes-from-balcony-incident-captured-on-cctv-sagarpur-dabri-extension-watch-viral-video-7186658/,"Tragic! Delhi Girl, 17, Falls To Death While Fetching Clothes From Balcony; Incident Captured On CCTV",A 17-year-old girl died after falling off the third floor balcony of her house in Dabri Extension area of Sagarpur in southwest Delhi. The tragic incident was caught on CCTV.,2024-08-22 17:11:48,https://static.india.com/wp-content/themes/icom/images/default-big.svg,india,2.522126668276349e-06,10,33,155,12,68
60,Newsdata,https://www.india.com/news/india/assam-cm-himanta-biswa-sarma-attacks-journalists-religious-identity-links-him-with-muslim-university-7186759/,"Assam CM Himanta Biswa Sarma Attacks Journalist’s Religious Identity, Links Him With ‘Muslim University’",The incident occurred when a journalist questioned the Chief Minister about hill-cutting activities in his constituency.,2024-08-22 17:32:10,https://static.india.com/wp-content/themes/icom/images/default-big.svg,india,1.8040303071908214e-06,14,22,173,15,63
62,Newsdata,https://www.dnaindia.com/delhi-ncr/report-ye-dialogue-mein-problem-stree-2-director-amar-kaushik-reacts-to-cbfc-editing-out-neha-kakkar-joke-3103606,'Ye dialogue mein problem...': Stree 2 director Amar Kaushik reacts to CBFC editing out Neha Kakkar joke,"The Central Board of Film Certification (CBFC) replaced a dialogue in the second half of Stree 2, that mentioned Neha Kakkar, with Sneha Kakkar.",2024-08-22 16:57:56,https://cdn.dnaindia.com/sites/default/files/styles/third/public/2024/08/22/2647686-fotojet-2024-08-22t213445.218-1.jpg,dnaindia,0.9998623779762723,14,26,161,29,77
64,Newsdata,https://www.dnaindia.com/india/report-from-thrills-to-medicines-vibhu-sharma-s-quest-for-eco-friendly-powerhouses-3103608,From Thrills to Medicines: Vibhu Sharma's Quest For Eco-Friendly Powerhouses,"At a major amusement park, Sharma's team achieved a staggering 25% reduction in energy usage and a corresponding decrease in carbon emissions.",2024-08-22 16:39:06,https://cdn.dnaindia.com/sites/default/files/styles/third/public/2024/08/22/2647688-tech.jpg,dnaindia,6.789723806574642e-11,27,100,290,15,97
66,Newsdata,https://timesofindia.indiatimes.com/blogs/toi-edit-page/consumer-indias-amma-jaans/,Consumer India’s amma jaans,"All modern market economies have regulations that define the rules of the marketplace, and put checks and balances on players, especially big players. Commerce and industry minister Piyush Goyal’s criticism of large e-commerce players’ practices,...",2024-08-23 02:52:48,https://static.toiimg.com/imagenext/toiblogs/photo/blogs/wp-content/uploads/2024/08/lkdlksllk-18.png,toi,3.901499985492119e-13,4,21,83,5,36
67,Newsdata,https://timesofindia.indiatimes.com/blogs/toi-edit-page/without-funds-innovators-are-grounded-in-space/,"Without funds, innovators are grounded in space","On National Space Day today, India marks the historic landing of Chandrayaan-3 on the Moon exactly a year ago on Aug 23. It was a milestone that not only catapulted India into an elite group...",2024-08-23 02:43:41,https://static.toiimg.com/imagenext/toiblogs/photo/blogs/wp-content/uploads/2024/08/lkdlksllk-17.png,toi,6.462945656113667e-11,11,27,102,5,33
68,Newsdata,https://timesofindia.indiatimes.com/blogs/toi-edit-page/admiring-the-wildflowers-in-your-backyard/,Admiring the wildflowers in your backyard,"By Sumit Paul We may be great lovers of beauty, seeing it in the people, places and things around us while completely missing it in ourselves. Some of us feel that it is vain to...",2024-08-23 02:36:43,https://static.toiimg.com/imagenext/toiblogs/photo/blogs/wp-content/uploads/2023/10/Screenshot-2023-05-13-072215.png,toi,0.9990761415227174,34,42,113,61,106
69,Newsdata,https://www.india.com/news/india/auto-taxi-drivers-strike-in-delhi-ncr-try-these-public-transport-options-ola-uber-blu-metro-dtc-buses-7187044/,Attention Office-Goers! Day 2 of Auto-Taxi Drivers’ Strike In Delhi-NCR; Try These Public Transport Options,Fifteen unions called for the auto and taxi drivers' strike tome protest the effects of app-based cab services on their livelihoods.,2024-08-23 02:32:53,https://static.india.com/wp-content/themes/icom/images/default-big.svg,india,0.00010915394987505196,15,32,180,16,65
70,Newsdata,https://www.india.com/news/india/chandigarh-horror-zirakpur-class-12-student-raped-repeatedly-by-school-bus-driver-for-months-blackmails-with-morphed-photos-7187058/,"Chandigarh HORROR: Class 12 Student Raped By School Bus Driver For Months, Blackmailed With Morphed Photos","According to reports, the school driver, who was employed on contract basis, submitted his resignation after the school authorities took up the matter with him.",2024-08-23 02:23:10,https://static.india.com/wp-content/themes/icom/images/default-big.svg,india,0.9999970337278524,12,11,119,22,56
71,Newsdata,https://www.dnaindia.com/india/report-pm-modi-to-visit-ukraine-today-what-can-be-expected-3103653,PM Modi to visit Ukraine today: What can be expected?,"This visit marks a significant moment, as he is the first Indian Prime Minister to visit Ukraine since the two countries established diplomatic relations",2024-08-23 02:00:00,https://cdn.dnaindia.com/sites/default/files/styles/third/public/2024/08/23/2647735-untitled-design-34-696x392-1.jpg,dnaindia,0.00020793326891243433,3,24,104,12,43
72,Newsdata,https://www.india.com/tamil-nadu/5-hrs-power-cut-today-august-23-chennai-to-face-electricity-disruption-in-these-areas-check-timing-tamil-nadu-news-7187152/,5-Hrs Power Cut Today: Chennai To Face Electricity Disruption In These Areas; Check Timing,Chennai city will face power outages on August 23 due to massive maintenance work selected areas. Check timings of the power cuts.,2024-08-23 03:20:20,https://static.india.com/wp-content/themes/icom/images/default-big.svg,india,2.1975844477060342e-148,2,14,193,1,34
73,Newsdata,https://www.india.com/news/india/national-space-day-centre-has-taken-series-of-futuristic-decisions-relating-to-space-sector-says-pm-modi-7187377/,"National Space Day: Centre Has Taken Series Of Futuristic Decisions Relating To Space Sector, Says PM Modi","PM Modi greeted countrymen on National Space Day, stating that the Central Government has made a series of futuristic decisions regarding the space sector.",2024-08-23 05:02:14,https://static.india.com/wp-content/themes/icom/images/default-big.svg,india,0.10880295583830946,12,21,157,18,47
74,Newsdata,https://www.india.com/news/india/uttarakhand-rains-4-dead-after-being-trapped-under-debris-in-rudraprayag-7187294/,Uttarakhand Rains: 4 Dead After Being Trapped Under Debris In Rudraprayag,Four Nepali nationals were found dead after being trapped under debris near Phanta helipad following the heavy rains in Uttarakhand's Rudraprayag on Friday.,2024-08-23 04:59:08,https://static.india.com/wp-content/themes/icom/images/default-big.svg,india,7.23340289687092e-21,2,12,115,6,54
75,Newsdata,https://www.india.com/karnataka/bengaluru-traffic-alert-30-day-roadwork-in-silicon-city-check-traffic-advisory-alternative-routes-karnataka-news-7187209/,"Bengaluru Traffic Alert: 30-Day Roadwork In Silicon City; Check Traffic Advisory, Alternative Routes","The Bengaluru Traffic Police have issued an advisory in view of the roadwork within the Halasuru Gate, Chickpet, and KR Market traffic police station limits for the next 30 days.",2024-08-23 04:34:23,https://static.india.com/wp-content/themes/icom/images/default-big.svg,india,2.341606376587492e-43,3,9,71,1,16
76,Newsdata,https://www.indiatoday.in/science/chandrayaan-3/story/chandrayaan-3-landing-anniversary-when-isro-took-15-billion-indians-to-the-moon-2586483-2024-08-23,Chandrayaan-3 landing: When Isro took 1.5 billion Indians to the Moon,Chandrayaan-3 landing: When Isro took 1.5 billion Indians to the Moon,2024-08-23 03:30:42,https://akm-img-a-in.tosshub.com/indiatoday/images/story/202408/chandrayaan-3-vikram-293607791-16x9_0.jpg?VersionId=7Z1rmmR3Rbc1y.Bm7TLlZ4KNvLqiaFck,indiatoday,1.0911268601310386e-14,13,41,127,5,44
77,Newsdata,https://tv9kannada.com/trending/a-man-saved-the-life-of-a-struggling-young-woman-whose-dupatta-was-caught-in-a-bike-chine-kannada-news-mda-888496.html,"Video: ಬೈಕ್ ಚೈನ್​​​ಗೆ ಸಿಲುಕಿದ ದುಪಟ್ಟಾ, ಯುವತಿಯ ರಕ್ಷಣೆಗೆ ಧಾವಿಸಿದ ವ್ಯಕ್ತಿ","ಮಹಿಳೆಯರು ವಿಶೇಷವಾಗಿ ದ್ವಿಚಕ್ರ ವಾಹನಗಳಲ್ಲಿ ಪ್ರಯಾಣಿಸುವಾಗ ಬಹಳ ಜಾಗರೂಕರಾಗಿರಬೇಕು. ಏಕೆಂದ್ರೆ ಕೆಲವೊಂದು ಬಾರಿ ದುಪಟ್ಟಾ ಅಥವಾ ಸೀರೆ ಸೆರಗು ಬೈಕ್ ಚೈನ್ ಅಥವಾ ಚಕ್ರಕ್ಕೆ ಸಿಲುಕಿ ಅಪಾಯ ಸಂಭವಿಸುವ ಸಾಧ್ಯತೆ ಇರುತ್ತದೆ. ಇದೀಗ ಇಲ್ಲೊಂದು ಅಂತಹದ್ದೇ ಘಟನೆ ನಡೆಡಿದ್ದು, ಬೈಕ್ ಚೈನ್ ಗೆ ದುಪಟ್ಟಾ ಸಿಲುಕಿದ ಪರಿಣಾಮ ಕುತ್ತಿಗೆ ಬಿಗಿಯಾಗಿ ಯುವತಿಯೊಬ್ಬಳು ಉಸಿರಾಡಲು ಆಗದೆ ಸಂಕಷ್ಟಕ್ಕೆ ಸಿಲುಕಿದ್ದಾಳೆ. ತಕ್ಷಣ ವ್ಯಕ್ತಿಯೊಬ್ಬರು ಸಮಯ ಪ್ರಜ್ಞೆ ಮೆರೆದು ಆಕೆಯ ಪ್ರಾಣ ಕಾಪಾಡಿದ್ದಾರೆ. ಈ ವಿಡಿಯೋ ಇದೀಗ ಸಿಕ್ಕಾಪಟ್ಟೆ ವೈರಲ್ ಆಗುತ್ತಿದೆ.",2024-08-23 05:31:20,https://images.tv9kannada.com/wp-content/uploads/2024/08/viral-news-in-kannada-tv9-kannada-1-1.jpg,tv9kannada,2.632759547383664e-19,3,9,123,3,9
78,Newsdata,https://www.india.com/news/india/1-killed-5-trapped-as-roof-slab-of-under-construction-building-collapses-in-madhya-pradeshs-mhow-tehsil-7187565/,"1 Killed, 5 Trapped As Roof Slab Of Under-Construction Building Collapses in Madhya Pradesh’s Mhow Tehsil",A labourer was killed and five others were trapped when the roof slab of an under-construction building collapsed in Madhya Pradesh’s Indore district.,2024-08-23 06:37:00,https://static.india.com/wp-content/themes/icom/images/default-big.svg,india,2.6834974456334034e-29,6,4,86,3,31
79,Newsdata,https://theprint.in/softcover/new-book-picturesquely-explores-issues-derailing-the-planet-through-satirical-humour/2230100/,New book picturesquely explores issues derailing the planet through satirical humour,"Published by Penguin India, 'Sea Ice? Now You Don't!' by Rohan Chakravarty will be released on 30 August on SoftCover, ThePrint’s online venue to launch non-fiction books.",2024-08-23 06:36:23,https://static.theprint.in/wp-content/uploads/2024/08/Soft-Cover-Sea-Ice-1-696x392.png,theprint,0.00016979841092303134,15,45,127,16,56
80,Newsdata,https://www.india.com/news/india/nagaland-state-sambad-lottery-result-23082024-for-1pm-6pm-8pm-live-check-dear-dear-meghna-morning-rs-1-crore-lucky-draw-winning-numbers-7187649/,"Nagaland State Sambad Lottery Result 23.08.2024 For 1PM, 6PM, 8PM LIVE: Check Winning Ticket Number For Dear MEGHNA MORNING Rs 1 Crore Lucky Draw","Nagaland Sambad State Lottery Friday 23-08-2024 Live Updates: The results of Nagaland State Lottery DEAR Meghna MORNING 1 PM, Nagaland DEAR DASHER, DEAR SEAGULL EVENING 6 PM Sambad Result, Nagaland weekly lottery August 23, 2024, at 1 PM, 6 PM and 8 PM respectively.",2024-08-23 06:31:36,https://static.india.com/wp-content/themes/icom/images/default-big.svg,india,1.1707152513901832e-74,9,13,93,1,27
81,Newsdata,https://www.indiatoday.in/science/video/video-2586414-2024-08-23,Video:,Video:,2024-08-23 06:30:00,https://akm-img-a-in.tosshub.com/indiatoday/images/video/202408/polaris-dawn-224650974-16x9_0.jpg?VersionId=6L.xXC0yECpuqxIOyyGSsGH8FOsHULVW,indiatoday,2.7020850098292542e-14,1,11,63,4,26
82,Newsdata,https://www.india.com/news/india/centre-approves-rs-40-crore-for-flood-affected-people-of-tripura-cm-saha-thanks-centre-7188189/,"Centre Approves Rs 40 Crore For Flood-Affected People Of Tripura, CM Saha Thanks Centre",The Central Government on Friday approved the release of Rs 40 crore in advance to provide relief to the flood-affected people of Tripura.,2024-08-23 09:19:11,https://static.india.com/wp-content/themes/icom/images/default-big.svg,india,2.1820001355876285e-22,15,45,287,12,99
83,Newsdata,https://www.india.com/news/delhi/heavy-rain-causes-chaos-in-delhi-massive-traffic-jam-reported-in-dhaula-kuan-moti-bagh-gtk-road-watch-7188272/,"Heavy Rain Causes Chaos In Delhi, Massive Traffic Jam Reported In Dhaula Kuan, Moti Bagh, GTK Road; WATCH",Traffic is affected on GTK Road due to waterlogging near GTK Depot. Traffic is being diverted towards Wazirabad side. Commuters can take Road No. 51 to reach NPL side.,2024-08-23 09:19:05,https://static.india.com/wp-content/themes/icom/images/default-big.svg,india,5.257131811622677e-106,3,25,192,2,71
84,Newsdata,https://www.india.com/maharashtra/nepal-bus-crash-death-toll-mounts-to-27-as-11-more-succumb-victims-were-pilgrims-from-maharashtra-jalgaon-bus-falls-in-marsyangdi-river-nepal-kathmandu-pokhara-indians-killed-7189327/,Nepal Bus Crash: Death Toll Mounts To 27 As 11 More Succumb; Victims Were Pilgrims From Maharashtra’s Jalgaon,"The deceased, all pilgrims and residents of Jalgaon district in Maharashtra, were heading towards Kathmandu from Pokhara when the bus they were travelling in, veered off the highway and fell into the fast-flowing Marsyangdi river in central Nepal on Friday morning.",2024-08-23 16:16:15,https://static.india.com/wp-content/themes/icom/images/default-big.svg,india,1.1678561070222716e-16,14,27,287,15,82
85,Newsdata,https://tv9kannada.com/trending/sadhguru-debuts-unique-spoken-word-poetry-album-eternal-echoes-today-jaggi-vasudev-sct-888921.html,Eternal Echoes: ಹೊಸ ಪ್ರಯೋಗಕ್ಕಿಳಿದ ಸದ್ಗುರು; ಎಟರ್ನಲ್ ಎಕೋಸ್ ಆಲ್ಬಂ ಬಿಡುಗಡೆ,"Sadhguru: 'ಎಟರ್ನಲ್ ಎಕೋಸ್' ಇದು ಸದ್ಗುರು ಜಗ್ಗಿ ವಾಸುದೇವ್ ಅವರ ಸುಮಾರು 600 ಕವನಗಳ ಸಂಕಲನವಾಗಿದೆ. ಇದನ್ನು ಕಳೆದ 3 ದಶಕಗಳ ಅವಧಿಯಲ್ಲಿ ಬರೆಯಲಾಗಿದೆ. ಸದ್ಗುರುಗಳ ಜೀವನದ ಒಳನೋಟಗಳು, ಅವರ ಅತೀಂದ್ರಿಯ ಅನುಭವಗಳು, ಅವರ ಹೃದಯದ ಸಂಗೀತದಿಂದ ಹೆಣೆದ 'ಎಟರ್ನಲ್ ಎಕೋಸ್' ಜೀವನದ ಶ್ರೀಮಂತ ಅಭಿವ್ಯಕ್ತಿಯಾಗಿದೆ.",2024-08-23 15:50:58,https://images.tv9kannada.com/wp-content/uploads/2024/08/sadhguru.jpg,tv9kannada,9.336630313219634e-98,0,13,105,1,5
86,Newsdata,https://www.india.com/news/india/deputy-cm-brijesh-pathak-and-sr-group-vc-piyush-singh-chauhan-explore-future-of-healthcare-with-digital-innovations-and-enhanced-doctor-safety-7189393/,Deputy CM Brijesh Pathak And SR Group VC Piyush Singh Chauhan Explore Future of Healthcare with Digital Innovations And Enhanced Doctor Safety,"Among the distinguished panelists was Mr. Brijesh Pathak, Deputy Chief Minister and Minister of Health, who engaged in a dynamic dialogue with Piyush Singh Chauhan, Vice Chairman of SR Group of Institutions.",2024-08-23 16:41:37,https://static.india.com/wp-content/themes/icom/images/default-big.svg,india,1.2665391975487281e-12,10,39,214,13,66
87,Newsdata,https://www.india.com/news/india/nagaland-lottery-sambad-result-24082024-live-dear-narmada-morning-1-pm-check-donner-evening-result-winning-number-7190250/,"Nagaland Lottery Sambad Result 24.08.2024 LIVE: DEAR NARMADA MORNING 1 PM Result Winning Number (SHORTLY); Check Donner Evening, Stork Night Results OUT","Nagaland Sambad State Lottery Friday 24-08-2024 Live Updates: The results of Nagaland State Lottery DEAR NARMADA MORNING 1 PM, DEAR DONNER EVENING 6 PM, DEAR STORK NIGHT 8 PM Sambad Result Winners details and Numbers.",2024-08-24 07:13:05,https://static.india.com/wp-content/themes/icom/images/default-big.svg,india,8.824785633116834e-42,11,14,114,2,31
88,Newsdata,https://www.india.com/news/india/kolkata-rape-murder-case-accused-caught-on-cctv-with-bluetooth-device-around-neck-near-seminar-room-why-its-a-key-evidence-7190174/,Kolkata Rape-Murder Case Accused Caught On CCTV With Bluetooth Device Around Neck Near Seminar Room; Why It’s A Key Evidence,"Before arriving at the hospital at 1.03 am, suspect Sanjay Roy visited two brothels in the red light area Sonagachi on August 8.",2024-08-24 06:46:13,https://static.india.com/wp-content/themes/icom/images/default-big.svg,india,1.2068908720864913e-06,13,34,192,16,83
89,Newsdata,https://www.india.com/women/meet-ana-victoria-the-25-year-old-making-history-as-mexicos-first-lawyer-with-down-syndrome-7190341/,"Meet Ana Victoria, The 25-Year-Old Making History as Mexico’s First Lawyer With Down Syndrome","With the right support and opportunities, Ana Victoria pursued her dream of becoming a lawyer, achieving which many thought was impossible. Scroll down to read her full story!",2024-08-24 08:15:28,https://static.india.com/wp-content/themes/icom/images/default-big.svg,india,0.9811708249804366,17,30,162,23,63
90,Newsdata,https://tv9telugu.com/entertainment/tollywood/raviteja-discharged-from-hospital-after-surgery-and-tweets-about-his-health-1333704.html,Raviteja: ఆసుపత్రి నుంచి రవితేజ డిశ్చార్జ్.. ఆరోగ్య పరిస్థితిపై స్పందించిన మాస్ మాహారాజా..,ఆ గాయాన్ని కూడా లెక్క చేయకుండా అవిశ్రాంతంగా చిత్రీకరణలో పాల్గొనడంతో అది కాస్త మరింత తీవ్రమైంది. దీంతో శుక్రవారం ఆయన ఆసుపత్రిలో చేరగా.. శస్త్రచికిత్స తప్పనిసరి అని వైద్యులు సూచించారు. ఈ క్రమంలోనే కుడి చేతికి హైదరాబాద్ లోని ఓ ప్రైవేట్ ఆసుపత్రిలో సర్జరీ జరిగింది. ఆరు వారాలపాటు విశ్రాంతి తీసుకోవాలని వైద్యులు సూచించినట్లు సమాచారం.,2024-08-24 08:11:04,https://images.tv9telugu.com/wp-content/uploads/2024/08/raviteja-4.jpg,tv9telugu,5.542343049406166e-188,4,25,192,1,3
91,Newsdata,https://www.india.com/news/india/why-main-kolkata-rape-and-murder-accused-sanjay-roy-burst-into-tears-while-agreeing-to-this-test-what-shocking-revelations-did-it-unfold-rg-kar-medical-college-and-hospital-7190251/,Why Main Accused Sanjay Roy Burst Into TEARS While Agreeing To This Test; What Shocking Revelations Did It Unfold?,Kolkata Doctor Rape Case: Primary accused Sanjay Roy broke down in tears on Saturday in front of the court as the magistrate asked him why he agreed to undergo the polygraph test.,2024-08-24 08:10:23,https://static.india.com/wp-content/themes/icom/images/default-big.svg,india,0.9918594378199765,12,12,124,18,60
92,Newsdata,https://tv9kannada.com/national/jammu-kashmir-assembly-elections-pdp-manifesto-out-what-mehbooba-mufti-says-kannada-news-sct-889531.html,"ಎನ್‌ಸಿ, ಕಾಂಗ್ರೆಸ್ ಮೈತ್ರಿ ನಮ್ಮ ಅಜೆಂಡಾಗೆ ಒಪ್ಪಿದರೆ ನಾವು ಸ್ಪರ್ಧಿಸುವುದಿಲ್ಲ; ಮೆಹಬೂಬಾ ಮುಫ್ತಿ",ಜಮ್ಮು ಕಾಶ್ಮೀರದ ವಿಧಾನಸಭಾ ಚುನಾವಣೆ ವೇಳೆ ಪಿಡಿಪಿ ನಾಯಕಿ ಮೆಹಬೂಬಾ ಮುಫ್ತಿ ಅವರು ವಿವರವಾದ ಪಕ್ಷದ ಪ್ರಣಾಳಿಕೆಯನ್ನು ಬಿಡುಗಡೆ ಮಾಡಿದ್ದಾರೆ. ಜಮ್ಮು ಮತ್ತು ಕಾಶ್ಮೀರದ ಮಾಜಿ ಮುಖ್ಯಮಂತ್ರಿ ಮೆಹಬೂಬಾ ಮುಫ್ತಿ ಅವರು ನ್ಯಾಷನಲ್ ಕಾನ್ಫರೆನ್ಸ್ ಮತ್ತು ಕಾಂಗ್ರೆಸ್ ಮೈತ್ರಿ ಬಗ್ಗೆ ಮಹತ್ವದ ಹೇಳಿಕೆ ನೀಡಿದ್ದಾರೆ.,2024-08-24 12:50:33,https://images.tv9kannada.com/wp-content/uploads/2024/08/jammu-kashmir.jpg,tv9kannada,4.083519040985982e-124,0,10,134,1,3
94,Newsdata,https://www.india.com/uttar-pradesh/badlapur-sexual-assault-rerun-uttar-pradesh-rampur-tuition-teacher-syed-wasik-ali-accused-of-sexually-abusing-7-year-old-girl-arrested-uttar-pradesh-rape-7190915/,"Badlapur Rerun: UP Tuition Teacher Accused Of Sexually Abusing 7-Year-Old Girl, Arrested",A tuition teacher was arrested in Rampur district in Uttar Pradesh for allegedly sexually abusing a seven-year-old girl at her house. The incident bears eerie similarities to the Badlapur sexual assault case.,2024-08-24 12:38:04,https://static.india.com/wp-content/themes/icom/images/default-big.svg,india,5.687260962688911e-12,16,29,150,8,56
96,Newsdata,https://tv9kannada.com/trending/unique-punishment-for-thief-first-beaten-then-made-to-dance-kannada-news-mda-889903.html,Viral Video: ಚಿನ್ನದ ಸರ ಕದಿಯಲು ಬಂದು ತಗ್ಲಾಕೊಂಡ ಕಳ್ಳನಿಗೆ ಸ್ಥಳೀಯರು ಕೊಟ್ಟ ಶಿಕ್ಷೆ ಏನ್‌ ನೋಡಿ...,"ಕಳ್ಳತನ ಮಾಡಿ ಸಿಕ್ಕಿ ಬಿದ್ರೆ, ಕಳ್ಳರಿಗೆ ಸರಿಯಾಗಿ ಧರ್ಮದೇಟು ನೀಡಿ ಪೊಲೀಸರಿಗೆ ಒಪ್ಪಿಸುತ್ತಾರೆ. ಆದ್ರೆ ಇಲ್ಲೊಬ್ಬ ಚಿನ್ನದ ಸರ ಕದಿಯಲು ಬಂದು ಸಿಕ್ಕಿ ಬಿದ್ದ ಕಳ್ಳನಿಗೆ ಅಲ್ಲಿನ ಸ್ಥಳೀಯರು ವಿಶಿಷ್ಟ ಶಿಕ್ಷೆಯನ್ನು ನೀಡಿದ್ದಾರೆ. ಹೌದು ಸಿಕ್ಕಿಬಿದ್ದ ಕಳ್ಳನಿಗೆ ಸರಿಯಾಗಿ ಧರ್ಮದೇಟು ನೀಡಿ ಆತನ ಕೈಯಿಂದ ಡಾನ್ಸ್‌ ಮಾಡಿಸಿದ್ದಾರೆ. ಈ ವಿಡಿಯೋ ಇದೀಗ ಸಿಕ್ಕಾಪಟ್ಟೆ ವೈರಲ್‌ ಆಗುತ್ತಿದೆ.",2024-08-25 09:13:13,https://images.tv9kannada.com/wp-content/uploads/2024/08/unique-punishment-for-thief-first-beaten-then-made-to-dance.jpg,tv9kannada,1.0,0,9,134,0,4
97,Newsdata,https://www.dnaindia.com/india/report-bal-buddhi-kiren-rijiju-slams-rahul-gandhi-for-no-dalit-tribal-obc-in-miss-india-list-comment-3104078,"'Bal buddhi': Kiren Rijiju's slams Rahul Gandhi for 'no dalit, tribal, OBC in Miss India list' comment",The union minister also accused Gandhi of stoking divisions in the country with his renewed remarks regarding the nationwide caste census.,2024-08-25 09:09:00,https://cdn.dnaindia.com/sites/default/files/styles/third/public/2024/08/25/2648183-image-2024-08-25t145045.585.jpg,dnaindia,0.9627014685752414,20,26,175,26,64
98,Newsdata,https://timesofindia.indiatimes.com/blogs/disruption-in-higher-education/liberland-a-libertarian-blueprint-for-the-future-of-governance/,Liberland: A libertarian blueprint for the future of governance,"While the global society struggles to solve the problems of governance, the lack of economic growth and the increasing frustration with a conventional political system, Liberland proves to be a brand new approach using libertarian...",2024-08-25 08:54:24,https://static.toiimg.com/imagenext/toiblogs/photo/blogs/wp-content/uploads/2019/10/image2.jpeg,toi,1.0714326696468803e-10,37,144,412,23,182
99,Newsdata,https://tv9telugu.com/entertainment/ott/niharika-konidela-committee-kurrollu-movie-likely-to-stream-on-september-2nd-week-1334531.html,"Committee Kurrollu OTT: ఓటీటీలోకి నిహారిక సూపర్ హిట్ సినిమా.. కమిటీ కుర్రోళ్లు స్ట్రీమింగ్ ఎప్పుడు, ఎక్కడంటే?",మెగా డాటర్ నిహారిక కొణిదెల నిర్మాతగా మారి నిర్మించిన సినిమా కమిటీ కుర్రోళ్లు. మొత్తం 11 మంది కొత్త కుర్రాళ్లు ఈ సినిమాలో హీరోలుగా నటించడం విశేషం. అలాగే నలుగురు కొత్త అమ్మాయిలు కొత్తగా టాలీవుడ్ ఇండస్ట్రీకి పరిచయమయ్యారు. య‌దు వంశీ తెరకెక్కించిన ఈ ఫీల్ గుడ్ సినిమా ఆగస్టు 09న గ్రాండ్ గా రిలీజైంది. మొదటి షో నుంచే సూపర్ హిట్ టాక్ తెచ్చుకుంది.,2024-08-25 09:38:08,https://images.tv9telugu.com/wp-content/uploads/2024/08/committee-kurrollu-4.jpg,tv9telugu,7.872258906845627e-66,1,18,242,3,5
100,Newsdata,https://tv9kannada.com/trending/woman-caught-on-camera-beating-mother-in-law-held-kannada-news-mda-889954.html,Viral Video: ಛೇ.. ಇವಳೆಂಥಾ ಸೊಸೆ; ವಯಸ್ಸಾದ ಅತ್ತೆಯ ಮೇಲೆ ಅಮಾನುಷವಾಗಿ ಹಲ್ಲೆ ನಡೆಸಿದ ಘಾಟಿ ಸೊಸೆ,ಪ್ರತಿ ಮನೆಯಲ್ಲೂ ಅತ್ತೆ ಸೊಸೆ ಮಧ್ಯೆ ಸಣ್ಣ ಪುಟ್ಟ ಮನಸ್ತಾಪಗಳು ಇದ್ದೇ ಇರುತ್ತದೆ. ಆದ್ರೆ ಈ ಜಗಳಗಳು ಕೈ ಮಿಲಾಯಿಸೋ ಮಟ್ಟಕ್ಕೆ ಹೋಗುವುದಿಲ್ಲ. ಆದ್ರೆ ಇಲ್ಲೊಬ್ಬಳು ಸೊಸೆ ಹಿರಿ ಜೀವ ಎಂಬುದನ್ನು ನೋಡದೆ ಸ್ವಂತ ಅತ್ತೆಯ ಮೇಲೆ ಅಮಾನುಷವಾಗಿ ಹಲ್ಲೆ ನಡೆಸಿದ್ದಾಳೆ. ಈಕೆಯ ಕ್ರೌರ್ಯದ ವಿಡಿಯೋ ಸಾಮಾಜಿಕ ಜಾಲತಾಣದಲ್ಲಿ ವೈರಲ್ ಆಗಿದೆ.,2024-08-25 10:27:04,https://images.tv9kannada.com/wp-content/uploads/2024/08/woman-caught-on-camera-beating-mother-in-law-held-kannada-news-mda.jpg,tv9kannada,6.662388251658695e-142,2,17,158,1,7
101,Newsdata,https://www.india.com/news/india/mallikarjun-kharge-rephrases-ups-this-is-what-u-stands-for-according-to-congress-president-7192804/,"Mallikarjun Kharge ‘Rephrases’ UPS, This Is What ‘U’ Stands For According To Congress President","On Saturday, the cabinet meeting, chaired by Prime Minister Narendra Modi, approved the UPS.",2024-08-25 10:14:43,https://static.india.com/wp-content/themes/icom/images/default-big.svg,india,5.341198332435853e-13,5,19,164,9,45
102,Newsdata,https://www.india.com/viral/unapologetic-brahmin-bengaluru-ceos-responds-to-controversial-post-goes-viral-7192585/,‘Unapologetic Brahmin’: Bengaluru CEO’s Responds To Controversial Post Goes Viral,"Just three days ago, Anuradha Tiwari, the head of a content marketing company, shared a concise social media post reading ""Brahmin genes"", and now it has triggered a profound exchange of differing viewpoints.",2024-08-25 10:13:26,https://static.india.com/wp-content/themes/icom/images/default-big.svg,india,0.9954469392948977,27,55,226,52,123
103,Newsdata,https://www.india.com/news/india/jammu-and-kashmir-assembly-elections-2024-regretful-he-saw-only-one-paragraph-omar-abdullah-reacts-to-amit-shah-remarks-on-national-conference-nc-manifesto-7192769/,‘Regretful He Saw Only One Paragraph’: Omar Abdullah Reacts To Amit Shah’s Remarks On NC Manifesto,"Reacting to Amit Shah's comments, Abdullah said he was ""thankful"" to the Home Minister for taking notice of the NC's manifesto, saying, ""He forced those people who till now were not ready to read our manifesto.""",2024-08-25 11:29:07,https://static.india.com/wp-content/themes/icom/images/default-big.svg,india,0.9999813114616312,22,28,212,43,114
104,Newsdata,https://www.india.com/madhya-pradesh/janmashtami-2024-madhya-pradesh-to-open-centres-for-discussions-on-lord-krishna-life-details-here-chief-minister-mohan-yadav-7193047/,Janmashtami 2024: Madhya Pradesh To Open Centres For Discussions On Lord Krishna’s Life – Details Here,"Addressing a symposium on Lord Krishna in Indore, on the eve of Janmashtami 2024, CM Yadav said his government will build centres on the lines of Indore's Geeta Bhavan.",2024-08-25 12:26:30,https://static.india.com/wp-content/themes/icom/images/default-big.svg,india,9.641299623227402e-17,6,23,171,10,70
105,Newsdata,https://tv9kannada.com/national/praveen-chakravarty-of-congress-welcomes-unified-pension-scheme-bought-by-central-govt-news-in-kannada-snvs-890015.html,ಮೇಲಿನ ಕೆಲವೇ ಮಂದಿಗೆ ಕೆಳಗಿನ ಬಹುಮಂದಿ ತೆರಿಗೆ ಕಟ್ಟೋದು ಯಾವ ನ್ಯಾಯ? ಕೇಂದ್ರದ ಹೊಸ ಪೆನ್ಷನ್ ಸ್ಕೀಮ್ ಸ್ವಾಗತಿಸಿದ ಕಾಂಗ್ರೆಸ್ ನಾಯಕ,Unified Pension Scheme: ಕೇಂದ್ರ ಸರ್ಕಾರದ ಪ್ರಸ್ತಾಪಿತ ಯೂನಿಫೈಡ್ ಪೆನ್ಷನ್ ಸ್ಕೀಮ್ ಶ್ಲಾಘನೀಯ ಸುಧಾರಣೆ ಎಂದು ಕಾಂಗ್ರೆಸ್​ನ ಚಿಂತಕರಲ್ಲಿ ಒಬ್ಬರಾದ ಪ್ರವೀಣ್ ಚಕ್ರವರ್ತಿ ಅಭಿಪ್ರಾಯಪಟ್ಟಿದ್ದಾರೆ. ಯುಪಿಎಸ್ ಎಂದರೆ ಎನ್​ಪಿಎಸ್ ಮತ್ತು ಕನಿಷ್ಠ ಖಾತ್ರಿ ಪಿಂಚಣಿಯ ಸಂಯೋಗ ಎಂದು ಪ್ರವೀಣ್ ಹೇಳಿದ್ದಾರೆ. ನ್ಯಾಷನಲ್ ಪೆನ್ಷನ್ ಸಿಸ್ಟಂ ಬಗ್ಗೆ ಸಾಕಷ್ಟು ವಿರೋಧ ಬಂದ ಹಿನ್ನೆಲೆಯಲ್ಲಿ ಕೇಂದ್ರ ಸರ್ಕಾರ ಒಂದಷ್ಟು ಬದಲಾವಣೆ ತಂದು ಯೂನಿಫೈಡ್ ಪೆನ್ಷನ್ ಸಿಸ್ಟಂ ರೂಪಿಸಿದೆ.,2024-08-25 12:09:33,https://images.tv9kannada.com/wp-content/uploads/2024/08/praveen-chakravarty-1.jpg,tv9kannada,0.012383303950493826,3,16,115,0,7
106,Newsdata,https://www.india.com/news/delhi/delhi-schoolboy-10-mistakenly-brings-pistol-to-najafgarh-deepak-vihar-school-watch-viral-video-7193009/,"Delhi Schoolboy, 10, Mistook Deceased Father’s Pistol For Toy Gun, Brought It To School","The incident took place at a private school in the Deepak Vihar area in Najafgarh, Delhi on Saturday when the teachers discovered the firearm in the student's schoolbag and informed the local police station.",2024-08-25 11:59:47,https://static.india.com/wp-content/themes/icom/images/default-big.svg,india,0.9630725777324335,10,16,132,19,69
107,Newsdata,https://www.india.com/karnataka/bengaluru-traffic-police-issues-advisory-for-krishna-janmashtami-check-alternate-routes-7193139/,Bengaluru Traffic Police Issues Advisory For Krishna Janmashtami; Check Alternate Routes,Bengaluru Traffic Issues Advisory for Krishna Janmashtami on August 26: Restrictions and Guidelines. Check Alternate Routes.,2024-08-25 13:34:37,https://static.india.com/wp-content/themes/icom/images/default-big.svg,india,3.84514572235224e-61,5,19,172,3,52
108,Newsdata,https://www.india.com/viral/porn-video-plays-on-led-board-in-delhis-famous-connaught-place-civic-body-claims-hacked-cp-h-block-advertisement-board-clip-7193323/,Porn Video Plays On LED Board In Delhi’s Famous Connaught Place; Civic Body Claims ‘Hacked’,Porn Video Played On LED Board: Delhi Police has lodged an FIR after a porn video was displayed on a digital advertisement board (LED Board) in famous Connaught Place area. A passersby spotted the adult video being run on a LED screen in Connaught Place's H Block.,2024-08-25 15:03:29,https://static.india.com/wp-content/themes/icom/images/default-big.svg,india,2.0454683007912074e-18,10,27,204,10,75
109,Newsdata,https://www.india.com/news/india/accessible-justice-must-for-india-to-become-developed-pm-modi-bats-for-secular-civil-code-simplifying-judicial-system-7193269/,"‘Accessible Justice Must For India To Become Developed’: PM Modi Bats For ‘Secular Civil Code’, Simplifying Judicial System",PM Modi said that the Indian judiciary has continuously played the responsibility of being vigilant and active on national issues.,2024-08-25 14:32:42,https://static.india.com/wp-content/themes/icom/images/default-big.svg,india,7.142302673347168e-06,30,90,308,31,138
110,Newsdata,https://tv9telugu.com/national/prashant-kishor-says-jan-suraaj-to-fight-in-all-243-seats-in-bihar-in-2025-full-details-in-telugu-1334717.html,బీహార్ అసెంబ్లీ ఎన్నికలు.. రాజకీయ వ్యూహకర్త ప్రశాంత్ కిషోర్ కీలక ప్రకటన..!,వచ్చే ఏడాది బీహార్ అసెంబ్లీకి ఎన్నికలు జరగనున్న నేపథ్యంలో ప్రముఖ రాజకీయ వ్యూహకర్త ప్రశాంత్ కిషోర్ కీలక ప్రకటన చేశారు.గాంధీ జయంతి వేళ అక్టోబర్ 2న తాను ఏర్పాటు చేస్తున్న ‘జన్ సురాజ్’ పార్టీ 2025 బీహార్ అసెంబ్లీ ఎన్నికల్లో ఒంటరిగానే పోటీ చేస్తుందని తెలిపారు. బీహార్ అసెంబ్లీలోని మొత్తం 243 స్థానాలకు జన్ సురాజ్ పార్టీ అభ్యర్థులు పోటీ చేస్తారని ప్రకటించిన ఆయన..,2024-08-25 14:26:35,https://images.tv9telugu.com/wp-content/uploads/2024/08/prashant-kishor1.jpg,tv9telugu,1.1922151251451979e-142,2,14,140,1,14
111,Newsdata,https://timesofindia.indiatimes.com/blogs/five-pillars-of-health-a-blueprint-for-wellbeing/4th-pillar-of-health-physical-activity/,4th Pillar of Health: Physical activity,"The fourth pillar of health is physical activity. Throughout evolution, we needed to walk in search of food and sometimes run to catch a prey or defend ourselves. As a result, our bodies have evolved...",2024-08-25 15:20:36,https://static.toiimg.com/imagenext/toiblogs/photo/blogs/wp-content/uploads/2024/08/Image-31.png,toi,0.0031797259263297026,56,155,401,50,230
112,Newsdata,https://www.india.com/news/india/grave-insult-to-farmers-of-country-congress-leader-rahul-gadhi-slams-bjp-mp-kangana-ranaut-over-comments-on-farmers-protest-7195873/,‘Grave Insult To Farmers of Country’; Congress Leader Rahul Gadhi Slams BJP MP Kangana Ranaut Over Comments On Farmers’ Protest,"In a post shared on social media platform X, Rahul Gandhi said, ""The propaganda machinery of the Modi government, which has failed to fulfil the promises made to the farmers, is continuously engaged in insulting the farmers.""",2024-08-26 16:45:48,https://static.india.com/wp-content/themes/icom/images/default-big.svg,india,3.440196672378716e-10,16,27,191,15,83
113,Newsdata,https://tv9kannada.com/national/national-conference-in-51-seats-congress-to-contests-in-32-in-jammu-kashmir-assembly-elections-sct-890668.html,"ಜಮ್ಮು-ಕಾಶ್ಮೀರ ವಿಧಾನಸಭೆ ಚುನಾವಣೆ: 51 ಸ್ಥಾನಗಳಲ್ಲಿ ನ್ಯಾಷನಲ್ ಕಾನ್ಫರೆನ್ಸ್, 32 ಸ್ಥಾನಗಳಲ್ಲಿ ಕಾಂಗ್ರೆಸ್ ಸ್ಪರ್ಧೆ","ಜಮ್ಮು ಮತ್ತು ಕಾಶ್ಮೀರ ವಿಧಾನಸಭಾ ಚುನಾವಣೆಯ ವೇಳಾಪಟ್ಟಿ ಈಗಾಗಲೇ ಪ್ರಕಟವಾಗಿದೆ. ಜಮ್ಮು ಮತ್ತು ಕಾಶ್ಮೀರ ವಿಧಾನಸಭೆಯ 90 ಸದಸ್ಯರನ್ನು ಆಯ್ಕೆ ಮಾಡಲು 3 ಹಂತಗಳಲ್ಲಿ ಮತದಾನ ನಡೆಯಲಿದೆ. ಸೆಪ್ಟೆಂಬರ್ 18, ಸೆಪ್ಟೆಂಬರ್ 25 ಮತ್ತು ಅಕ್ಟೋಬರ್ 1ರಂದು ಚುನಾವಣೆ ನಡೆಯಲಿದೆ.",2024-08-26 16:12:21,https://images.tv9kannada.com/wp-content/uploads/2024/08/jammu-kashmir-congress.jpg,tv9kannada,7.060910856323068e-173,0,11,151,1,14
114,Newsdata,https://tv9kannada.com/national/35-foot-tall-statue-of-chhatrapati-shivaji-maharaj-unveiled-by-pm-narendra-modi-last-year-collapses-in-maharashtra-sct-890652.html,Shivaji Statue: ಮಹಾರಾಷ್ಟ್ರದಲ್ಲಿ 35 ಅಡಿ ಎತ್ತರದ ಛತ್ರಪತಿ ಶಿವಾಜಿ ಪ್ರತಿಮೆ ಕುಸಿತ,ಕಳೆದ ವರ್ಷ ಮಾಲ್ವಾನ್‌ನ ರಾಜ್‌ಕೋಟ್ ಕೋಟೆಯಲ್ಲಿ ಛತ್ರಪತಿ ಶಿವಾಜಿ ಮಹಾರಾಜರ ಪ್ರತಿಮೆಯನ್ನು ಪ್ರಧಾನಿ ನರೇಂದ್ರ ಮೋದಿ ಅನಾವರಣಗೊಳಿಸಿದ್ದರು. ಆ 35 ಅಡಿ ಎತ್ತರದ ಪ್ರತಿಮೆ ಇಂದು ಕುಸಿದು ಬಿದ್ದಿದೆ. ಕಳಪೆ ಕಾಮಗಾರಿ ನಡೆಸಿರುವ ಏಕನಾಥ್ ಶಿಂಧೆ ಸರ್ಕಾರದ ವಿರುದ್ಧ ತೀವ್ರ ಆಕ್ರೋಶ ವ್ಯಕ್ತವಾಗಿದೆ.,2024-08-26 15:52:00,https://images.tv9kannada.com/wp-content/uploads/2024/08/modi-with-shivaji-statue.jpg,tv9kannada,2.491377176843605e-157,5,14,166,1,11
115,Newsdata,https://tv9kannada.com/national/home-minister-amit-shah-announces-create-of-5-new-districts-in-ladakh-national-news-in-kannada-sct-890671.html,Ladakh: ಲಡಾಖ್‌ನಲ್ಲಿ 5 ಹೊಸ ಜಿಲ್ಲೆಗಳ ರಚನೆ; ಕೇಂದ್ರ ಗೃಹ ಸಚಿವ ಅಮಿತ್ ಶಾ ಘೋಷಣೆ,ಕೇಂದ್ರಾಡಳಿತ ಪ್ರದೇಶವಾದ ಲಡಾಖ್‌ನಲ್ಲಿ 5 ಹೊಸ ಜಿಲ್ಲೆಗಳನ್ನು ರಚಿಸುವುದಾಗಿ ಕೇಂದ್ರ ಗೃಹ ಸಚಿವ ಅಮಿತ್ ಶಾ ಇಂದು ಘೋಷಿಸಿದ್ದಾರೆ. ಲಡಾಖ್‌ನ ಜನರಿಗೆ ಹೇರಳವಾದ ಅವಕಾಶಗಳನ್ನು ಸೃಷ್ಟಿಸಲು ಮೋದಿ ಸರ್ಕಾರ ಬದ್ಧವಾಗಿದೆ ಎಂದು ಅಮಿತ್ ಶಾ ಸಾಮಾಜಿಕ ಜಾಲತಾಣದಲ್ಲಿ ಪೋಸ್ಟ್ ಮಾಡಿದ್ದಾರೆ.,2024-08-26 16:33:10,https://images.tv9kannada.com/wp-content/uploads/2024/08/amit-shah-7.jpg,tv9kannada,1.0,1,12,192,0,11
116,Newsdata,https://tv9telugu.com/national/pm-modi-speaks-to-us-president-biden-discusses-ukraine-situation-safety-of-hindus-in-bangladesh-1335627.html,"PM Modi: బైడెన్‌కు ప్రధాని మోదీ ఫోన్‌.. ఉక్రెయిన్‌, బంగ్లాదేశ్‌ హిందువుల భద్రతపై చర్చ","అమెరికా అధ్యక్షుడు జో బైడెన్‌తో ఫోన్‌ మాట్లాడినట్లు ప్రధానమంత్రి నరేంద్ర మోదీ వెల్లడించారు. ఈ సందర్భంగా ఉక్రెయిన్‌లో తాజా పరిస్థితులు సహా ఆయా ప్రాంతీయ, అంతర్జాతీయ సమస్యలపై సమగ్రంగా చర్చించినట్లు ఎక్స్‌ వేదికగా తెలిపారు. భారతదేశం-అమెరికా భాగస్వామ్యం పట్ల అధ్యక్షుడు బైడెన్‌ నిబద్ధతను ప్రధాని మోదీ ప్రశంసించారు...",2024-08-26 17:28:53,https://images.tv9telugu.com/wp-content/uploads/2024/08/pm-modi-19.jpg,tv9telugu,3.409868638774061e-46,2,17,149,3,6
117,Newsdata,https://theprint.in/feature/namitha-vankawala-accuses-meenakshi-amman-temple-authorities-of-mistreatment/2239575/,Namitha Vankawala accuses Meenakshi Amman Temple authorities of mistreatment,"Madurai (Tamil Nadu) [India], August 26 (ANI): Actress and BJP state executive member Namitha Vankawala has publicly accused the staff of the Meenakshi Amman Temple of mistreating her and her husband, Veerendra Chowdary. The alleged incident occurred on Monday morning as the couple sought to enter the temple’s sanctum sanctorum. According to Vankawala’s Isnatgram post, [...]",2024-08-26 17:17:11,https://static.theprint.in/wp-content/uploads/2024/08/ANI-20240826171135.jpg,theprint,0.9994246690167534,6,14,86,15,37
118,Newsdata,https://theprint.in/feature/on-janmashtami-rajkummar-rao-visits-temple-with-wife-partalekhaa/2239573/,"On Janmashtami, RajKummar Rao visits temple with wife Partalekhaa","Mumbai (Maharashtra) [India], August 26 (ANI): On the occasion of Janmashtami, actor RajKummar Rao and his wife Patralekhaa visited the temple to seek blessings from the almighty. Taking to Instagram, RajKummar dropped a picture from his temple visit. “Happy Janmashtmi Everyone. From Us to You,” he captioned the post. https://www.instagram.com/p/C_I3I59yE4N/?hl=en Both RajKummar and Patralekhaa can [...]",2024-08-26 17:17:02,https://static.theprint.in/wp-content/uploads/2024/08/ANI-20240826171517.jpg,theprint,1.2378358058308783e-05,5,16,123,11,39
119,Newsdata,https://tv9kannada.com/national/pm-narendra-modi-and-us-president-joe-biden-discuss-ukraine-conflict-bangladesh-crisis-over-phone-call-sct-890683.html,"ಅಮೆರಿಕ ಅಧ್ಯಕ್ಷ ಬೈಡೆನ್​ಗೆ ಪ್ರಧಾನಿ ಮೋದಿ ಫೋನ್; ಉಕ್ರೇನ್ ಸಂಘರ್ಷ, ಬಾಂಗ್ಲಾದೇಶದ ಅಶಾಂತಿ ಕುರಿತು ಚರ್ಚೆ","ಇಂದು ಅಮೆರಿಕ ಅಧ್ಯಕ್ಷ ಜೋ ಬೈಡೆನ್ ಅವರಿಗೆ ದೂರವಾಣಿ ಕರೆ ಮಾಡಿರುವ ಭಾರತದ ಪ್ರಧಾನಿ ನರೇಂದ್ರ ಮೋದಿ ಉಕ್ರೇನ್‌ನಲ್ಲಿ ಶಾಂತಿಗಾಗಿ ಬೆಂಬಲವನ್ನು ಪುನರುಚ್ಚರಿಸಿದ್ದಾರೆ. ಹಾಗೇ, ಬಾಂಗ್ಲಾದೇಶದ ಹಿಂದೂಗಳ ಸುರಕ್ಷತೆಯ ಬಗ್ಗೆಯೂ ಚರ್ಚಿಸಿದ್ದಾರೆ.",2024-08-26 17:09:37,https://images.tv9kannada.com/wp-content/uploads/2024/08/modi-joe-biden.jpg,tv9kannada,1.347126600864903e-25,2,13,74,3,6
120,Newsdata,https://timesofindia.indiatimes.com/blogs/chennaitalkies/dmks-hindu-outreach-and-the-importance-of-being-sekarbabu/,DMK’s Hindu outreach and the importance of being Sekarbabu,"Not too long ago, being a god-believer was a disqualification for DMK members struggling to move up the party ranks. M Karunanidhi hated it when his party members wore religious marks. Once seeing a party...",2024-08-26 17:08:45,https://static.toiimg.com/imagenext/toiblogs/photo/blogs/wp-content/uploads/2024/08/Sekarbabu007.jpg,toi,0.00537895444092334,33,61,272,31,115
121,Newsdata,https://theprint.in/feature/super-man-the-christopher-reeve-story-trailer-reveals-the-actors-real-life-heroism-beyond-the-cape-2/2239529/,‘Super/Man: The Christopher Reeve Story’ trailer reveals the actor’s real-life heroism beyond the cape,"Washington [US], August 26 (ANI): Warner Bros. Pictures has unveiled the trailer for the much-anticipated documentary ‘Super/Man: The Christopher Reeve Story’, offering a compelling look at the life of an actor who became a real-life hero. Directed by Ian Bonhote and Peter Ettedgui, known for their work on ‘McQueen’, the film explores the multifaceted legacy [...]",2024-08-26 16:47:27,https://static.theprint.in/wp-content/uploads/2024/08/ANI-20240826162125-1.jpg,theprint,0.00033284653017920835,8,32,167,17,55
122,Newsdata,https://theprint.in/feature/in-pics-priyanka-chopra-poses-with-mother-madhu-brother-siddharth-at-screening-of-film-paani/2239527/,"In pics: Priyanka Chopra poses with mother Madhu, brother Siddharth at screening of film ‘Paani’","Mumbai (Maharashtra) [India], August 26 (ANI): Actor Priyanka Chopra made heads turn with her desi look at the screening of film ‘Paani’ in Mumbai on Wednesday. Dressed in a blue suit with floral motifs all over it, the ‘Mary Kom’ star caught everyone’s attention as soon as she arrived on the red carpet of the [...]",2024-08-26 16:47:14,https://static.theprint.in/wp-content/uploads/2024/08/ANI-20240826163505.jpg,theprint,0.0003905840388504005,6,22,138,12,31
123,Newsdata,https://theprint.in/feature/raj-kapoors-iconic-classic-awara-to-premiere-in-4k-at-toronto-film-festival-2024/2239525/,Raj Kapoor’s iconic classic ‘Awara’ to premiere in 4K at Toronto Film Festival 2024,"Mumbai (Maharashtra) [India], August 26 (ANI): Prepare for a cinematic treat as Raj Kapoor’s iconic film ‘Awara’ returns to the spotlight in an extraordinary 4K restoration! The official account of the National Film Development Corporation announced the news. The world premiere of this restored classic will unfold at the Toronto International Film Festival (TIFF) 2024, [...]",2024-08-26 16:47:02,https://static.theprint.in/wp-content/uploads/2024/08/ANI-20240826164513.jpg,theprint,1.2291969333277995e-05,10,51,191,18,63
124,Newsdata,https://www.india.com/news/nabanna-abhijan-kolkata-police-issues-advisory-ahead-of-nta-ugc-net-re-exam-mamata-banerjee-rg-kar-rape-murder-supreme-court-7196318/,Nabanna Abhijan: Kolkata Police Issues Advisory Ahead of UGC NET Re-exam | Check Routes To Avoid,"""We have ensured adequate police presence on the roads so that no UGC-NET candidate has difficulty reaching their examination centre. In case of any emergency, candidates are requested to seek help from the nearest police personnel, or contact the nearest police station,"" Kolkata Police said.",2024-08-27 03:34:46,https://static.india.com/wp-content/themes/icom/images/default-big.svg,india,4.371383707271645e-20,3,18,140,6,51
125,Newsdata,https://timesofindia.indiatimes.com/blogs/toi-edit-page/be-like-radha-transcend-the-dance-of-thoughts/,"Be like Radha, transcend the dance of thoughts",By Swami Swaroopananda The Supreme Lord taking a form and coming to live on Earth because of His infinite love and compassion – is known as an avatar. When ignorance – in the form of...,2024-08-27 03:26:21,https://static.toiimg.com/imagenext/toiblogs/photo/blogs/wp-content/uploads/2024/07/Speaking-tree-1-1.png,toi,0.7396652345419861,18,33,188,28,88
126,Newsdata,https://theprint.in/feature/my-heart-is-broken-mariah-careys-mom-patricia-sister-alison-die-on-same-day/2239878/,"“My heart is broken”: Mariah Carey’s mom Patricia, sister Alison die on same day","Washington [US], August 27 (ANI): American singer-songwriter and record producer Mariah Carey expressed her heartbreak and revealed how she lost her mother Patricia and sister Alison who died on the same day in a tragic turn of events. The Grammy-winning singer confirmed this news to PEOPLE magazine. She shared, “My heart is broken that I’ve [...]",2024-08-27 03:17:02,https://static.theprint.in/wp-content/uploads/2024/08/ANI-20240827030606.jpg,theprint,0.9996337124761607,18,30,155,33,60
127,Newsdata,https://www.washingtontimes.com/news/2024/aug/26/kirk-camerons-see-you-at-library-draws-packed-crow/,Kirk Cameron's See You at the Library draws packed crowds despite Guinness snub,"Guinness World Records was a no-show, but Kirk Cameron is confident that this year's See You at the Library event set a milestone for children's story hours.",2024-08-27 02:49:48,https://twt-thumbs.washtimes.com/media/image/2024/08/26/2.3_Gum_Spring_Library_VA_SYATL_2024_s1239x929.jpg,washingtontimes,0.0010086236746503262,26,66,308,34,121
128,Newsdata,https://www.dnaindia.com/india/report-what-are-your-thoughts-on-marriage-kashmiri-girl-students-asks-rahul-gandhi-his-answer-3104383,"'What are your thoughts on marriage?': Kashmiri girl students asks Rahul Gandhi, his answer...","Rahul Gandhi, whose wedding plans or the lack thereof have been the subject of endless speculation, was in Jammu and Kashmir last week.",2024-08-27 02:49:00,https://cdn.dnaindia.com/sites/default/files/styles/third/public/2024/08/27/2648515-rahul-kashmir.jpg,dnaindia,0.9999748804512228,13,18,109,29,66
129,Newsdata,https://timesofindia.indiatimes.com/blogs/toi-edit-page/hamlets-with-bluetooth/,"Hamlets, with bluetooth","It is evening. All by himself, he passes through a half-lit corridor to merge with darkness, and then, in a state of great agitation, emerges from it. His hands move rhythmically, in a smooth, practised...",2024-08-27 02:47:29,https://static.toiimg.com/photo/75433510.cms,toi,0.999954592084991,19,27,114,37,76
130,Newsdata,https://tv9kannada.com/national/former-jharkhand-cm-champai-soren-to-join-bjp-on-august-30-in-ranchi-kannada-news-nyr-890742.html,Jharkhand Politics: ಜಾರ್ಖಂಡ್​ನ ಮಾಜಿ ಮುಖ್ಯಮಂತ್ರಿ ಚಂಪೈ ಸೊರೆನ್ ಆ.30ರಂದು ಬಿಜೆಪಿಗೆ ಸೇರ್ಪಡೆ,ಜಾರ್ಖಂಡ್​ನ ಮಾಜಿ ಸಿಎಂ ಚಂಪೈ ಸೊರೆನ್ ಶೀಘ್ರ ಬಿಜೆಪಿಗೆ ಸೇರಲಿದ್ದಾರೆ ಎಂದು ಅಸ್ಸಾಂ ಮುಖ್ಯಮಂತ್ರಿ ಹಿಮಂತ ಬಿಸ್ವಾ ಶರ್ಮಾ ಅಧಿಕೃತ ಮಾಹಿತಿ ನೀಡಿದ್ದಾರೆ.,2024-08-27 02:35:10,https://images.tv9kannada.com/wp-content/uploads/2024/08/champai-1.jpg,tv9kannada,1.231734229826496e-48,4,13,112,2,7
131,Newsdata,https://www.tv9hindi.com/trending/viral-video-shows-makeup-artist-incredible-transformation-into-michael-jackson-2802665.html,"VIRAL: शख्स ने मेकअप कर खुद को बना लिया Michael Jackson, वीडियो देख हैरान रह गई जनता","Michael Jackson Tribute Artist: शख्स की पहचान Gustavo Hdez के रूप में हुई है, जो सोशल मीडिया पर Gus Jackson नाम से मशहूर हैं. गुस्तावो पलक झपकते मेकअप के जरिए खुद को दिवंगत पॉप किंग माइकल जैक्शन का लुक दे देते हैं. उनका मेकअप ट्रांसफॉर्मेशन देखकर पब्लिक दंग रह गई है.",2024-08-27 06:27:31,https://images.tv9hindi.com/wp-content/uploads/2024/08/makeup-artist.jpg,tv9bharatvarsh,0.0,1,17,316,1,6
132,Newsdata,https://www.india.com/maharashtra/maharashtra-horror-19-year-old-nursing-student-raped-by-auto-driver-while-returning-from-college-in-ratnagiri-7196615/,Maharashtra HORROR: 19-Year-Old Nursing Student Raped By Auto Driver While Returning From College In Ratnagiri,"According to reports, the driver offered spiked water to the girl and as she lost consciousness, he took her to a secluded place and raped her.",2024-08-27 06:19:31,https://static.india.com/wp-content/themes/icom/images/default-big.svg,india,1.6926639253824835e-05,15,31,153,14,76
133,Newsdata,https://newstodaynet.com/2024/08/27/shocking-revelations/,Shocking revelations,"The Hema Committee report on the Kerala film industry, submitted in December 2019, is a critical document highlighting the entrenched issues of gender inequality, harassment, and exploitation within the industry.The post Shocking revelations appeared first on News Today | First with the news.",2024-08-27 06:55:30,https://newstodaynet.com/wp-content/uploads/2024/08/101213-1-1-8-10-20.png,newstodaynet,1.6042982664120003e-18,10,22,91,4,36
134,Newsdata,https://www.india.com/news/india/indias-longest-sea-bridge-atal-setu-records-over-50-lakh-vehicles-in-seven-months-7196387/,India’s Longest Sea Bridge Atal Setu Records Over 50 Lakh Vehicles In Seven Months,"The MMRDA says ""More than 50 lakh vehicles have used the Atal Setu, the country's longest sea bridge connecting Mumbai with its satellite city Navi Mumbai, since it was opened for traffic over seven months ago.""",2024-08-27 07:52:16,https://static.india.com/wp-content/themes/icom/images/default-big.svg,india,4.232478646308701e-19,10,35,182,8,52
135,Newsdata,https://www.india.com/news/india/supreme-court-grants-bail-to-k-kavitha-in-delhi-excise-policy-case-corruption-and-money-laundering-cases-7197020/,Supreme Court Grants Bail To K Kavitha In Delhi Excise Policy Case,"The Supreme Court on Tuesday granted bail to BRS MLC K Kavitha in the Delhi excise policy case. The court pulled up the CBI and the Enforcement Directorate over the nature of the probe being conducted in the case. K Kavitha, the daughter of former Telangana CM K Chandrasekhar, has been in custody since March [...]",2024-08-27 07:47:28,https://static.india.com/wp-content/themes/icom/images/default-big.svg,india,4.971296295446257e-39,1,2,62,1,12
136,Newsdata,https://www.india.com/telangana/hindu-temple-targeted-goddess-idol-at-bhoolaxmi-temple-vandalized-in-hyderabad-2-arrested-as-tensions-rise-7196895/,Hindu Temple Targeted: Goddess Idol At Bhoolaxmi Temple Vandalized In Hyderabad; 2 Arrested As Tensions Rise,Some unidentified assailants vandalised the idol of the goddess in Bhoolaxmi temple located in Hyderabad’s Rakshapuram area.,2024-08-27 07:20:24,https://static.india.com/wp-content/themes/icom/images/default-big.svg,india,7.314705693940923e-17,9,23,126,7,58
137,Newsdata,https://timesofindia.indiatimes.com/blogs/sufi-soliloquies/coffee-and-the-sufi-mystics/,Coffee and the Sufi mystics,"Coffee, among the most loved beverages globally, traces its origins to the Sufi orders of Southern Arabia about 800 years ago. The earliest coffee origin myth is that in Ethiopia, the sheep of a shepherd...",2024-08-27 08:50:27,https://static.toiimg.com/imagenext/toiblogs/photo/blogs/wp-content/uploads/2024/08/1000537283.jpg,toi,8.066694484502052e-06,34,87,422,36,145
138,Newsdata,https://www.indiatoday.in/science/story/hunting-drove-northern-bald-ibis-bird-to-near-extinction-its-making-a-brave-comeback-2588627-2024-08-27,Bird species bravely making a comeback after nearing extinction,Bird species bravely making a comeback after nearing extinction,2024-08-27 08:49:32,https://akm-img-a-in.tosshub.com/indiatoday/images/story/202408/northern-bald-ibis-273848557-16x9_0.jpg?VersionId=MI5Rip5WRkVPM.pGYTKhgSXo.mO4bJem,indiatoday,2.173107403751348e-08,15,35,126,9,61
139,Newsdata,https://www.tv9marathi.com/national/goods-train-passed-over-woman-who-was-lying-down-on-rail-track-still-she-survived-video-went-viral-1258937.html,"Video : अख्खी मालगाडी महिलेच्या अंगावरून धडधडत गेली, अन् काळजाचा ठोका चुकला; अखेर महिलेचा...",नशीब बलवत्तर असेल तर कितीही मोठं संकट आलं तरी आपण त्यातून निभावून जातो. अगदी मृत्यूच्या दाढेतूनही माणूस वाचू शकतो. फक्त नशिबाची साथ पाहिजे. एका महिलेला ही साथ मिळाली. नशीब तिच्यावर प्रसन्न होतं. अख्खी मालगाडी अंगावरून गेली तरीही... काय घडलं असं?,2024-08-27 08:49:27,https://images.tv9marathi.com/wp-content/uploads/2024/08/railway-track.jpg,tv9marathi,3.783015478580411e-203,4,37,257,1,9
140,Newsdata,https://www.dnaindia.com/india/report-pm-modi-speaks-to-russian-president-vladimir-putin-says-exchanged-perspectives-on-russia-ukraine-conflict-3104500,"PM Modi speaks to President Putin, says exchanged perspectives on Russia-Ukraine conflict",He exchanged perspectives on the Russia-Ukraine conflict and insights from his recent visit to Ukraine.,2024-08-27 09:39:40,https://cdn.dnaindia.com/sites/default/files/styles/third/public/2024/08/27/2648638-modi-putin.jpg,dnaindia,3.447910096461597e-10,3,17,100,7,33
141,Newsdata,https://timesofindia.indiatimes.com/blogs/the-eco-diplomat-bridging-nature-and-policy/summit-of-the-future-visionary-step-or-missed-opportunity/,Summit of the future: Visionary step or missed opportunity?,"The United Nations Summit of the Future, set for 22-23 September 2024 in New York, stands as a beacon of hope for finding a lasting solution to the stubborn problem of climate change. Dubbed as...",2024-08-27 09:28:20,https://static.toiimg.com/imagenext/toiblogs/photo/blogs/wp-content/uploads/2024/08/Untitled-design-2024-08-27T150420.841.png,toi,3.715483852965029e-06,39,110,313,27,147
142,Newsdata,https://www.india.com/maharashtra/pune-shocker-womans-headless-body-with-severed-limbs-found-on-banks-of-mula-river-7197211/,Pune Shocker: Woman’s Headless Body With Severed Limbs Found On Banks Of Mula River,"Preliminary investigations revealed the woman had been decapitated, with her hands and legs brutally severed from the shoulders and hip joint.",2024-08-27 09:16:54,https://static.india.com/wp-content/themes/icom/images/default-big.svg,india,2.295881329605183e-22,7,13,129,6,53
143,Newsdata,https://www.indiatoday.in/science/story/indian-scientists-use-ai-to-study-movements-deep-below-tibetan-plateau-2588700-2024-08-27,Indian scientists use AI to study movements below Tibetan Plateau,Indian scientists use AI to study movements below Tibetan Plateau,2024-08-27 10:49:25,https://akm-img-a-in.tosshub.com/indiatoday/images/story/202408/tibetan-plateau-273300112-16x9_0.jpg?VersionId=xNtGzlnyIIR3MMpTnga53CDmhghFaJLY,indiatoday,1.1131056978548643e-10,19,26,125,8,59
168,Newsdata,https://www.indiatoday.in/science/story/earth-sized-telescope-makes-highest-resolution-image-of-distant-black-hole-2589413-2024-08-28,Earth-sized telescope makes highest resolution image of black hole,Earth-sized telescope makes highest resolution image of black hole,2024-08-28 10:33:33,https://akm-img-a-in.tosshub.com/indiatoday/images/story/202408/black-hole-highest-resolution-image-282725321-16x9_0.jpg?VersionId=09d98UIYAZln93oR3x9laOIQ7AEDECea,indiatoday,4.125737021275907e-08,17,52,119,5,57
206,Newsdata,https://www.gujaratsamachar.com/news/gujarat/gujarat-after-heavy-rain-ahmedabad-becomes-khadanagri-amc-in-trouble,"અમદાવાદમાં અત્ર તત્ર સર્વત્ર ખાડા જ ખાડા! 19000 થી વધુ સ્થળોએ ખાડારાજ, તંત્ર સામે સવાલ","Ahmedabad Rain and Pathole on Road News and Updates | અમદાવાદમાં વરસાદ બાદ દેડકાં જોવા મળે કે ના મળે પણ રોડ પર ખાડા તો અવશ્ય જોવા જ મળે છે. ચોમાસા દરમિયાન અમદાવાદના રોડમાં 19626 ખાડા પડી ચૂક્યા છે. આ ઉપરાંત અમદાવાદમાં 10 ઈંચ વરસાદ પડ્યાને 72 કલાકથી વધુ સમય વીતી ચૂક્યો હોવા છતાં અનેક વિસ્તારમાં પાણી ભરાવવાની સમસ્યા પણ યથાવત્‌ છે. આમ, અમદાવાદ મ્યુનિસિપલ કોર્પોરેશનનો પ્રી મોન્સૂન પ્લાન ફરી એક વખત પાણીમાં જ બેસી ગયો છે. અમદાવાદ મ્યુનિસિપલ કોર્પોરેશન પાસેથી પ્રાપ્ત માહિતી અનુસાર ખાડા-ભૂવા પડવા કે રોડ બેસી જવાની સૌથી વધુ 5297 ઘટના ઈસ્ટ ઝોનમાં બનેલી છે. રોડમાં ખાડા પડવાની સૌથી વઘુ ઘટનામાં સાઉથ ઝોન 4388 સાથે બીજા, નોર્થ વેસ્ટ ઝોન 3150 સાથે ત્રીજા, નોર્થ ઝોન 2228 સાથે ચોથા સ્થાને છે. આ 19626 પૈકી 19228 રોડ રીપેર પણ કરવામા આવ્યા હોવાનો દાવો અમદાવાદ મ્યુનિસિપલ કોર્પોરેશન દ્વારા કરાયો છે જ્યારે 398 રોડમાં હજુ કામગીરી બાકી જ છે.19228 રોડ પૈકી 12218નું વેટમિક્સથી, 5999નું કોલ્ડમિક્સથી, 515નું જેટપેચરથી, 365નું હોટમિક્સથી જ્યારે 131નું ઈન્ફ્રારેડ ટેક્‌નોલોજીને સમારકામ કરવામાં આવેલું છે. જોકે, આ સમારકામ ખરેખર થયું છે કે કેમ અને થયું પણ હશે તો કેટલું ટકશે તે પણ મોટો સવાલ છે. રોડના સમારકામ માટે 308 શ્રમિકો, 36 ટ્રેક્ટર, 110 છોટા હાથીની મદદ લેવામાં આવેલી છે. આમ, અમદાવાદ મ્યુનિસિપલ કોર્પોરેશન દ્વારા પહેલા પ્રી મોન્સૂન પ્લાન પાછળ અને તે નિષ્ફળ ગયા બાદ તેનાથી બમણો ખર્ચ ચોમાસા દરમિયાન જ કરવામાં આવે છે. જાણકારોના મતે, અમદાવાદમાં હાલ જાણકારોના મતે, અમદાવાદમાં હાલ ઠેકઠેકાણે ખાડા પડ્યા છે. અમદાવાદ એરપોર્ટ સુધી જવાના રસ્તે પણ મસમોટા ખાડા છે. જેના કારણે બહારથી અમદાવાદ આવતી વ્યક્તિ શહેરના ‘વિકાસ’ અંગે કેવી છાપ લઇને જશે તે સમજી શકાય એમ છે. આ ઉપરાંત શેલા, સાઉથ બોપલ, ગોતા, સેટેલાઇટ, પાલડી, મણિનગરમાં પણ ઠેકઠેકાણે ખાડા પડવાથી લોકો ત્રાહિમામ્‌ પોકારી ચૂક્યા છે. ખાડાને કારણે કમરદર્દ ધરાવતા દર્દીઓની સમસ્યામાં પણ વધારો જોવા મળ્યો છે. રાજ્યમાં વરસાદથી રસ્તા અને બ્રિજને પાંચ હજાર કરોડનું નુકસાનગુજરાતમાં અવિરત મેઘસવારી પછી સરકાર માટે સૌથી મોટો પડકાર ગંદકી, તૂટેલા માર્ગો અને રોગચાળો છે. પૂર અસરગ્રસ્ત વિસ્તારોમાં મોટી મહામારી ફેલાય નહીં તે માટે સરકારે આરોગ્ય વિભાગની ટુકડીઓને દોડાવી છે. વરસાદી પાણી જ્યાં ભરાયા છે ત્યાં ગંદકી ફેલાવાની દહેશત છે. દરમિયાન ભારે વરસાદને કારણે રાજ્યમાં રસ્તાઓ, બ્રિજને રૂપિયા પાંચ હજાર કરોડનું નુકસાન થયાનો પ્રાથમિક અંદાજ છે.રાજ્યમાં હવામાન વિભાગના લક્ષ્યાંક કરતાં વધુ વરસાદ વરસ્યો છે. જે વિસ્તારોમાં અતિવૃષ્ટિ કે નદીના પૂર આવ્યા છે ત્યાં સ્થિતિ વધારે કફોડી છે. ખાસ કરીને વડોદરા, મોરબી, કચ્છ, પોરબંદર, જામનગર, દ્વારકા અને બીજા વધુ વરસાદવાળા વિસ્તારોમાં આરોગ્યની ટીમોને મોકલવામાં આવી છે. હાલની સ્થિતિએ રાજ્યમાં એનડીઆરએફની 17, એસડીઆરએફની 25 અને આર્મીની નવ ટીમો કામ કરી રહી છે. બીજીતરફ ભારે વરસાદના કારણે રાજ્યમાં ધોરીમાર્ગો, સ્ટેટ માર્ગ, અંડર અને ઓવરબ્રીજ, ગ્રામીણ સાથે શહેરી માર્ગોનું પણ ધોવાણ થયું છે. આ માર્ગોની સમારકામ માટે ત્વરીત ગતિએ પાંચ હજાર કરોડનો ખર્ચ થાય તેમ છે. જ્યાં વ્યાપક વરસાદ થયો છે તેવા માર્ગો તો વાહનોના ટ્રાફિક માટે કોઇ કામના રહ્યાં નથી. ડામર અને પાણી વચ્ચે મનમેળ નહીં હોવાથી વરસાદ પ્રભાવિત જિલ્લાના 70 ટકા માર્ગોને વધતા ઓછા પ્રમાણમાં નુકસાન થયું છે.રાજ્યના આરોગ્ય વિભાગ દ્વારા અસરગ્રસ્ત જિલ્લાઓમાં કુલ 35 મેડિકલ ટીમ પ્રારંભિક તબક્કે મોકલવામાં આવી છે. જેમાં વડોદરા મ્યુનિસીપલ કોર્પોરેશન ખાતે 20, વડોદરા જિલ્લામાં 10, 2 ટીમ મોરબી અને 3 ટીમ પોરબંદર જિલ્લામાં મોકલાઇ છે. આ ટીમમાં સુરત થી 5, ભાવનગર થી 5, ગાંધીનગર અને અમદાવાદ થી 10 અને રાજકોટ થી 5 એમ કુલ 35 ટીમને જરૂરી દવા, સંસાધનો અને એમ્બ્યુલન્સ સાથે વડોદરા, મોરબી અને પોરબંદર જિલ્લામાં પાંચ દિવસ માટે પ્રારંભિક મોકલવામાં આવી છે.",2024-08-30 04:50:47,http://static.gujaratsamachar.com/articles/articles_thumbs/photo_1724993447372.jpeg,gujaratsamachar,1.0,1,28,450,0,10
144,Newsdata,https://tv9kannada.com/national/russia-ukraine-war-pm-narendra-modi-and-putin-exchange-perspectives-on-russia-ukraine-conflict-sct-891079.html,Russia-Ukraine Conflict: ರಷ್ಯಾ ಅಧ್ಯಕ್ಷ ಪುಟಿನ್ ಜೊತೆ ಪ್ರಧಾನಿ ಮೋದಿ ಮಾತುಕತೆ; ಉಕ್ರೇನ್ ಭೇಟಿಯ ಬಗ್ಗೆ ಚರ್ಚೆ,"ಪ್ರಧಾನ ಮಂತ್ರಿ ನರೇಂದ್ರ ಮೋದಿ ಇತ್ತೀಚೆಗೆ ಉಕ್ರೇನ್‌ಗೆ ಪ್ರವಾಸ ಮಾಡಿದ್ದರು. ಉಕ್ರೇನ್ ಅಧ್ಯಕ್ಷ ವೊಲೊಡಿಮಿರ್ ಝೆಲೆನ್ಸ್ಕಿ ಅವರೊಂದಿಗೆ ರಷ್ಯಾ- ಉಕ್ರೇನ್ ಸಂಘರ್ಷದ ಕುರಿತು ಚರ್ಚಿಸಿದರು. ರಷ್ಯಾ-ಉಕ್ರೇನ್ ಸಂಘರ್ಷದ ಆರಂಭಿಕ, ಸ್ಥಿರ ಮತ್ತು ಶಾಂತಿಯುತ ಪರಿಹಾರವನ್ನು ಬೆಂಬಲಿಸುವ ಭಾರತದ ದೃಢ ಬದ್ಧತೆಯನ್ನು ಪಿಎಂ ಮೋದಿ ಪುನರುಚ್ಚರಿಸಿದರು.",2024-08-27 10:49:01,https://images.tv9kannada.com/wp-content/uploads/2024/08/modi-putin.jpg,tv9kannada,1.6158775455395216e-84,1,12,97,1,6
145,Newsdata,https://tv9kannada.com/trending/viral-video-monkeys-adorable-reaction-to-women-singing-lord-rama-bhajans-at-food-stall-aks-891074.html,Video Viral: ರಾಮ ನಾಮ ಹಾಡುತ್ತಿದ್ದಂತೆ ಮಹಿಳೆಯನ್ನು ತಬ್ಬಿಕೊಂಡ ಕೋತಿ,"ಮಹಿಳೆಯೊಬ್ಬರು ""ಶ್ರೀ ರಾಮ್ ಜೈ ರಾಮ್ ಜೈ ಜೈ ರಾಮ್"" ಮತ್ತು ""ರಾಮ್ ರಾಮ್ ಪಾಹಿಮಾಮ್, ರಾಮ್ ರಾಮ್ ರಕ್ಷಮಾಮ್"" ಮುಂತಾದ ಮಂತ್ರಗಳನ್ನು ಪಠಿಸುವುದನ್ನು ಕಾಣಬಹುದು. ಇದಕ್ಕಿದ್ದಂತೆ ಬಂದ ಕೋತಿ ಟೇಬಲ್​ ಮೇಲೆ ಕುಳಿತು ಭಕ್ತಿಯಿಂದ ಕೇಳಿಸಿಕೊಂಡಿದ್ದು, ಬಳಿಕ ಮಹಿಳೆಯನ್ನು ತಬ್ಬಿಕೊಂಡು ರಾಮನ ಹಾಡನ್ನು ಆನಂದಿಸುತ್ತಿರುವುದು ವಿಡಿಯೋದಲ್ಲಿ ಸೆರೆಯಾಗಿದೆ.",2024-08-27 10:38:44,https://images.tv9kannada.com/wp-content/uploads/2024/08/viral-video_-monkeys-adorable-reaction-to-women-singing-lord-rama-bhajans-at-food-stall.jpg,tv9kannada,1.747338717335854e-21,2,9,81,2,6
146,Newsdata,https://www.india.com/news/india/woman-doctor-pulled-by-hair-head-banged-on-metal-bed-at-andhra-hospital-disturbing-video-emerges-7198200/,"Woman Doctor Pulled By Hair, Head Banged On Metal Frame At Andhra Hospital; Disturbing Video Emerges",The video shows a man lunging towards the doctor from behind.,2024-08-27 13:31:24,https://s.w.org/images/core/emoji/13.1.0/72x72/1f1ee-1f1f3.png,india,1.4046573222585348e-06,11,26,140,12,58
147,Newsdata,https://tv9telugu.com/entertainment/tollywood/rashmika-mandanna-to-shoot-for-longest-schedule-with-salman-khan-sikandar-for-sikandar-in-mumbai-1336350.html,Rashmika Mandanna: సల్మాన్ కోసం రష్మిక త్యాగం.. ఏకంగా అన్ని రోజులు ముంబైలోనే ఉండనుందా?,"బాలీవుడ్‌ స్టార్ నటుడు సల్మాన్‌ఖాన్‌ నటిస్తోన్న తాజా చిత్రం 'సిఖందర్‌'. సౌతిండియన్ క్రేజీ బ్యూటీ రష్మిక మందన్నా ఈ సినిమాలో హీరోయిన్ గా నటిస్తోంది. ఈ సినిమా షూటింగ్ ఇప్పటికే ప్రారంభమైంది. అంబానీ ఇంటి పెళ్లి, ఇతర కార్యక్రమాల కారణంగా ఆయన బిజీగా ఉన్నారు. ఇప్పుడు పూర్తిగా సినిమా పనుల్లో నిమగ్నమైపోవాలని సల్లూ నిర్ణయించుకున్నట్లు తెలుస్తోంది.",2024-08-27 14:10:08,https://images.tv9telugu.com/wp-content/uploads/2024/08/salman-khan-rashmika-manda-1.jpg,tv9telugu,1.4346849226999514e-15,3,27,163,5,14
148,Newsdata,https://www.india.com/karnataka/bengaluru-traffic-cops-to-accompany-commuters-to-understand-traffic-woes-heres-how-to-register-7198458/,"Bengaluru Traffic Cops To Accompany Commuters To Understand Traffic Woes, Here’s How To Register",Commuters can register and share their daily route and preferred modes of transport by filling up and submitting a registration form on the portal.,2024-08-27 15:23:00,https://static.india.com/wp-content/themes/icom/images/default-big.svg,india,0.9315460388841701,17,23,154,23,75
149,Newsdata,https://tv9telugu.com/entertainment/tollywood/senior-actress-kushbu-sundar-shares-a-post-of-her-knee-injury-1336395.html,Kushboo: తీవ్రంగా గాయపడిన సీనియర్ హీరోయిన్ ఖుష్బూ.. పోస్ట్ వైరల్.. ఏమైందంటే?,ఇటీవల ఆమె నటించి నిర్మించిన అరణ్మనై 4 సినిమా ఏకంగా రూ.100 కోట్లు వసూలు చేసింది. మరోవైపు పాలిటిక్స్ లోనూ బిజీ బిజీగా ఉంటున్నారు ఖుష్బూ. కాగా తాజాగా ఈ సీనియర్ నటి తీవ్రంగా గాయపడ్డారు. ఈ విషయాన్ని ఆమె సోషల్ మీడియా ద్వారా అభిమానులతో పంచుకుంది. ఈ పోస్టులో ఆమె మోకాలికి కట్టుతో కనిపించింది.,2024-08-27 15:12:10,https://images.tv9telugu.com/wp-content/uploads/2024/08/kushbu-sundar.jpg,tv9telugu,1.1199818650036388e-31,3,26,175,5,10
150,Newsdata,https://tv9kannada.com/national/delhi-liquor-policy-case-k-kavitha-released-from-tihar-jail-after-5-months-national-news-in-kannada-sct-891288.html,ಮದ್ಯ ನೀತಿ ಪ್ರಕರಣ; 5 ತಿಂಗಳ ಬಳಿಕ ಕೊನೆಗೂ ಜೈಲಿನಿಂದ ಬಿಡುಗಡೆಯಾದ ಕವಿತಾ,ದೆಹಲಿಯ ಅಬಕಾರಿ ನೀತಿ ಪ್ರಕರಣದಲ್ಲಿ ಭಾರತ್ ರಾಷ್ಟ್ರ ಸಮಿತಿ (ಬಿಆರ್‌ಎಸ್) ಎಂಎಲ್‌ಸಿ ಕೆ. ಕವಿತಾ ಅವರಿಗೆ ಸುಪ್ರೀಂ ಕೋರ್ಟ್ ಇಂದು ಜಾಮೀನು ಮಂಜೂರು ಮಾಡಿದೆ. 5 ತಿಂಗಳ ಬಳಿಕ ಕವಿತಾ ಜೈಲಿನಿಂದ ಬಿಡುಗಡೆಯಾಗಿದ್ದಾರೆ. ಈ ಹಿನ್ನೆಲೆಯಲ್ಲಿ ಅವರ ಅಭಿಮಾನಿಗಳು ಸಂಭ್ರಮಾಚರಿಸಿದ್ದಾರೆ.,2024-08-27 16:23:31,https://images.tv9kannada.com/wp-content/uploads/2024/08/kavitha-6.jpg,tv9kannada,1.541825745335557e-74,0,8,79,1,6
169,Newsdata,https://timesofindia.indiatimes.com/blogs/no-free-lunch/what-is-mamata-banerjee-hiding-everything/,What is Mamata Banerjee hiding? Everything,"I was so sickened by the barbaric rape and murder of a young lady working in a hospital in Kolkata, that for days I simply could not bring myself to write about it. Much has...",2024-08-28 10:33:08,https://static.toiimg.com/imagenext/toiblogs/photo/blogs/wp-content/uploads/2015/05/ashali.jpg,toi,0.9913598034835323,31,40,182,40,108
151,Newsdata,https://tv9telugu.com/entertainment/tollywood/actress-bjp-mp-kangana-ranaut-gets-death-threats-over-her-emergency-movie-1336438.html,Kangana Ranaut: ఆమెకు పట్టిన గతే నీకు కూడా.. కంగనా రనౌత్‌కు హత్యా బెదిరింపులు.. కారణమేంటంటే?,"బాలీవుడ్ ప్రముఖ నటి, ఎంపీ కంగనా రనౌత్ ఈ మధ్యన తరచూ వార్తల్లో నిలుస్తున్నారు. తన ద్వేషపూరిత కామెంట్లు, ట్వీట్లతో తరచూ విమర్శలు ఎదుర్కొంటున్నారు. తాజాగా రైతు ఉద్యమంపై కంగనా చేసిన వ్యాఖ్యలు పెద్ద దుమారాన్నే రేపాయి. సొంత పార్టీ నేతలే దీనిపై కలగజేసుకుని కంగనాకు అక్షింతలు వేశారు. ఇప్పుడు కంగనాకు ఏకంగా హత్యా బెదిరింపులు వస్తున్నాయి.ఇందుకు ప్రధాన కారణం...",2024-08-27 15:55:16,https://images.tv9telugu.com/wp-content/uploads/2024/08/kangana-ranaut-7.jpg,tv9telugu,6.155752726151468e-84,0,23,232,0,1
152,Newsdata,https://www.india.com/news/bengal-bandh-today-are-schools-colleges-open-today-in-kolkata-check-whats-open-whats-closed-mamata-banerjee-suvendu-adhikari-rg-kar-hospital-left-bank-transport-7198902/,"Bengal Bandh Today: Are Schools, Colleges Open Today in Kolkata?: Check What’s Open, What’s Closed",The West Bengal government has urged the people of Bengal not to participate in the strike. “The government will not allow any bandh on Wednesday.,2024-08-28 02:44:36,https://static.india.com/wp-content/themes/icom/images/default-big.svg,india,1.983542666950235e-06,19,28,212,18,104
153,Newsdata,https://www.washingtontimes.com/news/2024/aug/27/joe-biden-pushed-gaza-pier-over-warnings-it-would-/,"Biden pushed Gaza pier over warnings it would undercut other aid routes, watchdog says","President Joe Biden ordered the construction of a temporary pier to deliver humanitarian aid to Gaza earlier this year even as some staffers for the U.S. Agency for International Development expressed concerns that the effort would be difficult to pull off and undercut the effort to persuade Israel to open ""more efficient"" land crossings to get food into the territory, according to a USAID inspector general report published Tuesday.",2024-08-28 02:35:26,https://twt-thumbs.washtimes.com/media/image/2024/08/27/United_States_Gaza_Aid_Pier_67771_s1440x901.jpg,washingtontimes,5.960681397778766e-28,22,44,211,8,113
154,Newsdata,https://www.india.com/news/bengal-bandh-live-updates-bjp-calls-12-hour-bandh-today-mamata-government-suvendu-adhikari-sukanta-majumdar-jp-nadda-7198833/,"Bengal Bandh LIVE: BJP Calls 12-hour Bandh Today, Mamata Govt Urges People ‘Not To Participate’",The BJP’s Bengal unit on Wednesday called for a 12-hour ‘Bangla Bandh’ to protest the alleged police atrocities against agitators during the day’s ‘Nabanna Abhijan’.,2024-08-28 01:52:14,https://static.india.com/wp-content/themes/icom/images/default-big.svg,india,5.396550769487746e-32,3,15,118,3,20
155,Newsdata,https://www.catchnews.com/bizarre-news/keep-your-hands-to-yourself-a-curious-touch-goes-wrong-253512.html,Keep Your Hands to Yourself: A Curious Touch Goes Wrong,In a video capturing a tense moment at the zoo a crowd is seen standing along a fence as a monkey casually strolls by Most visitors visibly wary wisely keep their distance allowing the monkey to pass without interference Temptation Takes OverHowever one woman couldn't resist the urge to make contact As the monkey walked past her she gently touched it The seemingly innocent gesture had unexpected consequences The Monkey's ReactionThe monkey startled by the touch quickly turned around In a case of mistaken identity it bit the man standing next to the woman mistakenly assuming he was the one,2024-08-28 04:02:32,https://images.catchnews.com/upload/2024/06/14/Touch_Me_Not_253512_1280x720.jpg,catchnews,0.8522636340290018,23,21,76,15,47
156,Newsdata,https://www.tv9marathi.com/automobile/nitin-gadkari-important-announcement-for-purchasing-of-new-vehicles-scrapping-of-older-vehicles-with-a-valid-certificate-of-deposit-1259303.html,"Nitin Gadkari : नवीन कार विकत घेणाऱ्यांसाठी नितीन गडकरींची महत्त्वाची घोषणा, डिस्काऊंट मिळेल, पण...",Nitin Gadkari : नवीन कार विकत घेणाऱ्यांसाठी ही महत्त्वाची बातमी आहे. केंद्रीय रस्ते वाहतूक आणि महामार्ग मंत्री नितीन गडकरी यांनी महत्त्वाची घोषणा केली आहे. दिल्लीच्या भारत मंडपममध्ये नितीन गडकरी यांच्या अध्यक्षतेखाली SIAM च्या सीईओ स्तराची एक बैठक पार पडली.,2024-08-28 03:38:29,https://images.tv9marathi.com/wp-content/uploads/2024/08/nitin-gadkari.jpg,tv9marathi,1.415740236406562e-76,3,18,173,2,8
157,Newsdata,https://odishatv.in/news/weather/fresh-low-pressure-to-trigger-heavy-rainfall-in-odisha-districts-imd-242652,Fresh low pressure to trigger heavy rainfall in Odisha districts: IMD,"As per IMD, Odisha will experience an active wet spell from August 28 to August 31. The IMD has issued a yellow warning for seven Odisha districts for heavy rainfall today.",2024-08-28 03:00:46,https://images.odishatv.in/uploadimage/library/16_9/16_9_4/default.svg,odishatv,1.3449020151132977e-06,8,31,101,0,27
158,Newsdata,https://www.dnaindia.com/india/report-bangla-bandh-today-live-updates-bjp-calls-bengal-bandh-over-nabanna-abhijan-clashes-kolkata-doctor-rape-case-3104607,"Bangla Bandh today live updates: BJP calls for 12-hour strike over 'Nabanna Abhijan' clashes, train services hit","""Despite being a woman Chief Minister, Mamata ji has completely failed to ensure the safety of the women of Bengal,"" BJP President Nadda said on Tuesday.",2024-08-28 02:49:00,https://cdn.dnaindia.com/sites/default/files/styles/third/public/2024/08/28/2648739-whatsapp-image-2024-08-28-at-08.27.29.jpeg,dnaindia,8.991414618631858e-13,13,30,307,22,115
170,Newsdata,https://www.india.com/viral/watch-noida-viral-video-neighbours-clash-over-parking-dispute-in-noida-sector-72-smash-car-with-bats-bricks-7200329/,"WATCH: Car Smashed With Bats, Bricks As Neighbours Clash Over Parking Space In Noida",Two families clashed with each other in after a tiff over parking space turned violent in Noida Sector 72. Videos of the incident have gone viral on social media.,2024-08-28 10:31:37,https://static.india.com/wp-content/themes/icom/images/default-big.svg,india,1.9210015864020955e-99,6,23,137,1,50
239,Newsdata,https://www.india.com/news/india/helicopter-airlifted-by-mi-17-aircraft-crashes-in-kedarnath-near-tharu-camp-gauchar-airstrip-sdrf-team-on-spot-7207707/,"Helicopter Airlifted By Mi-17 Aircraft Crashes In Kedarnath Near Tharu Camp, SDRF Team On Spot",The helicopter which was being airlifted had to make an emergency landing due to a technical fault on 24th May 2024.,2024-08-31 04:32:11,https://static.india.com/wp-content/themes/icom/images/default-big.svg,india,2.0856011550881285e-65,5,8,114,2,48
159,Newsdata,https://tv9telugu.com/trending/bride-and-groom-farewell-sitting-in-rocket-bomb-video-goes-viral-on-social-media-1336582.html,Watch: మారింది మ్యారేజ్ ట్రెండ్.. రాకెట్‌బాంబుపై ఊరేగుతున్న వధూవరులు.. వీడియో చూస్తే ఫిదా అవ్వాల్సిందే..!,పెళ్లి అనంతరం ఊరేగింపుగా తల్లిదండ్రులు తమ కుమార్తెకు ఏడుస్తూ వీడ్కోలు పలుకుతున్నారు. వరుడు వారి ముందు ఉంచిన ఒక పెద్ద రాకెట్ బాంబు మీద కూర్చుని ఉన్నాడు. తల్లిదండ్రులు ఏడుస్తున్న వధువును వరుడి వద్దకు తీసుకువచ్చారు. అప్పుడు వధువు కూడా వరుడి వెనుక రాకెట్ మీద కూర్చుంటుంది. ఆ తరువాత ఓ వ్యక్తి వెనుక నుంచి వచ్చి ఆ రాకెట్‌కు నిప్పు పెట్టాడు.,2024-08-28 04:56:02,https://images.tv9telugu.com/wp-content/uploads/2024/08/groom-takes-bride-on-rocket.jpg,tv9telugu,2.8716953918125573e-40,2,25,212,0,3
160,Newsdata,https://www.india.com/news/bengal-bandh-today-live-updates-bjp-calls-12-hour-bandh-today-mamata-government-suvendu-adhikari-sukanta-majumdar-jp-nadda-police-7198833/,"Bengal Bandh Today LIVE: Bus Services Affected in Kolkata; BJP Leader’s Convoy Attacked, Bullets Fired",The BJP’s Bengal unit on Wednesday called for a 12-hour ‘Bangla Bandh’ to protest the alleged police atrocities against agitators during the day’s ‘Nabanna Abhijan’.,2024-08-28 04:52:14,https://static.india.com/wp-content/themes/icom/images/default-big.svg,india,6.825401986206949e-42,7,19,80,1,19
161,Newsdata,https://www.india.com/news/india/uttar-pradesh-eight-railway-stations-in-lucknow-division-renamed-check-list-here-7199091/,Uttar Pradesh: Eight Railway Stations In Lucknow Division Renamed; Check List Here,"The stations with new names are Kasimpur Halt, Jais, Misrauli, Bani, Nihalgarh, Akbarganj, Wazirganj Halt, and Fursatganj.",2024-08-28 04:41:11,https://static.india.com/wp-content/themes/icom/images/default-big.svg,india,1.374305434473859e-31,11,9,166,6,42
162,Newsdata,https://www.india.com/news/india/nagaland-state-sambad-lottery-result-28082024-for-1pm-6pm-8pm-live-check-dear-indus-morning-rs-1-crore-lucky-draw-winning-numbers-uno-casino-investment-cupid-evening-pelican-night-result-7199102/,"Nagaland State Sambad Lottery Result 28.08.2024 For 1PM, 6PM, 8PM LIVE: Check Dear INDUS MORNING Rs. 1 Crore Lucky Draw Winning Numbers OUT","Nagaland Sambad State Lottery Tuesday, August 28: The results of Nagaland State Lottery DEAR INDUS MORNING 1 PM, Nagaland DEAR CUPID EVENING 6 PM Sambad Result, Nagaland DEAR PELICAN NIGHT 8 PM weekly lottery will be declared today i.e Wednesday, at 1 PM, 6 PM and 8 PM respectively.",2024-08-28 04:40:21,https://static.india.com/wp-content/themes/icom/images/default-big.svg,india,4.42031847162172e-59,10,15,141,2,27
163,Newsdata,https://www.india.com/news/nda-rajya-sabha-numbers-rise-to-115-bjp-emerges-as-largest-party-with-96-seats-7199132/,NDA Rajya Sabha Numbers Rise to 115; BJP Emerges as Largest Party with 96 Seats,"The ruling alliance also has the support of six nominated members and one independent member. With the extra seat for the Congress, Opposition numbers in the Upper House are at 85.",2024-08-28 04:39:39,https://static.india.com/wp-content/themes/icom/images/default-big.svg,india,2.050896866238528e-13,8,24,168,9,42
164,Newsdata,https://timesofindia.indiatimes.com/blogs/jugglebandhi/abnormally-speaking/,Abnormally speaking,The law of averages ensures that there’s no such thing as what we call ‘normalcy’ Now that the south-west monsoon is nearing its end there’ll be considerable discussion as to whether it’s been ‘normal’. While...,2024-08-28 04:18:03,https://static.toiimg.com/imagenext/toiblogs/photo/blogs/wp-content/uploads/2016/09/jug.jpeg,toi,0.0377740036453887,20,56,113,22,75
165,Newsdata,https://tv9telugu.com/entertainment/ott/ravi-teja-mr-bachchan-movie-likely-to-stream-on-netflix-ott-from-september-6th-on-vinayaka-chavithi-special-1336597.html,Mr Bachchan OTT: ముందుగానే ఓటీటీలోకి ‘మిస్టర్ బచ్చన్’.. ఆ స్పెషల్ డేనే స్ట్రీమింగ్.. ఎందులోనంటే?,"షాక్, మిరపకాయ్ వంటి సినిమాల తర్వాత రవితేజ, హరీశ్ శంకర్ ల కాంబినేషన్ లో వచ్చిన మూడో సినిమా ఇది. బాలీవుడ్ హిట్ సినిమా 'రైడ్'ను తెలుగు నేటివిటీకి తగ్గట్టుగా కమర్షియల్ హంగులు జోడించి ఈ సినిమాను రూపొందించారు. అభిమానుల భారీ అంచనాల మధ్య ఇండిపెండెన్స్ డే కానుకగా ఆగస్టు 15న మిస్టర్ బచ్చన్ సినిమా థియేటర్లలో రిలీజైంది.",2024-08-28 05:24:45,https://images.tv9telugu.com/wp-content/uploads/2024/08/mr-bachchan-movie-3.jpg,tv9telugu,1.5163757681415392e-52,2,24,233,4,9
166,Newsdata,https://tv9telugu.com/entertainment/tollywood/allu-arjun-pushpa-2-movie-team-releases-a-100-days-countdown-poster-1337024.html,Pushpa 2: మరో 100 రోజుల్లో అల్లు అర్జున్ పుష్ఫ 2 రిలీజ్.. క్రేజీ అప్డేట్ ఇచ్చిన మేకర్స్.. ఫుల్ ఖుషీలో ఫ్యాన్స్,అల్లు అర్జున్‌ హీరోగా సెన్సేషనల్ డైరెక్టర్ సుకుమార్‌ తెరకెక్కిస్తోన్న చిత్రం‌ ‘పుష్ప2 :ది రూల్‌’. మూడేళ్ల క్రితం ఇదే కాంబినేషన్ లో వచ్చిన బ్లాక్ బస్టర్ మూవీ పుష్పకు ఇది సీక్వెల్. ప్రస్తుతం పుష్ప 2 మూవీ షూటింగ్ శరవేగంగా జరుగుతోంది. ఆగస్టు 15న గ్రాండ్ గా రిలీజ్ కావాల్సిన ఈ క్రేజీ మూవీ కొన్ని కారణాలతో డిసెంబర్ 6కు వాయిదా పడింది. తాజాగా ఈ మూవీ రిలీజ్‌కు సంబంధించిన కౌంట్‌డౌన్‌ మొదలైంది.,2024-08-28 10:48:26,https://images.tv9telugu.com/wp-content/uploads/2024/08/pushpa-2-movie.jpg,tv9telugu,7.067434724929606e-42,4,28,202,0,4
167,Newsdata,https://www.india.com/news/india/president-droupadi-murmu-shares-views-on-crimes-against-women-full-text-here-7200556/,President Droupadi Murmu Shares Views On Crimes Against Women; Full Text Here,"""We owe it to our daughters to remove the hurdles from their path of winning the freedom from fear"", President Droupadi said.",2024-08-28 10:37:37,https://static.india.com/wp-content/themes/icom/images/default-big.svg,india,0.9831276462099426,76,87,294,78,203
171,Newsdata,https://tv9kannada.com/national/kolkata-rape-murder-president-droupadi-murmu-criticizes-societys-collective-amnesia-on-violence-against-women-kannada-news-rak-891836.html,ಮಹಿಳೆಯರ ಮೇಲಿನ ದೌರ್ಜನ್ಯದ ಕುರಿತು ಸಮಾಜದ ‘ಸಾಮೂಹಿಕ ವಿಸ್ಮೃತಿ’ ಟೀಕಿಸಿದ ರಾಷ್ಟ್ರಪತಿ,"ಯಾವುದೇ ನಾಗರಿಕ ಸಮಾಜವು ಹೆಣ್ಣುಮಕ್ಕಳು ಮತ್ತು ಸಹೋದರಿಯರನ್ನು ಇಂತಹ ದೌರ್ಜನ್ಯಗಳಿಗೆ ಒಳಪಡಿಸಲು ಅನುಮತಿಸುವುದಿಲ್ಲ"" ಈ ಹೇಯ ಕೃತ್ಯಗಳ ಮೂಲ ಕಾರಣಗಳನ್ನು ಪರಿಹರಿಸಲು ಸಮಾಜದೊಳಗೆ ""ಪ್ರಾಮಾಣಿಕ, ನಿಷ್ಪಕ್ಷಪಾತ ಆತ್ಮಾವಲೋಕನ"" ದ ಅಗತ್ಯವಿದೆ.ಮಹಿಳೆಯರು ನಿಷ್ಕೃಷ್ಟ, ಕಡಿಮೆ ಶಕ್ತಿಶಾಲಿ, ಕಡಿಮೆ ಸಾಮರ್ಥ್ಯ ಮತ್ತು ಕಡಿಮೆ ಬುದ್ಧಿವಂತಿಕೆ ಇರುವವರು ಎಂದು ನೋಡುವ ""ಖಿನ್ನತೆಯ ಮನಸ್ಥಿತಿ"" ಯ ವಿರುದ್ಧ ಮುರ್ಮು ಮಾತನಾಡಿದ್ದಾರೆ.",2024-08-28 11:39:28,https://images.tv9kannada.com/wp-content/uploads/2024/08/droupadi-murmu-2.jpg,tv9kannada,6.112057047109008e-216,2,20,230,1,5
172,Newsdata,https://www.india.com/news/india/indian-medical-association-suspends-membership-of-former-rg-kar-hospital-principal-sandip-ghosh-7201082/,Kolkata Rape-Murder Case: Indian Medical Association Suspends Membership of Former RG Kar Hospital Principal Sandip Ghosh,"Kolkata Rape-Murder Case: Indian Medical Association Suspends Membership of former R.G. Kar Hospital Principal Sandip Ghosh. The decision to suspend the IMA membership of Ghosh, who is the vice president of the association’s Kolkata branch, was taken by its disciplinary committee. In an order, the Indian Medical Association said the committee constituted by IMA national [...]",2024-08-28 13:27:12,https://static.india.com/wp-content/themes/icom/images/default-big.svg,india,0.2987310287608427,7,13,133,13,35
173,Newsdata,https://www.washingtontimes.com/news/2024/aug/28/putin-appoints-cousin-with-no-military-experience-/,"Putin appoints cousin with no military experience to senior defense ministry job, says U.K.",Russian President Vladimir Putin is reaching out to family members to fill critical positions inside the country's military establishment.,2024-08-28 13:17:07,https://twt-thumbs.washtimes.com/media/image/2024/08/26/APTOPIX_Russia_Putin_17339_s1440x960.jpg,washingtontimes,1.1985346234118907e-06,1,28,95,9,40
174,Newsdata,https://tv9telugu.com/entertainment/tollywood/tiger-nageswara-rao-movie-director-vamsee-marries-secretly-wedding-pic-goes-viral-1337144.html,Director Vamsee: పెళ్లిపీటలెక్కిన ‘టైగర్ నాగేశ్వరరావు’ దర్శకుడు.. వధువు ఎవరో తెలుసా?,"టాలీవుడ్ ప్రముఖ దర్శకుడు వంశీ కృష్ణ తన జీవితంలో కొత్త ఆధ్యాయానికి శ్రీకారం చుట్టాడు. ప్రమీల అనే అమ్మాయితో కలిసి వైవాహిక బంధంలోకి అడుగు పెట్టాడు. బుధవారం (ఆగస్టు 28) వీరి వివాహం వేడుకగా జరిగినట్లు తెలుస్తోంది. ఇరు కుటుంబ సభ్యులు, అత్యంత సన్నిహితులు, స్నేహితుల సమక్షంలో ఈ వేడుక జరిగినట్లు తెలుస్తోంది.",2024-08-28 13:07:04,https://images.tv9telugu.com/wp-content/uploads/2024/08/director-vamsee.jpg,tv9telugu,2.7372520159945214e-61,4,23,172,2,6
175,Newsdata,https://tv9telugu.com/trending/viral-video-udupi-yamaraja-conducts-long-jump-competition-for-the-dead-in-udupi-karnataka-1337200.html,"Viral Video: గుంతల రోడ్డు మీద దెయ్యాలతో లాంగ్ జంప్ చేయిస్తున్న యముడు, చిత్రగుప్తుడు .. ఫన్నీ వీడియో వైరల్","జాతీయ రహదారి, రాష్ట్ర రహదారి గ్రామీణ రహదారులతోపాటు దాదాపు అన్ని రహదారులపై గుంతలు దర్శనమిస్తున్నాయి. గుంతల కారణంగా చాలా మంది వాహనదారులు ప్రాణాలు కోల్పోతున్నారు. అయినా సంబంధిత అధికారులు, రాజకీయ నాయకులు పట్టించుకోవడం లేదు. అయితే రోడ్లమీద గుంతల విషయంలో ప్రజలు రకరకాలు గా తమ నిరసన ను ప్రభుత్వానికి తెలియజేస్తున్నారు.",2024-08-28 13:49:49,https://images.tv9telugu.com/wp-content/uploads/2024/08/viral-video-61.jpg,tv9telugu,2.358061030268741e-08,0,15,180,0,1
176,Newsdata,https://www.tv9marathi.com/trending/viral-video-the-man-was-sleeping-comfortably-on-the-railway-track-1259786.html,"रेल्वे रुळावर आरामात झोपला होता हा माणूस, समोरुन ट्रेन आली आणि...",सोशल मीडियावर दररोज नवीन नवीन व्हिडिओ व्हायरल होत असतात. अशाच एक व्हिडिओ सध्या सोशल मीडियावर ट्रेंड होत असून या व्हिडिओ मध्ये एक माणून रेल्वे रुळावर झोपलेले दिसत आहे. छत्रीच्या सावलीखाली तो आरामात झोपला असतानाच समोरुन एक रेल्वे येते. यानंतर काय होते पाहा संपूर्ण व्हिडिओ.,2024-08-28 13:48:27,https://images.tv9marathi.com/wp-content/uploads/2024/08/railway-track-viral-video.jpg,tv9marathi,2.134720646656208e-49,3,10,192,2,8
177,Newsdata,https://www.india.com/news/india/disturbing-trends-emerging-ashwini-vaishnaw-on-suspected-sabotage-in-recent-train-derailments-7201018/,‘Disturbing Trends Emerging’: Ashwini Vaishnaw On Suspected ‘Sabotage’ In Recent Train Derailments,Ashwini Vaishnaw also urged political parties to refrain from using the train derailments to gain political mileage as the Railway is the nation's lifeline and should be kept above politics.,2024-08-28 13:47:52,https://static.india.com/wp-content/themes/icom/images/default-big.svg,india,1.1418063745281087e-29,16,24,175,7,91
205,Newsdata,https://www.india.com/maharashtra/mumbai-milk-vendor-dies-after-speeding-suv-in-wrong-direction-driven-by-17-year-old-boy-rams-into-his-bike-7205108/,Mumbai Milk Vendor Dies After Speeding SUV In ‘Wrong Direction’ Driven By 17-Year-Old Boy Rams Into His Bike,"Navin Vaishnaw, the victim, distributing milk, died after a Mahindra Scorpio, coming from the wrong side, collided with his two-wheeler around 4 am.",2024-08-30 05:16:22,https://static.india.com/wp-content/themes/icom/images/default-big.svg,india,4.8089872737211655e-06,13,21,124,11,56
178,Newsdata,https://tv9kannada.com/national/kolkata-rape-case-ima-revokes-membership-of-ex-principal-of-rg-kar-hospital-sandip-ghosh-national-news-in-kannada-rak-891948.html,ಕೋಲ್ಕತ್ತಾ ಅತ್ಯಾಚಾರ ಪ್ರಕರಣ: ಆರ್‌ಜಿ ಕರ್ ಆಸ್ಪತ್ರೆಯ ಮಾಜಿ ಪ್ರಾಂಶುಪಾಲ ಸಂದೀಪ್ ಘೋಷ್ ಸದಸ್ಯತ್ವ ರದ್ದುಗೊಳಿಸಿದ ಐಎಂಎ,ಆಗಸ್ಟ್ 9 ರಂದು ಆಸ್ಪತ್ರೆಯಲ್ಲಿ ವೈದ್ಯೆಯ ಅತ್ಯಾಚಾರ-ಕೊಲೆ ಪ್ರಕರಣದ ತನಿಖೆಯ ಭಾಗವಾಗಿ ಸಿಬಿಐ ಸಂದೀಪ್ ಘೋಷ್ ಅವರ ಪಾಲಿಗ್ರಾಫ್ ಪರೀಕ್ಷೆಯನ್ನು ನಡೆಸಿದ ಕೆಲವು ದಿನಗಳ ನಂತರ ಇದು ಬಂದಿದೆ.ನವದೆಹಲಿಯ ತಜ್ಞರ ತಂಡವು ಶುಕ್ರವಾರ ನ್ಯಾಯಾಲಯದ ಅನುಮೋದನೆ ಪಡೆದ ನಂತರ ಸುಳ್ಳು ಪತ್ತೆ ಪರೀಕ್ಷೆ ಎಂದು ಕರೆಯಲ್ಪಡುವ ಕಾರ್ಯವಿಧಾನವನ್ನು ನಡೆಸಲು ಕೋಲ್ಕತ್ತಾ ತಲುಪಿದೆ.,2024-08-28 13:45:51,https://images.tv9kannada.com/wp-content/uploads/2024/08/sandip-ghosh.jpg,tv9kannada,0.9999999369420667,1,9,91,0,5
179,Newsdata,https://www.india.com/news/india/bjp-blasts-mamata-banerjee-after-bengal-cm-says-delhi-will-burn-if-bengal-burns-7201246/,BJP Blasts Mamata Banerjee After Bengal CM Says ‘Delhi Will Burn If Bengal Burns’,"In a post on X, the Assam Chief Minister said, ""Didi, how dare you threaten Assam? Don't show us red eyes. Don't even try to burn India with your politics of failure. It does not suit you to speak divisive language.""",2024-08-28 14:58:25,https://static.india.com/wp-content/themes/icom/images/default-big.svg,india,0.008511854977664206,19,19,252,24,88
180,Newsdata,https://theprint.in/ground-reports/gurugram-has-a-king-of-good-times-lakeforest-wines-is-both-liquor-monopoly-a-renaissance/2243040/,Gurugram has a king of good times. Lakeforest Wines is both liquor monopoly & a renaissance,"‘It used to be the monopoly of Ponty Chadha,’ Neeraj Sachdeva, Lakeforest founder, said. After running a wine business in California, Sachdeva now rules Gurugram.",2024-08-29 03:31:35,https://static.theprint.in/wp-content/uploads/2024/08/neeraj-sachdeva-1-696x392.jpg,theprint,0.997756599434797,166,276,1221,265,604
181,Newsdata,https://www.india.com/maharashtra/pune-porsche-hit-and-run-accused-seeks-return-of-seized-passport-jjb-adjourned-till-sept-26-7201963/,Pune Porsche Hit-And-Run Accused Seeks Return Of Seized Passport; JJB Adjourned Till Sept 26,The Juvenile Justice Board (JJB ) of Pune on Wednesday adjourned the hearing on three applications in the Porsche crash case until September 26.,2024-08-29 03:31:06,https://static.india.com/wp-content/themes/icom/images/default-big.svg,india,1.2053070509898185e-20,13,23,194,8,68
182,Newsdata,https://www.india.com/news/india/gujarat-floods-death-toll-reaches-to-26-over-12000-rescued-pm-modi-dials-cm-assures-aid-7201971/,"Gujarat Floods: Death toll Reaches to 26, Over 12000 Rescued; PM Modi Dials CM, Assures Aid","Amid the flood-like situation prevailing in several parts of Gujarat, Prime Minister Narendra Modi called up Chief Minister Bhupendra Patel to take stock of the situation and assured the Centre's support to the state in tackling the natural disaster.",2024-08-29 03:26:34,https://static.india.com/wp-content/themes/icom/images/default-big.svg,india,1.817721797208742e-20,4,16,109,5,41
183,Newsdata,https://theprint.in/opinion/nobody-knows-what-narendra-modi-is-thinking-surely-he-must-sense-the-tide-is-turning/2242739/,"Nobody knows what Narendra Modi is thinking. Surely, he must sense the tide is turning","As the discontentment mounts, the crucial question remains: what is the PM thinking? He is a shrewd politician so he must have a long-term strategy. But no one can figure out what it is.",2024-08-29 03:18:05,https://static.theprint.in/wp-content/uploads/2024/08/Republic-Day-2023-696x392.jpeg,theprint,0.7001286431781029,90,111,331,77,232
184,Newsdata,https://www.catchnews.com/bizarre-news/elephant-tollbooth-sugarcane-sacks-accepted-253536.html,Elephant Tollbooth: Sugarcane Sacks Accepted!,In a hilariously unexpected twist two elephants decided to moonlight as traffic cops in the jungle but with a sweet twist mdash literally Their chosen toll Sacks of sugarcane of course Picture this a sugarcane-loaded truck winding its way through the lush greenery blissfully unaware of the sugary detour ahead Suddenly the truck encountered an unconventional roadblock mdash not a toll booth but two elephants with a serious sweet tooth and an entrepreneurial spirit nbsp Jungle tax pic twitter com BW UWuxwk mdash Susanta Nanda susantananda September Cane-Do Attitude Faced with these jumbo-sized toll collectors the truck's helper had to,2024-08-29 03:08:58,https://images.catchnews.com/upload/2023/09/02/Elephant_Funny_Video_Sweet_Toll_Tax_253536_1280x720.jpg,catchnews,1.216435520233105e-05,12,22,65,8,20
185,Newsdata,https://www.tv9marathi.com/entertainment/arijit-singh-bengali-song-kolkata-doctor-case-aar-kobe-is-the-name-of-song-1259926.html,"कोलकाता बलात्कार – हत्या प्रकरणावर अरिजीत सिंगने मागितला न्याय, गाण्यातून वेदना व्यक्त","Kolkata Doctor Case: कोलकाता बलात्कार - हत्या प्रकरणावर अरिजीत सिंगकडून न्याय मिळण्याची मागणी, गाण्यातून वेदना केल्या व्यक्त, पण गायकावर का होतेय टीका?, सध्या सर्वत्र फक्त आणि फक्त अरिजीत सिंग यांच्या गाण्याची चर्चा...",2024-08-29 03:08:21,https://images.tv9marathi.com/wp-content/uploads/2024/08/arijit.jpg,tv9marathi,0.9999999999999998,2,9,124,0,6
186,Newsdata,https://www.tv9marathi.com/entertainment/salman-khan-sparks-health-concerns-as-he-struggles-to-stand-up-from-a-couch-fans-wish-him-a-speedy-recovery-1259912.html,"सलमानला सोफ्यावरून उठताही येईना; प्रकृतीविषयी चाहत्यांकडून काळजी व्यक्त, पहा व्हिडीओ",मुंबईतील एका कार्यक्रमात सलमान उपस्थित होता. याच कार्यक्रमातील त्याचा व्हिडीओ सध्या सोशल मीडियावर व्हायरल होत आहे. या व्हिडीओमध्ये सलमानला काऊचवरून उठताना बराच त्रास होत असल्याचं दिसतंय. ते पाहून नेटकऱ्यांनी काळजी व्यक्त केली.,2024-08-29 02:54:58,https://images.tv9marathi.com/wp-content/uploads/2024/08/Salman-Khan-1-4.jpg,tv9marathi,7.155274697138983e-132,2,17,145,1,4
187,Newsdata,https://www.catchnews.com/bizarre-news/shocking-video-falling-tree-narrowly-misses-bicyclist-253542.html,Shocking Video: Bicyclist's Close Brush with Crashing Tree Stuns Viewers,Wisconsin United States A dramatic incident during severe weather in Wisconsin on Tuesday nearly resulted in tragedy when a tree fell narrowly missing a bicyclist on a Milwaukee street The frightening moment was captured on video highlighting the dangers posed by the ongoing storm nbsp A tree came crashing after thunderstorms hit milwaukee yesterday and nearly hit a cyclist pic twitter com ALWUFcwvKr mdash FearBuck FearedBuck August Severe Weather Wreaks Havoc in the MidwestThe Midwest and Great Lakes region have been battling severe weather for days with powerful thunderstorms causing widespread power outages and flash flooding Michigan in particular faced,2024-08-29 07:26:00,https://images.catchnews.com/upload/2024/08/29/massive_tree_crashing_to_the_ground_253542_1280x720.jpg,catchnews,0.9999979705129348,7,17,62,0,28
188,Newsdata,https://www.india.com/news/india/j-k-assembly-polls-2024-election-commission-announces-phase-2-voting-for-26-seats-on-sept-25-7202684/,J-K Assembly Polls 2024: Election Commission Announces Phase 2 Voting for 26 Seats on Sept 25,"The Election Commission on Thursday issued a notification for candidates to file their nomination papers for the second phase of the Jammu and Kashmir elections. Voting for 26 seats in this phase is scheduled to take place on September 25, with the election process beginning in the third week of September.",2024-08-29 06:56:50,https://static.india.com/wp-content/themes/icom/images/default-big.svg,india,3.957560021661658e-41,4,22,135,3,28
189,Newsdata,https://www.india.com/karnataka/bengaluru-woman-navyashree-murder-tied-to-chair-tortured-hours-after-she-expressed-fear-for-life-to-friend-husband-held-7202556/,"Bengaluru Woman Found Tied To Chair & Murdered After She Expressed ‘Fear For Life’ To Friend, Husband Held","According to reports, the woman was tied to a chair, tortured, and then killed. Navyashree was lying dead beside her in bed. Her throat was slit and the body was drenched in a pool of blood.",2024-08-29 06:55:51,https://static.india.com/wp-content/themes/icom/images/default-big.svg,india,0.9971893623132617,11,18,151,26,85
190,Newsdata,https://tv9telugu.com/entertainment/ott/raj-tarun-starrer-purushothamudu-movie-now-streaming-on-aha-ott-1337566.html,Purushothamudu OTT: రాజ్ తరుణ్ లేటెస్ట్ సినిమా ఓటీటీలోకి వచ్చేసింది.. పురుషోత్తముడు స్ట్రీమింగ్ ఎందులోనంటే?,"యంగ్ హీరో రాజ్ త‌రుణ్ కథానాయకుడిగా న‌టించిన లేటెస్ట్ 'పురుషోత్త‌ముడు'. రామ్ భీమ‌న తెరకెక్కించిన ఈ ఫ్యామిలీ యాక్ష‌న్ డ్రామాలో హాసిని సుధీర్ హీరోయిన్‌గా న‌టించింది. ర‌మ్య‌కృష్ణ‌, ప్ర‌కాష్ రాజ్ తదితరులు ప్రధాన పాత్రలు పోషించారు. రాజ్ త‌రుణ్- లావణ్యల వివాదం కారణంగా థియేట్రికల్ రిలీజుకు ముందే పురుషోత్తముడు సినిమాపై మంచి బజ్ క్రియేట్ అయ్యింది.",2024-08-29 06:46:50,https://images.tv9telugu.com/wp-content/uploads/2024/08/purushothamudu-movie-1.jpg,tv9telugu,0.5701353619692319,1,21,203,0,6
191,Newsdata,https://www.india.com/news/india/kerala-lottery-result-today-290824-live-karunya-plus-kn536-lottery-winner-ticket-number-result-list-7202833/,"Kerala Lottery Result Today 29-08-2024(Soon): Karunya Plus KN.536 Ticket Number Winner List, Agent Name","Kerala Lottery Result Today 29-08-2024 LIVE Updates: Kerala Lottery results for Karunya Plus KN.536 Result ticket number will be declared today, August 29, 2024, at 3:00 PM.",2024-08-29 07:30:19,https://static.india.com/wp-content/themes/icom/images/default-big.svg,india,3.272288971487081e-27,5,11,89,2,26
192,Newsdata,https://www.indiatoday.in/science/story/paralympian-turned-future-astronaut-hails-the-power-of-the-games-2589970-2024-08-29,Paralympian turned future astronaut hails the power of the Games,Paralympian turned future astronaut hails the power of the Games,2024-08-29 07:28:03,https://akm-img-a-in.tosshub.com/indiatoday/images/story/202408/john-mcfall-29234678-16x9_0.jpeg?VersionId=nr8NEPrxwypCtnejHyl2x.HUjkmxeqsW,indiatoday,0.9916831127459136,42,59,176,51,134
193,Newsdata,https://www.india.com/news/india/delhi-woman-found-dead-with-throat-slit-in-ranhola-7202497/,Delhi: Woman Found Dead With Throat Slit In Ranhola,"According to the police, the woman was staying at the rented accommodation with a man, who is currently missing.",2024-08-29 07:22:51,https://static.india.com/wp-content/themes/icom/images/default-big.svg,india,0.9964958927386043,4,6,55,10,32
194,Newsdata,https://www.india.com/news/india/1-cop-dead-another-hurt-as-motorcycle-falls-into-ditch-during-anti-naxal-operation-in-chhattisgarh-7202685/,"1 Cop Dead, Another Hurt As Motorcycle Falls Into Ditch During Anti-Naxal Operation In Chhattisgarh",The incident took place on Wednesday night near Bechapal village when a team of security personnel was out on a search operation on motorcycles in Mirtur police station area.,2024-08-29 07:22:05,https://static.india.com/wp-content/themes/icom/images/default-big.svg,india,1.2355783536766551e-07,7,13,112,8,34
195,Newsdata,https://tv9telugu.com/entertainment/tollywood/akkineni-nagarjuna-birthday-special-know-his-assets-net-worth-and-car-collections-1337760.html,Nagarjuna: దక్షిణాది ఇండస్ట్రీలో రిచ్చెస్ట్ హీరో.. కింగ్ నాగార్జునకు ఎన్ని వేల కోట్లు ఆస్తులున్నాయో తెలుసా?,"టాలీవుడ్ మన్మథుడు అక్కినేని నాగార్జున గురువారం (ఆగస్టు 29) తన పుట్టినరోజును జరుపుకొంటున్నారు. పలువురు సినీ ప్రముఖులు, అభిమానులు, నెటిజన్లు కింగ్ కు బర్త్ డే విషెస్ తెలియజేస్త్ఉన్నారు. ప్రస్తుతం నాగార్జున వయసు 65 ఏళ్లు. ఈ వయసులోనూ ఆయన ఎంతో హ్యాండ్సమ్ గా, చాలా ఫిట్‌గా ఉంటారు. ఇదిలా ఉంటే ప్రస్తుతం భారతదేశంలోని అత్యంత సంపన్న నటులలో నాగార్జున కూడా ఒకరు",2024-08-29 08:39:49,https://images.tv9telugu.com/wp-content/uploads/2024/08/akkineni-nagarjuna.jpg,tv9telugu,2.2993587806325175e-42,1,35,217,6,11
196,Newsdata,https://www.dnaindia.com/india/report-shocking-student-suicide-rate-in-india-exceeds-population-growth-rate-and-overall-suicide-rate-in-india-3104892,"Shocking! Student suicide rate in India exceeds..., know details here",The report that has been developed by the IC3 Institute shows that the situation with students' mental health in India is deteriorating,2024-08-29 08:35:28,https://cdn.dnaindia.com/sites/default/files/styles/third/public/2024/08/29/2649041-images1.jpg,dnaindia,6.732730069340747e-32,15,45,167,6,80
197,Newsdata,https://tv9telugu.com/entertainment/tollywood/singer-arijit-singh-sings-bengali-song-aar-kobe-calls-authorities-to-action-in-kolkata-doctor-case-1337729.html,Arjith Singh: ఆవేదన.. ఆక్రందన.. మౌనంగా బాధపడుతున్న మహిళల కోసమే ఈ పాట పాడుతున్నాను.. సింగర్ అర్జిత్ సింగ్ ..,నిత్యం జరుగుతున్న దిగ్భ్రాంతికరమైన ఘటనలకు సత్వరమే న్యాయం చేయాలని.. నింధితులను కఠినంగా శిక్షించాలని సామాన్య ప్రజలతోపాటు సెలబ్రెటీలు డిమాండ్ చేస్తున్నారు. తాజాగా బాలీవుడ్ సింగర్ అర్జిత్ సింగ్ కోల్ కతాలో వైద్య విద్యార్థిని హత్యాచారం కేసులో న్యాయం చేయాలని డిమాండ్ చేశారు. న్యాయం కోసం మౌనంగా బాధపడుతున్న మహిళల బాధను ఈ పాటలో తెలియజేస్తున్నాను.. ఇది కేవలం నిరసన కోసం కాదు.. చర్య కోసమే అంటూ ఓ పాటను రిలీజ్ చేశారు.,2024-08-29 08:21:51,https://images.tv9telugu.com/wp-content/uploads/2024/08/arjith-singh.jpg,tv9telugu,0.9947010158134895,2,24,254,0,6
198,Newsdata,https://tv9kannada.com/trending/australian-tv-slammed-after-pic-of-sexy-santa-dancers-at-staff-meeting-goes-viral-kannada-news-mda-892517.html,"ಕಂಪನಿ ಅಸೆಂಬ್ಲಿಯಲ್ಲಿ ʼಸೆಕ್ಸಿ ಸಾಂಟಾಸ್‌ʼ ತಂಡದಿಂದ ಮಾದಕ ನೃತ್ಯ ಪ್ರದರ್ಶನ, ಟೀಕೆಗೆ ಗುರಿಯಾದ ಸುದ್ದಿ ವಾಹಿನಿ",ಯಾವುದೇ ಕಂಪೆನಿಯ ಸಭೆಗಳಾಗಿರಬಹುದು ತುಂಬಾನೇ ಶಿಸ್ತು ಬದ್ಧವಾಗಿ ನಡೆಯುತ್ತವೆ. ಆದರೆ ಇಲ್ಲೊಂದು ಸುದ್ದಿ ವಾಹಿನಿ ಕಂಪೆನಿ ಮುಖ್ಯ ಸಬೆಯಲ್ಲಿ ಎಲ್ಲರಿಗೂ ಮನೋರಂಜನೆ ನೀಡಬೇಕೆಂದು ತುಂಡಡುಗೆ ತೊಟ್ಟ ಯುವತಿಯರಿಂದ ನೃತ್ಯ ಪ್ರದರ್ಶನವನ್ನು ಮಾಡಿಸಿದೆ. ಈ ಕುರಿತ ವಿಡಿಯೋ ಫೂಟೇಜ್‌ಗಳು ಸೋಷಿಯಲ್‌ ಮೀಡಿಯಾದಲ್ಲಿ ವೈರಲ್‌ ಆಗುತ್ತಿದ್ದಂತೆ ಸುದ್ದಿಯ ವಾಹಿನಿಯ ಈ ನಡೆಗೆ ಭಾರೀ ಆಕ್ರೋಶ ವ್ಯಕ್ತವಾಗುತ್ತಿದೆ.,2024-08-29 09:47:46,https://images.tv9kannada.com/wp-content/uploads/2024/08/lifestyle-news-in-kannada-31.jpg,tv9kannada,2.852201644545583e-41,3,13,152,2,8
199,Newsdata,https://www.india.com/women/meet-heena-sidhu-the-first-woman-pistol-shooter-to-secure-first-position-in-world-ranking-7203036/,"Meet Heena Sidhu, The First Woman Pistol Shooter to Secure First Position in World Ranking",Heena Sidhu scripted history as she became the first Pistol shooter to get her name at the number 1 position.,2024-08-29 09:16:53,https://static.india.com/wp-content/themes/icom/images/default-big.svg,india,0.40590122996187084,10,44,179,27,80
200,Newsdata,https://timesofindia.indiatimes.com/blogs/toi-edit-page/khelo-india-fueling-indias-olympic-dreams-from-the-grassroots/,Khelo India: Fueling India’s Olympic dreams from the grassroots,"Team India’s achievements at the Paris Olympics 2024 indicates the overall improved performance of the Indian contingent. Besides the 6 medals, 8 of our athletes were placed in the 4th position and missed the podium...",2024-08-29 09:13:16,https://static.toiimg.com/imagenext/toiblogs/photo/blogs/wp-content/uploads/2024/08/Khelo-India-1.png,toi,7.364426146762675e-10,32,112,389,28,174
201,Newsdata,https://www.india.com/news/india/gujarat-rains-cyclone-asna-developing-over-saurashtra-kutch-region-imd-sounds-alert-for-very-heavy-showers-7204916/,Gujarat Rains: Cyclone Asna Developing Over Saurashtra-Kutch Region; IMD Sounds Alert For ‘Very Heavy’ Showers,"Due to a deep depression over Saurashtra and Kutch region, three coastal districts -- Kutch, Devbhumi Dwarka and Jamnagar -- have been receiving heavy rainfall.",2024-08-30 03:34:19,https://static.india.com/wp-content/themes/icom/images/default-big.svg,india,7.57639327330643e-30,14,62,246,7,84
202,Newsdata,https://www.dnaindia.com/india/report-why-denmark-denied-india-extradition-request-for-niels-holck-how-is-he-linked-to-1995-purulia-arms-drop-case-3105019,Why Denmark denied India's extradition request for Niels Holck? How is he linked to 1995 Purulia arms drop case?,The court ruled that sending Holck to India would violate Denmark's extradition act due to a risk that he would be subjected to treatment in breach of the European Convention on Human Rights,2024-08-30 03:10:00,https://cdn.dnaindia.com/sites/default/files/styles/third/public/2024/08/30/2649172-fzs0kvoamaa6qtq.jpg,dnaindia,7.268103858935524e-25,8,16,117,6,58
203,Newsdata,https://theprint.in/the-fineprint/rs-4800-cr-ipo-bids-are-now-making-delhi-bike-dealer-nervous-mountain-of-paperwork-is-next/2244724/,"Rs 4,800 cr IPO bids are now making Delhi bike dealer nervous. Mountain of paperwork is next","Sawhney Automobiles, registered under Resourceful Automobile, went in for a modest IPO of Rs 12 crore, but instead received bids 400 times that amount, totalling Rs 4800 crore by the time the issue closed.",2024-08-30 02:50:37,https://static.theprint.in/wp-content/uploads/2024/08/Feature-Image-2-696x392.jpg,theprint,0.9992386679768369,86,98,494,113,279
204,Newsdata,https://tv9telugu.com/national/a-15-foot-crocodile-enters-a-house-in-vadodara-amid-heavy-rain-and-floods-1338302.html,ఉదయాన్నే ఇంటి తలుపు తీయగా గుమ్మం ముందు భారీ ఆకారం.. ఏంటని చూస్తే గుండె ఆగినంత పనైంది..!,"వర్షాలు, వరదలతో అతలాకుతలమైన గుజరాత్‌ను వరుస తుఫానులు వెంటాడుతున్నాయి. ఆగస్టు 30న కూడా భారీ వర్షాలు కురిసే అవకాశం ఉందని వాతావరణ శాఖ హెచ్చరికలు జారీ చేసింది. సౌరాష్ట్ర,కచ్‌లలో భారీ వర్షాలు కురుస్తాయని వాతావరణ శాఖ అంచనా వేసింది. గత రెండు రోజులుగా నగరంలో కురుస్తున్న భారీ వర్షాల కారణంగా దాదాపు 300 మొసళ్లకు ఆవాసమైన విశ్వామిత్ర నదికి వరద పోటెత్తుతోంది.",2024-08-30 05:33:03,https://images.tv9telugu.com/wp-content/uploads/2024/08/crocodile-4.jpg,tv9telugu,0.9999999999998896,1,9,106,0,9
207,Newsdata,https://newstodaynet.com/2024/08/30/vroom-vroom/,Vroom vroom,The F4 Night Race in Chennai is set to be a landmark event in India's motorsport history.The post Vroom vroom appeared first on News Today | First with the news.,2024-08-30 05:27:56,https://newstodaynet.com/wp-content/uploads/2024/08/101213-1-1-8-10-23.png,newstodaynet,8.627441821138651e-10,11,24,82,5,26
208,Newsdata,https://tv9kannada.com/national/kidnapped-boy-refuses-to-leave-abductor-after-staying-14-months-together-kannada-news-nyr-893143.html,ನಾನು ಹೋಗಲ್ಲ ಎಂದು ಅಪಹರಣಕಾರನನ್ನು ಅಪ್ಪಿಕೊಂಡು ಅತ್ತ ಮಗು,"ಮಗುವಿಗೆ ಸರಿ ಯಾವುದು ಕೆಟ್ಟದ್ಯಾವುದು ಎಂಬುದರ ಅರಿವಿರುವುದಿಲ್ಲ, ಕೆಟ್ಟ ಜನರು ಚೆನ್ನಾಗಿ ನೋಡಿಕೊಂಡರೂ ಮಗು ಅವರನ್ನೇ ನಂಬಿ ಬಿಡುತ್ತದೆ. ಅಂಥದ್ದೇ ಘಟನೆ ಜೈಪುರದಲ್ಲಿ ನಡೆದಿದೆ. 14 ತಿಂಗಳ ಹಿಂದೆ ಅಪಹರಣವಾಗಿದ್ದ ಮಗು ಪೋಷಕರ ಬಳಿ ಬರಲು ನಿರಾಕರಿಸಿ ಅಪಹರಣಕಾರನನ್ನು ತಬ್ಬಿಕೊಂಡು ಅತ್ತಿರುವ ಘಟನೆ ವರದಿಯಾಗಿದೆ.",2024-08-30 08:32:50,https://images.tv9kannada.com/wp-content/uploads/2024/08/baby-51.jpg,tv9kannada,2.921981009117676e-66,3,18,144,2,6
209,Newsdata,https://www.india.com/news/india/7-year-old-boy-mauled-to-death-by-pit-bull-in-goa-owner-booked-7205672/,7-Year-Old Boy Mauled To Death By Pit Bull In Goa; Owner Booked,The seven-year-old boy was walking with his mother at Anjuna village when the pit bull attacked him.,2024-08-30 08:31:53,https://static.india.com/wp-content/themes/icom/images/default-big.svg,india,0.9135748067806163,5,9,94,13,38
210,Newsdata,https://www.india.com/news/india/breaking-news-eam-jaishankar-talks-tough-to-pakistan-says-era-of-uninterrupted-dialogue-is-over-pakistan-invite-pm-modi-sco-meeting-7205786/,"EAM Jaishankar Talks Tough To Pakistan, Says “Era Of Uninterrupted Dialogue Is Over”","EAM Jaishankar Talks Tough To Pakistan, Says ""Era Of Uninterrupted Dialogue Is Over""",2024-08-30 08:25:56,https://static.india.com/wp-content/themes/icom/images/default-big.svg,india,2.754758677422102e-25,3,10,52,2,15
211,Newsdata,https://www.india.com/viral/brilliant-kangana-ranaut-calls-ram-nath-covid-indias-1st-dalit-president-netizens-engage-in-meme-frenzy-7205576/,‘Brilliant’: Kangana Calls Ram Nath ‘Covid’ India’s 1st ‘Dalit President’; Netizens Engage In Meme Frenzy,"The other viral clip of Ranaut's slip-up has also led to an outpouring of humorous content online, with netizens engaging in a meme frenzy.",2024-08-30 08:01:46,https://s.w.org/images/core/emoji/13.1.0/72x72/1f602.png,india,1.190238730670608e-05,6,28,131,14,49
212,Newsdata,https://timesofindia.indiatimes.com/blogs/3-sides-of-the-same-coin/thinkin-bfsi-professionals-weigh-in-on-news-product-ux/,ThinkIn: BFSI professionals weigh in on news product UX,"Today, I’m introducing a new format called a ThinkIn. What’s a ThinkIn? It’s when a group of us come together to “mind meld” (a Star Trek reference) on a specific topic, with Chatham House Rules...",2024-08-30 08:57:07,https://static.toiimg.com/imagenext/toiblogs/photo/blogs/wp-content/uploads/2024/08/Frame-15-3.png,toi,0.9917655288466215,69,133,459,110,290
213,Newsdata,https://www.india.com/uttar-pradesh/1st-passenger-flight-from-noida-international-airport-to-take-off-in-april-2025-trials-next-month-jewar-airport-7205805/,"1st Passenger Flight From Noida International Airport To Take Off In April 2025, Trials Next Month","With these developments in progress, the Noida international airport is on track to become a key transportation hub in the region, catering to the growing air travel demands.",2024-08-30 08:52:53,https://static.india.com/wp-content/themes/icom/images/default-big.svg,india,1.7877947561461645e-45,12,26,151,3,56
214,Newsdata,https://tv9telugu.com/national/watch-video-delhi-police-head-constable-dies-of-heart-attack-while-dancing-at-farewell-party-1338535.html,Heart Attack: డ్యాన్స్‌ చేస్తూ గుండెపోటుతో కుప్పకూలిన హెడ్ కానిస్టేబుల్‌.. క్షణాల్లో మృతి! వీడియో,గత కొంతకాలంగా వయసుతో సంబంధం లేకుండా అన్ని వయసుల వారు ఉన్నట్టుండి గుండెపోటుతో కుప్పకూలి పోతున్నారు. ఇప్పటికే ఇలాంటి సంఘటనలు దేశ వ్యాప్తంగా పలు చోట్ల వెలుగు చూసిన సంగతి తెలిసిందే. ఐదేళ్ల పసి పిల్లాడి నుంచి పండు ముదుసలి వరకు పలువురు చనిపోతున్న ఘటనలు ఇటీవల తరచూ వెలుగు చూస్తూనే ఉన్నాయి. తాజాగా ఢిల్లీలో ఓ పోలీస్‌ కానిస్టేబుల్‌ డ్యాన్స్‌ చేస్తూ గుండెపోటుతో కుప్పకూలి మృతి చెందిన ఘటన కలకలం రేపింది..,2024-08-30 08:46:36,https://images.tv9telugu.com/wp-content/uploads/2024/08/head-constable-dies-of-heart-attack.jpg,tv9telugu,6.074810942129792e-207,3,21,222,1,11
215,Newsdata,https://www.indiatoday.in/science/story/indian-monsoon-moving-westward-unusual-rain-spotlights-changing-weather-system-2590745-2024-08-30,Indian monsoon moving westward? Unusual rain spotlights changing system,Indian monsoon moving westward? Unusual rain spotlights changing system,2024-08-30 08:21:28,https://akm-img-a-in.tosshub.com/indiatoday/images/story/202408/monsoon-rains-pattern-300845614-16x9_0.jpg?VersionId=GDyjkQDpK5MtUgO0QaUBOL_qB9X26onN,indiatoday,7.002318459456262e-43,29,94,265,3,96
216,Newsdata,https://tv9kannada.com/national/time-for-continuous-dialogue-with-pakistan-has-come-to-an-end-says-s-jaishankar-national-news-in-kannada-rak-893207.html,ಪಾಕಿಸ್ತಾನದೊಂದಿಗೆ ನಿರಂತರ ಮಾತುಕತೆಯ ಸಮಯ ಕೊನೆಗೊಂಡಿದೆ: ಎಸ್ ಜೈಶಂಕರ್,"ರಾಯಭಾರಿ ರಾಜೀವ್ ಸಿಕ್ರಿ ಅವರ ""ಸ್ಟ್ರಾಟೆಜಿಕ್ ಕನ್ಂಡ್ರಮ್ಸ್: ರಿಶೇಪಿಂಗ್ ಇಂಡಿಯಾಸ್ ಫಾರಿನ್ ಪಾಲಿಸಿ"" ಪುಸ್ತಕವನ್ನು ಬಿಡುಗಡೆ ಮಾಡುವ ಸಂದರ್ಭದಲ್ಲಿ ಮಾತನಾಡಿದ ಎಸ್ ಜೈಶಂಕರ್, ಪಾಕಿಸ್ತಾನದೊಂದಿಗೆ ನಿರಂತರ ಮಾತುಕತೆಯ ಸಮಯ ಕೊನೆಗೊಂಡಿದೆ. ಜಮ್ಮು ಮತ್ತು ಕಾಶ್ಮೀರಕ್ಕೆ ಸಂಬಂಧಿಸಿದಂತೆ, ಆರ್ಟಿಕಲ್ 370 ರದ್ದು ಮಾಡಲಾಗಿದೆ. ಹಾಗಾದರೆ, ಇಂದಿನ ಸಮಸ್ಯೆಯೆಂದರೆ ನಾವು ಪಾಕಿಸ್ತಾನದೊಂದಿಗೆ ಯಾವ ರೀತಿಯ ಸಂಬಂಧವನ್ನು ಆಲೋಚಿಸಬಹುದು? ಎಂದು ಕೇಳಿದ್ದಾರೆ.",2024-08-30 09:52:31,https://images.tv9kannada.com/wp-content/uploads/2024/08/s-jaishankar.jpg,tv9kannada,1.5168413990925776e-127,3,17,137,1,13
281,Newsdata,https://timesofindia.indiatimes.com/blogs/toi-edit-page/message-from-kyiv/,Message from Kyiv,"War in Ukraine is deeply personal for many of its citizens. Therefore, peace is likely to be a complicated affair On Kyiv’s main boulevard Khreshchatyk, a teenager is making a social media video on the...",2024-09-02 02:14:17,https://static.toiimg.com/imagenext/toiblogs/photo/blogs/wp-content/uploads/2024/09/fdji-14.png,toi,0.00015135582975934496,8,24,71,6,37
217,Newsdata,https://tv9kannada.com/national/no-reply-received-mamata-banerjee-writes-to-pm-narendra-modi-again-on-rape-against-women-sct-893208.html,ನಿಮ್ಮಿಂದ ಯಾವುದೇ ಪ್ರತಿಕ್ರಿಯೆ ಬಂದಿಲ್ಲ; ಅತ್ಯಾಚಾರ ಪ್ರಕರಣಗಳ ಕುರಿತು ಪ್ರಧಾನಿ ಮೋದಿಗೆ ಮತ್ತೆ ಪತ್ರ ಬರೆದ ಮಮತಾ ಬ್ಯಾನರ್ಜಿ,ಈ ತಿಂಗಳ ಆರಂಭದಲ್ಲಿ ಕೊಲ್ಕತ್ತಾದ ಸರ್ಕಾರಿ ಸ್ವಾಮ್ಯದ ಆರ್‌ಜಿ ಕಾರ್ ವೈದ್ಯಕೀಯ ಕಾಲೇಜು ಮತ್ತು ಆಸ್ಪತ್ರೆಯಲ್ಲಿ ವೈದ್ಯೆಯ ಮೇಲೆ ನಡೆದ ಅತ್ಯಾಚಾರ ಮತ್ತು ಕೊಲೆ ಪ್ರಕರಣಕ್ಕೆ ಸಂಬಂಧಿಸಿದಂತೆ ದೇಶಾದ್ಯಂತ ಪ್ರತಿಭಟನೆಗಳ ಹಿನ್ನೆಲೆಯಲ್ಲಿ ತೃಣಮೂಲ ಕಾಂಗ್ರೆಸ್ ನಾಯಕಿ ಮಮತಾ ಬ್ಯಾನರ್ಜಿ ಪತ್ರ ಬರೆದಿದ್ದಾರೆ.,2024-08-30 09:45:39,https://images.tv9kannada.com/wp-content/uploads/2024/08/mamata-banerjee-2-1.jpg,tv9kannada,3.9186341646901067e-48,0,10,107,2,3
218,Newsdata,https://tv9kannada.com/trending/viral-video-head-constable-died-of-heart-attack-while-dancing-at-farewell-party-aks-893195.html,Viral Video: ಡ್ಯಾನ್ಸ್ ಮಾಡುತ್ತಿರುವಾಗಲೇ ಹೃದಯಾಘಾತದಿಂದ ಕುಸಿದು ಬಿದ್ದು ಹೆಡ್ ಕಾನ್ ಸ್ಟೇಬಲ್ ಸಾವು,"ಬೀಳ್ಕೊಡುಗೆ ಸಮಾರಂಭದಲ್ಲಿ ಹೆಡ್‌ಕಾನ್ಸ್‌ಟೇಬಲ್‌ ರವಿಕುಮಾರ್‌ ಎಲ್ಲರೊಂದಿಗೆ ಸಂತೋಷದಿಂದ ಡ್ಯಾನ್ಸ್ ಮಾಡುತ್ತಿದ್ದಾಗಲೇ ಇದ್ದಕ್ಕಿದ್ದಂತೆ ಹೃದಯಾಘಾತವಾಗಿ ಕುಸಿದು ಬಿದ್ದಿದ್ದಾರೆ. ತಕ್ಷಣ ಸಹ ಸಿಬ್ಬಂದಿಗಳು ಅವರನ್ನು ಸ್ಥಳೀಯ ಖಾಸಗಿ ಆಸ್ಪತ್ರೆಗೆ ದಾಖಲಿಸಿದ್ದು, ಆದರೆ ಅದಾಗಲೇ ಸಾವನ್ನಪ್ಪಿರುವುದಾಗಿ ವೈದ್ಯರು ಘೋಷಿಸಿದ್ದಾರೆ.",2024-08-30 09:40:33,https://images.tv9kannada.com/wp-content/uploads/2024/08/viral-video_-head-constable-died-of-heart-attack-while-dancing-at-farewell-party-aks.jpg,tv9kannada,4.784134645636186e-23,0,11,93,0,2
219,Newsdata,https://www.hindustantimes.com/htcity/htcity-delhi-junction/actor-ankur-rathee-haryana-is-home-of-either-sportspersons-or-actors-101725000345721.html,Actor Ankur Rathee: Haryana is home of either sportspersons or actors,"Bollywood, OTT actor Ankur Rathee talks to HT City in CP, Delhi. From tales of his village in Haryana to his journey from NY to Mumbai, he shares it all!",2024-08-30 09:40:12,https://www.hindustantimes.com/ht-img/img/2024/08/30/1600x900/20240824_MV_actor_Ankur_Rathee_at_CP__New_Delhi_1725003819317_1725003843832.JPG,hindustantimes,0.9994655950493851,51,73,313,78,156
220,Newsdata,https://www.hindustantimes.com/htcity/htcity-delhi-junction/du-day-1-freshers-hit-the-campus-ground-running-amid-rains-101724996693446.html,DU day 1: Freshers hit the campus ground running amid rains!,"Dream college selfie, new friendships, and rains... here’s how the freshers aced day one at North Campus, Delhi University. The new session started from Aug 29.",2024-08-30 09:39:07,https://www.hindustantimes.com/ht-img/img/2024/08/30/1600x900/IMG_3936_1725008720607_1725008749268.JPG,hindustantimes,0.9764397592243516,31,48,283,34,90
221,Newsdata,https://tv9kannada.com/trending/pakistan-minor-chidrens-removing-fish-plates-from-train-track-shocking-video-goes-viral-kannada-news-mda-893183.html,Video: ಸ್ಪ್ಯಾನರ್‌ ಹಿಡಿದು ರೈಲ್ವೆ ಹಳಿಯಲ್ಲಿ ಮಕ್ಕಳ ಕಿತಾಪತಿ; ವೈರಲ್‌ ಆಯ್ತು ವಿಡಿಯೋ,"ರೈಲ್ವೆ ಹಳಿಗಳ ಮೇಲೆ ಮರದ ದಿಮ್ಮಿ ಅಥವಾ ಕಲ್ಲುಗಳನ್ನಿಟ್ಟು ರೈಲು ಬರುವ ಸಂದರ್ಭದಲ್ಲಿ ಹಳಿ ತಪ್ಪಿಸಲು ಪ್ರಯತ್ನಿಸುವ ನೀಚರ ಸುದ್ದಿಗಳ ಬಗ್ಗೆ ಆಗಾಗ್ಗೆ ಕೇಳುತ್ತಲೇ ಇರುತ್ತೇವೆ. ಇದೀಗ ಅಂತಹದ್ದೇ ಆಘಾತಕಾರಿ ಘಟನೆಯೊಂದು ನಡೆದಿದ್ದು, ಸಣ್ಣ ಪುಟ್ಟ ಮಕ್ಕಳೇ ಕೈಯಲ್ಲಿ ಸ್ಪ್ಯಾನರ್‌ ಹಿಡಿದು ರೈಲ್ವೆ ಹಳಿಯ ಫಿಶ್‌ಪ್ಲೇಟ್‌ ತಪ್ಪಿಸಲು ಯತ್ನಿಸಿದ್ದಾರೆ. ಈ ವಿಡಿಯೋ ಸೋಷಿಯಲ್‌ ಮೀಡಿಯಾದಲ್ಲಿ ಭಾರೀ ವೈರಲ್‌ ಆಗುತ್ತಿದ್ದು, ಮಕ್ಕಳ ಈ ಈ ದುಶ್ಕೃತ್ಯವನ್ನು ಕಂಡು ನೆಟ್ಟಿಗರು ಶಾಕ್‌ ಆಗಿದ್ದಾರೆ.",2024-08-30 09:27:07,https://images.tv9kannada.com/wp-content/uploads/2024/08/lifestyle-news-in-kannada-46.jpg,tv9kannada,0.977338725705619,0,12,139,0,2
222,Newsdata,https://www.indiatoday.in/science/story/indian-team-reveals-day-night-secrets-of-marss-magnetic-field-2590839-2024-08-30,Indian team reveals day-night secrets of Mars's magnetic field,Indian team reveals day-night secrets of Mars's magnetic field,2024-08-30 10:53:27,https://akm-img-a-in.tosshub.com/indiatoday/images/story/202408/mars-mission-123000238-16x9.jpeg?VersionId=mdXNmLAlZKK9SAoIFzsiWPLxuoRbZe4i,indiatoday,1.5052584007036798e-08,16,43,122,8,52
223,Newsdata,https://www.indiatoday.in/magazine/leisure/story/20240909-books-on-mahabharata-morality-tales-2590730-2024-08-30,Books on Mahabharata | Morality tales,Books on Mahabharata | Morality tales,2024-08-30 10:51:29,https://akm-img-a-in.tosshub.com/indiatoday/images/story/202408/book-304924479-16x9_0.jpg?VersionId=nQz_iaCg7Omg0y.GvaKvuiCfjYzDvPoR,indiatoday,0.9976179154754986,9,10,33,9,23
224,Newsdata,https://www.india.com/news/india/kolkata-rape-and-murder-case-update-vice-president-dhankhar-first-reaction-rg-kar-hospital-sanjay-roy-7206156/,First Reaction: What Vice President Dhankhar Said About Kolkata Rape And Murder Case?,"Vice President and Rajya Sabha Chairman Jagdeep Dhankhar described the Kolkata rape and murder case as ""painful"" incident and called for a deterrent ecosystem to punish the perpetrators.",2024-08-30 10:50:41,https://static.india.com/wp-content/themes/icom/images/default-big.svg,india,0.9313819080748577,38,54,305,49,130
225,Newsdata,https://www.india.com/news/india/i-bow-my-head-pm-modi-apologises-for-chhatrapati-shivaji-maharaj-statue-collapse-7206077/,‘I Bow My Head...’: PM Modi Apologises For Chhatrapati Shivaji Maharaj Statue Collapse,"Earlier this week, on August 26, a 35-foot statue of Chhatrapati Shivaji Maharaj, the 17th-century Maratha empire founder, installed at Rajkot Fort premises collapsed on August 26, nearly nine months after it was unveiled by Prime Minister Narendra Modi.",2024-08-30 10:47:08,https://static.india.com/wp-content/themes/icom/images/default-big.svg,india,0.903072823043662,13,26,214,29,76
226,Newsdata,https://tv9kannada.com/national/kangana-ranaut-calls-former-president-ram-nath-kovind-as-ram-covid-internet-bursts-into-meme-trolls-sct-893255.html,Kangana Ranaut: ಮಾಜಿ ರಾಷ್ಟ್ರಪತಿ ರಾಮನಾಥ್ ಕೋವಿಂದ್​ಗೆ ‘ರಾಮ್ ಕೋವಿಡ್’ ಎಂದ ಕಂಗನಾ ರಣಾವತ್; ಇಂಟರ್ನೆಟ್​ನಲ್ಲಿ ಟ್ರೋಲ್ ಸುರಿಮಳೆ,"ಸಂದರ್ಶನವೊಂದರಲ್ಲಿ ಮಾಜಿ ರಾಷ್ಟ್ರಪತಿ ರಾಮನಾಥ್ ಕೋವಿಂದ್ ಅವರನ್ನು ಪದೇಪದೆ 'ರಾಮ್ ಕೋವಿಡ್' ಎಂದು ಕರೆದಿರುವ ಕಂಗನಾ ರಣಾವತ್ ಬಗ್ಗೆ ಇಂಟರ್ನೆಟ್​ನಲ್ಲಿ ಮೆಮ್ಸ್, ಟ್ರೋಲ್​ಗಳು ಹೆಚ್ಚಾಗಿವೆ. ಕಂಗನಾ ಅವರ ಸಾಮಾನ್ಯ ಜ್ಞಾನದ ಬಗ್ಗೆ ನೆಟ್ಟಿಗರು ಟೀಕೆ ಮಾಡುತ್ತಿದ್ದು, ಆಕೆಗೆ ಅರ್ಜೆಂಟಾಗಿ ಮನಶ್ಯಾಸ್ತ್ರಜ್ಞರೊಬ್ಬರ ಅಗತ್ಯವಿದೆ ಎಂದು ಲೇವಡಿ ಮಾಡಿದ್ದಾರೆ.",2024-08-30 10:40:57,https://images.tv9kannada.com/wp-content/uploads/2024/08/kangana-ranaut-1-1.jpg,tv9kannada,4.655411040455792e-49,2,18,167,3,9
227,Newsdata,https://www.theweek.in/voices/columns/brijeshwari-gohil/2024/08/30/the-art-of-creating-a-statue.html,The art of creating a statue,"If attention to detail was given, recent statues, like the ancient ones, would stand the test of time",2024-08-30 11:51:30,https://img.theweek.in/content/dam/week/week/voices/columns/brijeshwari-gohil/images/2024/8/30/shivaji-brijeshwari.jpg,theweek_in,9.845193924381132e-10,33,52,201,17,132
228,Newsdata,https://www.india.com/news/india/cruise-trip-to-bus-ride-ksrtc-introduces-travel-packages-to-panchapandava-temples-ahead-of-onam-check-details-munnar-malakkapara-7206503/,Cruise Trip To Bus Ride: KSRTC Introduces Travel Packages To Panchapandava Temples Ahead Of Onam; Check Details,"In anticipation of the forthcoming Onam celebrations, Kerala's very own State Transport Corporation (KSRTC) has kicked off numerous travel bundles, all designed with an intent to uplift the festive spirit for those planning to revel in the festivities in Kerala.",2024-08-30 11:46:09,https://static.india.com/wp-content/themes/icom/images/default-big.svg,india,8.361088758809267e-05,11,39,208,20,70
229,Newsdata,https://www.india.com/viral/mumbai-road-rage-man-assaults-ola-driver-bodyslams-him-on-road-after-cab-brushes-his-audi-ghatkopar-watch-viral-video-7205997/,"Mumbai Road Rage: Man Assaults Ola Driver, Bodyslams Him On Road After Cab Brushes His Audi | WATCH","Mumbai Road Rage: CCTV footage of the incident showed the attacker stepping out of his Audi and slapping the Ola driver after the cab bumped into his luxury car. The Audi driver then lifted the cabbie and body-slammed to the ground. The incident took place in Ghatkopar, Mumbai.",2024-08-30 11:43:05,https://static.india.com/wp-content/themes/icom/images/default-big.svg,india,8.85501080313588e-05,6,15,142,8,44
230,Newsdata,https://www.india.com/news/india/kolkata-rape-and-murder-mamata-writes-to-modi-again-says-no-reply-received-7206114/,"Kolkata Rape And Murder: Mamata Writes To Modi Again, Says ‘No Reply Received’","Urging for central legislation and exemplary punishment for heinous crimes, the West Bengal CM expressed hope for very considered attention from PM Modi.",2024-08-30 11:35:53,https://static.india.com/wp-content/themes/icom/images/default-big.svg,india,1.3107614736852585e-10,26,58,324,22,128
231,Newsdata,https://www.dnaindia.com/india/report-indian-economy-grew-67-in-april-june-quarter-lower-than-rbi-s-forecast-of-3105139,"Indian economy grew 6.7% in April-June quarter, lower than RBI's forecast of...",The nominal GDP has witnessed a growth rate of 9.7 per cent in the April-June quarter of 2024-25 as compared to the growth rate of 8.5 per cent same quarter of last fiscal year.,2024-08-30 12:53:00,https://cdn.dnaindia.com/sites/default/files/styles/third/public/2024/08/30/2649304-image-2024-08-30t182404.130.jpg,dnaindia,1.4490370707719473e-11,7,49,122,7,49
232,Newsdata,https://www.india.com/news/india/haryana-assembly-elections-cm-nayab-singh-saini-to-contest-from-ladwa-in-kurukshetra-7206962/,Haryana Assembly Elections: CM Nayab Singh Saini To Contest From Ladwa In Kurukshetra,The Ladwa assembly seat is currently held by the Congress’s Mewa Singh.,2024-08-30 14:22:21,https://static.india.com/wp-content/themes/icom/images/default-big.svg,india,3.990420756830134e-30,11,18,172,6,56
233,Newsdata,https://www.washingtontimes.com/news/2024/aug/30/burning-man-festival-includes-tribute-to-nova-oct-/,Burning Man festival includes tribute to Nova Oct. 7 massacre victims,"""A lot of people are touched by it and very grateful,"" the group Nova Heaven told JNS.",2024-08-30 14:18:56,https://twt-thumbs.washtimes.com/media/image/2024/08/26/Burning_Man-Nevada_05525_s1440x850.jpg,washingtontimes,0.00025265915310721275,11,27,145,15,78
234,Newsdata,https://timesofindia.indiatimes.com/blogs/voices/ex-lateral-entrant-recounts-her-days-working-for-sarkar/,Ex-lateral entrant recounts her days working for sarkar,"I recently concluded an eight-year tenure at Niti Aayog – as the only lateral entrant to have worked directly with all three vice chairpersons. During my time, I acquired a deep understanding of the policymaking...",2024-08-31 04:11:01,https://static.toiimg.com/photo/75433510.cms,toi,0.008489443091077215,6,15,51,8,19
235,Newsdata,https://odishatv.in/news/odisha/odisha-reported-seven-rape-cases-three-murders-a-day-in-2023-official-document-242924,"Odisha reported seven rape cases, three murders a day in 2023: Official document","Odisha reported at least seven rape cases and three murders daily in 2023, as per a white paper tabled in the assembly. The state witnessed 2,826 rape cases and 1,362 murder cases.",2024-08-31 02:28:18,https://images.odishatv.in/uploadimage/library/16_9/16_9_4/default.svg,odishatv,2.3410198551526887e-37,2,6,54,2,21
236,Newsdata,https://odishatv.in/news/odisha/along-with-odia-odisha-govt-allows-use-of-english-in-official-matters-242923,"Along with Odia, Odisha govt allows use of English in official matters",As per the latest notification issued by the General Administration (GA) & Public Grievance Department clearly states that official works can either be completely done in Odia or Odia and English.,2024-08-31 02:22:42,https://images.odishatv.in/uploadimage/library/16_9/16_9_4/default.svg,odishatv,0.9999999999548297,7,6,35,0,14
237,Newsdata,https://www.india.com/maharashtra/mumbai-western-railways-announces-change-in-boarding-and-deboarding-patterns-at-malad-station-platforms-7207701/,Mumbai: Western Railways Announces Change In Boarding And Deboarding Patterns At Malad Station Platforms,"Platform number one, which currently receives Down Slow local trains for passengers to board/deboard on the Left side (west) for trains coming from Churchgate side, will now shift to right side (east).",2024-08-31 04:40:20,https://static.india.com/wp-content/themes/icom/images/default-big.svg,india,1.1840950112677957e-103,13,27,147,1,61
238,Newsdata,https://timesofindia.indiatimes.com/blogs/toi-edit-page/what-tourism-builds-what-it-destroys/,"What tourism builds, what it destroys","Note for Indians, who travel the world like never before Indian holidaymakers are in high demand, as we travel the world in ever larger numbers. The New Tourist: Waking Up to the Power and Perils...",2024-08-31 04:35:59,https://static.toiimg.com/imagenext/toiblogs/photo/blogs/wp-content/uploads/2021/06/mind_field_final.jpg,toi,0.0004883480555803506,25,60,199,22,88
240,Newsdata,https://www.dnaindia.com/india/report-those-who-lack-love-in-their-akhilesh-yadav-on-yogi-adityanath-s-red-caps-jibe-3105208,'Those who lack love in...': Akhilesh Yadav on Yogi Adityanath's 'red caps' jibe,"Akhilesh Yadav delved into the issue of colours and their significance at length in a post on X, and said those who lack love, union and harmony in their lives often have ill-will towards the colour red.",2024-08-31 04:30:00,https://cdn.dnaindia.com/sites/default/files/styles/third/public/2024/08/31/2649370-image-2024-08-31t100511.305.jpg,dnaindia,0.07490708871062231,17,63,170,33,79
241,Newsdata,https://timesofindia.indiatimes.com/blogs/toi-edit-page/do-it-the-french-way/,Do it the French way,"Govts come and go, our budgets nudge and push, but what will it take to move our business leaders to action? Should we think instead of a new born-again public sector in India that might...",2024-08-31 04:16:32,https://static.toiimg.com/imagenext/toiblogs/photo/blogs/wp-content/uploads/2017/08/dipankar-gupta-new.jpg,toi,0.0006633863864135055,3,14,40,4,22
242,Newsdata,https://www.india.com/karnataka/power-cut-in-bengaluru-today-silicon-city-to-face-5-hour-electricity-disruption-in-these-area-check-timing-kptcl-ias-colony-tilak-nagar-7207675/,Power Cut In Bengaluru Today: Silicon City To Face 5-Hour Electricity Disruption In These Area; Check Timing,Bengaluru city will face scheduled power cut on August 31 due to massive maintenance works. The maintenance work will be conducted by power agencies including both the Bengaluru Electricity Supply Company (BESCOM) and the Karnataka Power Transmission Corporation Limited (KPTCL). Check affected areas and timing.,2024-08-31 04:15:06,https://static.india.com/wp-content/themes/icom/images/default-big.svg,india,6.213256015360205e-10,8,36,193,11,63
243,Newsdata,https://www.dnaindia.com/india/report-cyclone-asna-leaves-no-major-impact-on-gujarat-moves-towards-oman-3105205,"Cyclone Asna leaves no major impact on Gujarat, moves towards Oman","As a precautionary measure, the local administration had shifted nearly 3,500 persons to safer locations and had asked people living in huts and mud houses to take shelter in other buildings, said Kutch district collector Amit Arora.",2024-08-31 04:15:00,https://cdn.dnaindia.com/sites/default/files/styles/third/public/2024/08/31/2649368-cyclone-asna.jpg,dnaindia,1.5958176270559634e-130,10,28,177,2,79
244,Newsdata,https://theprint.in/opinion/pov/uorfi-javed-has-done-what-rakhi-sawant-couldnt-capitalise-on-paparazzi-attention/2246114/,Uorfi Javed has done what Rakhi Sawant couldn’t—capitalise on paparazzi attention,"In 'Follow Kar Lo Yrrr', whenever Javed appears incredibly relatable. Her journey speaks to the everyday hustle of middle-class life.",2024-08-31 03:30:07,https://static.theprint.in/wp-content/uploads/2024/08/shikwaehind-14-696x392.jpg,theprint,0.9985617181094227,47,69,258,77,152
245,Newsdata,https://tv9kannada.com/national/kedarnath-helicopter-crash-mi-17-helicopter-crash-in-kedarnath-national-news-in-kannada-akp-893619.html,Kedarnath helicopter crash: ಕೇದಾರನಾಥದಲ್ಲಿ MI-17 ಹೆಲಿಕಾಪ್ಟರ್ ಪತನ,ಉತ್ತರಾಖಂಡದ ಕೇದಾರನಾಥದಿಂದ ಗೌಚಾರ್‌ಗೆ ಏರ್ಲಿಫ್ಟ್ ಮಾಡಲಾಗುತ್ತಿದ್ದ ವೇಳೆ ಈ ದುರಂತ ನಡೆದಿದೆ. ಹೆಲಿಕಾಪ್ಟರ್ ಇಂದು ಬೆಳಿಗ್ಗೆ ಆಕಸ್ಮಿಕ ತಾಂತ್ರಿಕ ದೋಷದಿಂದ ಪತನಗೊಂಡಿದೆ ಎಂದು ಹೇಳಲಾಗಿದೆ.,2024-08-31 05:12:50,https://images.tv9kannada.com/wp-content/uploads/2024/08/national-news-in-kannada-22.jpg,tv9kannada,0.9999872338419641,2,12,109,0,7
246,Newsdata,https://www.gujaratsamachar.com/news/national/rainfall-warning-rain-alert-in-16-states-including-rajasthan-gujarat,"ગુજરાત-રાજસ્થાન સહિત 16 રાજ્યોમાં વરસાદનું એલર્ટ, હવામાન વિભાગની લેટેસ્ટ આગાહી","IMD Weather Update: દિલ્હી-એનસીઆરમાં વરસાદ અટકવાનું નામ લેતો જ નથી હવે લોકો બફારાથી પરેશાન થવા લાગ્યા છે. હવામાન વિભાગના અનુસાર આજે દિલ્હીમાં વરસાદની સંભાવના છે. જોકે આકાશમાં વાદળોએ અડિંગો જમાવ્યો છે. આ દરમિયાન ભારે પવન ફૂંકાશે જેથી લોકોને ગરમીમાંથી રાહત મળી શકે છે. હવામાન વિભાગે આજે આ દેશના 16 રાજ્યોમાં વરસાદને લઇને એલર્ટ જાહેર કર્યું છે. તેમાં ગુજરાત, છત્તીસગઢ, ઓડિશા, કર્ણાટક, તેલંગાણા, રાજસ્થાન, મહારાષ્ટ્ર, ગોવા, બંગાળ, નોર્થ ઇસ્ટ, કેરલ સામેલ છે. તો બીજી તરફ ગુજરાતમાં ગત 7 દિવસથી ભારે વરસાદ ખાબકી રહ્યો છે. રાજ્યના અનેક જિલ્લા પૂરમાં જળમગ્ન બની ચૂક્યા છે. હવામાન વિભાગે અરબ સાગરમાં ઉદભવેલા અસના ચક્રવાતને લઇને એલર્ટ જાહેર કર્યું છે. હાલ ગુજરાતમાં વાવાઝોડાની આંશિક અસર જોવા મળી શકે છે. કચ્છના ડીએમએ જણાવ્યું હતું કે અત્યાર સુધી 3500થી વધુ લોકોને સુરક્ષિત સ્થળે ખસેડવામાં આવ્યા છે.આ પણ વાંચો : વીજકર્મી 1000 કિલોનું ટ્રાન્સફોર્મર રસ્તા વચ્ચે મૂકીને જતા રહ્યા, આદિવાસીઓએ 3 KM ખભે ઊંચકીને લાવ્યા31 ઓગસ્ટની આગાહીઆજે 31 ઓગસ્ટે ભારેથી અતિભારે વરસાદનું જોર ઘટશે અને સૌરાષ્ટ્ર, કચ્છ, દક્ષિણ ગુજરાત સહિતના જિલ્લામાં ભારે વરસાદની આગાહી કરતું યલો ઍલર્ટ જ્યારે અમદાવાદ, ગાંધીનગર, આણંદમાં ગ્રીન ઍલર્ટ રહેશે. 1-2 સપ્ટેમ્બરની આગાહી 1 સપ્ટેમ્બરે નવસારી અને વલસાડ જિલ્લામાં ભારે વરસાદને પગલેયલો એલર્ટ જાહેર કરવામાં આવ્યું છે. આ સિવાયના 31 જિલ્લામાં નો વોર્નિંગ જાહેર કરવામાં આવ્યું છે. બીજી તરફ, 2 સપ્ટેમ્બરે મધ્ય ગુજરાતના વડોદરા અને છોટા ઉદેપુર જિલ્લામાં ભારે વરસાદને પગલે ઓરેન્જ એલર્ટ જાહેર કરવામાં આવ્યું છે. જ્યારે ભારે વરસાદને પગલે ભાવનગર, પંચમહાલ, દાહોદ, આણંદ, ભરૂચ અને નર્મદા જિલ્લામાં યલો એલર્ટ જાહેર કરવામાં આવ્યું છે.The CS ASNA over NE Arabian Sea off Pak coast moved westwards, 310 km West of Naliya.Likely to move away from Indian coast during next 24 hours. pic.twitter.com/vidQBdtEw6— India Meteorological Department (@Indiametdept) August 31, 2024 3થી 5 સપ્ટેમ્બરની આગાહીહવામાન વિભાગની આગાહી પ્રમાણે, રાજ્યમાં આગામી 3થી 5 સપ્ટેમ્બર દરમિયાન દક્ષિણ ગુજરાત અને મધ્ય ગુજરાતના જિલ્લાના વિસ્તારોમાં ધોધમાર વરસાદની આગાહી છે. જેમાં 3 સપ્ટેમ્બરે ભરૂચ અને નર્મદા જિલ્લાના છૂટાછવાયા સ્થળોએ ભારેથી અતિભારે વરસાદને પગલે ઓરેન્જ એલર્ટ અને સૌરાષ્ટ્રના ભાવનગર, અમરેલી સહિત આણંદ, વડોદરા, છોટા ઉદેપુર, તાપી, નવસારી, ડાંગ, સુરત અને વલસાડ જિલ્લામાં ભારે વરસાદને પગલે યલો એલર્ટ જાહેર કરવામાં આવ્યું છે.આ પણ વાંચો : સૌરાષ્ટ્ર-કચ્છમાં લીલા દુષ્કાળની ભીતિ, 5 જિલ્લામાં દોઢથી અઢી ગણો વરસાદ, ખેડૂતો મુશ્કેલીમાં મૂકાયા4 સપ્ટેમ્બરના દિવસે ભરૂચ અને વડોદરા જિલ્લામાં ઓરેન્જ એલર્ટ અને સૌરાષ્ટ્રના અમરેલી, ભાવનગર સહિત દાહોદ, પંચમહાલ, આણંદ, છોટા ઉદેપુર, નર્મદા, તાપી, સુરત, ડાંગ, નવસારી અને વલસાડ જિલ્લામાં ભારે વરસાદને પગલે યલો એલર્ટ જાહેર કરવામાં આવ્યું છે. જ્યારે 5 સપ્ટેમ્બરે ભારે વરસાદને પગલે પંચમહાલ, વડોદરા અને ભરૂચ જિલ્લામાં યલો એલર્ટ જાહેર કરવામાં આવ્યું છે. આ સિવાયના 30 જિલ્લામાં નો વોર્નિંગ જાહેર કરવામાં આવ્યું છે. દિલ્હીમાં ભારે પવન ફૂંકાશેઆઇએમડીના અનુસાર રાજધાની દિલ્હીમાં 31 ઓગસ્ટ અને 1 સપ્ટેમ્બરના રોજ વરસાદ પડશે નહી. જોકે આ દરમિયાન ભારે પવન ફૂંકાશે અને આકાશમાં વાદળો છવાયેલા રહેશે. મહત્તમ તાપમાન 35-36 ડિગ્રી અને લઘુત્તમ તાપમાન 24 થી 25 ડિગ્રી વચ્ચે રહેશે. 2 સપ્ટેમ્બરના રોજ રાજધાની દિલ્હીમાં હળવા વરસાદની આગાહી છે. ઓક્ટોબરમાં ચોમાસુ વિદાય લે તેવી શક્યતાહવામાન નિષ્ણાતો દ્વારા રાજ્યમાં આગામી 10 સપ્ટેમ્બર સુધી મધ્ય ગુજરાત અને ઉત્તર ગુજરાતમાં ભારે વરસાદની આગાહી કરવામાં આવી છે. જ્યારે સપ્ટેમ્બર મહિનામાં એક પછી એક વરસાદી સિસ્ટમ સક્રિય થવાથી 15 સપ્ટેમ્બર સુધી અને 23 સપ્ટેમ્બર પછી વરસાદી ઝાપટા પડવાની શક્યતા છે. જો કે, સપ્ટેમ્બરના અંત સુધી અથવા ઓક્ટોબરના પહેલા સપ્તાહમાં ચોમાસુ વિદાય લે તેવી શક્યતા છે.",2024-08-31 04:45:32,http://static.gujaratsamachar.com/articles/articles_thumbs/photo_1725079532557.jpeg,gujaratsamachar,1.0,1,16,221,0,8
247,Newsdata,https://www.catchnews.com/bizarre-news/perfect-rescue-king-cobra-safely-extracted-from-agumbe-ghat-residential-area-in-karnataka-253585.html,Perfect Rescue: King Cobra Safely Extracted from Agumbe Ghat Residential Area in Karnataka,In a remarkable rescue operation wildlife experts successfully saved a King Cobra from a residential area within the lush Agumbe Ghat in Karnataka rsquo s Western Ghats This region known for its vibrant flora and fauna posed a significant challenge due to its dense vegetation and proximity to human habitation The King Cobra one of the world's most venomous snakes had ventured too close to homes necessitating a careful rescue nbsp King Cobra in Agumbe Ghat in western ghat of South Karnataka Rescued amp released safely pic twitter com NAQvaHnc mdash Susanta Nanda susantananda July The rescuers used snake hooks,2024-08-31 06:00:38,https://images.catchnews.com/upload/2024/08/31/King_Kobra_Rescued_253585_1280x720.jpg,catchnews,2.9551410447672796e-10,9,26,86,4,29
248,Newsdata,https://www.india.com/news/delhi/farmers-protest-at-shambhu-and-khanauri-borders-wrestler-vinesh-phogat-to-join-check-details-7207748/,"Farmers’ Protest At Shambhu And Khanauri Borders, Wrestler Vinesh Phogat To Join; Check Details","Farmers’ Protest Today At Shambhu Border; Wrestler Vinesh Phogat To Join, Check Details",2024-08-31 05:41:35,https://static.india.com/wp-content/themes/icom/images/default-big.svg,india,2.70187993954598e-24,5,8,49,2,16
249,Newsdata,https://timesofindia.indiatimes.com/blogs/developing-contemporary-india/making-social-change-viable-for-young-people/,Making social change viable for young people,A programme with a narrative that empowers and inspires young people and a design that embeds their needs within it is key to engaging today’s youth. Building interest for a programme and ensuring engagement can...,2024-08-31 05:17:52,https://static.toiimg.com/photo/75433510.cms,toi,0.7114506122213518,74,183,479,114,302
250,Newsdata,https://www.tv9marathi.com/national/cyclone-asna-imd-forecasts-heavy-rain-for-gujarat-marathi-news-1261218.html,"Cyclone ASNA: पन्नास वर्षांत प्रथमच जमिनीतून चक्रीवादळ, आता जमिनीनंतर समुद्रात धुमाकूळ माजवणार",Cyclone ASNA in gujarat: गुजरात आणि पाकिस्तानमधील कच्छजवळील भागात आणि ईशान्य अरबी समुद्रावर तयार झालेल्या 'खोल दाब'मुळे चक्रीवादळ तयार झाले आहे. हे 6 किमी/तास वेगाने पश्चिमेकडे अरबी समुद्रात सरकले आहे. पाकिस्तानने या चक्रीवादळाला 'आसना' असे नाव दिले आहे.,2024-08-31 05:17:08,https://images.tv9marathi.com/wp-content/uploads/2024/08/Cyclone-ASNA.jpg,tv9marathi,7.129273508974503e-18,3,27,217,0,6
251,Newsdata,https://tv9telugu.com/entertainment/tollywood/do-you-remember-the-director-with-anjali-in-this-photo-he-is-vassishta-1339025.html,అప్పుడు హీరోగా ఇప్పుడు దర్శకుడిగా.. ఏకంగా మెగాస్టార్‌నే డైరెక్ట్ చేశాడు అతడు.. ఎవరో గుర్తుపట్టారా.?,"తెలుగు, తమిళ్ భాషల్లో తనకంటూ ప్రత్యేక గుర్తింపు తెచ్చుకుంది ఈ ముద్దుగుమ్మ. కమర్షియల్ సినిమాలతో పాటు లేడీ ఓరియెంటడ్ మూవీస్ చేసి ప్రేక్షకులను మెప్పించింది. తమిళ్ లో ఈ అమ్మడు నటించిన షాపింగ్ మాల్ సినిమా తెలుగులోనూ డబ్ అయ్యింది.",2024-08-31 06:32:29,https://images.tv9telugu.com/wp-content/uploads/2024/08/tollywood-director-1.jpg,tv9telugu,1.8783743853622593e-188,1,28,207,1,5
252,Newsdata,https://odishatv.in/news/odisha/bird-flu-threat-avoid-eating-chicken-for-some-days-bmc-mayor-appeals-bhubaneswar-residents-242953,"Bird flu threat: Avoid eating chicken for some days, BMC Mayor appeals Bhubaneswar residents","Though no case of bird flu has been detected in Bhubaneswar, the municipal corporation has also urged the poultry traders not to import chickens from affected areas.",2024-08-31 06:23:33,https://images.odishatv.in/uploadimage/library/16_9/16_9_4/default.svg,odishatv,2.1758140086330033e-22,10,8,75,5,50
253,Newsdata,https://odishatv.in/news/national/youth-beaten-driven-around-tied-to-car-bonnet-gujarat-cops-register-case-against-3-242952,"Youth beaten, driven around tied to car bonnet; Gujarat cops register case against 3",A viral video showing a youth being beaten and tied to the bonnet of a car in Godhra's Kanku Thambhala area has led to police action. The youth was allegedly caught attempting to steal pesticides and food from a local shop.,2024-08-31 06:21:00,https://images.odishatv.in/uploadimage/library/16_9/16_9_4/default.svg,odishatv,8.579550305084387e-12,10,15,94,6,66
254,Newsdata,https://odishatv.in/news/odisha/25-new-excise-stations-to-be-set-up-in-odisha-crucial-meeting-on-september-4-242951,25 new excise stations to be set up in Odisha; crucial meeting on September 4,"In a letter to all Excise SPs, the Excise Commissioner has stated that out of the total 25 excise stations, 3 each will come up in Ganjam, Balasore and Berhampur",2024-08-31 06:18:22,https://images.odishatv.in/uploadimage/library/16_9/16_9_4/default.svg,odishatv,0.999966908539709,2,20,62,0,29
255,Newsdata,https://timesofindia.indiatimes.com/blogs/developing-contemporary-india/towards-child-responsive-local-governance/,Towards child-responsive local governance,"Karnataka’s makkala grama sabhas play an important role in inducting children into the democratic process. Here’s what they need to function more effectively. Karnataka’s children’s village sabhas, known as makkala grama sabhas in Kannada, are...",2024-08-31 06:16:09,https://static.toiimg.com/photo/75433510.cms,toi,3.3901102848885837e-06,55,154,559,50,246
256,Newsdata,https://tv9kannada.com/national/prime-minister-modi-inaugurated-the-national-conference-of-district-judiciary-national-news-akp-893659.html,Narendra Modi: ಜಿಲ್ಲಾ ನ್ಯಾಯಾಂಗದ ರಾಷ್ಟ್ರೀಯ ಸಮ್ಮೇಳನ ಉದ್ಘಾಟಿಸಿದ ಪ್ರಧಾನಿ ಮೋದಿ,ಪ್ರಧಾನಿ ಮೋದಿ ಅವರು ಇಂದು ಜಿಲ್ಲಾ ನ್ಯಾಯಾಂಗದ ರಾಷ್ಟ್ರೀಯ ಸಮ್ಮೇಳನ ಉದ್ಘಾಟಿಸಿ ಮಾತನಾಡಿದರು. ಈ ಸಮ್ಮೇಳನ ಎರಡು ದಿನಗಳ ಕಾಲ ದೆಹಲಿಯ ಭಾರತ ಮಂಟಪದಲ್ಲಿ ನಡೆಯುತ್ತಿದೆ. ಇನ್ನು ಈ ಸಂದರ್ಭದಲ್ಲಿ ಪ್ರಧಾನಮಂತ್ರಿ ಮೋದಿ ಅವರು ಭಾರತದ ಸರ್ವೋಚ್ಚ ನ್ಯಾಯಾಲಯದ ಸ್ಥಾಪನೆಯಾಗಿ 75 ವರ್ಷಗಳ ಸ್ಮರಣಾರ್ಥವಾಗಿ ಅಂಚೆಚೀಟಿ ಮತ್ತು ನಾಣ್ಯವನ್ನು ಅನಾವರಣಗೊಳಿಸಿದರು.,2024-08-31 06:16:08,https://images.tv9kannada.com/wp-content/uploads/2024/08/national-news-in-kannada-24.jpg,tv9kannada,0.9999998895096138,0,11,105,0,7
257,Newsdata,https://www.india.com/news/india/term-of-22-law-commission-ends-today-ucc-report-still-in-works-7208054/,Term Of 22 Law Commission Ends Today; UCC Report Still In Works,The term of the 22 Law Commission came to an end today with its key report on the Uniform Civil Code (UCC) still in work.,2024-08-31 07:59:06,https://static.india.com/wp-content/themes/icom/images/default-big.svg,india,3.8136631885896917e-10,11,25,142,9,46
258,Newsdata,https://www.india.com/viral/shocking-this-roadside-stall-sells-cobra-pakora-blood-juice-multiple-snakes-caged-watch-viral-video-7208047/,"Shocking! This Roadside Stall Sells ‘Cobra Pakora’, ‘Blood Juice’; Multiple Snakes Caged | Watch Viral Video",A video of a roadside food stall in Indonesia is going viral that will leave you shocked. The stall sells cobra dishes and its blood. The video is viral on the internet.,2024-08-31 07:43:13,https://static.india.com/wp-content/themes/icom/images/default-big.svg,india,0.01289836758190345,20,35,169,21,80
259,Newsdata,https://timesofindia.indiatimes.com/blogs/tracking-indian-communities/opportunity-for-left-to-prove-its-commitment-to-gender-equity/,‘Opportunity For Left To Prove Its Commitment To Gender Equity’,"Carpe Diem: Let’s Turn #MeToo Into #WeToo SEIZE THE MOMENT: The deep churn in Mollywood precipitated by the Hema Committee report is a once-in-a-generation, watershed moment. But, as many women artists, activists and thought leaders...",2024-08-31 07:41:00,https://static.toiimg.com/imagenext/toiblogs/photo/blogs/wp-content/uploads/2015/07/roots-wings2.jpg,toi,0.003114094158715677,71,98,345,49,243
260,Newsdata,https://tv9kannada.com/national/4-95-lakhs-on-the-bike-when-he-went-to-fetch-vada-pav-for-his-grandchildren-a-thief-stole-a-bag-of-valuable-gold-national-news-in-kannada-akp-893714.html,ಮೊಮ್ಮಕ್ಕಳಿಗಾಗಿ ವಡಾ ಪಾವ್ ತರಲು ಹೋದಾಗ ಬೈಕ್​​ನಲ್ಲಿದ್ದ 4.95 ಲಕ್ಷ ರೂ. ಮೌಲ್ಯದ ಚಿನ್ನದ ಬ್ಯಾಗ್ ಎಗರಿಸಿದ ಕಳ್ಳ,ವೃದ್ಧ ದಂಪತಿಗಳು ಬ್ಯಾಂಕ್‌ನಿಂದ ಮನೆಗೆ ಹೋಗುತ್ತಿದ್ದಾಗ ಮೊಮ್ಮಕ್ಕಳಿಗಾಗಿ ಶೆವಲೆವಾಡಿಯ ಅಂಗಡಿಯಿಂದ ವಡಾ ಪಾವ್ ತೆಗೆದುಕೊಂಡು ಹೋಗಲು ಬೈಕ್​​​ ನಿಲ್ಲಿಸಿದ್ದಾರೆ. ಈ ವೇಳೆ ಕಳ್ಳನೊಬ್ಬ ಬಂದ ಬೈಕ್​​ನಲ್ಲಿದ್ದ ₹4.95 ಲಕ್ಷ ಮೌಲ್ಯದ ಚಿನ್ನಾಭರಣ ದೋಚಿದ್ದಾನೆ. ಈ ಬಗ್ಗೆ ಸಿಸಿಟಿವಿ ದೃಶ್ಯ ಇಲ್ಲಿದೆ ನೋಡಿ,2024-08-31 07:30:55,https://images.tv9kannada.com/wp-content/uploads/2024/08/viral-news-in-kannada-38.jpg,tv9kannada,9.18248061889767e-16,0,14,121,0,3
261,Newsdata,https://tv9kannada.com/national/olympian-vinesh-phogat-joins-farmers-massive-protest-which-entered-its-200th-day-at-shambhu-border-kannada-news-rak-893702.html,ಶಂಭು ಗಡಿಯಲ್ಲಿ ರೈತರ ಬೃಹತ್ ಪ್ರತಿಭಟನೆಗೆ ವಿನೇಶ್ ಫೋಗಟ್ ಬೆಂಬಲ,"ಇವರು ಇಲ್ಲಿ ಕುಳಿತು 200 ದಿನಗಳು ಕಳೆದಿವೆ, ಇದನ್ನು ನೋಡುವುದು ನೋವುಂಟುಮಾಡುತ್ತದೆ, ಅವರೆಲ್ಲರೂ ಈ ದೇಶದ ನಾಗರಿಕರು, ರೈತರು ದೇಶವನ್ನು ನಡೆಸುತ್ತಾರೆ, ಅವರಿಲ್ಲದೆ ಏನೂ ಸಾಧ್ಯವಿಲ್ಲ. ಅವರು ನಮಗೆ ಆಹಾರವನ್ನು ನೀಡದಿದ್ದರೆ ಕ್ರೀಡಾಪಟುಗಳಿಗೂ ಏನೂ ಮಾಡಲು ಆಗುವುದಿಲ್ಲ. ನಾವು ಅನೇಕ ಬಾರಿ ಅಸಹಾಯಕರಾಗಿದ್ದೇವೆ. ಏನನ್ನೂ ಮಾಡಲು ಸಾಧ್ಯವಾಗುವುದಿಲ್ಲ ಎಂದು ರೈತರ ಪ್ರತಿಭಟನೆಯಲ್ಲಿ ಭಾಗಿಯಾದ ವಿನೇಶ್ ಫೋಗಟ್ ಹೇಳಿದ್ದಾರೆ.",2024-08-31 07:28:18,https://images.tv9kannada.com/wp-content/uploads/2024/08/vinesh-phogat-22.jpg,tv9kannada,0.01725737091665085,2,9,87,6,16
262,Newsdata,https://www.greaterkashmir.com/latest-news/aerial-platforms-being-used-to-provide-extra-cover-of-security-in-doda-kishtwar-of-jammu-army/,"Aerial platforms being used to provide extra cover of security in Doda, Kishtwar of Jammu: Army","Srinagar, Aug 31: The Indian army’s General Officer in Commanding (GOC) for White Knight Corps, and GOC for Counter Insurgency Force, Delta, a unit of Rashtirya... The post Aerial platforms being used to provide extra cover of security in Doda, Kishtwar of Jammu: Army appeared first on Greater Kashmir.",2024-08-31 08:45:46,https://greaterkashmir.imagibyte.sortdcdn.net/wp-content/uploads/2024/08/GWS9x-NXwAEeoXl.jpg?quality=80&type=webp,greaterkashmir,3.2089516965939323e-22,2,8,75,3,16
263,Newsdata,https://timesofindia.indiatimes.com/blogs/stay-organized-stay-productive/the-wealth-builders-playbook-let-systems-and-people-work-for-you-not-just-you/,"The wealth builder’s playbook: Let systems and people work for you, not just you",Ever wonder why the rich seem to keep getting richer while others struggle to make ends meet? The wealthy understand that accumulating wealth isn’t just about earning more money. It’s about making their money work...,2024-08-31 16:33:46,https://static.toiimg.com/imagenext/toiblogs/photo/blogs/wp-content/uploads/2022/03/Pic-13-1.png,toi,0.9919417569404492,47,74,231,66,158
264,Newsdata,https://www.india.com/maharashtra/watch-4-mumbai-police-officers-suspended-after-viral-cctv-clip-shows-them-planting-drugs-on-man-mumbai-police-viral-video-khar-police-station-anti-terror-cell-7209093/,"WATCH: Mumbai Police Officers Caught ‘Planting’ Drugs On Man In Viral CCTV Clip, Suspended","A CCTV footage went viral on social media showing four plain-clothed Mumbai police officers conducting a raid in Kalina area of the city. During the raid, one of the officers can be seen slipping something in the hip pocket of the suspect, later identified as Daniel.",2024-08-31 16:31:17,https://static.india.com/wp-content/themes/icom/images/default-big.svg,india,5.744181494599752e-14,12,22,194,12,89
265,Newsdata,https://tv9telugu.com/entertainment/tollywood/thalapathy-vijay-jets-off-to-maharashtra-in-a-private-jet-to-visit-shirdi-sai-baba-temple-1339517.html,Thalapathy Vijay: ప్రైవేట్ జెట్‌లో షిర్డీ వెళ్లిన దళపతి విజయ్.. కారణమేంటో తెలుసా?,కోలీవుడ్ స్టార్ హీరో దళపతి విజయ్ క్రేజ్ గురించి ప్రత్యేకంగా చెప్పక్కర్లేదు. తెలుగు నాట ఈ హీరోకు అశేషమైన అభిమానులు ఉన్నారు. ఇటీవలే క్రియాశీల రాజకీయాల్లోకి అడుగుపెట్టిన దళపతి విజయ్ ‘తమిళగ వెట్రి కళగం’ పార్టీ స్థాపించారు. ఇటీవల పార్టీకి సంబంధించిన జెండాను కూడా ఆవిష్కరించారు. ఇక రాజకీయాల కోసం భవిష్యత్‌లో సినిమాలకు స్వస్తి చెప్పడానికి కూడా సిద్ధం అయ్యాడీ స్టార్ హీరో.,2024-08-31 16:25:29,https://images.tv9telugu.com/wp-content/uploads/2024/08/thalapathy-vijay-2.jpg,tv9telugu,9.645150793452576e-60,3,24,179,3,7
266,Newsdata,https://tv9telugu.com/entertainment/tollywood/kangana-ranauts-directorial-emergency-movie-songs-released-in-delhi-1339504.html,Emergency Movie: ‘బెదిరింపులకు భయపడం’.. ఢిల్లీలో ఎమర్జెన్సీ సినిమా పాటలు రిలీజ్ చేసిన కంగనా రనౌత్,బీజేపీ ఎంపీ కంగనా రనౌత్ ఎమర్జెన్సీ సినిమా ఎప్పుడు విడుదలవుతుంది ? ఆ సినిమాకు సెన్సార్‌ సర్టిఫికేట్‌ ఎప్పుడు లభిస్తుంది ? ఈవిషయంపై తీవ్ర ఉత్కంఠ నెలకొంది . ఎమర్జెన్సీ సినిమా విడుదల ఇప్పటికే రెండుసార్లు వాయిదా పడింది. ఇంకోసారి కూడా వాయిదా పడే అవకాశాలు కన్పిస్తున్నాయి. సెప్టెంబర్‌ 6వ తేదీన సినిమా రిలీజ్‌కు కంగనా ప్లాన్‌ చేశారు,2024-08-31 16:03:46,https://images.tv9telugu.com/wp-content/uploads/2024/06/kangana-ranauts-emergency.jpg,tv9telugu,1.2921569738539068e-239,3,29,193,1,2
267,Newsdata,https://tv9telugu.com/entertainment/tollywood/allu-arjun-starrer-pushpa-2-digital-rights-sold-to-netflix-ott-for-rs-275-crore-1339490.html,Pushpa 2 OTT: పుష్ప 2 సినిమాకు కళ్లు చెదిరే ఓటీటీ డీల్.. ఏకంగా అన్ని వందల కోట్లా?,టాలీవుడ్ ఐకాన్ స్టార్ అల్లు అర్జున్ ప్రస్తుతం పుష్ప 2 షూటింగులో బిజీ బిజీగా ఉంటున్నారు. సుమారు మూడేళ్ల క్రితం వచ్చిన పాన్ ఇండియా సూపర్ హిట్ మూవీ పుష్పకు సీక్వెల్ గా ఈ మూవీ తెరకెక్కుతోంది. సుకుమార్ దర్శకత్వం వహిస్తున్నారు. నేషనల్ క్రష్ రష్మిక మందన్నా హీరోయిన్ గా నటిస్తోంది. ఆగస్టు 15నే విడుదల కావాల్సిన పుష్ప 2 కొన్ని కారణాలతో డిసెంబర్ 6కు వాయిదా పడింది.,2024-08-31 15:52:14,https://images.tv9telugu.com/wp-content/uploads/2024/08/pushpa-2-movie-1.jpg,tv9telugu,0.13836876178932508,2,23,207,0,8
268,Newsdata,https://www.dnaindia.com/india/report-imd-predicts-above-normal-rainfall-in-september-heavy-showers-in-these-states-check-full-forecast-here-3105310,"IMD predicts 'above normal' rainfall in September, heavy showers in these states; check full forecast here","Heavy to very heavy rainfall is anticipated in the northwest region, including Uttarakhand, parts of Himachal Pradesh, Jammu and Kashmir, Rajasthan, and the adjoining areas of Madhya Pradesh.",2024-08-31 15:45:00,https://cdn.dnaindia.com/sites/default/files/styles/third/public/2024/08/31/2649476-1200900-2024-08-31t212156.697.jpg,dnaindia,1.6832188339155898e-11,14,34,104,6,50
269,Newsdata,https://www.india.com/news/india/indians-voted-for-political-stability-economic-growth-in-ls-polls-ensured-hat-trick-for-a-government-after-60-years-pm-modi-et-world-leaders-forum-7209114/,"‘Indians Voted For Political Stability, Economic Growth In LS Polls; Ensured Hat-trick For A Govt After 60 Years’: PM Modi","Speaking at the ET World Leaders Forum in New Delhi, PM Modi asserted that while governments in other big countries have faced difficulties in retaining power, the people of India gave a mandate which is completely opposite to global trends.",2024-08-31 15:38:41,https://static.india.com/wp-content/themes/icom/images/default-big.svg,india,1.2678817712998318e-07,18,41,163,14,69
270,Newsdata,https://www.indiatoday.in/science/story/sunita-williamss-return-from-space-nasa-changes-crew-ahead-of-launch-2591693-2024-09-01,"Nasa changes crew to bring back Sunita Williams, Butch Willmore","Nasa changes crew to bring back Sunita Williams, Butch Willmore",2024-09-01 05:31:41,https://akm-img-a-in.tosshub.com/indiatoday/images/story/202409/nasa-astronaut-sunita-williams-will-be-in-space-till-february-2025-26061813-16x9.jpg?VersionId=w0JrB1HCkabXvGrqadInM65h5mm8KtVc,indiatoday,9.589037011988849e-08,13,25,107,9,54
271,Newsdata,https://www.india.com/madhya-pradesh/mobile-phone-explodes-in-9-year-old-boys-hand-in-chhindwara-sustains-burn-injuries-madhya-pradesh-news-7209905/,Mobile Phone Explodes In 9-Year-Old Boy’s Hand While Watching Cartoon In Madhya Pradesh; Sustains Burn Injuries,A 9-year-old boy suffered major injuries after a mobile phone exploded in his hand. The incident occurred in the village of Kalkoti Dewari in the Chaurai area of the Chhindwara district.,2024-09-01 05:26:31,https://www.thehindu.com/theme/images/th-online/1x1_spacer.png,india,0.9379057188011688,19,25,162,23,64
272,Newsdata,https://www.indiatoday.in/science/story/drdo-tifr-test-6-qubit-quantum-processor-what-it-means-for-indias-quantum-future-2591688-2024-09-01,Why India's 6-qubit quantum processor test is a game changer,Why India's 6-qubit quantum processor test is a game changer,2024-09-01 05:17:16,https://akm-img-a-in.tosshub.com/indiatoday/images/story/202409/iday-technology-180700463-16x9.jpg?VersionId=CJlCHVH6iHwlQPAR1MrHKZle1qk03Vxu,indiatoday,3.7421048349566885e-24,10,42,171,6,60
273,Newsdata,https://www.india.com/news/nagaland-state-sambad-lottery-result-01092024-for-1pm-6pm-8pm-live-check-dear-yamuna-morning-lucky-draw-results-for-1-crore-first-prize-complete-winner-list-uno-casino-taboola-bumber-bonanza-sensex-7196713/,"Nagaland State Sambad Lottery Result 01.09.2024 For 1PM, 6PM, 8PM LIVE: Check Dear Yamuna Morning Lucky Draw Results For 1 Crore First Prize Complete Winner List To Be Out Shortly","Nagaland Sambad State Lottery Sunday 01-09-2024 LIVE: The results for the Nagaland State Lottery draws DEAR YAMUNA MORNING at 1 PM, DEAR VIXEN EVENING at 6 PM, and DEAR TOUCAN NIGHT at 8 PM will be announced today on Sunday, September 01, 2024, at their respective timings. The top prize for each of these lotteries is bumper 1 Crore Rupees.",2024-09-01 05:50:28,https://static.india.com/wp-content/themes/icom/images/default-big.svg,india,7.433613779198399e-31,9,13,113,4,31
274,Newsdata,https://www.india.com/news/gujarat-rains-orange-alert-issued-for-these-areas-imd-weather-update-vadodara-bharuch-anand-narmada-panchmahal-dahod-and-chota-udepur-7210048/,Gujarat Rains: Orange Alert Issued For These Areas; Check IMD Latest Weather Update Here,"The weather department has issued issued an orange alert for South Gujarat regions, predicting ‘heavy to very heavy rains’ at isolated areas.",2024-09-01 07:00:03,https://static.india.com/wp-content/themes/icom/images/default-big.svg,india,2.406532752468012e-71,17,36,151,1,59
275,Newsdata,https://www.india.com/news/delhi/delhi-murder-18-year-old-teen-monu-stabbed-to-death-in-dwarka-uttam-nagar-during-failed-robbery-bid-7210328/,Delhi Murder: 18-Yr-Old Stabbed To Death In Dwarka During Failed Robbery Bid,"An 18-year-old teen was stabbed to death during a failed robbery attempt in Uttam Nagar area in Dwarka, Delhi on Saturday night.",2024-09-01 10:20:19,https://static.india.com/wp-content/themes/icom/images/default-big.svg,india,0.003712493834944533,6,13,106,12,44
276,Newsdata,https://www.india.com/viral/worm-found-in-vegetable-pulao-at-greater-noida-restaurant-staff-shirk-off-responsibility-7210090/,"Worm Found In Vegetable Pulao At Greater Noida Restaurant, Staff Shirk Off Responsibility","Instead of addressing the problem hands on, the restaurant staff were unconcerned and dismiss the matter casually.",2024-09-01 10:18:53,https://static.india.com/wp-content/themes/icom/images/default-big.svg,india,0.956367751862382,18,24,134,22,64
277,Newsdata,https://www.ptcnews.tv/nation/video-showing-2-men-carrying-rescued-crocodile-on-scooter-goes-viral-4396994,WATCH | Video showing 2 men carrying rescued crocodile on scooter goes viral,"PTC News Desk: As the rescue operation started in Gujarat's Vadodara following heavy rainfall, around 40 crocodiles were rescued from residential areas. As the city struggles to return to normalcy, th",2024-09-01 09:43:38,https://media.ptcnews.tv/wp-content/uploads/2024/09/1c9443766e8fb5cf48c7e58c0023e72b_1280X720.webp,ptcnews,4.7622924437285224e-36,2,15,69,2,27
278,Newsdata,https://www.india.com/news/india/140-trains-cancelled-as-torrential-rains-create-havoc-in-telangana-andhra-pradesh-imd-issues-warning-7211295/,"140 Trains Cancelled As Torrential Rains Create Havoc In Telangana, Andhra Pradesh, IMD Issues Warning","Torrential rains continues to lash Telangana and Andhra Pradesh states, leading to the death of several people. Heavy rains also disrupted road and railway traffic. As many as 140 trains have been cancelled. Check here.",2024-09-02 02:34:41,https://static.india.com/wp-content/themes/icom/images/default-big.svg,india,1.9541578986712951e-54,6,15,80,1,29
279,Newsdata,https://timesofindia.indiatimes.com/blogs/developing-contemporary-india/setting-the-course-for-water-collaboration/,Setting the course for water collaboration,"There is a clear and urgent need for partnerships between multiple stakeholders and actors to ensure water security. A few principles and approaches can make collaborative action effective. In June 2024, Moody’s—the global credit rating...",2024-09-02 02:29:23,https://static.toiimg.com/photo/75433510.cms,toi,1.4208561889898603e-10,36,134,482,32,202
280,Newsdata,https://www.india.com/news/ed-has-arrived-at-my-house-to-arrest-me-says-aap-mla-amanatullah-khan-arvind-kejriwal-manish-sisodia-sanjay-singh-7211292/,"“ED Has Arrived At My House to Arrest Me,” Says AAP MLA Amanatullah Khan",Aam Aadmi Party (AAP) MLA Amanatullah Khan on Monday morning claimed that the Enforcement Directorate (ED) has arrived at his house to arrest him.,2024-09-02 02:16:51,https://static.india.com/wp-content/themes/icom/images/default-big.svg,india,3.7143800706547063e-09,1,5,98,5,14
282,Newsdata,https://timesofindia.indiatimes.com/blogs/toi-edit-page/the-jesuit-who-didnt-see-any-contradiction-in-admiring-tulsis-ram-devotionhis-english-hindi-dictionary-remains-iconic/,‘The Jesuit who didn’t see any contradiction in admiring Tulsi’s Ram devotion...His English-Hindi dictionary remains iconic’,"Lexicographer, scholar of Ramkatha and Christian texts, fervent admirer of Tulsidas – Camille Bulcke was a remarkable Jesuit priest. Gothenburg-based academics Ravi Dutt Bajpai and Swati Parashar’s new book, ‘Camille Bulcke: The Jesuit Exponent of...",2024-09-02 02:07:50,https://static.toiimg.com/imagenext/toiblogs/photo/blogs/wp-content/uploads/2024/09/fdji-13.png,toi,0.0029932510659980392,3,17,93,11,27
283,Newsdata,https://timesofindia.indiatimes.com/blogs/toi-edit-page/girl-with-a-lost-earring-it-was-marinated-in-memories-worth-a-fortune/,Girl with a lost earring: It was marinated in memories & worth a fortune,"So we are at this dinner and a lady suddenly lets out a little yelp and says, omigoodness, I have dropped an earring. Dropping earrings is a very common social occurrence and every such announcement...",2024-09-02 01:50:17,https://static.toiimg.com/imagenext/toiblogs/photo/blogs/wp-content/uploads/2014/08/Bikram.jpg,toi,0.8652878135154023,36,30,113,30,109
284,Newsdata,https://www.india.com/news/andhra-pradesh-telangana-rains-live-updates-26-ndrf-teams-deployed-for-flood-rescue-pm-assures-all-helpandhra-pradesh-telangana-rains-live-updates-26-ndrf-teams-deployed-flood-imd-thunderstorm-indian-7211237/,"Andhra Pradesh, Telangana Rains Live Updates: 26 NDRF Teams Deployed For Flood Rescue, PM Assures All Help","As many as 99 trains were cancelled, four trains were partially cancelled and 54 were diverted due to heavy rains and waterlogging over tracks at multiple locations on the South Central Railway network, an SCR official said.",2024-09-02 01:49:38,https://static.india.com/wp-content/themes/icom/images/default-big.svg,india,3.195092215614432e-65,4,14,88,1,30
285,Newsdata,https://timesofindia.indiatimes.com/blogs/toi-edit-page/unlocking-inner-strength-through-power-of-mantras/,Unlocking inner strength through power of Mantras,"By Acharya Mahaprajna Mantra is a powerful tool for sadhana. The idea is to use sound to focus your mind on something greater than yourself. Words such as Om, Arham, Rhim, Namo Arihantanam are powerful...",2024-09-02 01:46:58,https://static.toiimg.com/imagenext/toiblogs/photo/blogs/wp-content/uploads/2023/10/Screenshot-2023-05-13-072215.png,toi,0.06943508865007561,24,46,155,25,93
286,Newsdata,https://odishatv.in/news/odisha/odisha-morning-news-talcher-mines-dy-director-vigilance-jumbo-kills-couple-2-giraffes-nandankanan-243102,"Odisha morning news: Talcher Mines Dy Director in Vigilance net, jumbo kills couple; Nandankanan Zoo welcomes 2 giraffes",The State Vigilance intensified its anti-corruption crackdown by raiding several locations linked to Talcher Mines deputy director Dharanidhar Nayak,2024-09-02 03:09:48,https://images.odishatv.in/uploadimage/library/16_9/16_9_4/default.svg,odishatv,3.6433862063012774e-26,7,15,91,3,23
287,Newsdata,https://timesofindia.indiatimes.com/blogs/the-eco-diplomat-bridging-nature-and-policy/indias-recurring-floods-demand-more-than-disaster-management-they-require-preventive-governance/,India’s recurring floods demand more than disaster management; they require preventive governance,"As Andhra Pradesh grapples with disastrous floods, Chief Minister Nara Chandra Babu Naidu is stationed at the Collectorate in Krishna district to oversee disaster response. The situation is expected to worsen, with more rain forecast...",2024-09-02 03:08:00,https://static.toiimg.com/imagenext/toiblogs/photo/blogs/wp-content/uploads/2024/08/Untitled-design-2024-08-27T150420.841.png,toi,2.503239234787009e-23,47,146,439,12,183
288,Newsdata,https://timesofindia.indiatimes.com/blogs/developing-contemporary-india/busting-myths-about-indias-population-growth/,Busting myths about India’s population growth,"An effective media strategy can change social attitudes and promote a sustainable population policy. India’s population has long been a subject rife with myths and misinformation, often exacerbated by a global narrative that pits growing...",2024-09-02 02:35:37,https://static.toiimg.com/photo/75433510.cms,toi,8.580588792904754e-08,71,229,744,59,341
289,Newsdata,https://www.india.com/tamil-nadu/chennai-power-cut-today-these-are-to-face-electricity-disruption-check-timings-outage-tangedco-7211386/,Chennai power Cut Today: These Are To Face Electricity Disruption; Check Timings,Several areas in Chennai city will face power outages on September 2 due to ongoing maintenance work. Check timings of the power cuts.,2024-09-02 03:36:51,https://static.india.com/wp-content/themes/icom/images/default-big.svg,india,1.91261186678406e-43,4,8,61,1,21
291,Newsdata,https://theprint.in/opinion/why-pm-modi-has-staked-claim-for-a-fourth-term-so-early-in-his-third/2248414/,Why PM Modi has staked claim for a fourth term so early in his third,"As long as people are voting for Modi, there is no question of him stepping away—not in 2029, or 2034, or any time during his Amrit Kaal.",2024-09-02 03:30:21,https://static.theprint.in/wp-content/uploads/2024/08/4-e1725211406508-696x392.jpg,theprint,0.685520931594261,81,112,506,77,256
293,Newsdata,https://www.india.com/news/manipur-unrest-2-killed-10-injured-after-suspected-kuki-insurgents-use-drone-bombs-to-target-civilians-7211630/,"Manipur Unrest: 2 Killed, 10 Injured After “Suspected Kuki Insurgents” Use Drone Bombs To Target Civilians","Of the nine injured, five sustained bullet wounds, while the others suffered splinter injuries from bomb explosions, hospital officials said.",2024-09-02 04:50:09,https://static.india.com/wp-content/themes/icom/images/default-big.svg,india,2.240627141825478e-54,16,42,176,3,84
295,Newsdata,https://www.india.com/telangana/work-from-home-today-for-it-employees-cyberabad-police-issue-advisory-check-imd-weather-update-for-telangana-7211481/,Work From Home Today For IT Employees? Cyberabad Police Issue Advisory – Check Details,"Cyberabad Police have issued an advisory requesting all IT companies to allow work from home to employees on September 2, 2024. IMD has issued Orange alert for heavy rain in the city today.",2024-09-02 04:29:58,https://static.india.com/wp-content/themes/icom/images/default-big.svg,india,3.262844112985971e-13,1,5,71,3,15
297,Newsdata,https://www.india.com/news/amanatullah-khan-arrested-by-enforcement-directorate-7212109/,Amanatullah Khan Arrested By Enforcement Directorate After Raids,Top AAP leaders Manish Sisodia and Sanjay Singh have hit out at the BJP government at the Centre and accused it of targeting those who raise their voice against the ruling party.,2024-09-02 07:02:16,https://static.india.com/wp-content/themes/icom/images/default-big.svg,india,0.9999880426853406,10,20,217,42,102
298,Newsdata,https://www.india.com/news/india/four-killed-20-injured-as-tractor-trolley-overturns-in-mps-damoh-district-7212441/,"Four Killed, 20 Injured As Tractor-Trolley Overturns In MP’s Damoh District","The tractor trolley was carrying some residents of Ghughas village in Damoh district to Jatashankar in Chhatarpur district, the SP said.",2024-09-02 08:25:10,https://static.india.com/wp-content/themes/icom/images/default-big.svg,india,6.673007452384588e-17,2,7,87,4,25
299,Newsdata,https://www.dnaindia.com/india/report-jammu-army-jawan-injured-after-terrorists-open-fire-at-sunjwan-military-station-jammu-kashmir-3105512,Jammu: Army jawan injured after terrorists open fire at Sunjwan military station,"One Indian Army soldier was injured on Monday at Jammu's Sunjwan military station after terrorists opened fire, officials said",2024-09-02 08:09:44,https://cdn.dnaindia.com/sites/default/files/styles/third/public/2024/09/02/2649690-jk.jpg,dnaindia,0.9999999963458674,6,14,63,0,33
300,Newsdata,https://timesofindia.indiatimes.com/blogs/adi-bytes/is-special-really-special/,"Is special, really special?","“Emotions” a term too common, yet too personal. We may categorize emotions as happy, sad, disappointed, angry, frustrated, satisfied, etc., yet when it comes to an individual experiencing it, the depth of the same cannot...",2024-09-02 09:28:57,https://static.toiimg.com/imagenext/toiblogs/photo/blogs/wp-content/uploads/2022/07/Aditi.png,toi,0.7038452515886522,82,120,240,110,210
301,Newsdata,https://timesofindia.indiatimes.com/blogs/heartbeats/kolkata-rape-while-cbi-struggles-doctors-from-american-college-of-physicians-aapi-and-others-spew-venom/,"Kolkata Rape: While CBI struggles, Doctors from American College of Physicians, AAPI and others spew venom","When I had called up Dr. Nayan Kothari, Governor, American College of Physicians, New Jersey Southern Regions Chapter, it was late into the evening. The untimely call notwithstanding, his no-nonsense cut throat voice, set the...",2024-09-02 10:20:06,https://static.toiimg.com/imagenext/toiblogs/photo/blogs/wp-content/uploads/2022/06/Dr.-Sen.jpg,toi,5.5259701553697975e-05,27,60,260,25,95
302,Newsdata,https://www.dnaindia.com/india/report-she-was-receiving-regular-income-from-icici-and-sebi-congress-pawan-khera-accuses-sebi-madhabi-buch-3105540,'She was receiving regular...': Congress accuses SEBI chairperson Madhabi Buch of conflict of interest,"At a press conference, Pawan Khera accused Buch, who joined SEBI in 2017 and became its chairperson in 2022",2024-09-02 10:14:12,https://cdn.dnaindia.com/sites/default/files/styles/third/public/2024/09/02/2649713-rahul-gandhi-makkharge.jpg,dnaindia,0.4892388181613422,20,17,140,19,67
303,Newsdata,https://www.india.com/news/india/3-devotees-seriously-injured-following-landslide-at-vaishno-devi-track-in-jammu-and-kashmirs-reasi-7212782/,3 Devotees Seriously Injured Following Landslide At Vaishno Devi Track In Jammu And Kashmir’s Reasi,"The landslide hit the route near Panchi, about three km ahead of Bhawan.",2024-09-02 10:03:50,https://static.india.com/wp-content/themes/icom/images/default-big.svg,india,1.6361103973806487e-77,8,12,109,1,36
304,Newsdata,https://www.india.com/news/unveiling-transformative-power-of-osho-mystic-rose-meditative-therapy-7212778/,Unveiling Transformative Power of Osho Mystic Rose Meditative Therapy,"The laughter, tears and silence do their work without the need for words, discussion, or analysis as it happens in conventional ""therapy.""",2024-09-02 09:53:30,https://static.india.com/wp-content/themes/icom/images/default-big.svg,india,0.9437070488021585,43,65,206,53,121
305,Newsdata,https://odishatv.in/news/viral/pehele-i-love-you-phir-recharge-group-of-girls-smack-shopkeeper-for-misbehaving-watch-243177,"\'Pehele I Love You, Phir Recharge\'! Group of girls smack shopkeeper for misbehaving, watch","Incidents of perpetrators harassing girls and women are quite often reported. Recently, one such incident has come to light in which a shopkeeper, reportedly, asked college girls to say \'I Love You\' if they wanted to get their mobiles recharged. What the brave girls did next is certainly commendable.",2024-09-02 11:41:45,https://images.odishatv.in/uploadimage/library/16_9/16_9_4/default.svg,odishatv,0.9938793856369865,22,29,116,30,92
306,Newsdata,https://www.india.com/news/india/centre-greenlights-rs-2817-crore-digital-agriculture-mission-project-details-inside-7212986/,"Centre Greenlights Rs 2,817 Crore Digital Agriculture Mission; Project Details Inside","The central government has approved the digital agriculture mission worth Rs 2,817 crore, Union minister Ashwini Vaishnaw announced.",2024-09-02 11:13:18,https://static.india.com/wp-content/themes/icom/images/default-big.svg,india,1.2882318557473924e-50,5,31,194,4,68
307,Newsdata,https://odishatv.in/news/jobs/infosys-sounds-out-2022-batch-campus-hires-about-joining-formalities-onboarding-soon-243192,Infosys sounds out 2022-batch campus hires about joining formalities; onboarding soon,"IT major Infosys has initiated the process for onboarding engineering graduates from the 2022 batch, with many receiving their joining dates and terms of offer. Despite over 1,000 campus hires reportedly receiving letters, Infosys has not officially confirmed this.",2024-09-02 15:12:05,https://images.odishatv.in/uploadimage/library/16_9/16_9_4/default.svg,odishatv,7.198273188847796e-20,14,12,119,7,74
308,Newsdata,https://www.india.com/karnataka/karnataka-ksrtc-to-run-extra-buses-from-bengaluru-for-ganesh-chaturthi-gowri-check-booking-discount-bus-tickets-7214801/,"Good News Passengers! Karnataka To Run Extra Buses From Bengaluru For Ganesh Chaturthi, Gowri – Check Booking, Discount","In preparation for the increase in commuters during the impending Swarna Gowri and Ganesh Chaturthi celebrations, the Karnataka State Road Transport Corporation (KSRTC) has put forth an array of strategies.",2024-09-03 05:37:30,https://static.india.com/wp-content/themes/icom/images/default-big.svg,india,2.991298317599526e-82,1,14,137,1,25
310,Newsdata,https://www.india.com/news/india/nagaland-state-sambad-lottery-result-03092024-for-1pm-6pm-8pm-live-check-dear-godavari-morning-lucky-draw-results-for-1-crore-first-prize-complete-winner-list-uno-casino-crypto-investment-sensex-stock-7211528/,"Nagaland State Sambad Lottery Result 03.09.2024 For 1PM, 6PM, 8PM LIVE: Check Dear Godavari Morning Lucky Draw Results For 1 Crore First Prize Complete Winner List To Be Out Shortly","The results of Nagaland State Lottery DEAR GODAVARI MORNING 1 PM, Nagaland DEAR COMET EVENING 6 PM Sambad Result, Nagaland DEAR GOOSE NIGHT 8 PM weekly lottery will be declared today i.e Tuesday, September 03, 2024, at 1 PM, 6 PM and 8 PM respectively.",2024-09-03 05:25:29,https://static.india.com/wp-content/themes/icom/images/default-big.svg,india,1.615705972066776e-40,11,11,114,3,29
311,Newsdata,https://odishatv.in/news/viral/drunk-man-puts-chair-and-sits-in-middle-of-road-in-up-s-pratapgarh-watch-what-happened-next-243229,Drunk man puts chair and sits in middle of road in UP\'s Pratapgarh; watch what happened next,"A viral video on social media platform X, shared by the user \'Idiots Caught In Camera\', shows a man in Pratapgarh, Uttar Pradesh, sitting drunk on a chair in the middle of the road.",2024-09-03 07:38:07,https://images.odishatv.in/uploadimage/library/16_9/16_9_4/default.svg,odishatv,0.006611007644597525,12,15,91,12,50
312,Newsdata,https://odishatv.in/news/viral/man-delivers-sanskrit-commentary-in-gully-cricket-match-video-goes-viral-243225,Man delivers Sanskrit commentary in gully cricket match; video goes viral,"A gully cricket match with live Sanskrit commentary has gone viral on social media, amassing 2.8 million views and 283,000 likes.",2024-09-03 07:13:36,https://images.odishatv.in/uploadimage/library/16_9/16_9_4/default.svg,odishatv,0.3763009819442771,8,15,62,10,27
313,Newsdata,https://odishatv.in/news/odisha/vigilance-apprehends-3-odisha-govt-officials-while-accepting-bribe-243223,Vigilance apprehends 3 Odisha govt officials while accepting bribe,"The Vigilance sleuths apprehended three Odisha government officials on bribery charges. Jayashree Pattnaik, CDPO of Kutra in Sundargarh, was caught accepting Rs 2,000 as the first installment of a demanded Rs 5,000 bribe from an Anganwadi worker. Aditya Prasad Senapati and Titu Sethi from Podamari Revenue Circle in Ganjam were also apprehended for demanding and accepting Rs 5,000 for land conversion. Raids were conducted at their residences and offices.",2024-09-03 07:07:30,https://images.odishatv.in/uploadimage/library/16_9/16_9_4/default.svg,odishatv,5.1757391297453215e-11,4,10,90,5,28
314,Newsdata,https://www.india.com/news/india/womans-body-with-hands-legs-tied-to-stone-found-in-stream-7215389/,"Woman’s Body With Hands, Legs Tied To Stone Found In Stream","The body of a 28-year-old woman with her hands and legs tied to a huge stone, was found in a stream in Palghar district of Maharashtra.",2024-09-03 08:11:19,https://static.india.com/wp-content/themes/icom/images/default-big.svg,india,3.7669107291083984e-11,6,10,110,9,59
315,Newsdata,https://timesofindia.indiatimes.com/blogs/sufi-soliloquies/the-dargah-of-hazrat-nizamuddin-the-ecstasy-of-faith-and-love/,The Dargah Of Hazrat Nizamuddin: The ecstasy of faith and love,Has not the time arrived For the Believers that Their hearts in all humility Should engage in the remembrance of God. The call to the believers and lovers of God made one of the most...,2024-09-03 09:39:43,https://static.toiimg.com/imagenext/toiblogs/photo/blogs/wp-content/uploads/2024/08/1000537283.jpg,toi,0.9995212199555503,41,62,360,71,163
316,Newsdata,https://timesofindia.indiatimes.com/blogs/kembai-speaks/the-economy-needs-new-strategies-to-accelerate-growth/,The economy needs new strategies to accelerate growth,"After the RBI kept policy rates and stance unchanged, the GDP dropped to a 15-month low of 6.7 percent in Q1 of FY25 down from 8.2 percent in Q1 of FY24. The impulses of weaknesses...",2024-09-03 09:26:02,https://static.toiimg.com/imagenext/toiblogs/photo/blogs/wp-content/uploads/2021/10/Dr.-Rao-1.jpg,toi,1.4182037845326987e-12,42,112,423,25,169
317,Newsdata,https://www.india.com/news/india/good-news-for-passengers-central-railway-to-run-28-festival-special-trains-for-chhath-diwali-7215570/,"Good News For Passengers: Central Railway To Run 28 Festival Special Trains For Chhath, Diwali","In response to the expected surge in travelers for the Diwali and Chhath celebrations, Central Railway is set to launch 28 additional special trains.",2024-09-03 09:06:58,https://static.india.com/wp-content/themes/icom/images/default-big.svg,india,6.479881713036872e-09,3,12,51,3,19
318,Newsdata,https://www.india.com/news/india/kolkata-rape-murder-mamata-banerjee-demands-resignation-of-pm-modi-amit-shah-after-passing-aparajita-bill-7215749/,"Kolkata Rape-Murder: CM Mamata Demands Resignation of PM Modi, Amit Shah After Passing ‘Aparajita’ Bill","West Bengal Chief Minister Mamata Banerjee extended her support for West Bengal Criminal Laws Amendment Bill 2024 and said that the bill is being brought to secure the dignity of women and if Bengal is abused, it will have a ripple effect.",2024-09-03 10:14:29,https://static.india.com/wp-content/themes/icom/images/default-big.svg,india,0.912425372867472,18,18,187,27,111
319,Newsdata,https://theprint.in/opinion/sharp-edge/netflixs-ic-814-is-an-expensive-pr-job-for-the-isi-shows-raw-torturing-civilians/2250744/,Netflix’s ‘IC 814’ is an expensive PR job for the ISI—shows R&AW torturing civilians,"Nobody involved with the show seems to have any idea of how the intelligence agencies or the Government of India function. Or, for that matter, newspaper offices.",2024-09-03 10:13:07,https://static.theprint.in/wp-content/uploads/2024/09/Feature-Image-12-696x392.jpg,theprint,0.9619883045321036,96,113,466,96,290
320,Newsdata,https://www.india.com/news/india/sandip-ghosh-ex-principal-of-rg-kar-hospital-sent-to-8-day-cbi-custody-in-financial-misconduct-case-7215993/,"Sandip Ghosh, Ex-principal of RG Kar Hospital, Sent To 8-day CBI Custody In Financial Misconduct Case","The CBI on Monday arrested former RG Kar Medical College and Hospital principal Sandip Ghosh and three others in connection with the alleged financial irregularities at the facility, which is under intense scrutiny over alleged rape and murder of a trainee doctor there last month.",2024-09-03 11:15:44,https://static.india.com/wp-content/themes/icom/images/default-big.svg,india,1.7523346576142436e-24,4,37,159,4,36
321,Newsdata,https://www.india.com/news/india/aap-welcomes-possible-alliance-with-congress-in-poll-bound-haryana-details-inside-7216504/,AAP Welcomes Possible Alliance With Congress In Poll-bound Haryana; Details Inside,Voting on 90 assembly seats in Haryana will be held on October 5 and counting of votes will be undertaken on October 8.,2024-09-03 14:23:59,https://static.india.com/wp-content/themes/icom/images/default-big.svg,india,2.802973153301664e-16,14,18,213,12,78
322,Newsdata,https://www.india.com/news/india/kolkata-rape-murder-case-centre-moves-supreme-court-alleging-non-cooperation-by-west-bengal-government-7216489/,Kolkata Rape Murder Case: Centre Moves Supreme Court Alleging Non-cooperation By West Bengal Government,The SC had taken a serious note of mob violence in the hospital.,2024-09-03 14:44:16,https://static.india.com/wp-content/themes/icom/images/default-big.svg,india,6.138052050043846e-14,11,38,240,14,96
323,Newsdata,https://timesofindia.indiatimes.com/blogs/toi-edit-page/kings-to-netas-a-short-history-of-political-akhada/,Kings To netas: A short history of political akhada,Vinesh and Bajrang are following a long tradition that predates Dara Singh & Mulayam Singh Yadav & The Great Khali. Vijayanagar king Krishnadeva Raya & Mughal emperor Akbar played the sport too In the last...,2024-09-18 02:36:28,https://static.toiimg.com/imagenext/toiblogs/photo/blogs/wp-content/uploads/2024/09/Untitled-design-38.png,toi,0.005466294678144024,7,14,105,9,31
324,Newsdata,https://theprint.in/opinion/eye-on-china/china-can-resolve-border-dispute-india-has-done-with-12-countries/2271772/,China can resolve border dispute with India. It has done so with 12 other countries,S Jaishankar is often depicted in Mandarin-language media and social media platforms as an anti-China elite and a key architect of India’s assertive stance toward China.,2024-09-18 02:30:27,https://static.theprint.in/wp-content/uploads/2024/09/S_Jaishankar_China-696x392.jpg,theprint,2.1512692134441516e-16,30,78,297,14,137
325,Newsdata,https://timesofindia.indiatimes.com/blogs/toi-edit-page/rise-above-biases-to-a-higher-way-of-thinking/,Rise above biases to a higher way of thinking,"Recently, a child in Uttar Pradesh was suspended by his school principal for bringing biryani in his lunch box. Around the same time, an elderly man on a train in Maharashtra was assaulted for carrying...",2024-09-18 02:28:57,https://static.toiimg.com/imagenext/toiblogs/photo/blogs/wp-content/uploads/2023/09/tree.jpg,toi,0.6167924293190608,32,55,145,36,87
326,Newsdata,https://theprint.in/opinion/jinnah-edging-mujib-out-new-bangladesh-hasinas-ouster-reopens-old-histories/2271640/,Is Jinnah edging Mujib out in new Bangladesh? Hasina’s ouster reopens old histories,"Till Hasina’s ouster in August this year, an event observing Jinnah’s death anniversary and public proclamations praising him would have been unthinkable.",2024-09-18 03:36:17,https://static.theprint.in/wp-content/uploads/2020/09/Jinnah-696x392.jpg,theprint,9.348838784912303e-07,36,101,583,47,228
327,Newsdata,https://theprint.in/opinion/china-elevating-relations-with-africa-51-billion-funding-highly-misleading/2271776/,China is elevating relations with Africa. Why its $51 billion funding is highly misleading,"The last India-Africa Forum Summit took place in New Delhi way back in 2015, and significant shifts in global geopolitics and geoeconomics have occurred since then.",2024-09-18 04:32:31,https://static.theprint.in/wp-content/uploads/2023/08/Feature-Image-2023-08-28T101239.590-696x392.png,theprint,9.140280821011006e-16,37,83,314,13,106
328,Newsdata,https://theprint.in/feature/ayushmann-khurrana-amruta-fadnavis-niranjan-hiranandani-join-beach-clean-up-drive-at-versova-after-ganesh-visarjan/2272595/,"Ayushmann Khurrana, Amruta Fadnavis, Niranjan Hiranandani join beach clean-up drive at Versova after Ganesh Visarjan","Mumbai (Maharashtra) [India], September 18 (ANI): Actor Ayushmann Khurrana participated in a beach cleanliness initiative at Versova Chowpatty following the Ganesh Visarjan celebrations. The event drew several notable figures, including Amruta Fadnavis, wife of Maharashtra Deputy Chief Minister Devendra Fadnavis, Rahul Narwekar, Speaker of the Maharashtra Legislative Assembly, and Niranjan Hiranandani, Managing Director of the [...]",2024-09-18 05:32:12,https://static.theprint.in/wp-content/uploads/2024/09/ANI-20240918052632.jpg,theprint,0.046592115847047116,15,28,132,18,65
329,Newsdata,https://theprint.in/feature/subhash-ghai-kick-starts-new-edition-of-celebrate-cinema-film-festival/2273822/,Subhash Ghai kick-starts new edition of ‘Celebrate Cinema’ film festival,"Mumbai (Maharashtra) [India], September 18 (ANI): ‘Celebrate Cinema 2024’ is officially underway! Veteran filmmaker Subhash Ghai on Wednesday kick-started the new edition of the film festival. Whistling Woods International’s festival’s opening session featured an insightful discussion with the team of the hit film ‘Gadar 2’. Director Anil Sharma, his son Utkarsh Sharma and music director [...]",2024-09-18 16:32:13,https://static.theprint.in/wp-content/uploads/2024/09/ANI-20240918161526.jpg,theprint,2.474766855594779e-11,9,26,145,10,54
330,Newsdata,https://www.cnbctv18.com/photos/market/stocks/ireda-ge-td-india-garden-reach-bl-kashyap-apollo-micro-and-more-top-stocks-to-watch-out-for-on-september-19-19478797.htm,"IREDA, GE T&D India, Garden Reach, BL Kashyap, Apollo Micro and more: Top stocks to watch out for on September 19","stocks to watch, GE T&D India, Garden Reach Shipbuilders, BL Kashyap, Apollo Micro Systems, IREDA, Ion Exchange, Allcargo Logistics, Power Grid Corporation of India, Nazara Technologies, Aavas Financiers and more, these are the stocks to watch for today.",2024-09-18 19:31:37,https://images.cnbctv18.com/uploads/2024/07/stock-market9-2024-07-bb1da493c334a6b10e6358b4363afc48.jpg,cnbctv18,1.6284302796860278e-27,3,39,207,7,60
331,Newsdata,https://timesofindia.indiatimes.com/blogs/millennial-speak/sometimes-we-should-say-a-big-thank-you/,Sometimes we should say ‘a big thank you’,"Are we living in interesting times? Yes, absolutely! To say we are living in anything but difficult times is an understatement. There are problems everywhere. Any person in India can name at least a hundred...",2024-09-19 19:28:40,https://static.toiimg.com/imagenext/toiblogs/photo/blogs/wp-content/uploads/2021/02/Sandeep.png,toi,0.00276769289455443,52,101,271,38,146
332,Newsdata,https://theprint.in/feature/lukas-haas-joins-nicole-cage-in-spider-man-noir-series-for-amazon/2275620/,Lukas Haas joins Nicole Cage in ‘Spider-Man Noir’ series for Amazon,"Washington [US], September 20 (ANI): Amazon’s upcoming ‘Spider-Man Noir’ series, based on the Marvel comic, has added several actors to its cast. Lukas Haas, Cameron Britton, Cary Christopher, Michael Kostroff, Scott MacArthur, Joe Massingill, Whitney Rice, and Amanda Schull will all have recurring roles in the live-action show, according to The Hollywood Reporter. They join [...]",2024-09-19 19:17:13,https://static.theprint.in/wp-content/uploads/2024/09/ANI-20240919190009.jpg,theprint,1.0999009181780345e-13,8,14,113,7,41
333,Newsdata,https://theprint.in/feature/cannes-prizewinner-all-we-imagine-as-light-to-begin-indian-oscar-qualifying-run-with-kerala-theatrical-release/2275616/,Cannes prizewinner ‘All We Imagine as Light’ to begin Indian Oscar-qualifying run with Kerala theatrical release,"New Delhi [India], September 20: The award-winning film ‘All We Imagine as Light’, directed by Payal Kapadia, is set to begin its Oscar-qualifying run with a theatrical release in Kerala. The film, which won the Grand Prix at Cannes earlier this year, tells the story of two nurses from Kerala living in Mumbai and exploring [...]",2024-09-19 19:17:02,https://static.theprint.in/wp-content/uploads/2024/09/ANI-20240919190107.jpg,theprint,0.0037783696671920457,3,29,136,14,47
334,Newsdata,https://theprint.in/feature/i-am-ecstatic-and-hungrier-than-ever-for-whats-to-come-anil-kapoor-celebrates-the-night-managers-2024-international-emmy-nomination/2275653/,“I am ecstatic and hungrier than ever for what’s to come...” Anil Kapoor celebrates ‘The Night Manager’s’ 2024 International Emmy nomination,"New York [US], September 20 (ANI): Anil Kapoor and Aditya Roy Kapoor starrer popular Disney+ Hotstar series, ‘The Night Manager’, has been nominated for the Best Drama Series category at the 2024 International Emmy Awards bringing global recognition to the Indian adaptation of the British series of the same name. The crime thriller is set [...]",2024-09-19 20:47:02,https://static.theprint.in/wp-content/uploads/2024/09/ANI-20240919204106.jpg,theprint,4.2248221681844484e-05,11,25,128,12,49
335,Newsdata,https://timesofindia.indiatimes.com/blogs/toi-editorials/eating-up-the-earth/,Eating Up The Earth,"Killing elephants to feed humans tells us many fundamental things about our species In the revulsion over decisions of Namibian and Zimbabwe’s govts to cull elephants to feed needy communities, what gets lost is a...",2024-09-19 23:30:29,https://static.toiimg.com/imagenext/toiblogs/photo/blogs/wp-content/uploads/2019/01/toiedit-logo.jpg,toi,1.6623165601649908e-09,9,37,126,11,78
336,Newsdata,https://theprint.in/pageturner/excerpt/buddhism-was-used-to-promote-nationalism-it-was-declared-democratic-aryan-and-sanatan/2274478/,"Buddhism was used to promote nationalism. It was declared democratic, Aryan and Sanatan","In ‘Democracy’s Dhamma’, Gitanjali Surendran traces the history of buddhism in the South and South-east Asia and how it interacted with nationalism, modernity, caste and more.",2024-09-20 03:30:11,https://static.theprint.in/wp-content/uploads/2022/05/H20220516112072-696x392.jpg,theprint,3.1160029976437968e-06,36,72,270,23,105
337,Newsdata,https://www.india.com/viral/meet-baby-hippo-moo-deng-internet-sensation-famous-for-her-screaming-face-expressions-you-can-visit-her-for-only-5-mins-khao-kheow-open-zoo-thailand-7260496/,"Meet baby hippo Moo Deng, an internet sensation famous for her ‘screaming face’ expressions, you can visit her for only...","The two-month-old baby pygmy hippopotamus at Khao Kheow Open Zoo in Thailand, has captured the hearts of millions online with her irresistibly cute and feisty demeanor. Known for her dramatic expressions, this tiny hippo has become an internet sensation, particularly for her ""screaming face"" reactions.",2024-09-20 04:37:07,https://static.india.com/wp-content/themes/icom/images/default-big.svg,india,0.027266994820845443,10,50,181,18,68
338,Newsdata,https://theprint.in/opinion/khamenei-trivialising-gaza-suffering-by-comparing-it-to-india-he-must-look-in-his-own-backyard/2275810/,Khamenei trivialising Gaza suffering by comparing it to India. He must look in his own backyard,"There is no doubt that Khamenei can score political points with certain Muslim communities in the short term through such misleading tweets, a game he is not a newcomer to.",2024-09-20 04:33:40,https://static.theprint.in/wp-content/uploads/2023/11/Irans_162-e1698837358576-696x391.jpg,theprint,0.1438092892287689,36,86,247,46,126
339,Newsdata,https://www.cnbctv18.com/business/companies/wockhardts-share-price-meningitis-drug-global-launch-usfda-approval-by-2026-habil-khorakiwala-19479248.htm,Wockhardt targets global launch of new meningitis drug with $6 bn market potential by 2026,"Habil F Khorakiwala, Chairman of Wockhardt said the ongoing phase three clinical trials are likely to be completed within the next three months. The drug's price is estimated at $8,000 to $10,000 per treatment.",2024-09-20 05:36:46,https://images.cnbctv18.com/uploads/2023/04/pharma-shutterstock.jpg,cnbctv18,6.150864262470758e-05,13,24,62,8,41
340,Newsdata,https://theprint.in/feature/manoj-bajpayee-raj-dk-share-fun-glimpse-from-the-family-man-3-sets/2277245/,"Manoj Bajpayee, Raj & DK share fun glimpse from ‘The Family Man 3’ sets","Mumbai (Maharashtra) [India], September 20 (ANI): Building excitement among fans, makers of Manoj Bajpayee-starrer ‘The Family Man 3’ treated with a fun glimpse from the sets. On Friday evening, Raj & DK took to Instagram story and shared a fun glimpse from Family Man 3 sets. In the first post, Manoj Bajpayee can be seen [...]",2024-09-20 16:32:02,https://static.theprint.in/wp-content/uploads/2024/09/ANI-20240920162955.jpg,theprint,4.421174134116455e-13,6,16,138,8,39
341,Newsdata,https://www.india.com/karnataka/bengaluru-murder-woman-body-found-chopped-into-over-30-pieces-stored-in-fridge-in-malleswaram-shraddha-walker-rerun-bengaluru-mahalakshmi-murder-7265318/,"Bengaluru HORROR! Woman’s body found chopped into over 30 pieces, stored in fridge in Malleswaram","The dismembered body of a 29-year-old woman was found ""stored"" in a refrigerator at a house in Malleswaram area of Bengaluru on Saturday. According to the police, the body of the victim, Mahalakshmi, was chopped into over 30 pieces, and stuffed into a fridge.",2024-09-21 18:36:04,https://static.india.com/wp-content/themes/icom/images/default-big.svg,india,0.0007306299563618307,15,23,191,21,98
342,Newsdata,https://theprint.in/feature/its-a-fantastic-achievement-with-537-songs-that-hes-danced-in-richard-stenning-on-chiranjeevis-guinness-world-record-achievement/2279467/,“It’s a fantastic achievement with 537 songs that he’s danced in...”: Richard Stenning on Chiranjeevi’s Guinness World Record achievement,"Hyderabad (Telangana) [India], September 22 (ANI): Veteran Telugu actor Chiranjeevi, fondly called the “Megastar,” has made history by being recognised as the ‘Most Prolific Film Star/Actor/Dancer’ in the Indian film industry by Guinness World Records. Guinness World Records Adjudicator Richard Stenning who announced the achievement on Saturday, while speaking to ANI shared that it’s a [...]",2024-09-22 17:32:02,https://static.theprint.in/wp-content/uploads/2024/09/ANI-20240922173022.jpg,theprint,0.9971393257035098,23,39,199,39,91
343,Newsdata,https://timesofindia.indiatimes.com/blogs/gen-zedits/fact-is/,Fact is...,...Bombay HC was right to call out govt fact-check unit. Govts should support pvt fact-checkers It’s not surprising that the Bombay High Court struck down changes made in 2023 to a law that would have...,2024-09-22 23:30:32,https://static.toiimg.com/imagenext/toiblogs/photo/blogs/wp-content/uploads/2024/05/Gen-Z-2-1.jpeg,toi,0.03625384290148202,20,39,90,17,79
344,Newsdata,https://timesofindia.indiatimes.com/blogs/toi-editorials/the-fact-is/,The fact is...,"...Bombay HC was right to call out govt fact-check unit. Govts should support pvt fact-checkers It is unsurprising that Bombay HC struck down as unconstitutional, amendments made in 2023 to the Intermediary Guidelines and Digital...",2024-09-22 23:30:26,https://static.toiimg.com/imagenext/toiblogs/photo/blogs/wp-content/uploads/2019/01/toiedit-logo.jpg,toi,1.506246668339092e-08,12,41,131,11,72
345,Newsdata,https://www.catchnews.com/bizarre-news/scary-video-giant-python-climbs-wall-to-snatch-prey-253961.html,Scary Video: Giant Python Climbs Wall to Snatch Prey!,The Reticulated Python ranks as one of the largest and heaviest snakes globally In a captivating video shared by Indian Forest Service officer Susanta Nanda on X formerly Twitter this remarkable snake can be seen scaling a wall in pursuit of its prey This species is renowned for its powerful constriction method which wraps around its prey tightening its grip until it suffocates nbsp The longest amp one of the heaviest snakes of planet A Reticulated Python climbs the wall to reach out for its prey in Myanmar Reticulated Python are constrictors and kill prey by squeezing them to death,2024-09-23 03:36:09,https://www.catchnews.com/%3Cimg,catchnews,0.7711570155689295,12,21,95,13,59
346,Newsdata,https://theprint.in/opinion/south-indias-gdp-growth-didnt-come-out-of-the-blue-central-govt-had-a-big-hand/2277428/,South India’s GDP growth didn’t come out of the blue. Central govt had a big hand,A recent EAC-PM working paper showed southern states performed very well in terms of contribution to the nation’s GDP. A history of concessions and policy support from New Delhi played a part.,2024-09-23 04:34:16,https://static.theprint.in/wp-content/uploads/2022/02/ilanomics-3-feb-v2-696x392.jpg,theprint,3.9003676899135564e-08,57,143,453,33,205
347,Newsdata,https://timesofindia.indiatimes.com/blogs/voices/a-critical-evaluation-of-the-us-healthcare-system/,A critical evaluation of the US healthcare system,"The US healthcare system, while providing some of the most advanced care globally, faces significant structural challenges that impact its effectiveness, accessibility, and affordability. Despite spending nearly double per capita on healthcare than other developed...",2024-09-23 04:31:14,https://static.toiimg.com/photo/75433510.cms,toi,3.6023556307414115e-27,31,158,442,7,134
348,Newsdata,https://theprint.in/feature/i-am-so-proud-of-kiran-entire-team-aamir-khan-reacts-to-laapataa-ladies-getting-picked-as-indias-entry-for-oscars/2280682/,"“I am so proud of Kiran, entire team”: Aamir Khan reacts to ‘Laapataa Ladies’ getting picked as India’s entry for Oscars","Mumbai (Maharashtra) [India], September 23 (ANI): Bollywood star Aamir Khan is beaming with pride as the film ‘Laapataa Ladies’ made under his banner has been picked as India’s official entry for Oscars 2025. A few hours after the Film Federation of India on Monday announced the movie as India’s official entry in the Best Foreign [...]",2024-09-23 14:32:38,https://static.theprint.in/wp-content/uploads/2024/09/ANI-20240923141703.jpg,theprint,0.9952827283036697,26,52,247,51,137
349,Newsdata,https://theprint.in/feature/ram-charan-congratulates-appa-chiranjeevi-for-achieving-guinness-world-record/2280680/,Ram Charan congratulates ‘Appa’ Chiranjeevi for achieving Guinness World Record,"Mumbai (Maharashtra) [India], September 23 (ANI): Actor Ram Charan congratulated his father and veteran Telugu superstar Chiranjeevi for his remarkable achievement of entering the Guinness World Records. On Monday, Ram Charan shared pictures of his ‘Appa’ receiving the certificate from the esteemed guests on Instagram. Calling ‘Megastar’s hard work is an inspiration for him and [...]",2024-09-23 14:32:27,https://static.theprint.in/wp-content/uploads/2024/09/ANI-20240923142006.jpg,theprint,0.9947682102597032,11,27,141,26,53
350,Newsdata,https://theprint.in/feature/check-out-soha-ali-khans-funny-monday-motivation/2280678/,Check out Soha Ali Khan’s funny ‘Monday Motivation’,"Mumbai (Maharashtra) [India], September 23 (ANI): Actor Soha Ali Khan, who regularly shares inspiring pictures and messages on social media, has shared her Monday motivation. On Monday, Soha dropped pictures of herself on Instagram and wrote a Monday motivation that read, “My Monday motivation is that it’s only four days to Friday #mondaymotivation.” [...]",2024-09-23 14:32:15,https://static.theprint.in/wp-content/uploads/2024/09/ANI-20240923142406.jpg,theprint,0.9811923370900867,6,10,81,10,22
351,Newsdata,https://theprint.in/feature/the-payments-keep-getting-delayed-fwice-president-b-n-tiwari-on-alleged-complaints-against-vashu-bhagnani/2280676/,“The payments keep getting delayed...”: FWICE President B.N. Tiwari on alleged complaints against Vashu Bhagnani,"Mumbai (Maharashtra) [India], September 23 (ANI): As producer Vashu Bhagnani and his production house, Pooja Entertainment, continue to face allegations of unpaid dues to crew members on several of his films, with some well-known names involved, the President of the Federation of Western India Cine Employees (FWICE), B.N. Tiwari, opened up about the complaints against [...]",2024-09-23 14:32:01,https://static.theprint.in/wp-content/uploads/2024/09/ANI-20240923142641.jpg,theprint,0.9877748873413082,19,23,156,28,95
352,Newsdata,https://theprint.in/feature/the-family-man-team-meets-nagaland-minister-manoj-bajpayee-urges-people-to-visit-the-state/2280865/,‘The Family Man’ team meets Nagaland Minister; Manoj Bajpayee urges people to visit the state,"Kohima (Nagaland) [Nagaland], September 23 (ANI): The team of ‘The Family Man’, including actors Manoj Bajpayee, Sharib Hashmi, and Gul Panag, had a special meeting with Nagaland’s Tourism and Higher Education Minister, Temjen Imna Along, in Kohima on Monday. The meeting took place as part of the team’s ongoing stay in Nagaland, where they have [...]",2024-09-23 16:32:02,https://static.theprint.in/wp-content/uploads/2024/09/ANI-20240923162945.jpg,theprint,4.781729339719903e-15,13,19,138,8,50
353,Newsdata,https://timesofindia.indiatimes.com/blogs/long-short/beyond-and-behind-the-slogan-we-want-justice/,Beyond and behind the slogan ‘we want justice’,"Following the gruesome murder of a post graduate trainee doctor at RG Kar Medical College in Kolkata, “we want justice” became the unifying slogan of protest. What began as an agitation by fellow students of...",2024-09-23 16:30:04,https://static.toiimg.com/imagenext/toiblogs/photo/blogs/wp-content/uploads/2019/09/Photo-Manas-Chakravarty-1.jpg,toi,0.027155539116907466,49,75,221,30,134
354,Newsdata,https://www.washingtontimes.com/news/2024/sep/23/virginia-21-states-back-oct-7-victims-lawsuit-agai/,"Virginia, 21 states back Oct. 7 victims' lawsuit against group accused of supporting terrorists","The state of Virginia, backed by 21 other states, urged a federal court not to dismiss a case brought by victims' families of the Oct. 7, 2023, Hamas terrorist attack on Israel, accusing a Virginia nonprofit of assisting and supporting the terror group.",2024-09-23 16:28:13,https://twt-thumbs.washtimes.com/media/image/2023/01/04/High_School_Investigation_00576_s1440x958.jpg,washingtontimes,7.063397908881865e-23,12,27,175,9,81
355,Newsdata,https://theprint.in/feature/alanna-panday-alaviaa-jaaferi-starrer-the-tribe-to-be-out-in-october/2280947/,"Alanna Panday, Alaviaa Jaaferi-starrer ‘The Tribe’ to be out in October","Mumbai (Maharashtra) [India], September 21 (ANI): Reality series ‘The Tribe’ is all set to be out on OTT. A Dharmatic Entertainment Production and executive-produced by Karan Johar, Apoorva Mehta, and Aneesha Baig, ‘The Tribe’ offers an unfiltered look at Indian influencers navigating to capture the spotlight in Los Angeles. View [...]",2024-09-23 17:32:02,https://static.theprint.in/wp-content/uploads/2024/09/ANI-20240923171736.jpg,theprint,0.02113831730238766,5,19,121,14,48
356,Newsdata,https://theprint.in/feature/alia-bhatt-makes-her-debut-at-paris-fashion-week-walks-ramp-in-style/2281058/,"Alia Bhatt makes her debut at Paris Fashion Week, walks ramp in style","Paris [France], September 24 (ANI): Bollywood star Alia Bhatt on Monday made her debut at Paris Fashion Week in a glamorous style. Representing beauty brand L’Oreal Paris, the ‘Highway’ star walked the ramp in style. She was seen dressed up in a metallic silver bustier that she paired with black off-shoulder jump suit. For the [...]",2024-09-23 20:32:02,https://static.theprint.in/wp-content/uploads/2024/09/ANI-20240923202508.jpg,theprint,0.3904846999369893,10,12,107,13,39
357,Newsdata,https://theprint.in/feature/aishwarya-rai-bachchan-paints-paris-red-in-striking-dress-greets-french-audience-with-namaste/2281070/,"Aishwarya Rai Bachchan paints Paris red in striking dress, greets French audience with ‘Namaste’","Paris [France], September 24 (ANI): With her captivating appearance at Paris Fashion Week, Bollywood star Aishwarya Rai Bachchan once again proved why she is called ‘Queen of Ramps’. Dressed in a balloon hem red dress, the ‘Jodha Akbar’ star let her hair down and added a pop of colour to her look with a bold [...]",2024-09-23 21:17:02,https://static.theprint.in/wp-content/uploads/2024/09/ANI-20240923211527.jpg,theprint,0.9963453072485148,16,17,114,18,34
358,Newsdata,https://theprint.in/feature/kate-winslet-kerry-washington-joey-king-among-women-in-film-honorees/2281064/,"Kate Winslet, Kerry Washington, Joey King among ‘Women in Film’ honorees","Washington [US], September 24 (ANI): WIF, formerly known as Women in Film, Los Angeles, announced on Monday the leading ladies of Hollywood who will be honored at the 2024 WIF Honors event, as reported by the Hollywood Reporter. The honourees include Annette Bening, Michelle Buteau, Joey King, Ellen Kuras, Danielle Sanchez-Witzel, Kerry Washington, and Kate [...]",2024-09-23 20:47:01,https://static.theprint.in/wp-content/uploads/2024/09/ANI-20240923203255.jpg,theprint,1.2841776965252648e-07,7,14,132,11,48
359,Newsdata,https://theprint.in/yourturn/subscriberwrites-indias-incomplete-parivartan/2282510/,SubscriberWrites: India’s incomplete ‘Parivartan’,"India's social reform spirit has faded post-1947, with representation politics overshadowing deeper issues of caste & gender discrimination, economic progress, and meaningful change.",2024-09-24 16:29:53,https://static.theprint.in/wp-content/uploads/2024/09/2018_4img02_Apr_2018_PTI4_2_2018_000098B-e1592715990798-696x392-1.jpg,theprint,0.06604280955054978,38,83,256,41,142
360,Newsdata,https://www.washingtontimes.com/news/2024/sep/24/no-way-out-joe-biden-latest-us-president-trapped-b/,No way out? Biden latest U.S. president trapped by Mideast mayhem,President Biden came to power aiming to do the impossible: Dramatically shrink America's military footprint in the Middle East and redirect Washington's focus away from a volatile corner of the world that has consumed U.S. foreign policy for more than two decades.,2024-09-24 20:53:36,https://twt-thumbs.washtimes.com/media/image/2024/09/24/UN_General_Assembly_Biden_43455_s1440x960.jpg,washingtontimes,2.5096526519897256e-05,50,100,418,38,196
361,Newsdata,https://kashmirobserver.net/2024/09/25/polling-begins-for-second-phase-of-jk-polls/,Polling Begins For Second Phase Of J&K Polls,"Voting began on Wednesday for the second phase of the assembly election in Jammu and Kashmir in which over 2.5 million voters will decide the fate of 239 candidates in the fray for 26 seats, including that of former chief minister of the erstwhile state Omar Abdullah, officials said.",2024-09-25 02:38:00,https://kashmirobserver.net/wp-content/uploads/2024/09/Dal-Lake-Voters-1024x576.jpg,kashmirobserver,1.2198476789247258e-47,5,30,200,6,76
362,Newsdata,https://theprint.in/opinion/linking-trade-and-tensions-why-india-must-reassess-its-approach-to-chinese-investments/2281732/,Linking trade and tensions—why India must reassess its approach to Chinese investments,"India has reasons to achieve pragmatic economic exchanges, as articulated in the Economic Survey—the inescapability of Chinese supply chains, the ineffectiveness of tariffs, and India’s dependence on Chinese imports for its manufacturing sector.",2024-09-25 04:31:17,https://static.theprint.in/wp-content/uploads/2023/12/Trade1-696x392.png,theprint,3.745825854639142e-09,57,130,331,18,162
363,Newsdata,https://www.india.com/viral/mukesh-ambanis-daughter-isha-ambani-is-the-owner-of-top-model-cars-including-mercedes-bmw-her-net-worth-is-7273258/,"Mukesh Ambani’s daughter Isha Ambani is the owner of top model cars including Mercedes, BMW, her net worth is...",Isha graduated from Yale University with a double major in Psychology and South Asian Studies and is also an MBA from Stanford University. Here are details about her net worth.,2024-09-25 04:24:42,https://static.india.com/wp-content/themes/icom/images/default-big.svg,india,1.255931590249417e-07,17,30,188,15,59
364,Newsdata,https://theprint.in/feature/studio-green-shares-50-day-countdown-message-for-kanguva-fans/2284226/,Studio Green shares 50-day countdown message for ‘Kanguva’ fans,"Mumbai (Maharashtra) [India], September 25 (ANI): As fans gear up for the release of one of the year’s most awaited films, ‘Kanguva’, Studio Green has marked the 50-day countdown to its release by sharing a message. The production house on Wednesday, took to its Instagram account to share a post that includes scenes from the [...]",2024-09-25 16:32:02,https://static.theprint.in/wp-content/uploads/2024/09/ANI-20240925152550.jpg,theprint,4.58410784518863e-34,2,21,125,4,42
365,Newsdata,https://theprint.in/feature/oscars-2025-jordan-picks-documentary-my-sweet-land-for-international-feature-category/2284304/,Oscars 2025: Jordan picks documentary ‘My Sweet Land’ for International Feature category,"Washington [US], September 25 (ANI): Jordan has selected the documentary My Sweet Land, directed by Sareen Hairabedian, to represent the country at the 97th Academy Awards in the Best International Feature Film category. The documentary tells the story of Vrej, an 11-year-old boy living in the Nagorno-Karabakh region of Azerbaijan, an area affected by a [...]",2024-09-25 17:32:19,https://static.theprint.in/wp-content/uploads/2024/09/ANI-20240925172516.jpg,theprint,0.008481726950498057,6,10,95,9,32
366,Newsdata,https://theprint.in/feature/priyanka-chopra-samantha-ruth-prabhu-come-together-to-celebrate-prime-videos-upcoming-series-citadel-honey-bunny/2284301/,"Priyanka Chopra, Samantha Ruth Prabhu come together to celebrate Prime Video’s upcoming series ‘Citadel: Honey Bunny’","London [UK], September 25 (ANI): Actors Priyanka Chopra Jonas and Samantha Ruth Prabhu on Tuesday night joined the cast members and creative teams behind the Citadel universe to celebrate the upcoming releases of Citadel: Diana and Citadel: Honey Bunny ahead of their worldwide launch. Priyanka, who plays Nadia in season 2 of Citadel, joined the [...]",2024-09-25 17:32:02,https://static.theprint.in/wp-content/uploads/2024/09/ANI-20240925172757.jpg,theprint,0.047276400123544435,9,15,120,11,33
367,Newsdata,https://theprint.in/feature/adah-sharma-to-essay-role-of-lawyer-in-new-series-reeta-sanyal/2284397/,Adah Sharma to essay role of lawyer in new series ‘Reeta Sanyal’,"Mumbai (Maharashtra) [India], September 25 (ANI): After ‘The Kerala Story’ and ‘Bastar: The Naxal Story’, actor Adah Sharma is all set to enthrall audience with his new avatar in the upcoming thrilling new show, ‘Reeta Sanyal’. Taking to Instagram, Adah treated fans with this exciting news along with some pictures from the sets. https://www.instagram.com/p/DAVlt7ENxAP/? From [...]",2024-09-25 18:33:15,https://static.theprint.in/wp-content/uploads/2024/09/ANI-20240925181647.jpg,theprint,0.9987414583653974,17,31,168,34,92
368,Newsdata,https://theprint.in/feature/brad-pitts-rep-speaks-out-after-scammers-arrested-for-posing-as-actor-online/2284395/,Brad Pitt’s rep speaks out after scammers arrested for posing as actor online,"Washington [US], September 25 (ANI): Brad Pitt’s representative has recently spoken out after scammers were arrested for impersonating the actor to defraud women on social media. The Oscar winner, 60, who does not have any official social media accounts, issued a warning through his rep on Sept. 25. “It’s awful that scammers take advantage of [...]",2024-09-25 18:33:03,https://static.theprint.in/wp-content/uploads/2024/09/ANI-20240925181732.jpg,theprint,4.710384611436619e-05,10,30,112,12,69
380,Newsdata,https://timesofindia.indiatimes.com/blogs/toi-editorials/gridlock-nation/,Gridlock nation,"From Pune to Bengaluru, increasing traffic jams are killing Indian cities. But urban planners fail to step up Recent heavy rains in Pune led to monstrous traffic congestion for residents of the city. The collective...",2024-09-26 23:30:54,https://static.toiimg.com/imagenext/toiblogs/photo/blogs/wp-content/uploads/2019/01/toiedit-logo.jpg,toi,2.739988526053512e-15,13,43,138,6,57
369,Newsdata,https://theprint.in/feature/lyricist-chandrabose-meets-telangana-chief-minister-revanth-reddy/2284393/,Lyricist Chandrabose meets Telangana Chief Minister Revanth Reddy,"Hyderabad (Telangana) [India], September 25(ANI): Famous Telugu film lyricist Chandrabose, on Wednesday, met Telangana Chief Minister Revanth Reddy at the Secretariat. Chandrabose is an Indian lyricist and singer who has made a significant mark in Telugu cinema. The lyricist began his career as a lyricist in 1995 with the film Taj Mahal and has since [...]",2024-09-25 18:32:50,https://static.theprint.in/wp-content/uploads/2024/09/ANI-20240925181829.jpg,theprint,7.486375160865544e-28,3,8,81,3,19
370,Newsdata,https://theprint.in/feature/trailer-of-sunny-singh-aditya-seals-amar-prem-ki-prem-kahani-unveiled/2284391/,Trailer of Sunny Singh-Aditya Seal’s Amar Prem Ki Prem Kahani’ unveiled,"Mumbai (Maharashtra) [India], September 25 (ANI): Makers of the upcoming romantic comedy ‘Amar Prem Ki Prem Kahani’ starring Sunny Singh, Aditya Seal, and Pranutan Bahl unveiled the trailer on Wednesday. Taking to Instagram, makers dropped the trailer video and captioned the post, which read, “Time to break the stereotype! Yeh love story aa rahi hai [...]",2024-09-25 18:32:36,https://static.theprint.in/wp-content/uploads/2024/09/ANI-20240925182043.jpg,theprint,0.9999906282436437,31,40,178,62,117
371,Newsdata,https://theprint.in/feature/uk-selects-police-drama-santosh-as-its-official-entry-for-2025-oscars/2284389/,UK selects police drama ‘Santosh’ as its official entry for 2025 Oscars,"Washington [US], September 25 (ANI): The United Kingdom has chosen Santosh, an Indian police procedural directed by Sandhya Suri, as its official entry for the 2025 Oscars in the Best International Feature category, according to The Hollywood Reporter. The film stars Shahana Goswami as Santosh, a young Hindu widow who inherits her late husband’s position [...]",2024-09-25 18:32:24,https://static.theprint.in/wp-content/uploads/2024/09/ANI-20240925182213.jpg,theprint,0.0008988338158341692,5,20,113,10,33
372,Newsdata,https://theprint.in/feature/ben-stiller-rivulet-films-reunite-for-pickleball-comedy-the-dink/2284387/,"Ben Stiller, Rivulet Films reunite for pickleball comedy ‘The Dink’","Washington [US], September 25 (ANI): Ben Stiller’s Red Hour Films and Rivulet Films are teaming up again for the pickleball comedy ‘The Dink’, following their previous collaboration on ‘Nutcrackers’, reported The Hollywood Reporter. Jake Johnson will star as a washed-up tennis player who, to save a struggling club and gain his father’s approval, decides to [...]",2024-09-25 18:32:14,https://static.theprint.in/wp-content/uploads/2024/09/ANI-20240925182654.jpg,theprint,2.4165746607015203e-12,8,11,106,8,47
373,Newsdata,https://theprint.in/feature/woah-hrithik-roshan-reacts-to-saba-azads-new-pictures/2285836/,“Woah”: Hrithik Roshan reacts to Saba Azad’s new pictures,"Mumbai (Maharashtra) [India], September 26 (ANI): Actor Hrithik Roshan, who never fails to shower love on his girlfriend and actor Saba Azad, recently reacted to pictures of her. On Thursday, Saba posted a bunch of pictures on Instagram where she wore a red bodycon dress with a deep neckline. Along with the post, she dropped [...]",2024-09-26 15:32:13,https://static.theprint.in/wp-content/uploads/2024/09/ANI-20240926152702.jpg,theprint,0.9990792238197308,14,15,167,23,53
374,Newsdata,https://theprint.in/feature/hoda-kotb-to-exit-today-show/2285956/,Hoda Kotb to exit ‘Today’ show,"Washington [US], September 26 (ANI): Popular TV personality and author Hoda Kotb is planning to exit the morning show ‘Today’, according to The Hollywood Reporter. She made an announcement about her plans on the show, adding that she would be the co-anchor of the program into early 2025. “I just turned 60, and it was [...]",2024-09-26 16:32:24,https://static.theprint.in/wp-content/uploads/2024/09/ANI-20240926161617.jpg,theprint,0.9999702396022584,14,27,120,39,68
375,Newsdata,https://theprint.in/feature/i-cant-believe-that-we-are-watching-him-on-the-big-screen-kshitij-chauhans-mother-archana-chauhan-reacts-on-his-bollywood-debut-film-vedaa/2286045/,“I can’t believe that we are watching him on the big screen”: Kshitij Chauhan’s mother Archana Chauhan reacts on his Bollywood debut film ‘Vedaa’,"Meerut (Uttar Pradesh) [India], September 26 (ANI): Actor Kshitij Chauhan made his Bollywood debut in the recently released ‘Vedaa’ alongside John Abraham and Sharvari Wagh. Now, his mother Archana Chauhan has shared her experience of how she felt after watching her son’s film onscreen. In a conversation with ANI, Archana said, “I am very happy [...]",2024-09-26 17:32:37,https://static.theprint.in/wp-content/uploads/2024/09/ANI-20240926163541.jpeg,theprint,0.9998622916230694,7,17,99,20,44
376,Newsdata,https://theprint.in/feature/uttarakhand-film-development-council-creates-film-resource-directory/2286043/,Uttarakhand Film Development Council creates film resource directory,"Dehradun (Uttarakhand) [India], September 26 (ANI): The Uttarakhand Film Development Council is creating a film resource directory as an important initiative for the film industry. In this regard, the Chief Executive Officer of the Council and Director General of the Information Department, Banshidhar Tiwari, said during the meeting of the Film Development Council, “This directory [...]",2024-09-26 17:32:26,https://static.theprint.in/wp-content/uploads/2024/09/ANI-20240926172135.jpg,theprint,1.2099373270591168e-22,12,20,152,7,56
377,Newsdata,https://theprint.in/feature/maharashtra-cm-eknath-shinde-attends-the-premiere-of-dharmaveer-2-in-mumbai/2286095/,Maharashtra CM Eknath Shinde attends the premiere of ‘Dharmaveer 2’ in Mumbai,"Mumbai (Maharashtra) [India], September 26 (ANI): Maharashtra Chief Minister Eknath Shinde attended the premiere of the Marathi film ‘Dharmaveer 2’. Earlier, actor and producer Bobby Deol unveiled the poster of the film ‘Dharmaveer 2’ alongside Chief Minister of Maharashtra Eknath Shinde and the film’s cast and crew in Mumbai. The sequel, following the success of [...]",2024-09-26 18:32:12,https://static.theprint.in/wp-content/uploads/2024/09/ANI-20240926182125.jpg,theprint,0.00017324670282811683,2,22,109,12,28
378,Newsdata,https://www.india.com/karnataka/bjp-rr-nagar-mla-munirathna-naidu-raped-me-in-his-car-godown-vidhan-soudha-filmed-assault-threatened-to-kill-bengaluru-woman-in-police-complaint-7279034/,"BJP’s Munirathna ‘raped me in his car, godown, Vidhan Soudha; filmed assault, threatened to kill’: Bengaluru woman in complaint","BJP MLA N Munirathna Naidu was initially arrested for threatening a contractor, and on Thursday, a Bengaluru woman filed a complaint against him at the Kaggalipura Police in Ramanagara district, alleging that the BJP leader took her to his godown in Mutyalanagara where he raped her.",2024-09-26 18:53:28,https://static.india.com/wp-content/themes/icom/images/default-big.svg,india,0.9990532171611364,16,19,218,37,122
379,Newsdata,https://me.mashable.com/movies/47038/ballerina-trailer-ana-de-armas-unleashes-her-inner-john-wick,'Ballerina' trailer: Ana de Armas unleashes her inner John Wick,With an appearance from Keanu Reeves himself!,2024-09-26 20:52:06,https://sm.mashable.com/mashable_me/video/b/ballerina-/ballerina-trailer-ana-de-armas-unleashes-her-inner-john-wick_w4p7.jpg,mashable_me,0.982383337941509,6,8,68,9,19
381,Newsdata,https://www.india.com/viral/ias-divya-mittal-made-a-class-12-student-khushi-mani-tripathi-district-magistrate-for-2-hours-in-deoria-uttar-pradesh-heres-what-happened-next-7281490/,THIS IAS officer made a class 12 student DM for 2 hours in THIS Uttar Pradesh town; here’s what happened next,"A 'What If' scenario became a reality in Deoria district of Uttar Pradesh where District Magistrate (DM) IAS Divya Mittal, invited Khushi Mani Tripathi, a Class 12 student, to literally step into her shoes and act as the DM of the district for two hours.",2024-09-27 17:39:47,https://static.india.com/wp-content/themes/icom/images/default-big.svg,india,0.7557806779878281,18,28,167,19,62
382,Newsdata,https://theprint.in/feature/im-still-getting-meaningful-work-shabana-azmi-on-completing-50-years-in-film-industry/2287854/,“I’m still getting meaningful work”: Shabana Azmi on completing 50 years in film industry,"Abu Dhabi [UAE], September 27(ANI): Veteran actor Shabana Azmi is one of the most esteemed and outstanding actors in cinema, who has starred in different genres, showing her immense acting talent. From her debut film ‘Ankur’ to working on incredible projects like ‘Arth’, ‘Khandhar’, and many more, she has proved herself to be an actor [...]",2024-09-27 18:32:02,https://static.theprint.in/wp-content/uploads/2024/09/ANI-20240927182217.jpg,theprint,0.8372965256590919,14,25,133,17,54
383,Newsdata,https://timesofindia.indiatimes.com/blogs/toi-edit-page/those-olympiad-golds-the-story-starts-5000-years-ago/,"Those Olympiad golds? The story starts 5,000 years ago","India’s historic double gold at the Chess Olympiad delighted chess fans. The spectacular showing may usher in a golden era of Indian chess. Amidst the celebrations, what needs to be widely known is that our...",2024-09-28 02:35:31,https://static.toiimg.com/imagenext/toiblogs/photo/blogs/wp-content/uploads/2024/09/Screenshot-2024-09-28-080312.png,toi,0.9999999999981624,4,6,44,0,20
384,Newsdata,https://theprint.in/the-fineprint/indias-1st-woman-mahout-tranquilizers-tame-elephants-wants-old-ways-back/2286741/,India’s 1st woman mahout not a fan of tranquilizers to tame elephants. Wants old ways back,"Born in Shillong, Parbati lived in North Bengal for 20 years, chasing elephants away from human settlements. Armed with a shotgun, she saved Asian elephants battling survival.",2024-09-28 02:30:18,https://static.theprint.in/wp-content/uploads/2024/09/Feature-Image-7-696x392.jpg,theprint,0.998719619370998,120,182,845,196,497
385,Newsdata,https://www.india.com/viral/meet-man-who-announced-biggest-news-about-akash-ambani-shloka-mehtas-daughter-veda-to-the-world-dhanraj-nathwani-mukesh-ambani-is-his-father-he-works-at-reliance-industries-7282088/,"Meet man who announced biggest news about Akash Ambani, Shloka Mehta’s daughter to the world, Mukesh Ambani is his father’s..., he works as..","This man is a trusted associate of the Ambani family, known for his close friendship with Isha, Akash, and Anant Ambani.",2024-09-28 03:36:18,https://static.india.com/wp-content/themes/icom/images/default-big.svg,india,0.060931478321027695,10,29,151,22,38
386,Newsdata,https://www.dnaindia.com/india/report-central-government-makes-bold-move-lifts-ban-on-agricultural-sector-for-3110300,"Central government makes bold move, lifts ban on agricultural sector for...","However, the government clarified that the 20% export tax on parboiled rice would remain in place for the foreseeable future",2024-09-28 16:35:00,https://cdn.dnaindia.com/sites/default/files/styles/third/public/2024/09/28/2654726-work-2024-09-28t220808.750.jpg,dnaindia,6.98210014177081e-21,11,31,99,4,49
387,Newsdata,https://www.washingtontimes.com/news/2024/sep/28/belgian-catholic-university-denounces-visiting-pop/,Belgian Catholic university denounces visiting pope's views on women after he digs in on their role,"Pope Francis' burdensome trip through Belgium reached new lows on Saturday when defiant Catholic university women demanded to his face a ""paradigm change"" on women's issues in the church and then expressed deep disappointment when Francis dug in.",2024-09-28 18:35:03,https://twt-thumbs.washtimes.com/media/image/2024/09/28/Belgium_Pope_88809_s1440x960.jpg,washingtontimes,0.1475137040810598,42,87,371,57,205
388,Newsdata,https://www.cnbctv18.com/photos/travel/lifestyle/paris-fashion-week-alessandro-michele-makes-bold-valentino-debut-showcases-classics-with-a-modern-twist-19484516.htm,Paris Fashion Week: Alessandro Michele makes bold Valentino debut; showcases classics with a modern twist,"Alessandro Michele’s Valentino debut at Paris Fashion Week blended Gucci's exuberance with Valentino's heritage, reimagining classics with a modern twist, set against a poetic backdrop of transformation.",2024-09-29 16:59:06,https://images.cnbctv18.com/uploads/2024/09/valentino-8-2024-09-bcc4bf1224411266055d451df29d03fb.jpg,cnbctv18,5.4145834139359376e-12,16,33,111,6,44
389,Newsdata,https://www.india.com/viral/watch-viral-video-shows-man-giving-away-iphone-16-to-strangers-for-free-in-dubai-shargeel-khan-instagram-viral-video-iphone-16-pro-max-free-7285701/,Watch: Viral video shows man giving away iPhone 16 to strangers for FREE in....,"A video shared by Instagram user Shargeel Khan which has gone viral on the platform and other social media sites, shows Shargeel stepping down out of his Mercedes and grabbing a box-packed iPhone 16 taped to a luxury SUV on a busy road in Dubai, UAE.",2024-09-29 17:34:08,https://static.india.com/wp-content/themes/icom/images/default-big.svg,india,0.010048512081532205,22,36,152,16,68
390,Newsdata,https://www.washingtontimes.com/news/2024/sep/29/joe-biden-says-hell-speak-with-benjamin-netanyahu-/,"Biden says he'll speak with Israeli leader, vowing all-out war in the Middle East must be avoided","President Joe Biden said Sunday he would speak with Israeli Prime Minister Benjamin Netanyahu, and believes that an all-out war in the Middle East must be avoided.",2024-09-29 19:06:26,https://twt-thumbs.washtimes.com/media/image/2024/09/29/Biden_70691_s1440x962.jpg,washingtontimes,0.005286444045989824,14,30,149,20,95
391,Newsdata,https://theprint.in/feature/gulshan-grover-shares-his-experience-of-working-with-kamal-haasan-in-indian-2-calls-him-best-actor/2289872/,"Gulshan Grover shares his experience of working with Kamal Haasan in ‘Indian 2’, calls him “best actor”","Abu Dhabi [UAE], September 30 (ANI): Veteran actor Gulshan Grover shared his experience of working with superstar Kamal Haasan in ‘Indian 2’ and called him the “best actor” While speaking to media persons at the Sobha Realty IIFA Rocks 2024, he said, “I have had the great pleasure of acting in ‘Indian 2’ with my [...]",2024-09-29 19:02:01,https://static.theprint.in/wp-content/uploads/2024/09/ANI-20240929184702.jpg,theprint,0.031683791431007906,18,31,251,27,72
392,Newsdata,https://theprint.in/feature/rani-mukerjis-sweet-airport-interaction-with-fans-is-pure-love-and-all-smiles/2289988/,Rani Mukerji’s sweet airport interaction with fans is pure love and all smiles,"Mumbai (Maharashtra) [India], September 30 (ANI): Bollywood actress Rani Mukerji was recently spotted at the airport, and while her stylish outfit caught everyone’s attention, it was her kind interaction with fans that truly stole the hearts of many as she made sure that no one of them was left disappointed. As Rani made her way [...]",2024-09-30 02:32:01,https://static.theprint.in/wp-content/uploads/2024/09/ANI-20240930022431.jpg,theprint,0.4047547202661714,20,18,115,15,49
393,Newsdata,https://theprint.in/opinion/no-more-lip-service-unsc-reforms-time-implementation-roadmap/2289664/,No more lip service on UNSC reforms—it’s time to form an implementation roadmap,"Most of the UNSC’s failures stem from the use of veto power by the P5. In a world that champions democracy, the UNSC is inherently the most undemocratic entity possible.",2024-09-30 02:30:53,https://static.theprint.in/wp-content/uploads/2024/09/unsc_reform-696x392.jpg,theprint,1.7800380605422034e-15,48,122,398,17,170
394,Newsdata,https://theprint.in/feature/siddhant-chaturvedi-recreates-iconic-srk-pose-at-iifa-rocks-2024/2290025/,Siddhant Chaturvedi recreates iconic SRK pose at IIFA Rocks 2024,"Abu Dhabi [UAE], September 30 (ANI): The IIFA Rocks 2024, which took place on Sunday night, was a star-studded affair co-hosted by Siddhant Chaturvedi and Abhishek Banerjee. The night was filled with unforgettable moments, but one that truly stole the spotlight was Siddhant’s sweet gesture for superstar Shah Rukh Khan, which was the cherry on [...]",2024-09-30 03:32:02,https://static.theprint.in/wp-content/uploads/2024/09/ANI-20240930032701.jpg,theprint,1.8006442507691778e-10,6,16,129,8,29
395,Newsdata,https://theprint.in/feature/kris-kristofferson-country-music-legend-and-a-star-is-born-actor-passes-away/2290067/,"Kris Kristofferson, country music legend and ‘A Star Is Born’ actor passes away","Washington [US], September 30 (ANI): Kris Kristofferson, the influential country music artist and acclaimed actor known for his role in the iconic film ‘A Star Is Born’, has passed away at the age of 88. Surrounded by family at his home in Maui, Kristofferson’s death on September 28 was announced through a heartfelt message shared [...]",2024-09-30 04:32:13,https://static.theprint.in/wp-content/uploads/2024/09/ANI-20240930041758.jpg,theprint,0.9993458900446441,15,23,186,31,71
396,Newsdata,https://www.india.com/news/india/jammu-and-kashmir-assembly-elections-final-phase-of-voting-on-tuesday-across-40-constituencies-7288254/,Jammu and Kashmir Assembly Elections: Final phase of voting on Tuesday across 40 constituencies,"The Election Commission has set up 5,030 polling stations for the third phase.",2024-09-30 16:36:54,https://static.india.com/wp-content/themes/icom/images/default-big.svg,india,1.0765971107874192e-30,6,29,154,5,62
397,Newsdata,https://timesofindia.indiatimes.com/blogs/mithila-note/gandhis-early-engagement-with-press/,Gandhi’s early engagement with press,"Gandhi’s first engagement with journalism occurred during his stay in London from 1888 to 1891, where he contributed several articles to The Vegetarian, the organ of the London Vegetarian Society. His writings during this period focused...",2024-09-30 17:32:14,https://static.toiimg.com/imagenext/toiblogs/photo/blogs/wp-content/uploads/2024/02/IMG_20231226_223443.jpg,toi,0.056169939861623955,34,112,389,60,173
398,Newsdata,https://kashmirobserver.net/2024/09/30/middle-east-on-edge/,Middle East On Edge,It is time that the time world powers make a meaningful effort to stop Israel and pull the region back from the brink.,2024-09-30 17:21:53,https://kashmirobserver.net/wp-content/uploads/2020/12/EDITORIAL.jpg,kashmirobserver,0.0005830313923778246,37,38,129,14,70
399,Newsdata,https://www.washingtontimes.com/news/2024/sep/30/william-chip-usher-former-cia-executive-pushes-for/,Former CIA executive pushes for new 'open source' intelligence body,"An influential former CIA executive is working to build momentum in Washington for a new U.S. intelligence agency that would focus solely on commercially available data, such as content on social media and tech platforms.",2024-09-30 20:14:38,https://twt-thumbs.washtimes.com/media/image/2012/11/30/egypt_6774_20121130_s864x574.jpg,washingtontimes,3.5208896567932453e-11,25,70,299,17,124
400,Newsdata,https://theprint.in/opinion/standard-deviation/new-hindu-rate-of-growth-is-here-its-called-7-and-its-just-not-enough/2291353/,The new ‘Hindu rate of growth’ is here. It’s called 7% and it’s just not enough,"The current ‘Hindu rate of growth’ is far faster than the original one, but it is still wholly inadequate to cater to the needs of the population.",2024-10-01 03:31:26,https://static.theprint.in/wp-content/uploads/2024/04/Indian-economy-696x392.jpg,theprint,0.0002152446913388398,79,145,347,38,228
401,Newsdata,https://theprint.in/feature/kiara-advani-shares-adorable-vacation-pic-with-hubby-sidharth-malhotra/2291895/,Kiara Advani shares adorable vacation pic with hubby Sidharth Malhotra,"Mumbai (Maharashtra) [India], October 1 (ANI): Actors Sidharth Malhotra and Kiara Advani have been out of the spotlight recently, and now fans know why–they’ve been enjoying a peaceful holiday together. Taking to her Instagram Stories on Monday, Kiara shared a picture that gave fans a peek into their vacation. In the blurry picture, the ‘Shershaah’ [...]",2024-10-01 04:32:15,https://static.theprint.in/wp-content/uploads/2024/10/ANI-20241001042556.jpg,theprint,3.431573465944288e-06,8,14,104,9,44
402,Newsdata,https://theprint.in/feature/angelina-jolie-withdraws-lawsuit-over-2016-brad-pitt-plane-altercation/2291893/,Angelina Jolie withdraws lawsuit over 2016 Brad Pitt plane altercation,"Washington [US], October 1 (ANI): Actress Angelina Jolie has officially withdrawn her lawsuit against the Department of Justice and the FBI concerning the 2016 plane incident involving her ex-husband, Brad Pitt. The news confirmed by E! News, marks the end of a contentious legal chapter for the Oscar-winning star. According to court documents obtained by [...]",2024-10-01 04:32:02,https://static.theprint.in/wp-content/uploads/2024/10/ANI-20241001043029.jpg,theprint,0.009354921349864929,17,29,146,17,79
403,Newsdata,https://www.mid-day.com/mumbai-guide/things-to-do/article/young-at-art-23403259,This Mumbai-based teenager is teaching art to senior citizens,A high schooler hosts free art workshops for seniors to hone their motor skills,2024-10-01 04:30:36,https://images.mid-day.com/images/images/2024/oct/youngatart_d.jpg,mid_day,0.9997944425257346,30,43,168,58,99
404,Newsdata,https://www.dnaindia.com/india/report-unacceptable-rahul-gandhi-reacts-to-sonam-wangchuk-over-100-ladakhis-detention-at-delhi-border-3110770,"'Unacceptable': Rahul Gandhi reacts to Sonam Wangchuk, over 100 Ladakhis detention at Delhi border","Around 120 people from Ladakh, including Wangchuk -- who had marched to the national capital demanding Sixth Schedule status for the Union Territory -- have been detained by the Delhi Police at the national capital's border.",2024-10-01 04:27:00,https://cdn.dnaindia.com/sites/default/files/styles/third/public/2024/10/01/2655194-rahul-gandhi.jpg,dnaindia,0.005076667611375733,11,26,168,19,95
405,Newsdata,https://www.dnaindia.com/india/report-dera-chief-rape-convict-gurmeet-ram-rahim-gets-parole-ahead-of-haryana-elections-3110878,"Dera chief, rape convict Gurmeet Ram Rahim gets parole ahead of Haryana elections",Gurmeet Ram Rahim Singh has been granted 20-day parole with strict conditions ahead of Haryana's assembly elections.,2024-10-01 16:37:00,https://cdn.dnaindia.com/sites/default/files/styles/third/public/2024/10/01/2655302-image-2024-10-01t221437.570.jpg,dnaindia,4.554537296279309e-13,10,22,122,8,53
431,Newsdata,https://timesofindia.indiatimes.com/blogs/voices/why-is-mva-afraid-to-speak-about-development/,Why is MVA afraid to speak about development?,Assembly elections are likely to be announced anytime. Bharatiya Janata Party- Shiv Sena – NCP Mahayuti has decided that it will ask for voter’s mandate on the basis of development works. The Modi government in...,2024-10-07 01:31:03,https://static.toiimg.com/imagenext/toiblogs/photo/blogs/wp-content/uploads/2023/05/WhatsApp-Image-2023-05-07-at-11.29.47.jpeg,toi,6.217689602343709e-09,43,84,472,24,163
406,Newsdata,https://theprint.in/feature/david-dhawan-visits-hospital-to-check-on-govinda-post-gunshot-incident/2293267/,David Dhawan visits hospital to check on Govinda post-gunshot incident,"Mumbai (Maharashtra) [India], October 1 (ANI): Film director David Dhawan visited a Mumbai hospital on Tuesday to check on actor and Shiv Sena leader Govinda, who sustained an injury earlier in the day after his revolver accidentally went off at his home. Govinda has been admitted at the CritCare Hospital in Mumbai here after he [...]",2024-10-01 17:33:22,https://static.theprint.in/wp-content/uploads/2024/10/ANI-20241001171906.jpg,theprint,0.9999383835763839,29,38,243,51,101
407,Newsdata,https://www.washingtontimes.com/news/2024/oct/1/for-rosh-hashanah-jewish-people-plant-seeds-of-mir/,"For Rosh Hashanah, Jewish people plant the seeds of miracles at New York tomb","Rosh Hashanah, the Jewish New Year, always brings more Jews than usual to the burial place of Rabbi Menachem Mendel Schneerson, a towering figure in the 20th century.",2024-10-01 19:17:38,https://twt-thumbs.washtimes.com/media/image/2024/10/01/Screenshot_2024-10-01_at_3.20.36PM_1_s700x929.png,washingtontimes,0.9987480389873752,135,164,617,171,394
408,Newsdata,https://timesofindia.indiatimes.com/blogs/jugglebandhi/state-of-the-notion/,State of the notion,"There are many pros and cons in the One Nation, One Vote ongoing debate The govt has once again proposed bundling the general election and assembly elections into a single package and concluding the exercise...",2024-10-01 23:30:40,https://static.toiimg.com/imagenext/toiblogs/photo/blogs/wp-content/uploads/2016/09/jug.jpeg,toi,0.0006702246318256621,15,51,128,14,66
409,Newsdata,https://theprint.in/opinion/chinese-are-seeing-india-as-going-soft-talk-of-consensus-over-disengagement-rings-hollow/2293033/,Chinese are seeing India as going soft. Talk of ‘consensus’ over disengagement rings hollow,A review of Chinese media and social platforms reveals a widespread perception that India has adopted a more conciliatory approach towards China.,2024-10-02 02:30:30,https://static.theprint.in/wp-content/uploads/2023/01/Untitled-design-31-696x392.jpg,theprint,2.5963740488547133e-13,33,100,323,17,166
410,Newsdata,https://theprint.in/feature/unfortunate-hai-arshad-warsi-reacts-to-govindas-bullet-injury/2293596/,“Unfortunate hai”: Arshad Warsi reacts to Govinda’s bullet injury,"Mumbai (Maharashtra) [India], October 2 (ANI): Actor and Shiv Sena leader Govinda is being treated at a hospital in Mumbai after he accidentally injured his leg with his personal revolver on Tuesday morning. After learning about the incident, many celebrities including David Dhawan and Shatrughan Sinha visited the hospital to check on him. Stars like [...]",2024-10-02 03:32:02,https://static.theprint.in/wp-content/uploads/2024/10/ANI-20241002032027.jpg,theprint,0.9999907269325365,19,16,118,29,66
411,Newsdata,https://theprint.in/feature/shah-rukh-khan-starrer-jawan-to-release-in-japan-on-this-date/2294772/,Shah Rukh Khan starrer ‘Jawan’ to release in Japan on this date,"Mumbai (Maharashtra) [India], October 2 (ANI): After achieving massive success in India, the blockbuster film ‘Jawan’ starring Shah Rukh Khan and Deepika Padukone is all set for a grand release in Japan. On Wednesday, SRK treated fans with a video of the film with Japanese subtitles. View this post on [...]",2024-10-02 16:32:02,https://static.theprint.in/wp-content/uploads/2024/10/ANI-20241002162349.jpg,theprint,2.1979228835135207e-39,5,18,142,4,36
412,Newsdata,https://theprint.in/feature/nagarjunas-wife-amala-akkineni-condemns-congress-k-surekhas-venomous-remarks-asks-rahul-gandhi-to-make-her-retract-statement/2294836/,"Nagarjuna’s wife Amala Akkineni condemns Congress’ K Surekha’s “venomous” remarks, asks Rahul Gandhi to make her retract statement","Hyderabad (Telangana) [India], October 2 (ANI): After actor Nagarjuna Akkineni, his wife Amala Akkineni slammed Telangana minister Konda Surekha for her controversial remark linking Bharat Rashtra Samiti Chief KT Rama Rao for the separation between actors Naga Chaitanya and Samantha Ruth Prabhu. On Wednesday evening, Amala took to her official Instagram handle to condemn Surekha’s [...]",2024-10-02 17:32:02,https://static.theprint.in/wp-content/uploads/2024/10/ANI-20241002172026.jpg,theprint,0.9997428713464637,16,31,193,37,87
413,Newsdata,https://www.india.com/news/india/centre-gives-classical-languages-tag-to-5-indian-languages-including-marathi-bengali-and-7296578/,"Centre gives ‘classical language’ tag to 5 Indian languages including Marathi, Bengali, and....",Union Minister Ashwini Vaishnaw asserted that the Narendra Modi government is taking concrete steps to preserve and promote classical languages and safeguard their rich heritage.,2024-10-03 16:15:23,https://static.india.com/wp-content/themes/icom/images/default-big.svg,india,1.889549038225651e-17,16,54,233,10,94
414,Newsdata,https://www.india.com/karnataka/shocker-couple-claims-had-baby-girl-at-karnataka-hospital-handed-dead-boy-mix-up-say-authorities-koppal-district-maternity-and-childrens-hospital-watch-viral-video-7296424/,"SHOCKER! Couple claims had baby girl at Karnataka hospital, handed dead boy; ‘mix-up’, say authorities","A woman in Koppal district in Karnataka she gave birth to a baby girl at a state-run hospital but days later, the hospital authorities handed her the dead body of an infant boy.",2024-10-03 16:37:56,https://static.india.com/wp-content/themes/icom/images/default-big.svg,india,0.7389290090983941,15,25,125,19,70
415,Newsdata,https://www.timesnownews.com/city/gurugram/haryana-elections-2024-villagers-samaspur-jo-neta-ye-paani-peeyega-water-challenge-to-politicians-seeking-their-votes-article-113916863,Haryana Villagers' 'Jo Neta Ye Paani Peeyega' Challenge To Politicians Seeking Their Votes,The villagers of Haryana's Samaspur village near Gurugram have a unique challenge for the politicians who seek their votes. The residents want the leaders to drink the water that is available in their village.,2024-10-03 18:36:33,"https://static.tnn.in/thumb/msid-113917223,thumbsize-56186,width-1280,height-720,resizemode-75/113917223.jpg?quality=100",timesnownews,0.00020443095370692663,12,18,120,11,42
416,Newsdata,https://theprint.in/feature/billie-eilishs-mom-maggie-baird-reacts-to-her-daughter-being-called-nepo-baby/2297988/,Billie Eilish’s mom Maggie Baird reacts to her daughter being called “nepo baby”,"Washington [US], October 4 (ANI): Grammy-winning artist Billie Eilish has achieved a lot in her career. However, her mother Maggie Baird doesn’t believe that she became famous because of nepotism, reported E! News. Maggie Baird, who also shares son Finneas with her husband Patrick O’Connell denies Billie and Finneas are “nepo babies” simply because she [...]",2024-10-04 16:47:01,https://static.theprint.in/wp-content/uploads/2024/10/ANI-20241004163650.jpg,theprint,0.999976262168362,19,27,126,37,76
417,Newsdata,https://timesofindia.indiatimes.com/blogs/voices/global-population-collapse-and-the-coming-battle-for-womens-autonomy/,Global population collapse and the coming battle for women’s autonomy,"JD Vance’s views about “childless cat ladies” and Elon Musk’s warnings about low birth rates are the latest in a long line of passionate opinions about women’s reproductive preferences. Plato specified 5,040 citizens as the...",2024-10-04 17:34:53,https://static.toiimg.com/imagenext/toiblogs/photo/blogs/wp-content/uploads/2024/10/Pallavi_Singh_A_US_woman_in_catwoman_supersuit_sitting_on_bed_wi_e18097bb-1a8d-4000-9733-2289076abeab.jpg,toi,0.00012529352156152003,71,140,327,31,187
418,Newsdata,https://theprint.in/feature/baseless-and-ridiculous-akhil-akkineni-attacks-telangana-minister-surekha-for-her-remarks-on-naga-chaitanya-samantha-divorce/2298064/,“Baseless and ridiculous”: Akhil Akkineni attacks Telangana minister Surekha for her remarks on Naga Chaitanya-Samantha divorce,"Mumbai (Maharashtra) [India], October 4 (ANI): Actor Akhil Akkineni on Friday lashed out at Telugu minister Konda Surekha, criticizing her for making “baseless and ridiculous statements” about the divorce of actors Samantha Ruth Prabhu and Naga Chaitanya. Surekha had alleged that Bharat Rashtra Samithi leader KT Rama Rao was behind their separation, leading to outrage [...]",2024-10-04 17:32:23,https://static.theprint.in/wp-content/uploads/2024/10/ANI-20241004172046.jpg,theprint,0.9586322472226162,17,48,218,44,119
419,Newsdata,https://theprint.in/feature/no-role-bigger-than-this-says-khesari-lal-on-playing-lord-ram-in-rajaram/2298060/,“No role bigger than this” says Khesari Lal on playing Lord Ram in ‘Rajaram’,"Mumbai (Maharashtra) [India], October 4 (ANI): Bhojpuri superstar Khesari Lal Yadav is set to portray one of the most challenging roles of his career in the upcoming film ‘Rajaram’. The film, which unveiled its first look on Friday during a press event in Mumbai, features Khesari in the role of Lord Ram, a character he [...]",2024-10-04 17:32:01,https://static.theprint.in/wp-content/uploads/2024/10/ANI-20241004172646.jpg,theprint,0.14157481390702167,17,18,152,18,59
420,Newsdata,https://timesofindia.indiatimes.com/blogs/voices/swachh-bharat-people-powered-mission/,Swachh Bharat: People-powered mission,"Any social mission must be imbibed by the citizens proactive participation for its success. The Swachh Bharat Mission, launched on October 2, 2014, is one such mission of recent times that has inspired and motivated...",2024-10-04 19:40:25,https://static.toiimg.com/imagenext/toiblogs/photo/blogs/wp-content/uploads/2024/10/Screenshot-2024-10-02-154151.png,toi,1.3811465440881624e-09,50,138,534,40,238
421,Newsdata,https://timesofindia.indiatimes.com/blogs/the-next-step/action-might-speak-louder-than-intention/,Action might speak louder than intention,"Here are three incidents from Laddu Pinto’s life. Incidence 1 “Laddu Pinto lived in a seven-story apartment. He had a new next-door neighbor, who was a kind-looking old lady. She lived alone and did all...",2024-10-04 19:36:03,https://static.toiimg.com/imagenext/toiblogs/photo/blogs/wp-content/uploads/2023/04/Ajit.jpg,toi,0.9965616776075686,56,72,253,72,172
422,Newsdata,https://timesofindia.indiatimes.com/blogs/science-nomad/empathy-vs-xenophobia-warring-children-of-oxytocin/,Empathy vs Xenophobia: Warring children of Oxytocin,"From the oxytocin perspective, human world gets divided into “us-and-them” that scientists refer to as in-group and out-group model. This model gets extended to deal with everything that we interact with ranging from in-group of...",2024-10-04 19:28:04,https://static.toiimg.com/imagenext/toiblogs/photo/blogs/wp-content/uploads/2018/02/11.jpg,toi,0.5492388528798863,43,86,198,46,151
423,Newsdata,https://theprint.in/feature/i-lean-on-my-real-life-friends-ananya-panday-on-dealing-with-breakups/2298147/,“I lean on my real-life friends...”: Ananya Panday on dealing with breakups,"Mumbai (Maharashtra) [India], October 5 (ANI): Ananya Panday has left movie buffs mesmerised with her performance in her latest release, ‘CTRL’, a gripping cyberthriller directed by Vikramaditya Motwane. In the film, Ananya plays Nella Awasthi, an influencer who, after a painful breakup, turns to Artificial Intelligence (AI) to erase her ex-boyfriend Joe from her life. [...]",2024-10-04 19:47:01,https://static.theprint.in/wp-content/uploads/2024/10/ANI-20241004194020.jpg,theprint,0.9976168030310222,15,29,98,26,59
424,Newsdata,https://theprint.in/feature/david-henrie-expresses-gratitude-to-selena-gomez-for-support-ahead-of-film-release/2299221/,David Henrie expresses gratitude to Selena Gomez for support ahead of film release,"Washington [US], October 5 (ANI): In a heartfelt show of camaraderie, actor David Henrie expressed his gratitude to long-time friend and former co-star Selena Gomez for her support during the premiere of his new film, ‘Monster Summer’. The screening took place just ahead of Halloween, and Gomez was in attendance to cheer on Henrie, according [...]",2024-10-05 17:32:35,https://static.theprint.in/wp-content/uploads/2024/10/ANI-20241005171711.jpg,theprint,0.9994840026823696,17,27,135,29,65
425,Newsdata,https://www.washingtontimes.com/news/2024/oct/5/vice-president-harris-visits-north-carolina-to-sur/,Vice President Harris visits North Carolina to survey Helene damage,"Vice President Kamala Harris visited North Carolina Saturday to survey the damage caused by Hurricane Helene, one day after former President Donald Trump held an event in the swing state.",2024-10-05 21:18:58,https://twt-thumbs.washtimes.com/media/image/2024/10/05/Election_2024_Harris_69124_s1440x960.jpg,washingtontimes,0.3176177643376142,26,37,260,31,127
426,Newsdata,https://theprint.in/feature/bigg-boss-18-watch-salman-khans-witty-banter-with-aniruddhacharya-as-he-asks-kab-karenge-shaadi/2300059/,Bigg Boss 18: Watch Salman Khan’s witty banter with Aniruddhacharya as he asks “Kab karenge shaadi?”,"Mumbai (Maharashtra) [India], October 6 (ANI): In a sensational start to the much-anticipated 18th season of ‘Bigg Boss’, host Salman Khan took center stage during the premiere event themed “Time Ka Taandav.” The event aired live on Colors TV and JioCinema, showcasing an extravagant new house designed to captivate both contestants and viewers alike. Spiritual [...]",2024-10-06 17:32:50,https://static.theprint.in/wp-content/uploads/2024/10/ANI-20241006171617.jpg,theprint,3.1096171106416407e-09,9,32,145,10,52
427,Newsdata,https://timesofindia.indiatimes.com/blogs/gen-zedits/fading-red/,Fading red,"The Fight Against Maoists and Why Development is Key for Lasting Success The Indian government had a big win recently. In a forest called Abujhmad in Bastar, security forces defeated 31 Maoists in a tough...",2024-10-06 23:30:41,https://static.toiimg.com/imagenext/toiblogs/photo/blogs/wp-content/uploads/2024/05/Gen-Z-2-1.jpeg,toi,6.46436561232306e-06,29,36,109,12,76
428,Newsdata,https://timesofindia.indiatimes.com/blogs/cultural-chromosomes/de-cap-itated/,De-cap-itated,Flood of confusion after EU’s new rule on water bottles Germany checking the Schengen visas of all those travelling to that country even from within Europe is not the alarming thing to happen on the...,2024-10-06 23:30:39,https://static.toiimg.com/imagenext/toiblogs/photo/blogs/wp-content/uploads/backup/reshmi.jpg,toi,1.2059634934659893e-08,22,42,133,9,72
429,Newsdata,https://timesofindia.indiatimes.com/blogs/toi-editorials/high-on-failure-2/,High on failure,No major party has dared call out Nitish’s prohibition policy. Will Prashant Kishor’s critique matter? Pundits are debating whether Prashant Kishor’s claim that his party will lift the ban on alcohol in Bihar within an...,2024-10-06 23:30:16,https://static.toiimg.com/imagenext/toiblogs/photo/blogs/wp-content/uploads/2019/01/toiedit-logo.jpg,toi,3.542830837383283e-05,17,33,140,15,80
430,Newsdata,https://www.india.com/news/india/shillong-teer-lottery-results-071024-first-and-second-round-lucky-codes-live-updates-7303718/,Shillong Teer Lottery results- (07.10.24)- TODAY- First and Second Round winning codes OUT SOON- LIVE Updates,"TODAY's 1st and 2nd round results of 1st Round Shillong Teer Lottery Winning Numbers- October 7, 2024: Check Here Results Full Coverage:",2024-10-07 01:32:23,https://static.india.com/wp-content/themes/icom/images/default-big.svg,india,1.1851175065705046e-19,7,18,101,5,22
432,Newsdata,https://www.india.com/viral/meet-man-whose-take-on-mukesh-ambanis-reliance-ratan-tatas-business-zomato-has-gone-viral-7303640/,"Meet man whose take on Mukesh Ambani’s Reliance, Ratan Tata’s business, Zomato has gone viral","Aswath Damodaran, a financial guru from NYU, shared his views and analysis on several big Indian companies, such as Reliance, Tata, Paytm, and Zomato. For investors, this conversation offered considerable food for thought. He shared his take on the country’s healthcare sector.",2024-10-07 02:30:07,https://static.india.com/wp-content/themes/icom/images/default-big.svg,india,0.9363920134109983,30,64,248,46,131
433,Newsdata,https://theprint.in/feature/sean-diddy-combs-mother-defends-music-mogul-amid-sexual-abuse-allegations-says-my-son-is-not-the-monster/2300254/,"Sean ‘Diddy’ Combs’ mother defends music mogul amid sexual abuse allegations, says “My son is not the monster...”","Washington [US], October 7 (ANI): Sean ‘Diddy’ Combs’ mother has come forward in defence of her son, who is facing trials for sex trafficking, racketeering, and several other allegations of sexual assault, reported Page Six. Janice Combs released a statement through her lawyer Natlie G. Figgers, “It is heartbreaking to see my son judged not [...]",2024-10-07 03:32:13,https://static.theprint.in/wp-content/uploads/2024/10/ANI-20241007031104.jpg,theprint,0.99916134389867,49,70,242,73,175
434,Newsdata,https://theprint.in/feature/tamil-series-snakes-ladders-to-be-out-on-this-date/2301638/,Tamil series ‘Snakes & Ladders’ to be out on this date,"Mumbai (Maharashtra) [India], October 7 (ANI): Tamil thriller series ‘Snakes & Ladders’ is all set to be out on OTT. Curated by Karthik Subbaraj and produced by Kalyan Subramanian (A Stone Bench Production), the series is created by Kamala Alchemis and Dhivakar Kamal, and directed by Ashok Veerappan, Bharath Muralidharan, and Kamala Alchemis. It will [...]",2024-10-07 17:32:01,https://static.theprint.in/wp-content/uploads/2024/10/ANI-20241007173047.jpg,theprint,0.00027511348638511855,5,23,123,13,55
435,Newsdata,https://timesofindia.indiatimes.com/blogs/adi-bytes/cryptids-uncovered-when-cryptids-become-real/,Cryptids uncovered: When Cryptids become real!,"Cryptozoology—the study of hidden or unknown animals—has fascinated people for centuries. Unlike mainstream zoology, cryptozoology ventures into the fringes of the natural world, exploring creatures that might exist but haven’t been proven by modern science....",2024-10-07 17:25:05,https://static.toiimg.com/imagenext/toiblogs/photo/blogs/wp-content/uploads/2022/07/Aditi.png,toi,9.990668700760977e-14,76,133,385,20,229
436,Newsdata,https://www.india.com/news/india/haryana-assembly-elections-2024-vote-counting-to-begin-shortly-in-uchana-kalan-julana-garhi-sampla-kiloi-kaithal-ladwa-ellenabad-7306203/,"Haryana Assembly Elections 2024: Vote counting to begin shortly in Uchana Kalan, Julana, Garhi Sampla Kiloi, Kaithal, Ladwa, Ellenabad","Haryana witnessed a lively voter turnout of 67.90 percent in the polls. Here's a look at what's happening to Dushyant Chautala, Vinesh Phogat, Bhupinder Singh Hooda, Aditya Surjewala, Nayab Singh Saini, Abhay Chautala.",2024-10-08 01:37:47,https://static.india.com/wp-content/themes/icom/images/default-big.svg,india,1.161132736677262e-30,8,13,128,4,27
437,Newsdata,https://www.india.com/news/india/haryana-assembly-elections-2024-voting-to-begin-shortly-in-uchana-kalan-julana-garhi-sampla-kiloi-kaithal-ladwa-ellenabad-7306203/,"Haryana Assembly Elections 2024: Voting to begin shortly in Uchana Kalan, Julana, Garhi Sampla Kiloi, Kaithal, Ladwa, Ellenabad","Haryana witnessed a lively voter turnout of 67.90 percent in the polls. Here's a look at what's happening to Dushyant Chautala, Vinesh Phogat, Bhupinder Singh Hooda, Aditya Surjewala, Nayab Singh Saini, Abhay Chautala.",2024-10-08 01:37:47,https://static.india.com/wp-content/themes/icom/images/default-big.svg,india,1.161132736677262e-30,8,13,128,4,27
438,Newsdata,https://www.india.com/news/india/vinesh-phogat-julana-election-result-live-updates-olympian-takes-on-bjps-yogesh-bairagi-who-is-winning-7306285/,"Vinesh Phogat Julana Election Result LIVE updates: Olympian takes on BJP’s Yogesh Bairagi, who is winning?",Vinesh Phogat Julana Election Result LIVE updates: All updates on the BJP vs Congress battle in one of the greatest rivalries of the state will be shared here.,2024-10-08 02:24:13,https://static.india.com/wp-content/themes/icom/images/default-big.svg,india,2.3243282637584355e-06,7,14,80,6,25
439,Newsdata,https://www.timesnownews.com/videos/entertainment/bollywood-news/when-anushka-sharma-was-shocked-by-karans-claim-of-arjun-kapoor-has-always-been-in-love-with-her-video-114031082,When Anushka Sharma was SHOCKED by Karan's claim of Arjun Kapoor has ‘always been’ in love with her,"Anushka Sharma, one of Bollywood's leading actresses, has shared close bonds with her co-stars. But did you know Karan Johar once claimed Arjun Kapoor was in love with her? On his chat show, KJo stunned both Anushka and Katrina Kaif with this revelation. Karan casually said, “He has always been in love with you. You know that, right?” leaving both actresses shocked. While Katrina responded, “I did not know this,” Anushka playfully yelled, “Are you crazy? You just say anything on your show!”",2024-10-08 03:35:17,"https://static.tnn.in/thumb/msid-114031082,imgsize-239179,width-1280,height-720/114031082.jpg",timesnownews,0.9999999382895717,9,4,33,11,23
440,Newsdata,https://theprint.in/feature/grammy-winning-gospel-singer-cissy-houston-passes-away-at-91/2301929/,Grammy-winning Gospel singer Cissy Houston passes away at 91,"Washington [US], October 8 (ANI): Cissy Houston, the Grammy-winning soul and gospel singer and mother of the late Whitney Houston passed away in her New Jersey home at the age of 91, reported Variety. The veteran artist who sang with Aretha Franklin, Elvis Presley and other stars was under hospice care for Alzheimer’s disease Her [...]",2024-10-08 03:32:02,https://static.theprint.in/wp-content/uploads/2024/10/ANI-20241008032355.jpg,theprint,0.9925392096176602,11,32,186,33,54
441,Newsdata,https://theprint.in/opinion/india-cancer-care-relied-on-western-data-icga-indian-cancer-genome-atlas/2301555/,"India relied on Western data for cancer care. Now, a platform pulls data from Indian patients",Definite steps are now being taken to understand the profile of cancer in the Indian population. Expect rapid progress in cancer care in India in the coming years.,2024-10-08 03:30:26,https://static.theprint.in/wp-content/uploads/2024/02/Cancer-treatment-696x392.jpg,theprint,1.7548440419211122e-11,31,90,290,16,117
442,Newsdata,https://theprint.in/opinion/india-economic-diplomacy-indo-pacific-trade-investment/2301558/,"India’s diplomacy in the Indo-Pacific has an economic hole. Fill it with trade, investment","Modi govt has made economic diplomacy a key part of its engagement with US, Quad, and others. Yet, India’s economic linkages in Indo-Pacific region remain underdeveloped.",2024-10-08 04:30:03,https://static.theprint.in/wp-content/uploads/2024/09/ANI-20240922084018-e1728320213577.jpg,theprint,1.7963938822959301e-12,35,121,364,16,125
443,Newsdata,https://www.cnbctv18.com/business/startup/yulu-becomes-ebitda-profitable-aims-for-ipo-by-2027-19489619.htm,"Yulu becomes EBITDA profitable, aims for IPO by 2027","Yulu’s ambitious growth strategy includes plans to deploy 1,00,000 electric vehicles by 2025, expanding its presence across major cities like Bangalore, Delhi, and Mumbai. To support this growth, the company is also looking to raise $100 million in Series C funding over the next 12 months.",2024-10-08 18:05:02,https://images.cnbctv18.com/uploads/2023/12/startup-1-1.jpg,cnbctv18,2.400883676394305e-14,30,102,353,20,167
444,Newsdata,https://theprint.in/feature/bengaluru-court-reserves-verdict-on-bail-for-actor-darshan-in-murder-case/2303420/,Bengaluru court reserves verdict on bail for actor Darshan in murder case,"Bengaluru (Karnataka) [India], October 8 (ANI): The Sessions Court in Bengaluru on Tuessday reserved the verdict on actor Darshan’s bail petition in connection with a murder case. The proceedings started today on the bail applications of actor Darshan Thoogudeepa, Pavithra Gowda, and 11 other individuals implicated in the Renukaswamy murder case. The court session, presided [...]",2024-10-08 18:02:01,https://static.theprint.in/wp-content/uploads/2024/10/ANI-20241008175724.jpg,theprint,2.0330812404920513e-15,5,27,149,9,58
445,Newsdata,https://theprint.in/feature/sabrina-carpenter-praises-taylor-swift-says-you-just-watch-her/2303476/,"Sabrina Carpenter praises Taylor Swift, says “you just watch her”","Washington [US], October 8 (ANI): Singer Sabrina Carpenter appreciated Taylor Swift for her continuous support and precious advice that helps her always, reported People. She said, “You just watch her, like, walk in a room and it’s very easy to understand that she’s so composed, she’s graceful, she’s gracious,” said Carpenter. She also opened up [...]",2024-10-08 18:32:13,https://static.theprint.in/wp-content/uploads/2024/10/ANI-20241008181902.jpg,theprint,0.9843679898973503,17,24,103,21,44
446,Newsdata,https://www.ptcnews.tv/top-stories/historic-first-ever-durga-puja-celebrations-at-new-yorks-times-square-captivate-the-internet-4399399,Historic first-ever Durga puja celebrations at New York's Times Square captivate the internet,"PTC News Desk: In a historic and culturally significant moment, Durga Puja was celebrated for the first time at New York's iconic Times Square, infusing the vibrant landmark with the rich traditions o",2024-10-09 03:36:03,https://media.ptcnews.tv/wp-content/uploads/2024/10/703694d1115c397e6266d41cef999588_1280X720.webp,ptcnews,6.8766496000104395e-12,30,80,285,14,96
447,Newsdata,https://theprint.in/feature/we-have-pushed-the-boundaries-says-anees-bazmee-ahead-of-bhool-bhulaiyaa-3-trailer-launch/2303679/,"“We have pushed the boundaries...”, says Anees Bazmee ahead of ‘Bhool Bhulaiyaa 3’ trailer launch","Jaipur (Rajasthan) [India], October 9 (ANI): After the success of ‘Bhool Bhulaiyaa 2’, filmmaker Anees Bazmee is gearing up for the release of his next film, ‘Bhool Bhulaiyaa 3’, a blend of psychological horror and comedy. The makers have already created a buzz with the release of the teaser and poster and are now unveiling [...]",2024-10-09 03:32:15,https://static.theprint.in/wp-content/uploads/2024/10/ANI-20241009032719.jpg,theprint,0.00019496864009978262,18,41,281,29,115
448,Newsdata,https://theprint.in/theprint-profile/matric-bride-to-fulbright-scholar-temsula-ao-wove-naga-stories-into-indias-literary-fabric/2302852/,Matric bride to Fulbright scholar—Temsula Ao wove Naga stories into India’s literary fabric,Temsula Ao's work and activism were forged to reconstruct the forgotten Naga identity subsumed by Christianity during Nagaland's insurgency.,2024-10-09 04:32:17,https://static.theprint.in/wp-content/uploads/2022/10/temsula-696x392.jpg,theprint,0.9995238691249613,56,72,348,74,167
449,Newsdata,https://theprint.in/opinion/two-railways-privatisation-models-for-india-to-learn-from-uk-japan/2303820/,Two railways privatisation models for India to learn from—UK & Japan,The experience of privatisation of railways across the world has been mixed. There have been some failures where the incentives did not play out and outcomes didn't match expectations.,2024-10-09 05:36:49,https://static.theprint.in/wp-content/uploads/2023/12/WAP-4_Class_locomotive_of_Indian_Railways-1-696x392.jpg,theprint,1.0543599478626485e-09,42,80,297,20,148
450,Newsdata,https://www.cnbctv18.com/photos/travel/lifestyle/lakme-fashion-week-2024-designer-aneeth-arora-celebrates-15-years-of-pero-with-vibrant-hello-kitty-collection-19490391.htm,Lakme Fashion Week 2024: Designer Aneeth Arora celebrates 15 years of Péro with vibrant Hello Kitty collection,"The event kicked off today with a collection from celebrated designer Aneeth Arora, known for her sustainable label, Péro, which has gained international acclaim since its launch in 2009.",2024-10-09 16:34:13,https://images.cnbctv18.com/uploads/2024/10/6-2024-10-3df1150c7a2559c6e2c24f9217aa6ca5.jpg,cnbctv18,9.494539860528617e-06,5,25,53,2,18
451,Newsdata,https://timesofindia.indiatimes.com/blogs/the-write-wing/balancing-act-how-india-can-tackle-the-eus-unfair-carbon-tax-while-staying-green/,Balancing Act: How India can tackle the EU’s unfair carbon tax while staying green,"In a world where climate action is no longer optional, countries are grappling with how to balance environmental goals with economic realities. Recently, Finance Minister Nirmala Sitharaman spoke out against the European Union’s Carbon Border...",2024-10-09 17:36:02,https://static.toiimg.com/imagenext/toiblogs/photo/blogs/wp-content/uploads/2022/12/20211005_151130_2-1.jpg,toi,1.7780021474357125e-06,52,100,320,24,174
452,Newsdata,https://www.india.com/news/ratan-tata-dies-pm-modi-extends-condolences-as-chairman-emeritus-of-tata-group-passes-away-7311532/,Ratan Tata dies: PM Modi extends condolences as Chairman emeritus of Tata Group passes away,"Prime Minister Modi on Wednesday extended his condolences on the death of Ratan Tata, who passed away at 86 years old.",2024-10-09 18:38:26,https://static.india.com/wp-content/themes/icom/images/default-big.svg,india,0.1561392298284463,10,23,103,16,28
453,Newsdata,https://www.india.com/news/india/ratan-tata-dies-who-said-what-about-the-legendary-tata-sons-chairman-emeritus-7311525/,Ratan Tata dies: Who said what about the legendary Tata Sons Chairman emeritus,"Ratan Tata, the legendary chairman emeritus of Tata Sons, has passed away at the age of 86. His passing marks the end of an era for one of India’s most iconic and influential business figures. Just days before his death, Tata had taken to social media to dismiss rumors about his health, clarifying that he [...]",2024-10-09 18:35:25,https://static.india.com/wp-content/themes/icom/images/default-big.svg,india,0.49193082927344617,42,94,405,73,133
454,Newsdata,https://theprint.in/feature/aaron-pierre-set-to-star-as-john-stewart-in-lanterns/2305202/,Aaron Pierre set to star as John Stewart in ‘Lanterns’,"Washington [US], October 9 (ANI): In a significant development for the DC Universe, Aaron Pierre has been chosen to portray John Stewart in HBO’s much-anticipated series, ‘Lanterns.’ Pierre, known for his role in ‘Rebel Ridge,’ will share the screen with Hal Jordan, a character for which actor Kyle Chandler is reportedly finalizing negotiations, as per [...]",2024-10-09 18:32:27,https://static.theprint.in/wp-content/uploads/2024/10/ANI-20241009182037.jpg,theprint,3.79077794517837e-13,9,14,136,9,48
455,Newsdata,https://theprint.in/feature/reacher-season-4-greenlit-ahead-of-season-3-premiere/2305199/,‘Reacher’ season 4 greenlit ahead of season 3 premiere,"Washington [US], October 9 (ANI): Prime Video has officially renewed its hit series ‘Reacher’ for a fourth season, even before the third season is set to premiere next year. This announcement comes just a week after the streaming service ordered a spinoff series featuring Maria Sten, who will reprise her beloved role as Frances Neagley. [...]",2024-10-09 18:32:16,https://static.theprint.in/wp-content/uploads/2024/10/ANI-20241009182633.jpg,theprint,6.01926571226336e-10,11,23,169,11,58
456,Newsdata,https://theprint.in/feature/lakme-fashion-week-2024-x-fdci-kick-starts-in-delhi-with-peros-vibrant-showcase/2305196/,Lakme Fashion Week 2024 X FDCI kick-starts in Delhi with pero’s vibrant Showcase,"New Delhi [India], October 9 (ANI): Lakme Fashion Week on Wednesday kick-started its new edition in Delhi in partnership with Fashion Design Council of India (FDCI). The fashion gala was opened with pero’s show. Founded by Aneeth Arora, the brand displayed its newest collection inspired by the beloved character Hello Kitty. Models walked the runway [...]",2024-10-09 18:32:01,https://static.theprint.in/wp-content/uploads/2024/10/ANI-20241009182800.jpg,theprint,0.023363989947610936,7,13,94,10,31
457,Newsdata,https://timesofindia.indiatimes.com/blogs/toi-editorials/elephant-whispers-2/,Elephant whispers,Jumbos have as much of a right to walk the earth as humans. India must do a better job of conserving them It’s not for nothing that the elephant’s memory is much storied. Relative to...,2024-10-09 23:30:58,https://static.toiimg.com/imagenext/toiblogs/photo/blogs/wp-content/uploads/2019/01/toiedit-logo.jpg,toi,0.0407838375138248,26,41,118,19,69
458,Newsdata,https://timesofindia.indiatimes.com/blogs/matter-of-tact/building-bridges-in-conversation-with-anish-gawande/,Building bridges: In conversation with Anish Gawande,"From breaking stereotypes to breaking new ground, NCP (SP)’s Anish Gawande weighs in on Politics, LGBTQIA+ Rights, and the Power of Inclusive Change In a political landscape that often seems like the Game of Thrones...",2024-10-10 16:37:44,https://static.toiimg.com/imagenext/toiblogs/photo/blogs/wp-content/uploads/2020/03/IMG_20200125_215323_Bokeh.jpg,toi,0.9232286106934813,121,206,727,149,378
459,Newsdata,https://www.timesnownews.com/videos/mirror-now/shows/exclusive-legacy-ratan-tata-leaves-behind-bharat-ratna-for-nations-ratna-beyond-headline-video-114129309,Exclusive: Legacy Ratan Tata Leaves Behind; 'Bharat Ratna' For Nation's 'Ratna'? | Beyond Headline,"In this episode of Beyond The Headline, anchor Sneha Koshy discusses how the Eknath Shinde government has appealed to the Modi Govt to award the prestigious 'Bharat Ratna' to industrial icon Ratan Tata, after his demise today. The demand for this honor is gaining momentum, with several leaders joining the chorus in support. Many political figures have shared insights into Tata's legacy and contributions, underscoring his impact on India. A panel of experts has joined Sneha Koshy to discuss this in detail. Chairman, of HDFC LIFE, Keki Mistry says “He was a legend like nobody else, he was a man with an incredible vision..” Watch the full discussion to know more and follow Mirror Now for the latest updates...#bhartratna #ratantatasir #ratantata #tata #ripsir #restinpeace #tatagroup #tatasons #worli #ratantatafinalrites #englishnews #latestnews #beyondtheheadline #snehakoshy #mirrornow",2024-10-10 18:47:08,"https://static.tnn.in/thumb/msid-114129309,imgsize-204158,width-1280,height-720/114129309.jpg",timesnownews,1.7138824445046422e-11,3,19,66,4,17
460,Newsdata,https://theprint.in/opinion/i-saw-ratan-tata-standing-at-the-atm-in-my-building-like-a-common-man-that-day-jaithirth-rao/2306783/,I saw Ratan Tata standing at the ATM in my building like a common man that day—Jaithirth Rao,"Ratan Tata never made me feel that, just because I was no longer a powerful banker but rather a struggling entrepreneur, I had to be treated less courteously. I can hardly say the same for other tycoons.",2024-10-11 02:30:54,https://static.theprint.in/wp-content/uploads/2024/10/RATAN-TATA-4-696x392.jpg,theprint,0.8667393937471476,37,53,117,60,100
461,Newsdata,https://timesofindia.indiatimes.com/blogs/toi-editorials/message-in-a-beer/,Message in a beer,"As Kamala Harris goes on a media blitzkrieg, including downing a folksy beer on late-night TV, what demographic is she really trying to woo? She has to demonstrate enough ‘masculine traits’ but not too much....",2024-10-11 02:23:53,https://static.toiimg.com/imagenext/toiblogs/photo/blogs/wp-content/uploads/2024/10/Screenshot-2024-10-11-075133.png,toi,0.0188426827185603,8,16,40,6,23
462,Newsdata,https://theprint.in/opinion/indian-intelligence-needs-science-policy-experts-look-beyond-ips-irs/2306350/,Indian intelligence needs science & policy experts. Look beyond IPS & IRS,"Not recruiting from civilian and scientific talent pools risks a ‘failure of imagination’, hindering India’s ability to pre-empt previously unanticipated dangers.",2024-10-11 03:36:40,https://static.theprint.in/wp-content/uploads/2023/10/RAW-696x392.png,theprint,5.201125543621209e-09,50,156,437,23,172
463,Newsdata,https://theprint.in/feature/superman-actor-henry-cavill-to-star-in-voltron/2307046/,‘Superman’ actor Henry Cavill to star in ‘Voltron’,"Los Angeles [US], October 11 (ANI): Actor Henry Cavill, popularly known for portraying the role of Superman, is now all set to be seen in the live-action ‘Voltron’ film. Rawson Marshall Thurber has come on board to helm the project, which he wrote with Ellen Shanman, as per Variety. Thurber most recently wrote and directed [...]",2024-10-11 03:32:02,https://static.theprint.in/wp-content/uploads/2024/10/ANI-20241011032925.jpg,theprint,3.124688925334334e-29,10,11,124,5,37
464,Newsdata,https://theprint.in/feature/mario-lopez-receives-star-on-hollywood-walk-of-fame/2307097/,Mario Lopez receives star on Hollywood Walk of Fame,"Los Angeles [US], October 11 (ANI): Mario Lopez has become the latest celebrity to be honoured with a star on the Hollywood Walk of Fame. He received the star on Thursday. His family members marked their presence at the felicitation ceremony, as per People. Before unveiling his star, Lopez made a speech and addressed his [...]",2024-10-11 04:32:01,https://static.theprint.in/wp-content/uploads/2024/10/ANI-20241011041053.jpg,theprint,0.9999998652243232,9,10,95,17,49
465,Newsdata,https://odishatv.in/news/national/dgca-to-examine-ai-express-plane-that-suffered-hydraulic-failure-says-civil-aviation-ministry-246290,"DGCA to examine AI Express plane that suffered hydraulic failure, says civil aviation ministry","The DGCA will examine an Air India Express flight that encountered a hydraulic failure on its Trichy to Sharjah route, safely landing at Trichy airport. Civil Aviation Minister K Rammohan Naidu confirmed the swift response of emergency teams and adherence to safety protocols by the crew.",2024-10-11 17:12:00,https://images.odishatv.in/uploadimage/library/16_9/16_9_4/default.svg,odishatv,5.862343889817161e-35,7,12,79,3,40
466,Newsdata,https://theprint.in/yourturn/subscriberwrites-missile-deterrence-in-an-india-china-conflict-lessons-from-the-v2-rocket-to-the-dong-feng/2308299/,SubscriberWrites: Missile deterrence in an India-China conflict: Lessons from the V2 Rocket to the Dong Feng,"As China strengthens its Rocket Force and India preps its AGNI arsenal, the role of conventional ballistic missiles is key to maintaining deterrence in a potential future conflict.",2024-10-11 17:03:49,https://static.theprint.in/wp-content/uploads/2024/10/ThePrint-feature-image-11-696x392.jpg,theprint,5.681634540695771e-06,43,91,257,23,148
479,Newsdata,https://timesofindia.indiatimes.com/blogs/toi-editorials/shootout-in-bandra-2/,Shootout in Bandra,"A senior politician gunned down pre-poll in Mumbai revives memories of earlier, deadlier times in the city Ex-Congress, newly Ajit Pawar NCP, senior Maharashtra politician Baba Siddique’s murder on Dussehra night, as crackers drowned the...",2024-10-13 23:30:58,https://static.toiimg.com/imagenext/toiblogs/photo/blogs/wp-content/uploads/2019/01/toiedit-logo.jpg,toi,2.7501591140069366e-18,23,40,173,8,76
467,Newsdata,https://theprint.in/feature/i-dont-prefer-comfort-bhumi-pednekar-talks-about-her-fashion-choices-at-lakme-fashion-week-x-fdci-2024/2308383/,“I don’t prefer comfort...”: Bhumi Pednekar talks about her fashion choices at Lakme Fashion Week x FDCI 2024,"New Delhi [India], October 11 (ANI): Bhumi Pednekar never fails to turn heads with her sense of style, sporting statement-making glamorous attire. As the actress constantly slays in her fashion choices, she has been an inspiration for many. Bhumi on Friday walked the ramp for designer Richa Khemka on Day 3 of Lakme Fashion Week [...]",2024-10-11 17:47:36,https://static.theprint.in/wp-content/uploads/2024/10/ANI-20241011173715.jpg,theprint,0.9999519470237537,21,36,176,46,102
468,Newsdata,https://www.dnaindia.com/india/report-tamil-nadu-train-accident-mysuru-darbhanga-express-crashes-into-goods-train-several-feared-injured-3112834,"Tamil Nadu train accident: Mysuru-Darbhanga Express crashes into goods train, several feared injured","Over 90% of passengers have been safely evacuated following the 12578 Bagmati Express accident, with no reports of casualties so far.",2024-10-11 17:41:00,https://cdn.dnaindia.com/sites/default/files/styles/third/public/2024/10/11/2657186-image-2024-10-11t232516.089.jpg,dnaindia,1.1642415693612948e-17,11,7,72,4,32
469,Newsdata,https://www.dnaindia.com/india/report-imd-weather-update-heavy-rainfall-predicted-in-these-states-for-next-four-days-check-detailed-forecast-here-3112847,"IMD Weather update: Heavy rainfall predicted in THESE states for next..., check detailed forecast here","The Indian Meteorological Department (IMD) has issued a warning for heavy rainfall in 10 states, starting from October 12 to 16.",2024-10-12 03:33:00,https://cdn.dnaindia.com/sites/default/files/styles/third/public/2024/10/12/2657198-screenshot-2024-10-12-091910.jpg,dnaindia,0.9998282429643677,4,20,85,0,26
470,Newsdata,https://theprint.in/feature/vigyapanti/north-korea-tourism-ad-is-unsettling-like-an-awkward-baywatch-with-russians-in-bikinis/2308395/,North Korea tourism ad is unsettling. Like an awkward Baywatch with Russians in bikinis,"The video, posted on the Reddit thread 'r/northkorea,' shows young Russians reveling in the sun in one of the world’s most secluded countries.",2024-10-12 03:30:48,https://static.theprint.in/wp-content/uploads/2024/10/Feature-Image-2024-10-11T235216.552-696x392.png,theprint,4.7296843187971755e-08,33,69,236,17,108
471,Newsdata,https://www.dnaindia.com/india/report-maharashtra-ncp-leader-baba-siddique-shot-at-in-mumbai-admitted-to-lilavati-hospital-3112981,Maharashtra: NCP leader Baba Siddique shot dead in Mumbai's Bandra,"On Saturday, he was fired upon by unidentified people, and was later admitted to the Lilavati Hospital",2024-10-12 16:45:00,https://cdn.dnaindia.com/sites/default/files/styles/third/public/2024/10/12/2657306-image-96.jpg,dnaindia,1.3974798398270555e-08,17,32,213,18,93
472,Newsdata,https://theprint.in/feature/boney-kapoor-khushi-inaugurate-sridevi-chowk-in-mumbai/2309362/,"Boney Kapoor, Khushi inaugurate Sridevi Chowk in Mumbai","Mumbai (Maharashtra) [India], October 12 (ANI): Boney Kapoor and his daughter Khushi Kapoor inaugurated a chowk in Mumbai on Saturday as a tribute to late actor Sridevi. The event was attended by political leaders and members from the industry. Veteran actor Shabana Azmi also attended the launch. Boney Kapoor and Shabana Azmi were seen posing [...]",2024-10-12 18:17:01,https://static.theprint.in/wp-content/uploads/2024/10/ANI-20241012180805.jpg,theprint,0.017136813644171276,8,11,111,11,29
473,Newsdata,https://timesofindia.indiatimes.com/blogs/mrsfunnybones/ola-la-la-why-jokers-win-oscars-and-twitter-wars/,Ola-la la! Why jokers win Oscars and Twitter wars,"Joker: Folie à Deux’, with its fiery mix of song and dance, hit the cinemas recently and rekindled memories of how Batman and the Joker’s legendary feud began. It starts in the story ‘Batman: The...",2024-10-12 18:12:10,https://static.toiimg.com/imagenext/toiblogs/photo/blogs/wp-content/uploads/2024/10/Stories-2024-10-12T234010.084.png,toi,0.9956390385166904,76,77,319,75,179
474,Newsdata,https://theprint.in/feature/aditi-rao-hydari-makes-a-statement-in-tarun-tahilianis-ott-collection-at-lakme-fashion-week-x-fdci/2309417/,Aditi Rao Hydari makes a statement in Tarun Tahiliani’s OTT collection at Lakme Fashion Week X FDCI,"New Delhi [India], October 13 (ANI): Lakme Fashion Week, in partnership with FDCI, was a spectacle of style and innovation as actress Aditi Rao Hydari took to the runway, marking the unveiling of designer Tarun Tahiliani’s new sub-brand, OTT. The event, presented by NEXA, was infused with glamour and sophistication as Aditi made a striking [...]",2024-10-12 23:02:02,https://static.theprint.in/wp-content/uploads/2024/10/ANI-20241012224749.jpg,theprint,0.940716031231383,13,42,131,29,72
475,Newsdata,https://www.dnaindia.com/india/report-another-massive-drug-bust-delhi-gujarat-police-seize-cocaine-worth-rs-5000-crore-3113136,"Another massive drug bust: Delhi, Gujarat Police seize cocaine worth Rs 5000 crore","Cocaine was recovered during a search of Avkar Drugs Limited Company in Ankleshwar, Gujarat.",2024-10-13 16:37:00,https://cdn.dnaindia.com/sites/default/files/styles/third/public/2024/10/13/2657440-1200900-2024-10-13t222212.444.jpg,dnaindia,1.4680339502176162e-21,5,9,90,3,26
476,Newsdata,https://www.timesnownews.com/videos/entertainment/tv/interviews/indira-krishnan-on-chemistry-with-pranali-rathod-aashay-mishra-memories-of-working-with-ranbir-kapoor-video-114194439,Indira Krishnan on chemistry with Pranali Rathod & Aashay Mishra; memories of working with Ranbir Kapoor,"In an exclusive interview with Telly Talk, Indira Krishnan discusses her role as Paani Bai in Durga. She shares insights into the preparations she undertook to portray the character effectively. Additionally, she opens up about her strong bond with Pranali Rathod and Aashay Mishra. Indira Krishnan reveals that after collaborating with her on the movie Animal, Ranbir Kapoor recommended her for a role in Ramayana. She also describes Ranbir as a humble individual. To learn more, watch the video!#indirakrishnan #pranalirathod #aashaymishra #ranbirkapoor #durga #exclusive #tvnews",2024-10-13 16:33:13,"https://static.tnn.in/thumb/msid-114194439,imgsize-80761,width-1280,height-720/114194439.jpg",timesnownews,0.0030648045129513025,3,10,39,7,10
477,Newsdata,https://www.timesnownews.com/city/major-drug-bust-delhi-and-gujarat-police-seize-518-kg-of-cocaine-worth-5000-crore-article-114194637,"Major Drug Bust! Delhi and Gujarat Police Seize 518 kg of Cocaine Worth ₹5,000 Crore","In a major drug bust, Delhi and Gujarat police seized 518 kilograms of cocaine worth ₹5,000 crore in a joint operation. Read more to know the details of the case.",2024-10-13 17:27:31,"https://static.tnn.in/thumb/msid-114194780,thumbsize-45672,width-1280,height-720,resizemode-75/114194780.jpg?quality=100",timesnownews,0.9999999994987749,6,24,149,0,44
478,Newsdata,https://theprint.in/feature/ananya-panday-in-rohit-bals-ensemble-bring-glam-to-grand-finale-of-lakme-fashion-week-x-fdci-2024/2310241/,Ananya Panday in Rohit Bal’s ensemble bring glam to grand finale of Lakme Fashion Week X FDCI 2024,"New Delhi [India], October 14 (ANI): Bollywood actor Ananya Panday turned showstopper for ace designer Rohit Bal at the grand finale of Lakme Fashion Week X FDCI 2024. She walked the ramp in a quintessential Rohit Bal signature ensemble. She looked beautiful in a black lehenga w with huge red roses, a bralette blouse, and [...]",2024-10-13 21:02:01,https://static.theprint.in/wp-content/uploads/2024/10/ANI-20241013205715.jpg,theprint,6.173733428571428e-07,3,34,153,14,38
480,Newsdata,https://timesofindia.indiatimes.com/blogs/gen-zedits/hurricane-of-troubles/,Hurricane of troubles,"Some US netas deny climate change. Indian netas don’t, but they sanction environmentally risky projects In the US, with presidential elections coming up, two hurricanes—Helene and Milton—have caused a lot of problems and also heated...",2024-10-13 23:30:29,https://static.toiimg.com/imagenext/toiblogs/photo/blogs/wp-content/uploads/2024/05/Gen-Z-2-1.jpeg,toi,3.418727803241305e-12,13,25,91,6,49
481,Newsdata,https://theprint.in/ground-reports/climate-action-is-hot-new-career-consultancy-communications-colleges-all-in/2310166/,"Climate action is the hot new career. Consultancy, communications, colleges are all in","According to LinkedIn’s ‘Jobs On The Rise 2024’ report, ‘Sustainability Manager’ is one of the top 25 most sought-after roles in India.",2024-10-14 02:30:45,https://static.theprint.in/wp-content/uploads/2024/10/2-ft-esg--696x392.jpg,theprint,0.003166441244728333,125,205,1026,109,396
482,Newsdata,https://theprint.in/opinion/forthwrite/bjp-changed-destiny-jk-abrogation-article-370-led-us-here/2309690/,BJP has changed the destiny of J&K. Abrogation of Article 370 led us here,"While the NC will form govt in Jammu and Kashmir, it is the BJP that has claimed the largest share of the electorate pie. It got 25.5% of total votes—more than any other party.",2024-10-14 03:30:25,https://static.theprint.in/wp-content/uploads/2024/09/20240924140L-1-696x392.jpg,theprint,0.00028152388689017447,40,93,489,49,206
483,Newsdata,https://www.timesnownews.com/videos/mirror-now/urban-debate/baba-siddique-shot-dead-bhai-next-after-baba-warn-loyalists-a-sitting-duck-despite-warning-video-114224140,"Baba Siddique Shot Dead: 'Bhai' Next After Baba, Warn 'Loyalists' | A Sitting Duck Despite Warning?","In this episode of Urban Debate, anchor Ritangshu Bhattacharya discusses the assassination of Baba Siddique that has sparked speculation that he was a target despite prior warnings. Bishnoi, though jailed, appears to still wield significant influence, as his loyalists warn that ""Bhai"" (Salman Khan) could be next after Baba.The 66-year-old NCP leader was shot dead by three persons weeks before the Assembly polls. A panel of experts has joined anchor Ritangshu Bhattacharya to discuss this in detail. Journalist Rohit Chandra says, since the last few months, we have seen superstar Salman Khan get threats. Whereas Prem Krishan Jain says gang activity only prospers when there is publicity given to it.Watch the full video to know more and follow Mirror Now for the latest updates.#babasiddique #babasiddiquedeath #babasiddiquepassesaway #ncpleader #mumbainews #mumbaihospital #ncpnews #babasiddiquelatest #lawrencebishnoi #urbandebate #ritangshubhattacharya",2024-10-14 15:37:53,"https://static.tnn.in/thumb/msid-114224140,imgsize-237100,width-1280,height-720/114224140.jpg",timesnownews,9.123061565551254e-13,6,20,58,3,28
484,Newsdata,https://www.dnaindia.com/india/report-election-commision-announce-maharashtra-jharkhand-assembly-election-schedule-today-rahul-gandhi-wayanad-seat-3113305,"EC to announce Maharashtra, Jharkhand Assembly Election schedule today","In addition to the assembly polls, the ECI may also reveal dates for by-elections, including the crucial...",2024-10-15 03:37:00,https://cdn.dnaindia.com/sites/default/files/styles/third/public/2024/10/15/2657609-voter-registration-campaign.jpg,dnaindia,1.4941011504670506e-186,9,24,130,1,57
485,Newsdata,https://theprint.in/opinion/to-let-china-invest-in-india-or-not-an-old-economic-problem-has-struck-policymakers-again/2311530/,To let China invest in India or not—an old economic problem has struck policymakers again,"PM Modi has sought to incentivise manufacturing in India through PLI schemes, but the components have come mainly from China, with Indian companies only engaged in assembling.",2024-10-15 03:29:33,https://static.theprint.in/wp-content/uploads/2023/12/Trade1-696x392.png,theprint,6.215563732995089e-11,53,112,373,23,193
486,Newsdata,https://www.indiatoday.in/science/story/nasas-europa-clipper-is-carrying-a-coded-message-in-hindi-to-jupiters-moon-2616838-2024-10-15,Nasa's Europa Clipper is carrying a coded message in Hindi,Nasa's Europa Clipper is carrying a coded message in Hindi,2024-10-15 05:33:12,https://akm-img-a-in.tosshub.com/indiatoday/images/story/202410/europa-clipper-144236934-16x9_0.jpg?VersionId=xiP9QnzxK2Xd6xHjpLGpalV5PDCmcuCl,indiatoday,2.7102060394011667e-19,5,26,161,7,58
487,Newsdata,https://www.cnbctv18.com/business/companies/pvr-inox-ajay-bijli-strong-response-to-film-re-releases-ott-food-beverages-19493342.htm,"Ajay Bijli highlights strong demand for film re-releases at PVR Inox, expects trend to last","Gaurav Sharma, CFO of PVR Inox, explained that the average ticket price for re-released films is offered at a discount compared to new releases, with prices typically around 30 to 35% lower, though he did not provide specific figures.",2024-10-15 15:35:34,https://images.cnbctv18.com/uploads/2023/04/PVR-e1697385692912.jpg,cnbctv18,0.0010908739712924167,23,44,114,15,64
488,Newsdata,https://www.timesnownews.com/videos/times-now/newshour/canadas-new-charge-against-india-but-no-proof-trudeaus-votebank-agenda-exposed-newshour-agenda-video-114260121,"Canada's New Charge Against India But No Proof, Trudeau's 'Votebank' Agenda Exposed? Newshour Agenda","In this episode of Newshour Agenda, Madhavdas G will discuss the latest developments in India-Canada diplomatic row. A panel will join on Times Now debate for a detailed discussion on this. 'Just shooting in the dark will not get anyone anywhere, and that is what the Canadian government seems to be doing. By making the latest charges without any evidence, they are shooting themselves in the head,' Ashok Sajjanhar tells Madhavdas. 'The Canadian government has been soft on those engaging in hate speech inside and outside of temples...' Michael Bociurkiw joins and contributes with his views. Watch the video to know more!#newshouragenda #timesnowshows #madhavdasg #india #canada #lawrencebishnoi #bishnoigang #indiacanadaissue #indiacanadadiplomaticissue #hardeepsinghnijjar #khalistan #englishnews",2024-10-15 17:38:03,"https://static.tnn.in/thumb/msid-114260121,imgsize-320776,width-1280,height-720/114260121.jpg",timesnownews,4.965984052436666e-07,3,15,46,4,21
489,Newsdata,https://timesofindia.indiatimes.com/blogs/the-determined-doctor/the-silent-saboteur-how-sleep-apnea-steals-your-dreams-and-your-health/,The silent saboteur: How sleep apnea steals your dreams and your health,"In a world where every minute counts, sleep often takes a back seat. But what if I told you that the very act of sleeping—something we all do—holds the key to our overall health and...",2024-10-15 17:35:57,https://static.toiimg.com/imagenext/toiblogs/photo/blogs/wp-content/uploads/2024/09/Beteewefeer-76.png,toi,9.567854918036937e-06,36,154,376,29,196
490,Newsdata,https://theprint.in/opinion/460-road-deaths-every-day-10-indian-states-road-safety-models/2311626/,460 road deaths every day—10 Indian states have come up with safety models. It’s working,"India has ambitiously pledged to halve road crash deaths by 2030. The question is not if we can tackle this crisis, but how swiftly we can act.",2024-10-16 03:30:02,https://static.theprint.in/wp-content/uploads/2023/12/Road-696x392.jpg,theprint,6.488444324088463e-87,26,83,423,4,126
515,Newsdata,https://theprint.in/opinion/goa-has-a-ravana-of-its-own-but-playful/2322260/,Goa has a Ravana of its own—but playful,"The myth of Narakasura is central to both Goan and Assamese traditions, but takes on a distinct character in each region.",2024-10-22 03:31:00,https://static.theprint.in/wp-content/uploads/2020/10/Ravan-effigy-burning-696x392.jpg,theprint,0.025022631477361543,50,131,458,60,191
491,Newsdata,https://www.india.com/viral/lost-great-son-mukesh-ambani-nita-ambanis-heartfelt-tribute-to-ratan-tata-breaks-the-internet-watch-video-7325967/,"‘Lost great son...’: Mukesh Ambani, Nita Ambani’s heartfelt tribute to Ratan Tata breaks the internet, watch video","Nita Ambani expressed deep sorrow over Ratan Tata's death, calling him a “great son of India” whose death has left everyone in profound grief.",2024-10-16 04:36:04,https://static.india.com/wp-content/themes/icom/images/default-big.svg,india,0.9918718452712344,11,36,218,44,56
492,Newsdata,https://theprint.in/feature/celebrating-hema-malini-a-journey-through-her-iconic-films-on-her-birthday/2313595/,Celebrating Hema Malini: A journey through her iconic films on her birthday,"New Delhi [India], October 16 (ANI): As we celebrate the birthday of one of Indian cinema’s most beloved actresses, Hema Malini, it’s an opportune moment to reflect on her illustrious career and the unforgettable films that have etched her name in the annals of Indian cinema’s history. Fondly known as the “Dream Girl,” Hema Malini [...]",2024-10-16 04:32:13,https://static.theprint.in/wp-content/uploads/2024/10/ANI-20241016042700.jpg,theprint,0.20503771048637626,10,56,210,29,84
493,Newsdata,https://theprint.in/opinion/jaishankars-pakistan-visit-isnt-sitting-well-in-china/2313319/,Jaishankar’s Pakistan visit isn’t sitting well in China,Some Chinese commentators suggest that India is uncomfortable with China’s dominant role in the SCO and has subtly scaled back its participation as a form of dissent.,2024-10-16 04:31:06,https://static.theprint.in/wp-content/uploads/2024/10/ANI-20241015130803-e1729015173432.jpg,theprint,1.4347851469080412e-25,45,89,342,13,162
494,Newsdata,https://www.dnaindia.com/india/report-maharashtra-assembly-election-2024-with-75-seats-coastal-belt-is-deciding-factor-for-tilting-power-scales-3113525,"Maharashtra Assembly Election 2024: With 75 seats, coastal belt is deciding factor for tilting power scales in state","The poll outcome five years ago reflected the state's complex political landscape in regional tallies. After the Shiv Sena split in June 2022, two byelections were held in which Sena (UBT) won the Andheri (east) seat in Mumbai and Congress wrested the Kasba segment from BJP.",2024-10-16 05:37:00,https://cdn.dnaindia.com/sites/default/files/styles/third/public/2024/10/16/2657836-maharashtra-polls.jpg,dnaindia,1.5599774772215572e-31,20,56,419,10,105
495,Newsdata,https://www.timesnownews.com/spiritual/sharad-purnima-2024-puja-vidhi-and-best-time-for-kheer-offering-article-114271259,Sharad Purnima 2024: Puja Vidhi and Best Time for Kheer Offering,"Sharad Purnima 2024 Puja Vidhi 2024: Sharad Purnima, one of the most significant festivals for Hindus, is being celebrated today. An important ritual involves preparing kheer and offering it to the moon. Read on to learn about the puja vidhi (rituals) and the timings for offering kheer.",2024-10-16 05:33:59,"https://static.tnn.in/thumb/msid-114271328,thumbsize-106652,width-1280,height-720,resizemode-75/114271328.jpg?quality=100",timesnownews,3.372768292353549e-09,13,22,165,12,74
496,Newsdata,https://www.dnaindia.com/india/report-bengaluru-rains-manyata-tech-waterfalls-internet-mocks-city-s-infra-amid-heavy-rainfall-3113643,"Bengaluru rains: 'Manyata Tech waterfalls,' internet mocks city's infra amid heavy rainfall","Meanwhile, Social media users took on social media to ridicule Bengaluru's infrastructure after the city was hit by heavy rains that resulted in extensive flooding.",2024-10-16 15:40:00,https://cdn.dnaindia.com/sites/default/files/styles/third/public/2024/10/16/2657967-1200900-2024-10-16t212026.666.jpg,dnaindia,5.679293735568867e-37,16,46,242,7,92
497,Newsdata,https://timesofindia.indiatimes.com/blogs/voice-of-plebs/narrative-vs-management-lessons-from-the-2024-haryana-election-for-political-parties/,Narrative vs. management: Lessons from the 2024 Haryana election for political parties,"The 2024 Haryana Assembly elections concluded with a resounding outcome: the Bharatiya Janata Party (BJP) secured a third consecutive term, while the Congress once again fell short. This result provides significant insights into the evolving...",2024-10-16 15:39:35,https://static.toiimg.com/imagenext/toiblogs/photo/blogs/wp-content/uploads/2022/09/Saurabh-Raj.png,toi,3.2188127158465505e-08,27,153,353,16,136
498,Newsdata,https://timesofindia.indiatimes.com/blogs/sufi-soliloquies/now-is-the-time/,Now is the time,"“Happy is the person who is truly present for an hour in the course of his entire life”, said Sufi mystic Junayd al-Baghdadī, one of the most famous of the early Islamic saints and a...",2024-10-16 17:33:37,https://static.toiimg.com/imagenext/toiblogs/photo/blogs/wp-content/uploads/2024/08/1000537283.jpg,toi,0.962212487756406,62,84,319,65,181
499,Newsdata,https://www.washingtontimes.com/news/2024/oct/18/we-were-persecuted-donald-trump-empathizes-with-ny/,'We were persecuted': Trump empathizes with NYC Mayor Eric Adams at Al Smith dinner,New York City Mayor Eric Adams has an unlikely ally as he fights a Justice Department bribery indictment: Former President Donald Trump.,2024-10-18 18:57:51,https://twt-thumbs.washtimes.com/media/image/2024/10/18/Election_2024_Trump_79007_s1440x960.jpg,washingtontimes,0.9873963176865302,16,43,186,38,99
500,Newsdata,https://www.washingtontimes.com/news/2024/oct/18/joe-biden-ends-fiscal-year-with-18-trillion-defici/,Biden ends fiscal year with $1.8 trillion deficit; gross interest payments top $1 trillion,"President Biden closed out his last full fiscal year with a $1.833 trillion deficit, marking the worst non-pandemic year in history and raising fears the government is heading for an uncontrollable fiscal spiral.",2024-10-18 19:50:22,https://twt-thumbs.washtimes.com/media/image/2024/02/08/APTOPIX_Biden_Classified_Documents_22370_s1440x960.jpg,washingtontimes,1.255920250945924e-17,22,58,200,8,88
501,Newsdata,https://www.washingtontimes.com/news/2024/oct/20/two-navy-aviators-are-found-dead-after-fighter-jet/,2 Navy aviators are found dead after a fighter jet crashed in Washington state,"Two crew members who were missing following the crash of a fighter jet in mountainous terrain in Washington during a routine training flight have been found dead, the U.S. Navy said Sunday.",2024-10-20 19:21:11,https://twt-thumbs.washtimes.com/media/image/2017/12/04/correction_south_korea_koreas_tensions_84458_s1440x879.jpg,washingtontimes,1.686991270527716e-10,16,36,226,17,107
502,Newsdata,https://www.timesnownews.com/videos/entertainment/interviews/street-diaries-ft-sanjana-sanghi-delve-into-her-passion-for-food-her-connection-with-sushant-singh-rajput-video-114404687,Street Diaries ft Sanjana Sanghi delve into her passion for food & her connection with Sushant Singh Rajput,"Sanjana Sanghi talks food, family, and films. With her mixed Gujarati and Punjabi background, she enjoys a varied palate, from poha to butter chicken. Sanjana prioritizes home-cooked meals, dispelling the notion that actors must constantly diet. She's always on the lookout for new culinary experiences, like hidden Korean gems in Leh Town. Food has played a meaningful role in her projects, including ""Rockstar,"" where her mom's homemade meals became a set tradition. Her dad's Delhi kebab joint also sparked her passion for food. During tougher times, street omelets were a go-to. Now, Sanjana plans vacations around trying new cuisines. Her time on ""Dil Bechara"" with Sushant Singh Rajput often involved sushi nights. Looking ahead, Sanjana confirms ""Dhak Dhak 2"" and appreciates the supportive men in her life.",2024-10-20 19:15:15,"https://static.tnn.in/thumb/msid-114404687,imgsize-822678,width-1280,height-720/114404687.jpg",timesnownews,0.4093813623660346,7,14,60,9,20
503,Newsdata,https://www.timesnownews.com/videos/entertainment/bollywood-news/gaurav-taneja-ritu-rathee-popular-youtubers-reunite-amidst-divorce-rumors-flying-beast-shares-pic-video-114404667,"Gaurav Taneja & Ritu Rathee, popular YouTubers, reunite amidst divorce rumors; Flying Beast shares pic","Youtuber Gaurav Taneja, also known as flying beast, and his wife Ritu Rathee recently became the center of attention due to rumors of their divorce. Gaurav took to social media to share a picture with his wife Ritu, refuting the rumors and assuring his followers that everything is fine between them. This special message from Gaurav hinted at the strong bond the couple shares. The picture received reactions from netizens as well. For more details, watch the video.#gauravtaneja #flyingbeast #rituratheetaneja #flyingbeastfamily #gauravritudivorce #zoom #bollywood #latestnews #breakingnews",2024-10-20 19:10:21,"https://static.tnn.in/thumb/msid-114404667,imgsize-431273,width-1280,height-720/114404667.jpg",timesnownews,0.00020365043423028095,5,10,40,4,12
504,Newsdata,https://www.timesnownews.com/city/ahmedabad/what-happened-inside-goa-ahmedabad-flight-parked-in-isolation-after-fake-bomb-threat-article-114404583,What Happened Inside Goa-Ahmedabad Flight Parked in Isolation After Fake Bomb Threat,A Goa-Ahmedabad IndiGo flight received a hoax bomb threat on Sunday. The plane was taken to a isolated parking bay after the alert. A situation of confusion and concern broke out among flyers inside the plane.,2024-10-20 19:06:25,"https://static.tnn.in/thumb/msid-114404628,thumbsize-604048,width-1280,height-720,resizemode-75/114404628.jpg?quality=100",timesnownews,0.00015261803901036808,9,18,115,12,58
505,Newsdata,https://theprint.in/opinion/us-allies-boast-of-killing-lecture-india-on-morality/2320770/,"US and allies boast of killing whomever they want, yet lecture India on morality","To believe that educated Indians will never question their government is silly. We question the government every single day. Currently, we are worried about how our spy agencies are run.",2024-10-21 03:30:36,https://static.theprint.in/wp-content/uploads/2024/07/ANI-20240722025021-e1729454017455.jpg,theprint,0.9903851561241049,75,95,334,87,234
506,Newsdata,https://www.dnaindia.com/india/report-pro-khalistan-group-linked-to-delhi-crpf-school-blast-here-what-we-know-so-far-3114278,Pro-Khalistan group linked to Delhi CRPF school blast? Here's what we know so far,"The police have reached out to Telegram, seeking information about a group that has claimed responsibility for the explosion in a social media post on the platform",2024-10-21 04:37:00,https://cdn.dnaindia.com/sites/default/files/styles/third/public/2024/10/21/2658605-image-22.jpg,dnaindia,0.9999999999995188,9,13,104,0,50
507,Newsdata,https://newstodaynet.com/2024/10/21/a-deceptive-offer/,A deceptive offer?,"The recent statement from President Joe Biden’s administration, suggesting that Washington is open to nuclear talks with Russia, China, and North Korea without preconditions, has raised more than a few eyebrows.The post A deceptive offer? appeared first on News Today | First with the news.",2024-10-21 04:30:35,https://newstodaynet.com/wp-content/uploads/2024/10/101213-1-1-8-10-6.png,newstodaynet,2.7447719969479637e-05,22,88,181,8,83
508,Newsdata,https://www.cnbctv18.com/market/earnings/havells-india-lloyd-growth-momentum-q2-earnings-19495127.htm,"Havells India sees positive momentum in Lloyd, consider it as a key growth engine","Anil Rai Gupta, Chairman and Managing Director of Havells, noted that Diwali, arriving earlier this year, has started positively in the third quarter.",2024-10-21 04:29:08,https://images.cnbctv18.com/uploads/2021/03/Havells.jpg,cnbctv18,1.1711814083633411e-07,16,34,123,10,60
509,Newsdata,https://theprint.in/feature/lucky-baskhar-dulquer-salmaans-trailer-leaves-fans-intrigued/2322133/,Lucky Baskhar: Dulquer Salmaan’s trailer leaves fans intrigued,"Mumbai (Maharashtra) [India], October 21 (ANI): The much-anticipated trailer for the upcoming drama thriller Lucky Baskhar starring Dulquer Salmaan was unveiled on Monday evening. Taking to Instagram, Dilquer treated fans with a trailer video. Sharing the video, he wrote, “A sneak peek into the Rise, Risk and Enticing journey of #LuckyBaskhar. #LuckyBaskharTrailer Out Now.” [...]",2024-10-21 15:32:17,https://static.theprint.in/wp-content/uploads/2024/10/ANI-20241021151633.jpg,theprint,2.4266401946613434e-16,5,24,111,6,42
510,Newsdata,https://www.cnbctv18.com/photos/world/why-us-elections-are-held-on-the-first-tuesday-in-november-a-historical-perspective-19496596.htm,Why US elections are held on the first Tuesday in November — A historical perspective,"Every four years, millions of Americans head to the polls on the first Tuesday in November, a practice rooted in a unique historical context that dates back to the 1840s. While the timing may appear outdated today, the reasons behind this tradition were practical for the era.",2024-10-21 17:34:05,https://images.cnbctv18.com/uploads/2024/10/us-voting-2-2024-10-3bfdc5a0c2fd3b2b61b8cd769899ceb2.jpg,cnbctv18,3.003605290559817e-45,14,26,100,2,47
511,Newsdata,https://timesofindia.indiatimes.com/blogs/toi-editorials/unite-on-jk/,Unite on J&K,"With terrorists frequently changing tactics, LG and UT govt must close ranks on security The attack on a workers’ camp in Kashmir’s Ganderbal by suspected Pakistani terrorists represents the first big security challenge for the...",2024-10-21 23:30:33,https://static.toiimg.com/imagenext/toiblogs/photo/blogs/wp-content/uploads/2019/01/toiedit-logo.jpg,toi,3.990963790885588e-26,21,32,169,7,80
512,Newsdata,https://theprint.in/feature/urban-elite-vs-union-of-india-supreme-court-judgment-on-same-sex-marriage/2317880/,Urban Elite vs Union of India—what went behind the scenes of SC judgment on same-sex marriage,"On 17 October 2023, the Supreme Court rejected the plea for queer persons' right to marry. A year later, a discussion on lawyer Rohin Bhatt’s book discloses what went wrong.",2024-10-22 02:30:08,https://static.theprint.in/wp-content/uploads/2024/10/IMG-20241021-WA0018-e1729533919899-696x392.jpg,theprint,0.0246267777416868,39,83,343,44,175
513,Newsdata,https://odishatv.in/news/national/85-indians-discharged-from-russian-military-foreign-secretary-247060,85 Indians discharged from Russian military: Foreign secretary,"Eighty-five Indian nationals have been discharged from the Russian military, with efforts underway to release 20 more. Foreign Secretary Vikram Misri highlighted ongoing talks between India and Russia, as Prime Minister Narendra Modi plans to discuss this with President Vladimir Putin during the BRICS Summit in Kazan. Some Indians have returned deceased, and nine have died serving.",2024-10-22 02:25:48,https://images.odishatv.in/uploadimage/library/16_9/16_9_4/default.svg,odishatv,0.00024172475569598446,17,33,105,12,55
514,Newsdata,https://www.dnaindia.com/india/report-karni-sena-announces-rs-11111111-for-any-police-officer-kills-lawrence-bishnoi-salman-khan-baba-siddique-3114386,"Karni Sena announces Rs 1,11,11,111 for any police officer who kills Lawrence Bishnoi",Lawrence Bishnoi is currently in Gujarat's Sabarmati jail on charges related to cross-border drug smuggling. His gang is also linked to several high-profile crimes,2024-10-22 02:25:00,https://cdn.dnaindia.com/sites/default/files/styles/third/public/2024/10/22/2658718-image-29.jpg,dnaindia,4.504744279397306e-08,13,18,118,9,42
516,Newsdata,https://theprint.in/opinion/modis-muscular-diplomacy-against-indias-moral-image-vishwaguru-cant-kill-us-canada-citizens/2321904/,Modi’s muscular diplomacy against India’s moral image. Vishwaguru can’t kill US-Canada citizens,The Modi government should have started an internal investigation and acted on the allegations by Canada and the US. The Opposition leaders should have been taken into confidence.,2024-10-22 04:30:59,https://static.theprint.in/wp-content/uploads/2024/10/Untitled-design-1-1-696x392.jpg,theprint,1.2126373456933162e-14,55,168,551,24,200
517,Newsdata,https://www.india.com/news/india/wife-calling-husband-hijra-is-cruelty-punjab-and-haryana-high-court-7342425/,Wife calling husband ‘Hijra’ is cruelty: Punjab and Haryana High Court,"Calling a husband a 'hijra' is an act of cruelty, the Punjab and Haryana High Court said while hearing a divorce case.",2024-10-22 16:32:17,https://static.india.com/wp-content/themes/icom/images/default-big.svg,india,0.9904480507182672,9,16,149,20,76
518,Newsdata,https://theprint.in/opinion/oic-losing-credibility-it-prefers-ties-with-china-over-calling-out-repression-of-uyghurs/2323505/,OIC losing credibility. It prefers ties with China over calling out repression of Uyghurs,"Pakistan, which is heavily invested in the CPEC, is strategically silent on Uyghur Muslims. This complicity risks undermining the OIC’s credibility as a champion of Muslim rights.",2024-10-23 02:30:22,https://static.theprint.in/wp-content/uploads/2024/10/feature-image-60-696x392.jpg,theprint,5.118344684309505e-24,29,118,421,14,149
519,Newsdata,https://www.india.com/news/bengaluru-rains-live-23-october-schools-colleges-closed-wfh-advised-for-private-companies-imd-weather-department-anganwadi-centres-tcs-7342927/,"Bengaluru Rains LIVE: Schools closed, WFH advised for private companies, IMD says...",The India Meteorological Department (IMD) has issued a ‘yellow’ alert for heavy rainfall in Bengaluru for Wednesday.,2024-10-23 02:23:17,https://static.india.com/wp-content/themes/icom/images/default-big.svg,india,2.4162928973420377e-77,8,42,174,2,79
520,Newsdata,https://newstodaynet.com/2024/10/23/tough-journey/,Tough journey,"Actor Vijay’s formal entry into politics through his newly launched party, TVK (Thalapathy Vijay Makkal Iyakkam), marks a significant moment in Tamil Nadu's political landscape.The post Tough journey appeared first on News Today | First with the news.",2024-10-23 04:37:54,https://newstodaynet.com/wp-content/uploads/2024/10/101213-1-1-8-10-8.png,newstodaynet,0.00017373391240222243,7,18,61,7,23
521,Newsdata,https://theprint.in/opinion/fiscal-boost-cant-rely-on-spending-cuts-alone-modi-govt-must-consider-non-tax-measures/2323948/,"Fiscal boost can’t rely on spending cuts alone, Modi govt must consider non-tax measures","If the fiscal deficit was brought down to 5.6% in 2023-24, it was more because of a cut in revenue expenditure than because of growth in tax collections.",2024-10-23 04:34:58,https://static.theprint.in/wp-content/uploads/2021/07/ninan-16.07-696x392.jpg,theprint,1.957282163720383e-12,52,143,377,17,171
522,Newsdata,https://www.india.com/viral/who-is-krishna-das-his-devotees-include-indian-star-cricketer-virat-kohli-and-his-wife-anushka-sharma-his-real-name-was-7343309/,"Who is Krishna Das, his devotees include Indian star cricketer Virat Kohli and his wife Anushka Sharma, his real name was...",Krishna Das is an American vocalist and a devotee of Neem Karoli Baba just like former India captain Virat Kohli and his Bollywood star wife Anushka Sharma.,2024-10-23 04:32:14,https://static.india.com/wp-content/themes/icom/images/default-big.svg,india,0.1488863619713721,20,27,212,14,54
523,Newsdata,https://www.cnbctv18.com/business/startup/suraasa-raises-6-million-to-enhance-teacher-workforce-development-19497983.htm,Suraasa raises $6 million to enhance teacher workforce development and expand cross-border hiring,"Suraasa, a platform dedicated to improving teacher workforce development and facilitating global teacher mobility, has raised $6 million in its latest funding round. The funds will be channelled toward enhancing teacher quality, expanding the platform's reach, and facilitating cross-border hiring of teachers, a move that is expected to bridge the gap between demand and supply in the global education sector.",2024-10-23 16:33:06,https://images.cnbctv18.com/uploads/2023/12/startup-funding.jpg,cnbctv18,1.9488641382918372e-07,14,35,134,14,83
524,Newsdata,https://theprint.in/feature/check-out-trailer-of-sivakarthikeyan-sai-pallavis-film-amaran/2325720/,"Check out trailer of Sivakarthikeyan, Sai Pallavi’s film ‘Amaran’","New Delhi [India], October 23 (ANI): On Tuesday, the makers of ‘Amaran’ unveiled the film’s trailer. The film showcases Sivakarthikeyan in the lead role as Major Mukund Varadarajan, telling the story of the life of the decorated soldier who led the Indian Army’s 44 Rashtriya Rifles Cheetah Company and his noble sacrifice. Sai Pallavi is [...]",2024-10-23 16:32:14,https://static.theprint.in/wp-content/uploads/2024/10/ANI-20241023162026.jpg,theprint,0.735422049487436,12,38,185,26,84
525,Newsdata,https://www.washingtontimes.com/news/2024/oct/23/white-house-says-3000-north-korean-soldiers-traini/,"White House says 3,000 North Korean soldiers are training in eastern Russia","The White House on Wednesday said roughly 3,000 North Korean soldiers moved into eastern Russia in early to mid-October and may join the Kremlin's forces in western Russia to fight the Ukrainian military.",2024-10-23 18:19:40,https://twt-thumbs.washtimes.com/media/image/2024/10/18/North-Korea-Russia_56257_s1440x960.jpg,washingtontimes,0.00013603548562811938,14,33,132,17,78
526,Newsdata,https://www.india.com/news/cabinet-approves-rs-1000-cr-vc-fund-for-space-sector-startups-pm-modi-says-it-will-give-opportunities-to-several-innovative-minds-7348046/,"Cabinet approves Rs 1000 cr VC fund for space sector startups, PM Modi says ‘It will give opportunities to several innovative minds’","Briefing reporters after a meeting of the union cabinet, Information and Broadcasting Minister Ashwani Vaishnaw said that the deployment period of the proposed Rs.1,000 crore VC fund is planned to be up to five years from the actual date of start of the fund operations.",2024-10-24 18:59:31,https://static.india.com/wp-content/themes/icom/images/default-big.svg,india,2.4142988474245524e-16,7,28,171,9,73
527,Newsdata,https://www.india.com/news/india/when-is-winter-arriving-in-delhi-ncr-imds-forecast-says-7350504/,When is winter arriving in Delhi-NCR? IMD’s forecast says...,The morning and night chill is likely to start in Delhi and the plains soon.,2024-10-25 19:17:25,https://static.india.com/wp-content/themes/icom/images/default-big.svg,india,1.4733018816815006e-12,19,29,92,4,49
528,Newsdata,https://www.india.com/viral/meet-28-year-old-mystery-man-who-secured-jiohotstar-com-domain-from-reliance-to-pursue-mba-from-cambridge-university-7350516/,Meet 28-year-old mystery man who secured JioHotstar.com domain from Reliance to pursue ...,"Anonymous developer, who hails from Delhi, owns JioHotstar.com domain, demands Rs 1 crore from Reliance for the domain.",2024-10-25 20:50:17,https://static.india.com/wp-content/themes/icom/images/default-big.svg,india,0.99992172851468,28,32,184,40,111
541,Newsdata,https://www.india.com/uttar-pradesh/uttar-pradesh-29-bahraich-cops-transferred-to-police-lines-7357839/,Uttar Pradesh: 29 Bahraich cops transferred to Police Lines,"When contacted, Superintendent of Police Vrinda Shukla described the transfers as ""routine"".",2024-10-28 19:12:18,https://static.india.com/wp-content/themes/icom/images/default-big.svg,india,4.814981229605269e-33,8,16,162,5,53
529,Newsdata,https://theprint.in/feature/its-made-for-children-uma-thurman-recalls-her-role-in-batman-robin/2329364/,It’s made for children: Uma Thurman recalls her role in ‘Batman & Robin’,"Washington [US], October 26 (ANI): Actor Uma Thurman recalled playing Poison Ivy in the 1997 American superhero film ‘Batman & Robin’ and shared how her kids are fond of the movie, reported Deadline. She recently appeared on ‘The Kelly Clarkson Show’ and told the show’s host that her “kids are obsessed with Batman & Robin,” [...]",2024-10-25 20:02:16,https://static.theprint.in/wp-content/uploads/2024/10/ANI-20241025194825.jpg,theprint,1.7639922358822103e-06,5,16,141,12,49
530,Newsdata,https://theprint.in/feature/diljit-dosanjh-offers-prayers-at-bangla-sahib-gurudwara-ahead-of-his-concert-in-delhi/2329609/,Diljit Dosanjh offers prayers at Bangla Sahib Gurudwara ahead of his concert in Delhi,"New Delhi [India], October 26 (ANI): Singer Diljit Dosanjh on Friday night visited Bangla Sahib Gurudwara and offered prayers to the almighty. Several videos and images from his visit surfaced online. In a video shared by Team Dosanjh on Instagram, Diljit was seen seeking blessings at the Gurudwara. The video was posted with the caption, [...]",2024-10-26 05:32:57,https://static.theprint.in/wp-content/uploads/2024/10/ANI-20241026051646.jpg,theprint,4.200017481638072e-06,9,8,120,9,43
531,Newsdata,https://theprint.in/feature/emilia-jones-michael-cera-join-glen-powell-in-the-running-man/2329606/,"Emilia Jones, Michael Cera join Glen Powell in ‘The Running Man’","Washington [US], October 26 (ANI): Actors Michael Cera and Emilia Jones are set to star in ‘The Running Man,’ an adaptation of Stephen King’s 1982 novel, reported The Hollywood Reporter. Both have finalized deals to join Glen Powell, with Edgar Wright directing the film for Paramount. This project reunites Cera with Wright, who directed him [...]",2024-10-26 05:32:46,https://static.theprint.in/wp-content/uploads/2024/10/ANI-20241026051827.jpg,theprint,1.8122241339114265e-09,6,18,133,8,55
532,Newsdata,https://www.india.com/viral/meet-man-who-is-class-5-pass-now-owned-amitabh-bachchans-rolls-royce-phantom-worth-rs-he-is-from-7355439/,"Meet man, who is Class 5 pass, now owned Amitabh Bachchan’s Rolls Royce Phantom worth Rs..., he is from...",Yusuf Shariff or KGF Babu bought Bollywood actor Amitabh Bachchan’s Rolls-Royce Phantom. Check his business and the car price.,2024-10-27 15:38:33,https://static.india.com/wp-content/themes/icom/images/default-big.svg,india,0.9437768286029216,17,26,211,26,58
533,Newsdata,https://www.india.com/viral/meet-man-who-is-class-5-pass-now-owns-amitabh-bachchans-rolls-royce-phantom-worth-rs-he-is-from-7355439/,"Meet man, who is Class 5 pass, now owns Amitabh Bachchan’s Rolls Royce Phantom worth Rs..., he is from...",Yusuf Shariff or KGF Babu bought Bollywood actor Amitabh Bachchan’s Rolls-Royce Phantom. Check his business and the car price.,2024-10-27 15:38:33,https://static.india.com/wp-content/themes/icom/images/default-big.svg,india,0.9437768286029216,17,26,211,26,58
534,Newsdata,https://www.dnaindia.com/india/report-example-of-india-s-crumbling-infrastructure-lop-rahul-gandhi-over-stampede-in-bandra-terminus-3115287,'Example of India's crumbling infrastructure...': LoP Rahul Gandhi over stampede in Bandra terminus,"The Congress leader said that the stampede at Bandra Terminus highlights ""India's crumbling infrastructure.""",2024-10-27 15:38:00,https://cdn.dnaindia.com/sites/default/files/styles/third/public/2024/10/27/2659676-1200900-2024-10-27t211612.302.jpg,dnaindia,4.402278383057812e-12,22,42,188,12,78
535,Newsdata,https://theprint.in/feature/reliance-retails-tira-partners-with-nayantharas-9skin/2331156/,Reliance Retail’s Tira partners with Nayanthara’s 9Skin,"Mumbai (Maharashtra) [India], October 27 (ANI): 9Skin, the skincare brand co-founded by renowned actress Nayanthara, has announced a partnership with Reliance Retail’s Tira. According to the press release, this strategic collaboration signals 9Skin’s expansion beyond its direct-to-consumer (D2C) channel, marking its entry into offline retail in India. To commemorate this launch, 9Skin is introducing an [...]",2024-10-27 15:35:21,https://static.theprint.in/wp-content/uploads/2024/10/ANI-20241027152816.jpg,theprint,1.4162591544313385e-05,8,36,126,10,48
536,Newsdata,https://www.dnaindia.com/india/report-make-in-india-takes-flight-pm-modi-his-spanish-counterpart-sanchez-to-inaugurate-c295-assembly-line-3115285,"'Make in India' takes flight: PM Modi, his Spanish counterpart Sanchez to inaugurate C295 Assembly Line",Prime Minister Narendra Modi and his Spanish counterpart Pedro Sanchez will open the final assembly line for the C295 plane at Tata Advanced Systems Ltd. (TASL) in Vadodara on Monday.,2024-10-27 15:25:00,https://cdn.dnaindia.com/sites/default/files/styles/third/public/2024/10/27/2659674-stockpti81320220823.jpg,dnaindia,2.266999368580014e-21,17,42,234,10,81
537,Newsdata,https://theprint.in/feature/adele-bursts-into-tears-as-she-meets-celine-dion-at-las-vegas-residency-show/2331343/,Adele bursts into tears as she meets Celine Dion at Las Vegas residency show,"Washington [US], October 27 (ANI): Star singer Adele got emotional after she saw Canadian singer Celine Dion in the audience at her Las Vegas residency show, reported People. In a video posted by a fan account on X , Adele can be seen singing her song ‘When We Were Young’ as she approaches Dion, who [...]",2024-10-27 18:32:02,https://static.theprint.in/wp-content/uploads/2024/10/ANI-20241027182032.jpg,theprint,0.9999848358171816,16,20,141,31,68
538,Newsdata,https://www.timesnownews.com/elections/maharashtra-assembly-elections-kurla-shiv-sena-ubt-faces-cadre-revolt-over-controversial-candidate-choice-praveena-morajkar-article-114663440,Kurla Showdown: Sena (UBT) Faces Cadre Revolt Over Controversial Candidate Choice,"As Maharashtra's Assembly elections heat up, Shiv Sena (UBT) faces internal discord over candidate selection in Kurla, where Praveena Morajkar's candidacy has stirred discontent among the Maratha and Muslim communities and party cadre.",2024-10-27 18:37:41,"https://static.tnn.in/thumb/msid-114663955,thumbsize-54618,width-1280,height-720,resizemode-75/114663955.jpg?quality=100",timesnownews,2.8484363880864727e-05,16,25,197,17,82
539,Newsdata,https://www.india.com/viral/this-man-dr-john-pemberton-made-coca-cola-138-years-ago-it-was-once-a-miracle-cure-for-headaches-soda-drink-7355567/,"This man made Coca-Cola 138 years ago, it was once a miracle cure for...","Coca Cola was invented by Dr. John Pemberton, a doctor who developed it while creating a medicine to curb drug addiction.",2024-10-27 19:42:00,https://www.coca-colacompany.com/content/dam/company/us/en/about-us/history/jacobs-pharmacy-campaigncard.jpg,india,0.9999427045942376,24,23,155,31,90
540,Newsdata,https://theprint.in/feature/want-to-make-my-country-proud-nikita-porwal-talks-about-representing-india-at-the-global-miss-world-pageant/2332832/,“Want to make my country proud”: Nikita Porwal talks about representing India at the global Miss World pageant,"Ujjain (Madhya Pradesh) [India], October 28 (ANI): Nikita Powal from Ujjain, Madhya Pradesh, who was crowned Femina Miss India World 2024, talked about her achievement and why she thought of participating in the pageant. She reached Ujjain on Sunday and received a warm welcome from the people. “My stage performance started with the role of [...]",2024-10-28 18:32:01,https://static.theprint.in/wp-content/uploads/2024/10/ANI-20241028182734.jpg,theprint,0.9999870418646675,24,39,197,54,114
542,Newsdata,https://www.dnaindia.com/india/report-kerala-over-150-injured-8-critical-in-fireworks-accident-during-temple-festival-3115459,"Kerala: Over 150 injured, 8 critical, in fireworks accident during temple festival","It is suspected that the accident occurred when a fireworks storage facility near Veerarkavu Temple caught fire. The accident occurred around midnight, officials said.",2024-10-29 04:37:00,https://cdn.dnaindia.com/sites/default/files/styles/third/public/2024/10/29/2659860-fire.jpg,dnaindia,1.0864070284571407e-08,8,7,44,5,35
543,Newsdata,https://www.ptcnews.tv/top-stories/dhanteras-2024-best-time-to-buy-gold-and-silver-4400811,Dhanteras 2024: Best time to buy gold and silver as per your cities,PTC News Desk: The festival season has begun with first day of Diwali festivities. It has been a tradition to buy metals like gold and silver on Dhanteras which holds a great reverence and is believed,2024-10-29 04:33:17,https://media.ptcnews.tv/wp-content/uploads/2024/10/f6ff4757e2ad884edfa533a6733cd125_1280X720.webp,ptcnews,9.884855256065694e-114,7,10,68,1,22
544,Newsdata,https://www.india.com/news/india/all-3-terrorists-killed-in-counter-terror-operations-after-army-convoy-attacked-in-akhnoor-near-jammu-7358264/,All 3 terrorists killed in counter-terror operations after Army convoy attacked in Akhnoor near Jammu,"The operation saw the Army utilizing four BMP-II infantry combat vehicles for surveillance and reinforcement, along with helicopters and drones to track the militants' location.",2024-10-29 04:21:01,https://static.india.com/wp-content/themes/icom/images/default-big.svg,india,1.6528981861629853e-67,6,17,138,2,52
545,Newsdata,https://theprint.in/pageturner/excerpt/shah-rukh-khan-is-a-great-way-to-get-handsome-discounts-when-indians-travel-abroad/2332425/,Shah Rukh Khan is a great way to get handsome discounts when Indians travel abroad,"In ‘Shah Rukh Khan’, Mohar Basu chart’s King Khan's journey with intimate stories, fan accounts and never-before-seen photographs.",2024-10-29 04:19:57,https://static.theprint.in/wp-content/uploads/2024/10/feature-image-11-1-696x392.jpg,theprint,0.9999653734472861,66,76,267,136,213
546,Newsdata,https://odishatv.in/news/odisha/petrol-diesel-prices-to-come-down-in-odisha-know-details-247653,"Petrol, diesel prices to come down in Odisha; know details","Petrol and diesel prices will decrease in nine places across Odisha, as announced by Petroleum Minister Hardeep Singh Puri on social media.",2024-10-29 17:01:44,https://images.odishatv.in/uploadimage/library/free_files/others/00b0bb_2024_10_29_102510.jfif,odishatv,1.2137309932343667e-14,8,10,103,6,33
547,Newsdata,https://www.washingtontimes.com/news/2024/oct/29/sweden-back-humanitarian-relief-land-mine-clearanc/,"Sweden to back humanitarian relief, land mine clearance in Ukraine",The newest member of NATO is sending more than $10 million in humanitarian aid to Ukraine to help Kyiv meet its needs ahead of winter.,2024-10-29 16:59:51,https://twt-thumbs.washtimes.com/media/image/2023/05/07/Russia_Ukraine_War_Grain_79533_s1440x960.jpg,washingtontimes,8.66057744236142e-15,8,18,75,5,41
548,Newsdata,https://theprint.in/opinion/readers-editor/theprint-readers-want-to-write-heres-a-tip-subscribers-articles-are-published-in-your-turn-section/2334154/,"ThePrint opinion articles get a flood of readers feedback. Remember, ‘views are personal’",ThePrint readers want to write. Here's a tip—subscribers articles are published in 'Your Turn' section,2024-10-30 02:00:09,https://static.theprint.in/wp-content/uploads/2024/10/RE-OCTOBER-696x392.jpg,theprint,0.9395520886789791,56,124,467,90,257
549,Newsdata,https://www.washingtontimes.com/news/2024/oct/30/north-korean-troops-wearing-russian-uniforms-headi/,"North Korean troops wearing Russian uniforms are heading toward Ukraine, U.S. says","Defense Secretary Lloyd Austin said Wednesday that North Korean troops wearing Russian uniforms and carrying Russian equipment are moving to the Kursk region near Ukraine, in what he called a dangerous and destabilizing development.",2024-10-30 19:12:59,https://twt-thumbs.washtimes.com/media/image/2024/09/30/Mideast_Tensions_US_Troops_31906_s1440x960.jpg,washingtontimes,3.0048094805912098e-05,25,64,225,25,141
550,Newsdata,https://www.dnaindia.com/india/report-delhi-residents-defy-firecracker-ban-illuminate-night-sky-with-diwali-celebrations-3115864,"Delhi residents defy firecracker ban, illuminate night sky with Diwali celebrations","At 9 pm, Delhi's Air Quality Index (AQI) was recorded at 327 including at Alipur and Anand Vihar.",2024-10-31 17:32:40,https://cdn.dnaindia.com/sites/default/files/styles/third/public/2024/10/31/2660264-delhi.jpg,dnaindia,9.156430211577181e-128,8,31,147,1,37
551,Newsdata,https://www.washingtontimes.com/news/2024/oct/31/12-best-family-christmas-traditions-enrich-holiday/,12 best family Christmas traditions to enrich your holiday this year,The best family Christmas traditions are often the ones that stand the test of time and yield priceless memories year after year.,2024-10-31 17:44:18,https://twt-thumbs.washtimes.com/media/image/2023/12/24/Immigration_American_Small_Towns_82498.dup~nBViPM_s1440x960.jpg,washingtontimes,0.06704141747391389,65,148,523,84,289
552,Newsdata,https://www.washingtontimes.com/news/2024/oct/31/pentagon-slashes-planned-missile-defense-sites-gua/,Pentagon slashes planned missile defense sites on Guam in part over environmental concerns,"Plans to rapidly deploy an integrated missile and air defense system on Guam now call for placing interceptors and sensors at just 16 sites on the strategic Pacific island instead of the initially planned 35 locations, the Pentagon's Missile Defense Agency said.",2024-10-31 20:40:23,https://twt-thumbs.washtimes.com/media/image/2017/08/28/8122799869_f760c9429c_o_s1052x700.jpg,washingtontimes,3.1336449841414255e-59,19,74,324,5,126
553,Newsdata,https://www.timesnownews.com/city/ahmedabad/ahmedabad-man-body-hidden-in-wall-of-brick-over-loan-in-a-laundy-shop-private-part-injuries-suggest-darker-motive-article-114855993,Ahmedabad Man's Body Hidden in 'Wall of Brick' Over Loan; Why Police Suspect Big Despite Confession,"The Ahmedabad Police found a dead body in a mutilated state. The accused, identified as 27-year-old Dinesh Kanojiya, allegedly confessed to killing Vaghela over a money dispute, claiming Vaghela had stolen Rs 40,000 from him. Kanojiya, who worked at the laundry, displayed erratic behaviour, even asking police if he could leave to resume ironing.",2024-11-01 16:10:50,"https://static.tnn.in/thumb/msid-114856307,thumbsize-888321,width-1280,height-720,resizemode-75/114856307.jpg?quality=100",timesnownews,3.866521097645347e-05,10,22,151,18,95
554,Newsdata,https://www.washingtontimes.com/news/2024/nov/1/joe-biden-works-shore-union-support-democrats-days/,Joe Biden works to shore up union support for Democrats days before election,"President Biden told a Pennsylvania labor union that Republicans cannot be trusted to put workers' interests over corporate ones, using a victory lap over a 2021 pension measure to offer tacit support for Vice President Kamala Harris on the cusp of Tuesday's election.",2024-11-01 21:31:03,https://twt-thumbs.washtimes.com/media/image/2024/10/29/Biden_64867_s1440x864.jpg,washingtontimes,3.078227734333413e-08,14,43,250,19,114
707,Newsdata,https://theprint.in/opinion/is-xis-system-failing-there-is-a-leadership-vacuum-in-the-chinas-pla/2384346/,Is Xi’s system failing? There is a leadership vacuum in the China’s PLA,"The sudden removal of top military leaders risks disrupting China’s military communications, particularly with countries like India and the United States.",2024-12-03 02:30:40,https://static.theprint.in/wp-content/uploads/2024/12/Dong-Jun-696x392.jpg,theprint,5.0459500466724544e-15,38,138,496,21,183
555,Newsdata,https://www.washingtontimes.com/news/2024/nov/1/kamala-harris-makes-appeal-union-workers-wisconsin/,Kamala Harris makes appeal to union workers at Wisconsin rally,"Vice President Kamala Harris tried to boost her soft support among union voters on Friday, speaking at the International Brotherhood of Electrical Workers office in the battleground state of Wisconsin.",2024-11-01 21:01:04,https://twt-thumbs.washtimes.com/media/image/2024/10/30/Election_2024_Harris_66217_s1440x960.jpg,washingtontimes,0.19227766356636794,12,33,164,20,68
556,Newsdata,https://www.timesnownews.com/videos/times-now/newshour/gladiators-clash-for-white-house-harris-or-trump-wholl-be-next-president-of-america-newshour-video-114918190,Gladiators Clash For White House: Harris Or Trump - Who'll Be Next President Of America? Newshour,"In this episode of Newshour Special Segment, an esteemed panel will join Heena Gambhir to discuss the latest developments concerning the election in America. Race for White House heats up. Will it be Trump making America great again? Is the US ready for Kamala as the first woman President? 'Georgia is 100% sure to go to Donald Trump because last time he lost by only 11,780 votes out of 6 million votes,' says Narender G Reddy. 'I do think that, at the end of the day, it's going to be a tight election, and Kamala Harris's campaign here in Pennsylvania is strong,' Christopher Hale joins the discussion and shares views. Watch the video to know more!#uspolls #uselection #newshour #timesnowshows #kamalaharris #donaldtrump #trumpvsharris #englishnews #worldnews",2024-11-03 17:31:45,"https://static.tnn.in/thumb/msid-114918190,imgsize-349286,width-1280,height-720/114918190.jpg",timesnownews,2.913438886074959e-07,3,14,56,5,24
557,Newsdata,https://theprint.in/feature/ananya-panday-shares-cute-childhood-video-and-stunning-selfies-in-birthday-photo-dump/2340284/,Ananya Panday shares cute childhood video and stunning selfies in birthday photo dump,"Mumbai (Maharashtra) [India], November 3 (ANI): Ananya Panday has been in a festive mood with her 26th birthday and Diwali 2024 celebrations happening back to back. The ‘Ctrl’ actress on Sunday, took to her Instagram account to share a series of pictures and videos, giving fans a glimpse of her recent birthday celebrations as well [...]",2024-11-03 17:17:27,https://static.theprint.in/wp-content/uploads/2024/11/ANI-20241103171206.jpg,theprint,0.734759200680245,9,24,123,13,41
558,Newsdata,https://www.washingtontimes.com/news/2024/nov/3/historic-power-shift-botswana-means-change-coming-/,"Historic power shift in Botswana means change is coming, new president says","Fresh from a remarkable upset that ousted a ruling party that had been in power since independence six decades ago, new Botswana President Duma Boko says he wants to follow a neutral foreign policy but a disruptive agenda closer to home.",2024-11-03 18:34:14,https://twt-thumbs.washtimes.com/media/image/2024/11/01/Botswana_Election_85500_s1440x960.jpg,washingtontimes,9.410101898102629e-05,24,63,278,30,132
559,Newsdata,https://www.india.com/news/not-mukesh-ambani-nita-ambanis-rs-15000-crore-antilia-this-is-worlds-most-expensive-house-it-is-worth-rs-located-in-buckingham-palace-house-of-tata-ratan-tata-7369331/,"Not Mukesh Ambani, Nita Ambani’s Rs 15000 crore Antilia, this is world’s most expensive house, it is worth Rs...., located in...","With 92 offices and 78 bathrooms, Buckingham Palace functions as both a royal home and a fully operational administrative center, embodying both grandeur and purpose.",2024-11-04 03:33:26,https://static.india.com/wp-content/themes/icom/images/default-big.svg,india,4.725603389546812e-19,14,34,156,5,42
560,Newsdata,https://theprint.in/ground-reports/girl-kills-father-lover-turns-murderer-rural-romances-are-fatal-manohar-kahaniyan/2337843/,"Girl kills father, lover turns murderer. Rural romances are fatal Manohar Kahaniyan","Love affairs in rural India seem to be turning deadlier, more brutal, and increasingly gender-agnostic. These breathlessly covered ‘prem prasangs’ suggest a churning among rural youth and a society that’s unprepared.",2024-11-04 03:31:55,https://static.theprint.in/wp-content/uploads/2024/11/WK-696x392.jpg,theprint,0.998110070203305,272,421,1875,419,986
561,Newsdata,https://www.dnaindia.com/india/report-delhi-pollution-air-quality-in-delhi-ncr-further-deteriorates-aqi-hits-severe-level-3116268,"Delhi pollution: Air quality in Delhi-NCR further deteriorates, AQI hits 'severe' level","In areas like Punjabi Bagh, Wazirpur, Ashok Vihar, Bawana, Jahangirpuri, Mundka, Rohini, Moti Bagh, and Patparganj, the air quality worsened with AQI hit the 'severe' category.",2024-11-04 03:25:00,https://cdn.dnaindia.com/sites/default/files/styles/third/public/2024/11/04/2660692-phto-2024-11-04t085945.733.png,dnaindia,3.756148154310045e-167,10,31,156,1,49
562,Newsdata,https://theprint.in/feature/around-town/13-years-after-mf-husains-death-his-truth-is-out-and-his-art-safe-to-be-celebrated/2340344/,"13 years after MF Husain’s death, his truth is out and his art safe to be celebrated","An exhibition at Delhi’s DAG World revisits MF Husain’s paintings a decade after his death in 2011 in London. He left India in 2006 amid hundreds of legal cases, virulent abuse, hate speech, assault, and a climate of fear.",2024-11-04 03:18:01,https://static.theprint.in/wp-content/uploads/2024/11/assam-696x392.jpg,theprint,0.02299611299742745,42,91,372,44,159
563,Newsdata,https://theprint.in/opinion/rank-turners-take-away-the-fairness-of-test-cricket-make-ordinary-spinners-extraordinary/2340730/,"Rank turners take away the fairness of Test cricket, make ordinary spinners extraordinary",The reliance on rank turners almost led to a defeat against Australia in 2023 and a 3-0 Test series loss against New Zealand this year.,2024-11-04 08:03:51,https://static.theprint.in/wp-content/uploads/2024/11/Untitled-design-2024-11-04T134025.470-696x392.jpg,theprint,4.7550745605651085e-07,43,72,235,17,106
564,Newsdata,https://www.timesnownews.com/spiritual/dev-uthani-ekadashi-2024-spiritual-steps-to-remove-hurdles-that-are-causing-delays-in-marriage-article-114952704,Dev Uthani Ekadashi 2024: Spiritual Steps to Remove Hurdles That Are Causing Delays in Marriage,"Dev Uthani Ekadashi is celebrated in Kartik month, this day brings blessings from Goddess Lakshmi and Lord Vishnu. Devotees observe rituals and remedies, especially for overcoming marriage delays and life’s obstacles.",2024-11-04 15:36:17,"https://static.tnn.in/thumb/msid-114952704,imgsize-65922,width-1280,height-720/114952704.jpg",timesnownews,1.7469662252461058e-44,11,26,164,5,78
565,Newsdata,https://theprint.in/feature/parineeti-chopra-flaunts-her-new-hair-color-as-she-starts-working-on-her-new-film/2341472/,Parineeti Chopra flaunts her new hair color as she starts working on her new film,"Mumbai (Maharashtra) [India], November 4 (ANI): As the festive season is now over, actor Parineeti Chopra has also resumed work after indulging in Diwali celebrations with family. On Monday, Parineeti took to Instagram and shared that she is currently “prepping up” for her new project. She also showed off her new hair color that she [...]",2024-11-04 15:32:02,https://static.theprint.in/wp-content/uploads/2024/11/ANI-20241104153107.jpg,theprint,0.00320857202030848,6,23,91,11,35
566,Newsdata,https://theprint.in/feature/tarun-tahiliani-esha-gupta-attend-prayer-meet-of-rohit-bal/2341655/,"Tarun Tahiliani, Esha Gupta attend prayer meet of Rohit Bal","New Delhi [India], November 4 (ANI): Several members from the fashion world and the Indian film industry gathered together on Monday evening to pay their last respects to legendary fashion designer Rohit Bal at a prayer meeting. The prayer meeting, organized at Sri Satya Sai Auditorium in Delhi, was attended by actor Esha Gupta, designers [...]",2024-11-04 17:32:02,https://static.theprint.in/wp-content/uploads/2024/11/ANI-20241104172540.jpg,theprint,0.18295981557208169,6,31,150,23,46
567,Newsdata,https://theprint.in/feature/my-very-first-baby-khloe-kardashian-celebrates-kendall-jenners-29th-birthday-with-emotional-post/2341718/,“My very first baby”: Khloe Kardashian celebrates Kendall Jenner’s 29th birthday with emotional post,"Washington [US], November 4 (ANI): Khloe Kardashian marked her sister Kendall Jenner’s 29th birthday with a heartfelt tribute on Instagram, describing Kendall as her “very first baby.” The emotional post included a series of photos celebrating the 818 Tequila founder, highlighting their deep bond. In her touching message, Khloe wrote, “Happy birthday to my very [...]",2024-11-04 18:33:26,https://static.theprint.in/wp-content/uploads/2024/11/ANI-20241104181813.jpg,theprint,0.9999997536916367,15,20,128,36,68
568,Newsdata,https://www.washingtontimes.com/news/2024/nov/4/students-disciplined-objecting-tampons-mens-restro/,Students disciplined for objecting to tampons in men's restrooms file lawsuit against George Mason,"Two students have filed a free-speech lawsuit against George Mason University's law school, accusing university officials of violating their constitutional rights by disciplining them after they raised concerns about installing tampons in the men's restrooms.",2024-11-04 20:40:00,https://twt-thumbs.washtimes.com/media/image/2024/11/04/GMULawstudents11012024_s900x555.jpeg,washingtontimes,0.13299754078642984,24,41,228,26,96
569,Newsdata,https://theprint.in/feature/alicia-keys-advocates-for-womens-rights-at-kamala-harris-rally-in-pennsylvania/2341753/,Alicia Keys advocates for women’s rights at Kamala Harris rally in Pennsylvania,"Washington [US], November 5 (ANI): At a rally in Montgomery County, Pennsylvania, Alicia Keys campaigned for Vice President Kamala Harris, emphasizing the critical importance of voting to protect women’s rights. Speaking to a crowd that included former First Lady Michelle Obama, Keys issued a stern warning against the potential rollback of rights should Harris’s opponent [...]",2024-11-04 19:32:20,https://static.theprint.in/wp-content/uploads/2024/11/ANI-20241104192503.jpg,theprint,0.0463675979019452,19,43,184,23,96
570,Newsdata,https://www.timesnownews.com/spiritual/chhath-puja-2024-know-the-date-and-kharna-puja-vidhi-article-114957476,Chhath Puja 2024: Know The Date And Kharna Puja Vidhi,"The second day of Chhath is known as Kharna. On this day, people observe a fast without eating or drinking anything, even water, from sunrise to sunset. Read on to know the date and puja vidhi of Kharna Puja.",2024-11-05 00:30:00,"https://static.tnn.in/thumb/msid-114957476,imgsize-1112047,width-1280,height-720/114957476.jpg",timesnownews,1.0111852872770953e-117,17,22,146,2,70
571,Newsdata,https://kashmirobserver.net/2024/11/05/autumn-makes-city-more-attractive-serene/,"Autumn Makes City More Attractive, Serene","With autumn—locally known as harud sweeping across the Kashmir Valley, the landscape is transformed into a beautiful tapestry of red, orange, and yellow as maple trees display their vibrant hues.",2024-11-05 01:59:00,https://kashmirobserver.net/wp-content/uploads/2022/11/Autumn_-3-1024x698.jpg,kashmirobserver,0.00019171902058389998,20,18,103,11,50
572,Newsdata,https://theprint.in/opinion/five-ways-in-which-modi-bjp-have-undermined-constitution-26-nov-celebration-is-a-photo-op/2341485/,"Five ways in which Modi, BJP have undermined Constitution. 26 Nov celebration is a photo-op",The BJP has resoundingly failed to uphold one of the basic tenets of the Constitution: the federal spirit.,2024-11-05 03:31:59,https://static.theprint.in/wp-content/uploads/2024/11/feature-image-7-696x392.jpg,theprint,1.2739834433573404e-12,70,169,677,39,297
573,Newsdata,https://www.cnbctv18.com/photos/world/us-elections-2024-trump-and-harris-deliver-starkly-different-messages-in-closing-rallies-19504434.htm,US Elections 2024: Trump and Harris deliver starkly different messages in closing rallies,Both Trump and Harris predicted victory as they converged on Pennsylvania on Monday to urge supporters who have not yet cast their ballots to show up on Election Day. The state offers the largest share of votes in the Electoral College of any of the seven battleground states expected to determine the outcome.,2024-11-05 13:49:12,https://images.cnbctv18.com/uploads/2024/11/uselection-gfx2-nov04-2024-11-5cbca92160203aaaa99f1e11901d964b.jpg,cnbctv18,0.9191349960259004,17,41,225,35,100
574,Newsdata,https://www.cnbctv18.com/photos/world/explained-how-presidential-election-recounts-work-in-battleground-states-19504414.htm,Explained | How presidential election recounts work in battleground states,"CNBC-TV18 has drawn up an explainer on understanding vote recount procedures, and how important they are for voters and candidates, particularly in states where results are expected to be extremely close.",2024-11-05 13:49:06,https://images.cnbctv18.com/uploads/2024/11/florida-recount-2024-11-2939fb542a1386971a5ba463b27962ab.jpg,cnbctv18,1.3694315344072349e-42,44,47,243,7,124
575,Newsdata,https://theprint.in/feature/iffi-2024-ranbir-kapoor-to-join-special-session-to-celebrate-raj-kapoors-centenary/2343127/,IFFI 2024: Ranbir Kapoor to join special session to celebrate Raj Kapoor’s centenary,"New Delhi [India], November 5 (ANI): Superstar Ranbir Kapoor is set to participate in a special conversation with filmmaker Rahul Rawail to celebrate his grandfather and multihyphenate Raj Kapoor’s birth centenary at the 55th International Film Festival of India (IFFI). The session, which will take place on November 24 at Kala Academy in Goa will [...]",2024-11-05 15:32:02,https://static.theprint.in/wp-content/uploads/2024/11/ANI-20241105153107.jpg,theprint,6.104111190958914e-10,6,15,136,7,36
576,Newsdata,https://theprint.in/feature/ajay-devgn-introduces-nephew-aaman-devgn-rasha-thadani-in-azaad-teaser/2343226/,"Ajay Devgn introduces nephew Aaman Devgn, Rasha Thadani in ‘Azaad’ teaser","Mumbai (Maharashtra) [India], November 5 (ANI): Actor Ajay Devgn has released the teaser for his upcoming period film ‘Azaad,’ which tells the touching story of a family’s love for their loyal horse. The film marks the debut of Ajay’s nephew, Aaman Devgan, and Raveena Tandon’s daughter, Rasha Thadani. Set in pre-independence India, ‘Azaad’ features the [...]",2024-11-05 16:32:02,https://static.theprint.in/wp-content/uploads/2024/11/ANI-20241105161746.jpg,theprint,7.72473280170368e-18,4,17,147,7,29
577,Newsdata,https://www.dnaindia.com/india/report-parliament-s-winter-session-to-begin-from-november-25-to-continue-till-december-20-3116537,"Parliament's winter session to begin from Nov 25, to continue till Dec 20","A special celebration to mark the 75th anniversary of the adoption of the Constitution will be held in the Central Hall of the Samvidhan Sadan on November 26, observed as Constitution Day.",2024-11-05 16:23:34,https://cdn.dnaindia.com/sites/default/files/styles/third/public/2024/11/05/2660960-lok-sabha.jpg,dnaindia,4.3022029634572436e-27,1,11,92,3,35
578,Newsdata,https://theprint.in/feature/priyanka-chopra-shares-adorable-glimpses-of-maltis-diwali-halloween-celebrations/2343290/,"Priyanka Chopra shares adorable glimpses of Malti’s Diwali, Halloween celebrations","New Delhi [India], November 5 (ANI): Priyanka Chopra treated her fans to a series of adorable moments from her October celebrations, ft. sweet glimpses of her daughter Malti Marie and their family’s fun-filled Diwali and Halloween festivities. Taking to Instagram on Tuesday, Priyanka shared an “October roll” post, offering a peek into her life over [...]",2024-11-05 17:32:02,https://static.theprint.in/wp-content/uploads/2024/11/ANI-20241105173012.jpg,theprint,0.0037800074661040245,9,23,117,11,32
579,Newsdata,https://theprint.in/opinion/pakistans-parliament-just-signed-its-suicide-note-new-law-gives-army-chief-even-more-power/2342533/,Pakistan’s Parliament just signed its suicide note. New law gives army chief even more power,This added power for COAS Asim Munir isn’t very good for the ruling PML-N coalition. A more confident army chief could easily abandon the government and enter negotiations with Imran Khan.,2024-11-06 03:30:04,https://static.theprint.in/wp-content/uploads/2024/11/Pakistan-COAS-Asim-Munir-696x392.jpg,theprint,0.007821308335731346,72,118,477,59,242
580,Newsdata,https://www.dnaindia.com/india/report-our-relationship-with-us-eam-s-jaishankar-on-us-presidential-election-2024-results-3116580,'Our relationship with US...': EAM S Jaishankar on US Presidential Election 2024 Results,"In response to a query during a joint press briefing with his Australian counterpart Penny Wong here, Jaishankar also expressed optimism about the future of the Quad, which comprises the US, India, Australia, and Japan.",2024-11-06 04:30:00,https://cdn.dnaindia.com/sites/default/files/styles/third/public/2024/11/06/2660991-s-jaishankar.jpg,dnaindia,0.9457104847244319,22,37,168,30,82
581,Newsdata,https://www.cnbctv18.com/world/us-presidential-election-trump-win-signals-shift-to-center-right-john-bolton-19505238.htm,"US Presidential Election: Trump’s return signals shift to centre-right, says former NSA John Bolton","Donald Trump is all set to return as the 47th president of the United States. John Bolton, former National Security Advisor expressed scepticism about Trump’s leadership approach, describing it as unlikely to differ significantly from his previous term. He believes Trump's return signifies the reassertion of America as a center-right country, emphasising that many voters rejected the left-leaning policies of the Biden administration.",2024-11-06 17:35:39,https://images.cnbctv18.com/uploads/2024/11/donald-trump-speech-main-copy-2024-11-0dade8eb3a7e65e35d6dae468a43de55.jpg,cnbctv18,0.004333344412951244,21,43,136,22,94
582,Newsdata,https://theprint.in/feature/life-of-investigative-journalists-is-very-difficult-says-raashii-khanna-as-she-opens-up-about-her-character-in-the-sabarmati-report/2345145/,"“Life of investigative journalists is very difficult,” says Raashii Khanna as she opens up about her character in ‘The Sabarmati Report’","Mumbai (Maharashtra) [India], November 6 (ANI): Ahead of the release of her film ‘The Sabarmati Report’, actor Raashii Khanna opened up about her experience portraying the role of an investigative journalist. Speaking with ANI, she said, “The character I am playing is Amrita Gill, who wants to become a big reporter...There is a lot of [...]",2024-11-06 17:32:02,https://static.theprint.in/wp-content/uploads/2024/11/ANI-20241106172932.jpg,theprint,3.284014000834928e-07,2,12,99,7,35
583,Newsdata,https://www.timesnownews.com/videos/times-now/newshour/trumps-white-house-stunner-hard-hitting-fierce-direct-debate-between-thomas-rose-robin-biro-video-115026944,"Trump's White House Stunner: Hard-Hitting, Fierce & Direct Debate Between Thomas Rose & Robin Biro","In the latest episode of Newshour Debate, Navika Kumar is joined by Thomas Rose & Robin Biro to discuss Trump's victory in US election 2024. Trump's unexpected victory stuns the political world, leaving Democrats and pollsters reeling. With reactions pouring in from both India and America, the episode dives deep into the heated Democrat vs. Republican battle. Thomas Rose and Robin Biro face off in a hard-hitting debate, unpacking the impact and significance of Trump’s return to the White House. Watch the show to know more. Stay tuned.#uselction #trump #donaldtrump #kamalaharris #thomasrose #robinbiroFollow Navika Kumar:On X (Formerly Twitter): https://x.com/navikakumarOn Instagram: https://www.instagram.com/navikakumar?igsh=eHcyMW12bmd5NHAz",2024-11-06 17:27:15,"https://static.tnn.in/thumb/msid-115026944,imgsize-110860,width-1280,height-720/115026944.jpg",timesnownews,0.950962935423175,2,13,55,0,12
584,Newsdata,https://www.dnaindia.com/india/report-who-is-saba-haider-indian-origin-democrat-who-defeated-donald-trump-s-candidate-in-dupage-county-board-electi-3116763,Who is Saba Haider? Indian-origin Democrat who defeated Donald Trump's candidate in DuPage County Board election,"Haider, contested from Democratic Party in America, defeated Patty Gustin of the Republic Party by a margin of 8, 500 votes as per reports.",2024-11-07 00:38:00,https://cdn.dnaindia.com/sites/default/files/styles/third/public/2024/11/07/2661153-phto-2024-11-07t071913.985.png,dnaindia,0.9999999919919015,13,16,135,52,67
585,Newsdata,https://www.dnaindia.com/india/report-amid-heavy-pollution-in-delhi-these-12-indian-cities-enjoy-fresh-clean-air-3116894,"Amid heavy pollution in Delhi, these 12 Indian cities enjoy fresh, clean air","The primary pollutants in Delhi are particulate matter (PM2.5), nitrogen dioxide, and carbon monoxide.",2024-11-07 16:31:00,https://cdn.dnaindia.com/sites/default/files/styles/third/public/2024/11/07/2661291-untitled-design-2024-11-07t221129.908.jpg,dnaindia,4.1952704423603104e-15,10,47,140,5,37
586,Newsdata,https://timesofindia.indiatimes.com/blogs/3-sides-of-the-same-coin/the-media-platform-flywheel/,The media platform flywheel,"Media firms, like retail giants Walmart and DMart, operate on thin margins. While retailers maintain strategic control over their supply and demand chains. This allows retailers to make capital expenditure investments to deepen their competitive...",2024-11-07 17:37:02,https://static.toiimg.com/imagenext/toiblogs/photo/blogs/wp-content/uploads/2024/11/Frame-151.png,toi,5.7485821584129886e-11,19,59,291,18,116
587,Newsdata,https://www.washingtontimes.com/news/2024/nov/7/neera-tanden-top-joe-biden-aide-faces-hatch-act-co/,Top Biden aide faces Hatch Act complaint over illegal fundraising,"Government investigators have concluded that Neera Tanden, the domestic policy adviser at the White House, broke the law when she repeatedly used social media to solicit campaign donations for Democrats.",2024-11-07 19:31:47,https://twt-thumbs.washtimes.com/media/image/2024/08/12/Consumer_Protection_83114_s1440x960.jpg,washingtontimes,0.012450331011806337,13,39,193,26,97
588,Newsdata,https://www.washingtontimes.com/news/2024/nov/7/europe-trump-godsend-others-nightmare/,"In Europe, Trump is a godsend for some, for others a nightmare","In their first collective move since Donald Trump's dramatic election victory, European leaders on Thursday called for a far bigger emphasis on defense spending -- the first of what is sure to be many strategic maneuvers as the former president prepares to return to the White House.",2024-11-07 21:29:13,https://twt-thumbs.washtimes.com/media/image/2024/11/07/Hungary_Europe_Summit_98232_s1440x960.jpg,washingtontimes,3.417996385678098e-05,36,104,323,33,146
589,Newsdata,https://www.dnaindia.com/india/report-bengaluru-chennai-expressway-to-slash-travel-time-to-3-hours-71-km-stretch-to-open-by-november-end-3117043,Bengaluru-Chennai expressway to slash travel time to 3 hours: 71-km stretch to open on...,The official noted that a temple near Hoskote at Jinnagara Cross had previously slowed down progress due to the need for relocation.,2024-11-08 15:40:00,https://cdn.dnaindia.com/sites/default/files/styles/third/public/2024/11/08/2661429-image-2024-11-08t211320.936.jpg,dnaindia,4.667482316043131e-165,8,10,94,1,43
590,Newsdata,https://theprint.in/feature/anne-hathaway-zendaya-to-star-in-christopher-nolans-next-film/2348906/,"Anne Hathaway, Zendaya to star in Christopher Nolan’s next film","Washington [US], November 9 (ANI): Anne Hathaway and Zendaya are joining the cast of Christopher Nolan’s next directorial film. They will share screen space with Matt Damon and Tom Holland, reported Deadline. Shooting for the film will start in early 2025, however, the plot details are kept under wraps. The film will have an Imax [...]",2024-11-09 03:32:01,https://static.theprint.in/wp-content/uploads/2024/11/ANI-20241109032323.jpg,theprint,1.482169093924641e-10,4,13,84,6,39
591,Newsdata,https://theprint.in/feature/international-exhibition-highlighting-spiritual-aspects-of-visual-art-opens-at-ignca/2348949/,International exhibition highlighting spiritual aspects of visual art opens at IGNCA,"New Delhi [India], November 9 (ANI): An exhibition of paintings by eminent artists from India, Nepal and Slovakia has opened at the Indira Gandhi National Centre for Arts in New Delhi as part of the 8th International Ancient Arts Festival. Nine paintings by Indian poet-diplomat Abhay K from his ‘Sunyata’ series are also part of [...]",2024-11-09 04:32:16,https://static.theprint.in/wp-content/uploads/2024/11/ANI-20241109034943.jpg,theprint,8.955664995315428e-16,4,18,154,8,38
592,Newsdata,https://theprint.in/feature/padmini-kolhapure-shreyas-talpade-urge-people-to-vote-in-maharashtra-assembly-elections/2348996/,"Padmini Kolhapure, Shreyas Talpade urge people to vote in Maharashtra Assembly elections","Mumbai (Maharashtra) [India], November 9 (ANI): Ahead of the Maharashtra Assembly elections, actors Padmini Kolhapure and Shreyas Talpade urged people to cast their votes at the Systematic Voters Education and Electoral Participation campaign cycle rally in Mumbai. The rally was organised to encourage citizens to exercise the right to vote in the State assembly elections [...]",2024-11-09 05:32:02,https://static.theprint.in/wp-content/uploads/2024/11/ANI-20241109052020.jpg,theprint,0.767931777024996,3,10,94,14,42
593,Newsdata,https://www.dnaindia.com/india/report-gujarat-38-injured-in-collision-involving-bus-two-vehicles-near-ambaji-3117182,"Gujarat: 38 injured in collision involving bus, two vehicles near Ambaji","According to the Civil Superintendent of Danta Government Hospital, Dr KK Singh, among the 38 injured, six people sustained serious injuries and were referred to Palampur for further treatment.",2024-11-09 15:40:00,https://cdn.dnaindia.com/sites/default/files/styles/third/public/2024/11/09/2661552-image-2024-11-09t211215.568.jpg,dnaindia,1.6708219211158921e-100,4,10,53,1,38
594,Newsdata,https://me.mashable.com/entertainment/48801/mr-plankton-review-woo-do-hwans-k-drama-is-a-feel-good-yet-tragic-romcom-youll-fall-hard-for,‘Mr. Plankton’ review: Woo Do-hwan’s K-drama is a feel-good yet tragic romcom you’ll fall hard for,Why do tragedies keep happening to those who are already suffering?‘Mr. Plankton’ is streaming on Netflix.,2024-11-09 20:25:34,https://sm.mashable.com/mashable_me/photo/default/untitled-2024-11-10t013518696_xa6z.jpg,mashable_me,0.9983834175181355,49,53,196,56,134
595,Newsdata,https://www.timesnownews.com/city/on-video-car-with-3-passengers-catches-fire-near-fuel-station-in-mangalurus-ladyhill-area-article-115160270,On Video: Car With 3 Passengers Catches Fire Near Fuel Station In Mangaluru's Ladyhill Area,"A Maruti 800 car caught fire near a fuel station in Mangaluru's Ladyhill area, forcing the three occupants to flee unharmed. The fire, likely caused by a short circuit, was quickly controlled by petrol bunk staff and emergency teams.",2024-11-11 03:39:24,"https://static.tnn.in/thumb/msid-115160707,thumbsize-939067,width-1280,height-720,resizemode-75/115160707.jpg?quality=100",timesnownews,1.442122705392254e-149,11,6,83,1,41
596,Newsdata,https://theprint.in/feature/best-dad-ever-khushi-kapoor-showers-love-on-father-boney-kapoor-on-birthday/2350754/,“Best Dad ever”: Khushi Kapoor showers love on father Boney Kapoor on birthday,"Mumbai (Maharashtra) [India], November 11 (ANI): As it is veteran producer Boney Kapoor’s birthday on Monday, her younger daughter Khushi Kapoor penned a love-filled wish for the “best dad”. Taking to Instagram Story, Khushi wrote, “Happy birthday to the coolest Kapoor and the best dad ever (White heart emoji). I love you papa (white heart [...]",2024-11-11 03:32:02,https://static.theprint.in/wp-content/uploads/2024/11/ANI-20241111032432.jpg,theprint,0.7633197621738336,7,18,135,17,33
597,Newsdata,https://theprint.in/opinion/more-forces-not-ideal-to-tackle-militancy-jammu-dynamic-counter-terror-grid-needed/2350595/,More forces not ideal to tackle militancy in Jammu. A dynamic counter-terror grid is needed,The resurgence of militancy in the Jammu region is concerning. India must take a cue from unilateral actions taken by countries like the US and Israel.,2024-11-11 03:31:27,https://static.theprint.in/wp-content/uploads/2024/09/Your-paragraph-text-56-696x392.png,theprint,2.1190196844471186e-16,33,110,322,10,136
598,Newsdata,https://timesofindia.indiatimes.com/blogs/voices/congress-and-bolka-pathhar/,Congress and ‘Bolka pathhar’,"The joint manifesto of Congress and Sharad Pawar’s NCP and UBT for the assembly elections has been released recently. The manifesto is full of promises to the voters. Congress had rained promises and announcements, in...",2024-11-11 04:38:41,https://static.toiimg.com/imagenext/toiblogs/photo/blogs/wp-content/uploads/2023/05/WhatsApp-Image-2023-05-07-at-11.29.47.jpeg,toi,6.061182963028656e-17,43,81,438,21,178
599,Newsdata,https://www.timesnownews.com/spiritual/tulsi-vivah-2024-why-did-lord-vishnu-marry-tulsi-know-the-story-behind-this-auspicious-day-article-114973496,Tulsi Vivah 2024: Why Did Lord Vishnu Marry Tulsi? Know The Story Behind This Auspicious Day,Tulsi Vivah festival is celebrated on the next day of Devutthan or Dev Uthani Ekadashi. Here is everything you need to know about this day.,2024-11-11 04:30:00,"https://static.tnn.in/thumb/msid-114973473,thumbsize-146528,width-1280,height-720,resizemode-75/114973473.jpg?quality=100",timesnownews,0.0053509601626629145,12,14,135,14,54
600,Newsdata,https://kashmirobserver.net/2024/11/11/the-assembly-brouhaha/,The Assembly Brouhaha,"Leaders must recognize that their actions in the assembly have lasting consequences on society. In this effort, the media and civil society can play a crucial role by bringing transparency to the public and holding leaders accountable without sensationalism",2024-11-11 17:36:05,https://kashmirobserver.net/wp-content/uploads/2024/11/JK-Assembly-Ruckus.jpg,kashmirobserver,0.009777554041017796,70,83,349,47,194
708,Newsdata,https://theprint.in/opinion/sidhu-cancer-cures-ashwini-vaishnaw-cpr-science/2384189/,Sidhu’s cancer cures & Ashwini Vaishnaw’s CPR signal one thing. Science is eroding,"Transformation of fringe theories into institutional policy was so gradual that many missed it. First, scientific institutions were demolished. Now, there's faulty CPR & fake cancer cures.",2024-12-03 04:39:25,https://static.theprint.in/wp-content/uploads/2024/12/book-launch-2-696x392.jpg,theprint,0.005857181963759731,83,138,524,65,242
601,Newsdata,https://www.washingtontimes.com/news/2024/nov/11/us-launches-strikes-iranbacked-militant-forces-syr/,U.S. launches strikes against Iran-backed militant forces in Syria,"U.S. forces launched strikes against nine Iran-linked targets in Syria, a response to several attacks on American troops in the region over the last 24 hours, U.S. Central Command officials said Monday.",2024-11-11 22:30:22,https://twt-thumbs.washtimes.com/media/image/2022/02/08/Congress_Central_Command_03350.jpg-db5c0_s1440x960.jpg,washingtontimes,1.6857586616411907e-39,3,10,63,2,27
602,Newsdata,https://timesofindia.indiatimes.com/blogs/toi-editorials/tailored-for-failure/,Tailored For Failure,"A UP body telling women their safety only lies in segregated spaces is absurd & counterproductive Women’s commissions across India should have their hands full. From crimes against women to other injustices, there is so...",2024-11-11 23:30:41,https://static.toiimg.com/imagenext/toiblogs/photo/blogs/wp-content/uploads/2019/01/toiedit-logo.jpg,toi,0.002596009434510439,22,33,103,14,64
603,Newsdata,https://www.timesnownews.com/videos/viral-videos/on-cctv-four-women-thieves-steal-jewellery-worth-rs-16-5-lakh-by-distracting-store-owner-video-115198421,On CCTV: Four Women Thieves Steal Jewellery Worth Rs 16.5 Lakh by Distracting Store Owner,"Previously-unseen CCTV footage from a jewellery-store theft shows how a group of four women managed to steal items worth Rs. 16.5 lakh. The incident, which occurred on June 22 this year, involved the thieves splitting up in teams of two, with one creating a distraction and the other reaching over the counter to take jewellery. The unsuspecting shop owner was helping one of them try on an earring when her accomplice leaned across the counter to block his view of the two women who sneakily took things for themselves.",2024-11-12 02:39:44,"https://static.tnn.in/thumb/msid-115198421,imgsize-146780,width-1280,height-720/115198421.jpg",timesnownews,0.9695943404258471,3,3,35,5,15
604,Newsdata,https://www.india.com/news/india-vande-bharat-express-vs-pakistan-green-line-top-speed-technology-ticket-price-and-other-details-indian-railways-irctc-7386376/,"India’s Vande Bharat Express vs Pakistan’s Green Line: Top speed, technology, ticket price and other details","In 2019, Prime Minister Narendra Modi launched India’s first indigenous semi-high-speed train, the Vande Bharat Express.",2024-11-12 02:38:30,https://static.india.com/wp-content/themes/icom/images/default-big.svg,india,7.586926646345415e-121,15,33,268,2,65
605,Newsdata,https://www.cnbctv18.com/photos/market/cnbc-tv18-morning-call-vistara-air-india-merged-britannia-healthy-volume-growth-bitcoin-tops-89000-19507916.htm,"CNBC-TV18 Morning Call: Vistara-Air India merged, Britannia healthy volume growth, Bitcoin tops $89,000","From COP29 agenda, Bitcoin rally, to Hindalco and Britannia results, here are top developments you need to track on CNBC-TV18 Morning Call",2024-11-12 02:37:42,https://images.cnbctv18.com/uploads/2022/10/crypto-gift-shutterstock.jpg,cnbctv18,5.057270600176341e-20,33,143,580,21,204
606,Newsdata,https://www.timesnownews.com/spiritual/dev-uthani-ekadashi-2024-why-do-all-auspicious-things-start-after-this-day-know-rituals-and-significance-article-115008826,Dev Uthani Ekadashi 2024: Why Do All Auspicious Things Start After This Day? Know Rituals And Significance,"Dev Uthani Ekadashi 2024: On this day, Lord Vishnu, along with Goddess Lakshmi, is worshipped with devotion.",2024-11-12 02:30:00,"https://static.tnn.in/thumb/msid-115008832,thumbsize-128626,width-1280,height-720,resizemode-75/115008832.jpg?quality=100",timesnownews,3.9314860323295796e-19,11,20,150,8,54
607,Newsdata,https://www.india.com/news/pinaka-vs-himars-indias-indigenous-rocket-system-is-grabbing-everyones-attention-after-armenia-france-7386474/,"Pinaka vs HIMARS: India’s indigenous rocket system is grabbing everyone’s attention, after Armenia, France...","Pinaka Multi Barrel Rocket Launcher (MBRL) is a battle-proven an all-weather, indirect area fire Artillery Weapon System designed.",2024-11-12 03:37:40,https://static.india.com/wp-content/themes/icom/images/default-big.svg,india,4.3989326521504125e-13,9,38,197,11,54
608,Newsdata,https://www.india.com/viral/meet-pandit-ji-a-street-vendor-who-served-dahi-vada-during-mukesh-ambani-nita-ambani-son-anant-ambani-wedding-at-rs-15000-crore-antilia-thrice-7386470/,"Meet man, a street vendor, who served Dahi Vada during Mukesh Ambani, Nita Ambani’s son Anant Ambani wedding at Rs 15000 crore Antilia thrice",Mukesh Ambani and his family are fond of this Jaipur street vendor's Dahi Vada. He not only served it at Anant Ambani and Radhika Merchant’s grand wedding but has also cooked at Antilia three times.,2024-11-12 03:35:15,https://static.india.com/wp-content/themes/icom/images/default-big.svg,india,0.9758474724449113,20,29,199,30,81
609,Newsdata,https://theprint.in/opinion/why-is-it-fashionable-to-deride-historians-the-answer-lies-outside-academia/2351797/,Why is it fashionable to deride historians? The answer lies outside academia,The academic historian needs to engage more with the writer of popular history. One can begin by acknowledging that newer explorations can come from any quarter.,2024-11-12 03:32:30,https://static.theprint.in/wp-content/uploads/2024/11/book-launch-13-696x392.jpg,theprint,0.007872865538345498,62,114,239,36,162
610,Newsdata,https://www.india.com/news/pakistan-china-bangladesh-india-signs-major-defence-deal-with-russia-for-pantsir-air-defence-system-it-can-modi-putin-pantsir-mobile-air-defence-system-7386567/,"Big trouble for Pakistan, China, Bangladesh, India signs major defence deal with Russia for Pantsir air defence system, it can...","The Pantsir air defence system is a cluster of mobile, multi-channel, short to medium-range surface-to-air missile",2024-11-12 04:33:01,https://static.india.com/wp-content/themes/icom/images/default-big.svg,india,4.546932042359789e-28,4,37,145,3,38
611,Newsdata,https://www.dnaindia.com/india/report-delhi-reports-record-high-chikungunya-malaria-cases-in-5-years-3117554,"Delhi reports record high chikungunya, malaria cases in 5 years","The number of chikungunya cases in 2020 stood at 111, in 2021, there were 89 cases, in 2022, 48 cases, and in 2023, 65 cases.",2024-11-12 04:33:00,https://cdn.dnaindia.com/sites/default/files/styles/third/public/2024/11/12/2661897-malaria.jpg,dnaindia,1.3162568631097895e-112,4,16,71,1,31
612,Newsdata,https://www.dnaindia.com/india/report-vadodara-iocl-refinery-fire-death-toll-rises-to-2-probe-underway-3117559,Vadodara IOCL refinery fire: Death toll rises to 2; probe underway,"Two persons -- Dhimant Makwana and Shailesh Makwana -- died in the fire. An IOCL official received injuries and was undergoing treatment at a private hospital, Jawahar Nagar police station inspector AB Mori said.",2024-11-12 05:37:00,https://cdn.dnaindia.com/sites/default/files/styles/third/public/2024/11/12/2661902-iocl.jpg,dnaindia,4.014744996112428e-38,7,25,164,6,81
613,Newsdata,https://www.dnaindia.com/india/report-chennai-rain-alert-heavy-showers-expected-today-imd-issues-warning-to-11-districts-3117686,"Chennai Rain Alert: Heavy showers expected today, IMD issues warning to 11 districts","Chennai is expected to have a maximum temperature of around 30 degrees Celsius, with the minimum temperature likely ranging between 24 and 25 degrees Celsius.",2024-11-13 02:35:13,https://cdn.dnaindia.com/sites/default/files/styles/third/public/2024/11/13/2662035-untitled-design-2024-11-13t080409.686.jpg,dnaindia,4.692126356740046e-207,7,33,161,1,61
615,Newsdata,https://theprint.in/opinion/focus-on-growth-dynamics-rather-than-adjusting-norms-to-meet-spending-targets/2353678/,Focus on growth dynamics rather than adjusting norms to meet spending targets,Capital expenditure undertaken hastily to meet year-end targets dilutes the quality of the exercise and undermines the economy's benefits from such investment.,2024-11-13 02:30:14,https://static.theprint.in/wp-content/uploads/2024/09/ThePrint-feature-image-8-1-696x392.jpg,theprint,1.8179142870103365e-09,48,112,343,24,183
617,Newsdata,https://www.timesnownews.com/city/gurugram/gurugram-aqi-today-watch-thick-layer-of-smog-looms-over-gurugram-amid-deteriorating-air-quality-check-imd-weather-forecast-article-115237055,WATCH: Thick Layer Of Smog Looms Over Gurugram Amid Deteriorating Air Quality,"Gurugram residents woke up to thick smog and deteriorating air quality, with AQI levels in the ""poor"" category across various areas.",2024-11-13 03:33:28,"https://static.tnn.in/thumb/msid-115237163,thumbsize-858099,width-1280,height-720,resizemode-75/115237163.jpg?quality=100",timesnownews,1.7254055281458944e-41,11,26,74,1,30
618,Newsdata,https://theprint.in/pageturner/excerpt/mohinder-amarnath-national-selectors-a-bunch-of-jokers-slept-peacefully/2353454/,When Mohinder Amarnath called national selectors ‘a bunch of jokers’ & slept peacefully,‘Fearless’ is a forthright and anecdotal memoir of cricketer Mohinder Amarnath written by him with his brother Rajender Amarnath.,2024-11-13 04:27:53,https://static.theprint.in/wp-content/uploads/2024/11/book-launch-14-696x392.jpg,theprint,0.9999555409426484,55,82,360,116,236
619,Newsdata,https://www.timesnownews.com/videos/mirror-now/shows/middle-class-tightens-belt-economic-uncertainty-to-shape-consumption-habits-beyond-the-headline-video-115308870,Middle-Class Tightens Belt: Economic Uncertainty To Shape Consumption Habits? | Beyond The Headline,"In this episode of Beyond The Headline, anchor Sneha Koshy examines the impact of inflation on the food choices of the middle class. Even big companies are feeling the effects. The struggle to balance expenses is a common theme during this belt-tightening season for the middle class. Anchor Sneha is joined by a panel of experts to discuss the topic in detail. ""Its not tomato which has effected inflation, matter of the fact is farmers are happy that inflation is being talked about, the biggest problem is supply chain..."" says Binod Anand, PM MSP Committee Member. Watch full video to know more. #rbi #inflation #india #cpi #retailinflation #foodinflation #businessnews #topnews #indiainfaltion #gdp #bth #snehakoshy",2024-11-14 17:45:15,"https://static.tnn.in/thumb/msid-115308870,imgsize-201439,width-1280,height-720/115308870.jpg",timesnownews,4.274383627357438e-38,3,16,54,1,15
620,Newsdata,https://www.india.com/news/bad-news-for-pakistan-bangladesh-china-drdo-successfully-tests-guided-pinaka-system-defense-ministry-rajnath-singh-xi-jingping-7393724/,"Bad news for Pakistan, Bangladesh, China, DRDO successfully tests guided Pinaka System, it can destroy...",The advanced versions of the Pinaka Multiple Launch Rocket System have a strike range of up to 75 kilometers.,2024-11-14 17:44:56,https://static.india.com/wp-content/themes/icom/images/default-big.svg,india,1.3040824982952545e-27,8,29,184,5,51
621,Newsdata,https://www.cnbctv18.com/market/digitalisation-of-savings-drives-transformation-in-spending-habits-says-goldman-sachs-amc-19509788.htm,"Digitalisation of savings drives transformation in spending habits, says Goldman Sachs AMC","Luke Barrs, Managing Director of Fundamental Equity at Goldman Sachs Asset Management observed that while this decade may be pivotal for India, the entire century could belong to the country. He sees extensive opportunities for capital investment in both private and public sectors, with substantial return potential across various asset classes.",2024-11-14 19:30:39,https://images.cnbctv18.com/uploads/2024/09/stock-market-sep13-2024-09-b8259fbf13ccbb31ca658c1bd580bb93.jpg,cnbctv18,4.203048631521256e-06,5,24,88,8,40
622,Newsdata,https://timesofindia.indiatimes.com/blogs/gen-zedits/trouble-in-manipur-whats-happening-and-why-its-hard-to-solve/,Trouble in Manipur: What’s happening and why it’s hard to solve,"In Manipur, a state in northeastern India, there has been a lot of violence recently, which has forced the government to send extra security forces—about 2,500 officers—to help. But the situation is complicated, and the...",2024-11-14 23:30:59,https://static.toiimg.com/imagenext/toiblogs/photo/blogs/wp-content/uploads/2024/05/Gen-Z-2-1.jpeg,toi,9.227962842436707e-05,15,34,106,13,76
623,Newsdata,https://theprint.in/feature/ghar-aa-maahi-unveiled-as-first-song-from-bandish-bandits-season-2/2358930/,‘Ghar Aa Maahi’ unveiled as first song from ‘Bandish Bandits’ season 2,"Mumbai (Maharashtra) [India], November 15 (ANI): After announcing the return of the popular musical drama ‘Bandish Bandits’ for its second season, the makers have now treated fans to the first track. The song, titled “Ghar Aa Maahi,” was released by Prime Video and T-Series Music on Friday as a preview to the new season, which [...]",2024-11-15 17:17:21,https://static.theprint.in/wp-content/uploads/2024/11/ANI-20241115170721.jpg,theprint,3.2869228664536955e-13,4,25,140,8,39
624,Newsdata,https://www.timesnownews.com/videos/mirror-now/shows/generational-clash-at-work-gen-z-redefines-9-to-5-will-traditionals-catch-up-beyond-headline-video-115341699,Generational Clash At Work: Gen Z Redefines 9-to-5; Will 'Traditionals' Catch Up? | Beyond Headline,"In this episode of Beyond the Headline, anchor Sneha Koshy delves into how GenZ has a fresh outlook on work-life balance. The older generation may need to adapt to the evolving dynamics. While work is crucial for financial stability, preserving our mental well-being is equally important. To discuss this in detail anchor Sneha is joined by panel of experts. ""Times have definitely changed, concept of office has changed, I'm running a firm where's no one sits out at the office, they work from their places..."" says Rahul Bajaj, Digital Darwin CEO. Watch full video to know more and subscribe to Mirror Now for latest news updates.#worklifebalance #narayanmurthy #genzworklifebalance #genz #9to5 #latest #debate #indiaworklifebalance #beyondtheheadline #snehakoshy",2024-11-15 17:37:13,"https://static.tnn.in/thumb/msid-115341699,imgsize-185947,width-1280,height-720/115341699.jpg",timesnownews,1.4938578436180805e-07,5,16,48,4,22
625,Newsdata,https://www.timesnownews.com/city/ahmedabad/earthquake-of-4-2-magnitude-hits-gujarat-mahesana-tremors-also-felt-in-ahmedabad-article-115341431,"Earthquake Of 4.2 Magnitude Hits Gujarat's Mahesana, Tremors Also Felt In Ahmedabad","Ahmedabad: Mahesana in Gujarat witnessed Earthquake on Friday evening.​ Tremors were also felt in Ahmedabad.​​ The earthquake, measuring 4.2 on the Richter scale, occurred on November 15, 2024, at 10:15 PM IST. The epicenter was located at a depth of 10 km, with coordinates 23.71°N latitude and 72.30°E longitude.",2024-11-15 17:29:15,"https://static.tnn.in/thumb/msid-115342749,thumbsize-55322,width-1280,height-720,resizemode-75/115342749.jpg",timesnownews,2.1719473379964927e-15,11,17,93,5,39
626,Newsdata,https://theprint.in/feature/actor-ashish-vidyarthi-releases-powerful-rap-tanashahi-at-59/2358980/,Actor Ashish Vidyarthi releases powerful rap ‘Tanashahi’ at 59,"Mumbai (Maharashtra) [India], November 15 (ANI): Actor Ashish Vidyarthi, known for his negative roles in several hit Bollywood films, surprised his fans as he released his first rap single titled “Tanashahi.” “Tanashahi,” produced by Ashish Vidyarthi Production, was released on November 15, coinciding with the birthday of his son, Arth Vidyarthi. https://www.instagram.com/reel/DCZKj3kI0wK/?utm_source=ig_web_copy_link&igsh=MzRlODBiNWFlZA== The song is [...]",2024-11-15 18:02:12,https://static.theprint.in/wp-content/uploads/2024/11/ANI-20241115174842.jpg,theprint,0.027501431225782188,6,23,110,13,42
627,Newsdata,https://www.navhindtimes.in/2024/11/16/magazines/zest/62-artists-celebrate-st-francis-xavier/,62 artists celebrate St. Francis Xavier,"As part of the Decennial Exposition of St. Francis Xavier’s relics, the Archdiocese of Goa and Daman is hosting ‘Footprints of Hope’, an art exhibition that captures the timeless legacy of Goa’s beloved saint DANUSKA DA GAMA A group of 62 artists across faiths will be coming together to honour St Francis Xavier through their [...]The post 62 artists celebrate St. Francis Xavier appeared first on The Navhind Times.",2024-11-15 19:01:07,https://www.navhindtimes.in/wp-content/uploads/2024/11/Art-by-Kalidas-Satardekar.jpeg-696x452.jpg,navhindtimes,0.6623196971346901,10,59,282,41,124
628,Newsdata,https://www.navhindtimes.in/2024/11/16/magazines/zest/concerts-by-candlelight/,Concerts by candlelight,"After enchanting audiences in cities around the world, the Candlelight Concert series by Live Your City is now making its way to Goa, with its first shows this Sunday RAMANDEEP KAUR | NT BUZZ Imagine a peaceful setting, lit by countless candles, with beautiful music playing all around you. This is the magical feeling that [...]The post Concerts by candlelight appeared first on The Navhind Times.",2024-11-15 19:00:31,https://www.navhindtimes.in/wp-content/uploads/2020/08/The-Navhind-Times-Featured-Default-1.png,navhindtimes,1.6406977705203196e-06,19,48,200,18,90
629,Newsdata,https://www.navhindtimes.in/2024/11/16/magazines/zest/celebrating-the-birth-of-sikhisms-founder/,Celebrating the birth of Sikhism’s founder,"Devotees of all ages gathered at Gurdwara Shri Guru Singh Sabha, Betim on Friday to celebrate Guru Nanak Jayanti, also known as Gurupurab or Prakash Utsav, marking the birth anniversary of Guru Nanak Dev Ji, the founder of Sikhism. The festivities commenced with a soulful Gurbani Kirtan by Raagi Jatha Sukhwantjit Singh from Sri Darbar [...]The post Celebrating the birth of Sikhism’s founder appeared first on The Navhind Times.",2024-11-15 19:00:15,https://www.navhindtimes.in/wp-content/uploads/2020/08/The-Navhind-Times-Featured-Default-1.png,navhindtimes,5.4731049581658734e-70,2,2,53,1,12
630,Newsdata,https://www.navhindtimes.in/2024/11/16/magazines/zest/film-review-sachin-chatte-167/,FILM REVIEW – SACHIN CHATTE,"Battling out Film: Gladiator II Cast: Paul Mescal, Denzil Washington, Pedro Pascal Directed by: Ridley Scott Duration: 2 hours 28 minutes Rating: * * * 1 / 2 At the age of 86, Ridley Scott remains one of the most prolific directors in the industry. With a career that has spanned nearly five decades, he [...]The post FILM REVIEW – SACHIN CHATTE appeared first on The Navhind Times.",2024-11-15 19:00:01,https://www.navhindtimes.in/wp-content/uploads/2020/08/The-Navhind-Times-Featured-Default-1.png,navhindtimes,0.029616335482466307,34,63,221,30,99
631,Newsdata,https://www.india.com/uttar-pradesh/jhansi-fire-tragedy-10-newborns-dead-after-fire-engulfs-jhansi-medical-college-rescue-ops-underway-maharani-laxmibai-medical-college-fire-watch-viral-video-7396374/,"Jhansi fire tragedy: 10 newborns charred to death as major fire engulfs Jhansi Medical College, rescue ops underway",At least ten newborn babies were charred to death in a major fire which engulfed the Maharani Laxmibai Medical College in Jhansi on late Friday evening.,2024-11-15 18:52:39,https://static.india.com/wp-content/themes/icom/images/default-big.svg,india,4.4568998564305717e-26,13,39,223,6,54
632,Newsdata,https://theprint.in/opinion/politically-correct/india-needs-a-full-time-home-minister-no-more-puppet-bjp-president-please/2360654/,"India needs a full-time Home Minister. No more puppet BJP president, please","Amit Shah is a 24x7 workaholic. Yet, he is only human. That should explain the lapses in Manipur or elsewhere.",2024-11-18 03:30:13,https://static.theprint.in/wp-content/uploads/2024/11/feature-image-8-696x392.jpg,theprint,0.713609873928357,68,82,447,70,227
633,Newsdata,https://www.india.com/news/biggest-cyber-fraud-busted-rs-1110000000-stolen-from-623-bank-accounts-in-surat-gujarat-goverment-scam-fraud-cybercell-cryptocurrency-7400348/,"Biggest cyber-fraud busted, Rs 1110000000 stolen from 623 bank accounts in..., police say...","Mule accounts are bank accounts made by scamsters using stolen, purchased, or coerced identity documents along with a phone number registered under the same name.",2024-11-18 03:25:41,https://static.india.com/wp-content/themes/icom/images/default-big.svg,india,1.6251371098532502e-31,12,25,170,6,77
634,Newsdata,https://www.cnbctv18.com/market/doordarshi-india-fund-deploying-cash-to-seize-post-correction-opportunities-19510774.htm,DoorDarshi India Fund deploying cash to seize post-correction opportunities,"Apart from banking and financial services, Rajeev Agrawal, Managing Partner and Fund Manager at DoorDarshi India Fund finds good opportunities emerging in the capital market space.",2024-11-18 07:38:11,https://images.cnbctv18.com/uploads/2024/09/stock-market-2024-09-c133906b5c3c68fb86174649d25240ee.jpg,cnbctv18,0.00013067908596549696,13,26,87,10,44
635,Newsdata,https://theprint.in/feature/beyonce-to-perform-at-ravens-texans-nfl-christmas-gameday-live-on-netflix/2361800/,Beyoncé to perform at Ravens-Texans NFL Christmas Gameday Live on Netflix,"Los Angeles [US], November 18 (ANI): Pop icon Beyoncé is all set to perform during the Houston Texans vs. Baltimore Ravens game live on Netflix on December 25. Taking place in Beyoncé’s hometown, the Houston Texans will host the Baltimore Ravens at NRG Stadium in Houston, as per Variety. Although the details of the upcoming [...]",2024-11-18 10:32:30,https://static.theprint.in/wp-content/uploads/2024/11/ANI-20241118101224.jpg,theprint,1.9892991591275434e-08,5,12,98,8,37
636,Newsdata,https://www.timesnownews.com/spiritual/kaal-bhairav-jayanti-2024-know-date-significance-and-puja-vidhi-article-115415506,"Kaal Bhairav Jayanti 2024: Know Date, Significance And Puja Vidhi","Kaal Bhairav Jayanti is observed on the Ashtami Tithi of Krishna Paksha in the month of Margashirsha. In 2024, this year will be celebrated on November 23.",2024-11-18 10:32:25,"https://static.tnn.in/thumb/msid-115415528,thumbsize-180302,width-1280,height-720,resizemode-75/115415528.jpg",timesnownews,1.1902068793814624e-14,5,10,108,6,26
637,Newsdata,https://www.timesnownews.com/delhi/delhi-air-pollution-live-updates-delhi-aqi-graph-4-restrictions-due-to-air-quality-reaches-severe-category-news-today-liveblog-115398791,"Delhi Pollution Live Updates: 15 Flights Diverted Amid Poor Visibility, Staggers Timings For Offices","Delhi Pollution LIVE Updates: Delhi's air quality has reached a critical point, with the AQI crossing the ""severe plus"" category, prompting the Commission for Air Quality Management (CAQM) to implement GRAP Stage 4 from 8 am today. This decision followed an urgent meeting to assess the deteriorating air quality, which had already reached alarming levels, with the AQI hitting 441 at 4 pm on Sunday. In response, Delhi Chief Minister Atishi announced the suspension of in-person classes for most students, except for those in Classes 10 and 12, with virtual learning to continue. Additionally, Environment Minister Gopal Rai has called a meeting today to ensure strict enforcement of GRAP Stage-4 measures. These include banning non-essential construction, restricting truck movement, and limiting vehicle access, especially those that are diesel-powered or non-BS-VI compliant. Experts cite the combined impact of winter inversion and stubble burning as major contributors to the toxic air. Authorities urge residents, especially vulnerable groups, to stay indoors.",2024-11-18 12:42:57,"https://static.tnn.in/thumb/msid-115398791,imgsize-905791,width-1280,height-720/115398791.jpg",timesnownews,0.9994378424102868,4,14,39,0,20
638,Newsdata,https://www.cnbctv18.com/photos/world/russia-ukraine-war-1000-days-independence-square-makeshift-memorial-turns-into-a-field-of-blue-and-yellow-flags-19511156.htm,"Ukraine’s Independence Square turns into a memorial of blue and yellow flags as war reaches 1,000 days","Once an ordinary green lawn nestled in the heart of Ukraine's capital, the makeshift memorial at Independence Square is now filled with fresh and dried flowers—a space heavy with sorrow and steeped in Ukrainian history as the Russia-Ukraine war reaches 1,000 days. Independence Square has long served as the epicenter of Ukraine’s revolutions, making it a fitting place to honor the fallen.",2024-11-18 15:28:10,https://images.cnbctv18.com/uploads/2024/11/ukraine-makeshift-memorial-11-2024-11-5433b7abe384a45486b69a3d5ff2d2ca.jpg,cnbctv18,0.8978880807668491,41,66,240,49,147
639,Newsdata,https://www.cnbctv18.com/economy/inclusivity-innovation-key-for-india-growth-sbi-cs-setty-19511187.htm,Inclusivity and innovation will drive Viksit Bharat: SBI’s CS Setty,"Speaking to CNBC-TV18’s Shereen Bhan at 11th edition of SBI Banking & Economics Conclave, Ananya Birla of Svatantra Microfinance; Nyrika Holkar of Godrej & Boyce; Anant Goenka of RPG Group; Sagar Adani of Adani Green Energy; Jinal Mehta of Torrent Power; and Chairman of SBI CS Setty; shared their views on inclusivity, gender parity, and adapting to a rapidly changing economic landscape.",2024-11-18 17:35:42,https://images.cnbctv18.com/uploads/2023/08/CS-Setty-MD-State-Bank-of-India-2.jpg,cnbctv18,0.9985273396038411,98,88,301,110,240
640,Newsdata,https://www.timesnownews.com/videos/mirror-now/shows/pollution-politics-pandemic-delhi-ncr-residents-doomed-to-choke-on-own-smoke-beyond-headline-video-115425691,"Pollution, Politics & Pandemic: Delhi-NCR Residents Doomed To Choke On Own Smoke? | Beyond Headline","In this episode of Beyond the Headline, anchor Sneha Koshy investigates how cities like Beijing and London addressed pollution by implementing measures like transitioning from coal to gas and establishing ultra-low emission zones. Discover the inspiring stories of cities that successfully battled pollution and emerged triumphant. Regrettably, the people of Delhi-NCR still endure the repercussions of their own pollution.To discuss the topic in detail anchor Sneha Koshy is joined by a panel of experts. ""Our political class doesn't understand how grave the situation is.. this is worse than Covid..."" says Environmentalist Vimlendu Jha on Delhi pollution and ""We need to formulate a policy which can save us..."" says BJP's Jasmine Sandhawalia Watch full video to know more. #caqm #delhipollution #pollution #mirrnow #news #topnews #englishnews #supremecourt #farmfires #bjpvsaap #cmatishi #beyondtheheadline #snehakoshy",2024-11-18 17:35:16,"https://static.tnn.in/thumb/msid-115425691,imgsize-141248,width-1280,height-720/115425691.jpg",timesnownews,7.163184622144745e-11,8,12,59,4,23
641,Newsdata,https://www.india.com/news/hyderabad-nizam-royal-kitchen-shahi-rasoi-royal-kitchen-of-hyderabad-nizam-favorite-cusines-dishes-kabab-biryani-khichdi-halwa-nan-roti-persian-turkish-and-south-indian-7402562/,"16 types of biryanis, 45 varieties of kebabs and much more: Know inside details of Hyderabad’s Nizam kitchen, food expenses were over...","A ChatGPT survey has revealed that the Hyderabad Nizams’ royal kitchen was a testament to grandeur, opulence, and unparalleled culinary artistry.",2024-11-19 02:35:48,https://static.india.com/wp-content/themes/icom/images/default-big.svg,india,2.693974582413221e-14,19,57,189,9,78
642,Newsdata,https://theprint.in/opinion/uber-isnt-a-threat-to-indias-national-security-iaf-navy-withdrawing-mou-is-overreaction/2361758/,"Uber isn’t a threat to India’s national security. IAF, Navy withdrawing MoU is overreaction",Armed Forces personnel are vulnerable to major threats in the digital age. But these threats must be evaluated based on the likely perpetrator and their motive.,2024-11-19 02:30:55,https://static.theprint.in/wp-content/uploads/2024/11/feature-image-86-696x392.jpg,theprint,1.3528019613356376e-08,46,83,313,25,162
643,Newsdata,https://theprint.in/opinion/why-bjp-uses-divisive-ek-hain-toh-safe-hain-instead-of-inclusive-ek-hain-toh-mazboot-hain/2362346/,Why BJP uses divisive ‘Ek Hain Toh Safe Hain’ instead of inclusive ‘Ek Hain Toh Mazboot Hain’,"At election time, BJP rolls out its narratives of ‘Aurangzeb,’ ‘Pakistan,’ and ‘love jihad’ with machine-like precision. But like West Bengal, it won't work in Maharashtra.",2024-11-19 03:36:19,https://static.theprint.in/wp-content/uploads/2024/10/feature-image-67-696x392.jpg,theprint,1.6176238470246607e-11,109,171,657,34,250
644,Newsdata,https://theprint.in/ground-reports/arya-samaj-weddings-are-in-trouble-courts-cracking-down-on-certificates-conversions/2362578/,"Arya Samaj weddings are in trouble. Courts cracking down on certificates, conversions","Judges are rejecting Arya Samaj certificates, flagging ‘fake’ documents, questioning short-cut conversions, and ordering probes into rogue outfits using its name.",2024-11-19 04:33:18,https://static.theprint.in/wp-content/uploads/2024/11/Arya-Samaj-marriages-representational-image-696x392.jpg,theprint,0.6906193176765091,166,257,1256,190,607
645,Newsdata,https://timesofindia.indiatimes.com/blogs/talkingturkey/my-take-5-edition-31-the-week-that-was-in-international-affairs/,My Take 5 (Edition 31): The week that was in international affairs,"Welcome back to another edition of My Take 5, your weekly roundup of international news. This week we are focussing on 1,000 days of the Ukraine war, Sri Lanka’s parliamentary elections, the struggle for Bangladesh’s...",2024-11-19 16:34:51,https://static.toiimg.com/imagenext/toiblogs/photo/blogs/wp-content/uploads/backup/Rudroneel.jpg,toi,2.751498170782995e-07,13,26,85,6,38
646,Newsdata,https://timesofindia.indiatimes.com/blogs/toi-editorials/lost-in-mumbai/,Lost in Mumbai,"Mumbaikars lament the decay of their beloved metro yet don’t care if that’s not a poll issue The Mumbai voter’s distress, all that hand-wringing, is rather well captured in Maratha quotaman Jarange Patil’s desperate trajectory...",2024-11-19 23:30:55,https://static.toiimg.com/imagenext/toiblogs/photo/blogs/wp-content/uploads/2019/01/toiedit-logo.jpg,toi,2.1799383935965275e-06,18,46,195,17,76
647,Newsdata,https://timesofindia.indiatimes.com/blogs/gen-zedits/lost-in-mumbai-a-city-thats-forgetting-to-care/,Lost in Mumbai: A city that’s forgetting to care,"Mumbai, India’s financial capital, is a city of dreams, where people come to make it big. It’s home to billionaires, Bollywood, and endless opportunities. But beneath the glitter, Mumbai is struggling. The city is tired—its...",2024-11-19 23:30:38,https://static.toiimg.com/imagenext/toiblogs/photo/blogs/wp-content/uploads/2024/05/Gen-Z-2-1.jpeg,toi,0.19348637474647087,23,31,89,16,59
648,Newsdata,https://theprint.in/ground-reports/panipat-is-a-city-of-loss-full-of-historys-losers-straining-to-be-remembered-as-winners/2364282/,Panipat is a city of loss—full of history’s losers straining to be remembered as winners,"From crumbling memorials to misplaced narratives, Panipat's historic battlefields bear witness to a legacy of defeat—and the struggle to reclaim it.",2024-11-20 02:30:17,https://static.theprint.in/wp-content/uploads/2024/11/Feature-Image-9-1-696x392.jpg,theprint,0.06489263962252464,137,223,1017,142,518
649,Newsdata,https://theprint.in/feature/maharashtra-polls-john-abraham-spotted-clicking-selfies-with-fans-after-casting-his-vote/2364666/,Maharashtra Polls: John Abraham spotted clicking selfies with fans after casting his vote,"Mumbai (Maharashtra) [India], November 20 (ANI): Bollywood actor John Abraham was spotted at a polling booth as voting for the Maharashtra Assembly elections began on Wednesday morning. John, dressed casually in an all-black outfit was spotted interacting with fans outside the polling booth after casting his vote. John was all smiles as he posed with [...]",2024-11-20 04:32:02,https://static.theprint.in/wp-content/uploads/2024/11/ANI-20241120042920.jpg,theprint,3.929581785642904e-29,4,16,139,6,56
650,Newsdata,https://theprint.in/pageturner/excerpt/em-forster-a-passage-to-india-myth-historical-accuracy/2363615/,Read EM Forster’s ‘A Passage to India’ as a myth. Don’t look for historical accuracy,"Orient BlackSwan's '100 Years of A Passage to India' discusses the novel's contexts, themes, and characters through a contemporary lens.",2024-11-20 04:31:00,https://static.theprint.in/wp-content/uploads/2024/11/E_M_Forster-696x392.jpg,theprint,0.00595670829153342,48,71,267,31,114
651,Newsdata,https://theprint.in/feature/prasar-bharati-launches-its-own-ott-platform-waves-at-iffi/2366125/,Prasar Bharati launches its own OTT platform ‘Waves’ at IFFI,"Panaji (Goa) [India], November 20 (ANI): Prasar Bharati, India’s public broadcaster, on Wednesday launched its own OTT platform, ‘Waves’. The app, available on Android and iOS, aims to deliver diverse content under the tagline “Waves – Family Entertainment Ki Nayi Lehar.” The platform was launched by Goa Chief Minister Pramod Sawant at the opening ceremony [...]",2024-11-20 17:32:24,https://static.theprint.in/wp-content/uploads/2024/11/ANI-20241120171514.jpg,theprint,7.326259040001069e-11,7,29,181,12,49
652,Newsdata,https://theprint.in/feature/from-salman-khan-to-akshay-kumar-celebrities-cast-vote-in-large-numbers-in-maharashtra-polls/2366121/,"From Salman Khan to Akshay Kumar, celebrities cast vote in large numbers in Maharashtra polls","Mumbai (Maharashtra) [India], November 20 (ANI): Maharashtra assembly polls on Wednesday saw celebrities from the film industry stepping out in large numbers to exercise their franchise and, in the process, inspiring other voters to cast their ballot. Polling began at 7 am. Actor Akshay Kumar was among the first among celebrities to cast his vote. [...]",2024-11-20 17:32:01,https://static.theprint.in/wp-content/uploads/2024/11/ANI-20241120165238.jpeg,theprint,0.9999704435948128,56,65,457,99,247
653,Newsdata,https://timesofindia.indiatimes.com/blogs/gen-zedits/the-man-not-meme-2/,"The man, not meme","Elon Musk is a name you’ve probably heard – he’s the guy behind Tesla cars, rockets that go to space with SpaceX, and even plans to make living on Mars possible. But recently, people have...",2024-11-20 23:30:45,https://static.toiimg.com/imagenext/toiblogs/photo/blogs/wp-content/uploads/2024/05/Gen-Z-2-1.jpeg,toi,0.9857941875653169,32,32,106,30,73
654,Newsdata,https://timesofindia.indiatimes.com/blogs/toi-editorials/let-it-be-noted/,Let it be noted,"Two netas booked in a cash-for-voters case. But funny money in polls is a far bigger story BJP gen sec Vinod Tawde and a BJP Maharashtra poll candidate, Rajan Naik, have been booked by cops...",2024-11-20 23:30:44,https://static.toiimg.com/imagenext/toiblogs/photo/blogs/wp-content/uploads/2019/01/toiedit-logo.jpg,toi,0.47511510526282347,17,36,129,19,64
655,Newsdata,https://theprint.in/feature/ektaa-kapoor-talks-about-doing-deep-research-for-film-the-sabarmati-report/2368063/,Ektaa Kapoor talks about doing deep research for film ‘The Sabarmati Report’,"Raipur (Chhattisgarh) [India], November 22 (ANI): Filmmaker Ektaa Kapoor shared details on Thursday about the extensive research that went into making the film The Sabarmati Report. Speaking to ANI, Ektaa Kapoor said, “We researched this incident for a year. I asked my friends about the accident, but no one knew much about what had happened [...]",2024-11-21 19:32:49,https://static.theprint.in/wp-content/uploads/2024/11/ANI-20241121191719.jpg,theprint,0.0006148197784522115,17,33,242,26,105
656,Newsdata,https://theprint.in/feature/iffi-2024-goa-cm-pramod-sawant-inaugurate-sand-art-installation-created-by-sudarsan-pattnaik/2368061/,IFFI 2024: Goa CM Pramod Sawant inaugurate sand art installation created by Sudarsan Pattnaik,"Panaji (Goa) [India], November 22 (ANI): Sudarsan Pattnaik, a renowned sand artist from Odisha, showcased his sand art at the 55th International Film Festival of India (IFFI) in Goa . Goa Chief Minister Pramod Sawant inaugrated the sand art installation created by Pattnaik against the picturesque backdrop of Miramar Beach, Goa. His artwork is a [...]",2024-11-21 19:32:32,https://static.theprint.in/wp-content/uploads/2024/11/ANI-20241121191931.jpg,theprint,4.864059705272067e-26,2,21,112,4,30
657,Newsdata,https://theprint.in/feature/it-was-unique-experience-shahana-goswami-on-working-with-kanu-behl-manoj-bajpayee-in-despatch-at-iffi-2024/2368059/,"“It was unique experience”: Shahana Goswami on working with Kanu Behl, Manoj Bajpayee in ‘Despatch’ at IFFI 2024","Panaji (Goa) [India], November 22 (ANI): Actor Shahana Goswami shared her working experience with director Kanu Behl and Manoj Bajpayee in the film ‘Despatch’ at the 55th International Film Festival of India (IFFI) 2024 in Goa. In a conversation with ANI, she said, “It was a unique experience,” she added while sharing how it was [...]",2024-11-21 19:32:17,https://static.theprint.in/wp-content/uploads/2024/11/ANI-20241121192100.jpg,theprint,0.999120395035554,31,40,160,43,105
658,Newsdata,https://www.india.com/news/india/pm-modi-in-guyana-parliament-this-is-not-time-for-conflict-time-to-remove-conditions-that-create-conflicts-7411084/,"PM Modi in Guyana Parliament: ‘This is not time for conflict, time to remove conditions that create conflicts’",PM Modi called for giving primacy to women-led development to bring greater global progress and prosperity. He urged for greater exchanges between the two countries in the field of education and innovation so that the potential of the youth could be fully realized.,2024-11-21 20:11:58,https://static.india.com/wp-content/themes/icom/images/default-big.svg,india,0.09709482158145792,34,58,265,39,126
659,Newsdata,https://www.timesnownews.com/spiritual/twin-flame-union-7-stages-of-finding-the-one-article-115524021,Twin Flame Union: 7 Stages Of Finding The One,"From the moment you meet your twin flame, their presence becomes a lasting part of your life, whether you realize they are your twin flame. Want to find out if you have met your twin flame yet? Here are the seven stages of finding your twin flame.",2024-11-21 21:30:00,"https://static.tnn.in/thumb/msid-115524021,imgsize-865727,width-1280,height-720/115524021.jpg",timesnownews,0.9956067228532692,36,53,163,48,124
660,Newsdata,https://www.dnaindia.com/india/report-maharashtra-assembly-election-results-2024-who-will-be-next-cm-mahayuti-and-mva-constituents-drop-different-names-3119033,Maharashtra Assembly Election Results 2024: Who will be next CM? Mahayuti and MVA constituents drop different names,"After polling for the 288-member assembly ended on Wednesday evening, the ruling, as well as opposition fronts, have started claiming that the mandate will be in their favour when votes are counted on November 23.",2024-11-22 05:42:00,https://cdn.dnaindia.com/sites/default/files/styles/third/public/2024/11/22/2663395-mahayuti-mva.jpg,dnaindia,6.009510919685217e-08,30,43,322,29,162
661,Newsdata,https://theprint.in/opinion/beijing-isnt-in-jitters-over-trumps-anti-china-team-it-already-has-a-plan-b-in-place/2368281/,Beijing isn’t in jitters over Trump’s anti-China team—It already has a plan B in place,"New Delhi needs to strengthen the India caucus team in the US, enlist more supporters and keep a close watch on Trump’s list as the appointment process unfolds.",2024-11-22 05:37:49,https://static.theprint.in/wp-content/uploads/2024/11/book-launch-4-2-696x392.jpg,theprint,4.4167867479166e-05,29,79,310,31,138
662,Newsdata,https://www.timesnownews.com/videos/mirror-now/shows/traditional-remedy-vs-scientific-evidence-sidhus-cancer-cure-claim-sparks-debate-beyond-headline-video-115574694,Traditional Remedy Vs Scientific Evidence: Sidhu's Cancer Cure Claim Sparks Debate | Beyond Headline,"In this episode of Beyond The Headline anchor Sneha Koshy discusses, Navjot Singh Sidhu, the cricketer-turned-politician, who claims to have found a cure for cancer. He attributes his success to the use of neem and turmeric. However, the accuracy of his claim is questionable. This raises a debate between science-based treatments and alternative therapies. Meanwhile, Navjot Kaur Sidhu's inspiring comeback adds to the discussion.A panel of experts joins anchor Sneha Koshy to discuss the topic in detail. ""If without spending money, he got a cure for stage 4 cancer, then public can be influenced in a wrong manner..."" says Dr Sudhir Kumar and ""Upvaas Hi Param Aushadhi Hai..."" says Chakitsaguru Manish. Watch Mirror Now for more latest details.#navjotsinghsidhu #navjotsidhuwife #cancercure #latestnews #topnews #mirrornow #beyondtheheadline #snehakoshy",2024-11-22 17:21:33,"https://static.tnn.in/thumb/msid-115574694,imgsize-182394,width-1280,height-720/115574694.jpg",timesnownews,2.5582688541348032e-08,4,15,63,5,16
663,Newsdata,https://theprint.in/feature/i-did-not-wanted-to-go-predictable-side-manish-malhotra-on-why-he-selected-saali-mohabbat-first-project-as-producer/2369792/,“I did not wanted to go predictable side: Manish Malhotra on why he selected ‘Saali Mohabbat’ first project as producer,"Panaji (Goa) [India], November 22 (ANI): Ace fashion designer Manish Malhotra opened up on what inspired him to start his production house and got candid about his film ‘Saali Mohabbat’. In a conversation with ANI,” I’ve been wanting to produce and direct a film. It was in my heart and mind. I think it’s during [...]",2024-11-22 18:47:01,https://static.theprint.in/wp-content/uploads/2024/11/ANI-20241122182740.jpg,theprint,0.9995863540306898,16,25,156,24,71
664,Newsdata,https://www.timesnownews.com/city/noida/teddy-bears-from-cigarettes-butts-noida-mans-creative-solution-has-internet-debating-about-its-safety-article-115575689,Teddy Bears from Cigarettes Butts: Noida Man's Creative Solution Has Internet Debating About Its Safety,"A Noida man is converting cigarettes butts into teddy bears and a video has been shared on Instagram also showing how the process works. However, the innovation has users questioning if the product is still safe to use.",2024-11-22 18:46:25,"https://static.tnn.in/thumb/msid-115576680,thumbsize-1017352,width-1280,height-720,resizemode-75/115576680.jpg",timesnownews,0.019097554166144896,10,30,94,13,64
665,Newsdata,https://theprint.in/feature/iffi-2024-nikkhil-advani-shares-insights-about-his-series-freedom-at-midnight/2369783/,IFFI 2024: Nikkhil Advani shares insights about his series ‘Freedom at Midnight’,"Panaji (Goa) [India], November 22 (ANI): Director Nikkhil Advani talked about his series ‘Freedom at Midnight’, which is based on the events that took place around India’s independence and partition. In a conversation with ANI, he opened up on his research work and why he decided to make this web show. The reference for his [...]",2024-11-22 18:33:38,https://static.theprint.in/wp-content/uploads/2024/11/ANI-20241122181102.jpg,theprint,0.4263793425492058,9,27,218,21,70
666,Newsdata,https://www.timesnownews.com/spiritual/how-alcohol-affects-your-spiritual-journey-and-obstructs-your-energy-article-115567006,How Alcohol Affects Your Spiritual Journey And Obstructs Your Energy,"In this article, we'll look at how alcohol impacts your spiritual journey and why it’s considered one of the biggest obstacles during awakening.",2024-11-22 21:30:00,"https://static.tnn.in/thumb/msid-115567031,thumbsize-1341201,width-1280,height-720,resizemode-75/115567031.jpg",timesnownews,0.9990167711430523,19,29,80,30,61
667,Newsdata,https://www.india.com/news/bengal-bypolls-result-2024-live-tmc-vs-bjp-counting-of-votes-mamata-banerjee-suvendu-adhikari-tmc-bjp-madarihat-and-sitai-taldangra-medinipur-haroa-naihati-latest-news-7413571/,"Bengal Bypolls Result 2024 Live: TMC Vs BJP, counting of votes to begin shortly","Out of the six seats, Madarihat and Sitai are in northern West Bengal and the other four — Taldangra, Medinipur, Haroa, and Naihati — are in southern West Bengal.",2024-11-23 01:36:32,https://static.india.com/wp-content/themes/icom/images/default-big.svg,india,2.5961494643714684e-09,11,21,248,17,80
668,Newsdata,https://www.india.com/news/nagpur-central-nagpur-east-nagpur-north-nagpur-south-nagpur-south-west-and-nagpur-west-seats-assembly-elections-result-maharashtra-election-results-2024-live-blog-7413678/,"Nagpur Central, Nagpur East, Nagpur North, Nagpur South, Nagpur South West and Nagpur West seats Assembly Elections Result – Maharashtra election results 2024 Live blog","The counting of the postal ballots will begin at 8 am and continue until all votes, including the EVM votes, are counted.",2024-11-23 02:34:02,https://static.india.com/wp-content/themes/icom/images/default-big.svg,india,4.918896049310473e-43,5,8,73,2,31
669,Newsdata,https://theprint.in/feature/baseless-ar-rahmans-son-reacts-to-parents-divorce-rumours-involving-bassist-mohini-dey/2370017/,“Baseless”: AR Rahman’s son reacts to parents’ divorce rumours involving bassist Mohini Dey,"Chennai (Tamil Nadu) [India], November 23 (ANI): Social media has been abuzz ever since musician AR Rahman and his wife Saira Banu announced their separation recently. Surprisingly, a few hours after Rahman and his wife Saira broke the news about their separation, the ‘Jai Ho’ singer’s bassist Mohini Dey also revealed the end of her [...]",2024-11-23 03:32:02,https://static.theprint.in/wp-content/uploads/2024/11/ANI-20241123032820.jpg,theprint,0.9829780911965857,16,39,204,37,83
670,Newsdata,https://odishabytes.com/book-review-a-redemptive-tale-of-losing-and-finding/,Book Review: A Redemptive Tale Of Losing And Finding,"With his debut novel ‘The Other Side of the Rainbow’ published recently, Niranjan Nayak, an English professor at Puri’s SCS College, embarks on a transformative journey — from the routine life of an academic to the exciting life of a writer. The novel is about a friend’s loving recall of a friendship formed at the [...]The post Book Review: A Redemptive Tale Of Losing And Finding appeared first on odishabytes.",2024-11-23 16:28:15,https://odishabytes.com/wp-content/uploads/2024/11/Book-Cover.jpg,odishabytes,0.26676158082485457,38,78,264,46,127
671,Newsdata,https://theprint.in/feature/fdci-showcases-sustainable-crafts-at-world-crafts-forum-2024/2371300/,FDCI showcases sustainable crafts at World Crafts Forum 2024,"New Delhi, [India] November 24 (ANI): The Fashion Design Council of India (FDCI) presented ‘My Craft My Pride’, a special showcase to celebrate India’s handloom and craft traditions, at the World Crafts Forum 2024 on Saturday. Held at the National Crafts Museum in New Delhi, the event focused on sustainable design and innovation in India’s [...]",2024-11-23 21:32:02,https://static.theprint.in/wp-content/uploads/2024/11/ANI-20241123212807.jpg,theprint,1.0038545185655444e-09,12,63,267,18,92
672,Newsdata,https://www.india.com/news/india/congress-raises-questions-over-maharashtra-assembly-poll-verdict-says-jharkhand-has-rejected-bjp-7416184/,"Congress raises questions over Maharashtra assembly poll verdict, says Jharkhand has rejected BJP","Addressing a press conference here, Congress leaders Pawan Khera and Jairam Ramesh raised questions over outcome in Maharashtra where BJP and its allies Shiv Sena and NCP are heading for a landslide victory.",2024-11-23 21:02:18,https://static.india.com/wp-content/themes/icom/images/default-big.svg,india,0.060312546546828674,42,27,250,35,157
673,Newsdata,https://timesofindia.indiatimes.com/blogs/gen-zedits/who-will-be-maharashtras-next-chief-minister/,Who will be Maharashtra’s next chief minister?,"In Maharashtra, a big question after the recent elections is: *Who will be the Chief Minister (CM)?* While leaders say things like, “It doesn’t matter who becomes CM,” the truth is that the *numbers* tell...",2024-11-24 23:30:49,https://static.toiimg.com/imagenext/toiblogs/photo/blogs/wp-content/uploads/2024/05/Gen-Z-2-1.jpeg,toi,0.0035344432080458483,14,38,108,14,54
674,Newsdata,https://www.cnbctv18.com/photos/market/cnbc-tv18-morning-call-us-to-impose-10-additional-tariff-on-china-imports-nifty-tops-24000-pan-2-0-gets-nod-19514693.htm,"CNBC-TV18 Morning Call: US to impose 10% additional tariff on China imports, Nifty tops 24000, PAN 2.0 gets nod","From Trump's additional tariffs, Zoom increasing full year guidance, to Cabinet nod to PAN 2.0, here is all that you need to know on CNBC-TV18's Morning Call",2024-11-26 02:28:30,https://images.cnbctv18.com/uploads/2024/09/2015-03-04t120000z-2030449216-gm1eb341i2n01-rtrmadp-3-markets-india-stocks-2024-09-2bd0feb183e3a3a9c51b01adbd56489f.jpg,cnbctv18,6.388761092226306e-16,12,100,451,21,162
675,Newsdata,https://odishatv.in/news/sports/vaibhav-suryavanshi-s-age-fraud-allegation-know-truth-ahead-of-ipl-2025-249732,Vaibhav Suryavanshi’s age fraud allegations: Know the truth ahead of IPL 2025,"Vaibhav Suryavanshi, a 13-year-old from Bihar, becomes IPL's youngest signing with Rajasthan Royals for INR 1.1 crore amidst age fraud controversy. His father defends his age as fans rally support.",2024-11-26 04:30:31,https://images.odishatv.in/uploadimage/library/16_9/16_9_4/default.svg,odishatv,0.026319929660103658,12,39,150,20,80
676,Newsdata,https://www.timesnownews.com/spiritual/utpanna-ekadashi-2024-parana-timings-and-rituals-to-complete-the-fast-properly-donate-the-following-items-to-get-blessings-article-115704240,Utpanna Ekadashi 2024: Parana Timings And Rituals To Complete The Fast Properly; Donate The Following Items To Get Blessings,Read all about the rituals for Vrat Parna for Utpanna Ekadashi 2024.,2024-11-26 17:30:00,"https://static.tnn.in/thumb/msid-115704248,thumbsize-147268,width-1280,height-720,resizemode-75/115704248.jpg",timesnownews,1.753165708039306e-12,12,21,144,10,62
677,Newsdata,https://www.timesnownews.com/videos/times-now/newshour/bangladeshi-hindu-targeted-iskcon-priest-arrested-india-sends-out-strong-message-newshour-agenda-video-115706150,"Bangladeshi Hindu Targeted: ISKCON Priest Arrested, India Sends Out Strong Message| Newshour Agenda","In the latest episode of Newshour Agenda, Madhavdas GK discusses team Opposition Sees 'Nautanki' on Samvidhan Divas. The BJP has accused Rahul Gandhi of arrogance for allegedly not greeting President Droupadi Murmu after the Constitution Day event. The party claims Rahul's behavior stemmed from bias against her ""gender"" and ""tribal identity."" BJP leader Amit Malviya took to X, saying, ""Rahul Gandhi is so arrogant that he did not even greet the President. Watch the show to know more.#samvidhandivas #bjp #congress #rahulgandhi #timesnowFollow Madhavdas G:On X(Formerly Twitter): https://x.com/madhavgk On Instagram: https://www.instagram.com/madhavgk?igsh=MTg5eWdwMTZ4cndtcw==",2024-11-26 17:26:58,"https://static.tnn.in/thumb/msid-115706150,imgsize-97216,width-1280,height-720/115706150.jpg",timesnownews,3.0423129719786746e-24,6,5,53,2,13
678,Newsdata,https://www.india.com/viral/who-is-richer-swara-bhasker-or-her-husband-fahad-ahmad-their-net-worth-will-surprise-you-7423314/,Who Is richer! Swara Bhasker or Her Husband Fahad Ahmad? Their Net Worth Will Surprise You,"Do you know who is wealthier between Swara Bhasker and her husband, Fahad Ahmed? Here’s the answer.",2024-11-26 23:35:33,https://static.india.com/wp-content/themes/icom/images/default-big.svg,india,0.025991328451450274,7,36,212,26,49
679,Newsdata,https://timesofindia.indiatimes.com/blogs/jugglebandhi/american-booty/,American booty,"US, which has charged an Adani company of financial hanky-panky, should look into its own track record A US court has charged an Adani company of having allegedly paid “billions of dollars” in bribes to...",2024-11-26 23:30:56,https://static.toiimg.com/imagenext/toiblogs/photo/blogs/wp-content/uploads/2016/09/jug.jpeg,toi,4.63550453273952e-08,6,48,158,12,62
680,Newsdata,https://timesofindia.indiatimes.com/blogs/gen-zedits/courting-trouble-2/,Courting trouble,India can’t afford Sambhals. SC had a chance to put a stop to this. But its reading of a law opened doors India is facing big problems because of fights over old religious places. In...,2024-11-26 23:30:49,https://static.toiimg.com/imagenext/toiblogs/photo/blogs/wp-content/uploads/2024/05/Gen-Z-2-1.jpeg,toi,3.1492049452805623e-13,16,26,108,8,70
681,Newsdata,https://theprint.in/feature/australian-director-phillip-noyce-receives-satyajit-ray-lifetime-achievement-award-at-iffi-2024/2379672/,Australian director Phillip Noyce receives Satyajit Ray Lifetime Achievement Award at IFFI 2024,"Panaji (Goa) [India], November 29 (ANI): Renowned Australian Director Phillip Noyce was honoured with the Satyajit Ray Lifetime Achievement Award for excellence in Cinema at the gala closing ceremony of the 55th International Film Festival of India (IFFI) in Goa. In his acceptance speech, the legendary filmmaker recalled his first experience of watching cinema in [...]",2024-11-29 00:17:02,https://static.theprint.in/wp-content/uploads/2024/11/ANI-20241129000822.jpg,theprint,0.3498285417453629,17,45,209,32,73
682,Newsdata,https://www.india.com/news/india/delhi-air-pollution-delhi-remains-shrouded-under-thick-blanket-of-smog-as-air-quality-remains-very-poor-7428774/,Delhi air pollution: Delhi remains shrouded under thick blanket of smog as air quality remains ‘very poor’,"The air quality in the national capital remained in the 'very poor' category, as the AQI was recorded at 332 as per the Central Pollution Control Board on Friday at 7:00 AM.",2024-11-29 03:34:25,https://static.india.com/wp-content/themes/icom/images/default-big.svg,india,8.155199443669476e-21,11,52,185,8,73
683,Newsdata,https://theprint.in/opinion/whispers-about-abhishek-banerjees-ambitions-are-rising-in-bengal-mamata-cuts-him-to-size/2379390/,Abhishek Banerjee is rising in TMC. Mamata still keeping him on a tight leash,Many veteran leaders are miffed with Abhishek for trying to push through two party reforms.,2024-11-29 03:30:46,https://static.theprint.in/wp-content/uploads/2024/11/book-launch-35-696x392.jpg,theprint,0.023674288011727614,59,88,383,50,185
684,Newsdata,https://www.timesnownews.com/city/kochi/kochi-weather-alert-week-long-downpour-predicted-will-thunderstorms-disrupt-weekend-plans-in-kerala-article-115790606,"Kochi Weather Alert: Week-Long Downpour Predicted, Will Thunderstorms Disrupt Weekend Plans In Kerala?",The IMD has issued orange and yellow alerts across Kerala from November 30 to December 2. An orange alert has been issued in Ernakulam district on December 1. Read more to know the completer weather details.,2024-11-29 04:14:26,"https://static.tnn.in/thumb/msid-115791125,thumbsize-38304,width-1280,height-720,resizemode-75/115791125.jpg",timesnownews,0.9999999998629225,5,24,113,0,50
685,Newsdata,https://www.cnbctv18.com/market/creditaccess-grameen-share-price-goldman-sachs-downgrade-to-sell-60-percent-target-cut-mfi-stress-npa-19516674.htm,CreditAccess Grameen share price target cut by 60% as Goldman cites asset quality concerns,"CNBCTV18 was the first one, to highlight the pain in rural economy / microfinance sector on May 25, 2024. Since then, lenders focused in microfinance loans, have given negative returns, ranging from 28% to 60% compared to a positive 5.4% return on Nifty during the same period.",2024-11-29 04:10:54,https://images.cnbctv18.com/uploads/2024/07/rupee-dividend-2024-07-71b7d5a58a2a54d8ab191432de8cecdc.jpg,cnbctv18,1.7373082060165784e-10,9,32,102,6,40
686,Newsdata,https://www.timesnownews.com/videos/mirror-now/shows/bangladesh-unrest-iskcon-ban-irks-hindus-worldwide-whos-fueling-hinduphobia-global-mirror-video-115817646,Bangladesh Unrest: ISKCON Ban Irks Hindus Worldwide; Who's Fueling Hinduphobia? | Global Mirror,"In this episode of Mirror Prime, anchor Shreya Upadhyaya discusses how as tensions rise in Bangladesh, India MEA expresses concern over rising violence against Hindus, emphasizing ISKCON's global respect and urging Bangladesh to safeguard minorities. This comes following Bangladesh’s High Court declined to ban ISKCON, stating necessary measures have been taken. The court requested details from the attorney general after reports urged restrictions on the organization. A panel of experts has joined Shreya Upadhyaya to discuss this in detail. Retd Maj Gen Dhruv C Katoch says “I don't see any end to this until #Yunus administration is thrown out, minorities have got to fight, India must give very strong support...” Watch the full discussion to know more and follow Mirror Now for the latest updates...#bangladesh #bangladeshviolence #bangladeshunrest #iskcon #iskconpriest #bangladeshihundus hindupriest #bangladeshtemple #bangladeshunrest #chinmoykrishnadas #englishnews #latestnews #worldnews #shreyaupadhyaya #globalmirror #mirrornow",2024-11-29 17:55:52,"https://static.tnn.in/thumb/msid-115817646,imgsize-160637,width-1280,height-720/115817646.jpg",timesnownews,8.536006509376232e-82,4,16,67,1,34
687,Newsdata,https://www.navhindtimes.in/2024/11/30/magazines/zest/something-new-in-goa/,Something new ...in Goa,"Known for his soul-stirring acoustic music with hints of jazz, popular Italian singer-songwriter Anthony Lazaro will be performing in Goa for the first time this December. The ‘Caramel’ hitmaker chats with NT BUZZ CHRISTINE MACHADO | NT BUZZ Your upcoming tour to India does not mention any of the venues. Why did you choose to [...]The post Something new ...in Goa appeared first on The Navhind Times.",2024-11-29 19:13:00,https://www.navhindtimes.in/wp-content/uploads/2024/11/2021_AnthonyLazaro_byAsjaCaspari-933_b-696x1043.jpg,navhindtimes,0.9993434311715346,49,53,173,79,144
688,Newsdata,https://www.navhindtimes.in/2024/11/30/magazines/zest/of-writers-and-readers/,Of writers and readers,"Author and columnist Pachu Menon is set to launch two books in December and hopes to reach out to a wider audience with translations into local languages DIANA FERNANDES Having released two books last year (‘An Unprejudiced View’ and Bon Voyage’), Margao-based author and columnist Pachu Menon is now set to release two more books [...]The post Of writers and readers appeared first on The Navhind Times.",2024-11-29 19:11:00,https://www.navhindtimes.in/wp-content/uploads/2024/11/IMG-20241112-WA0026-696x614.jpg,navhindtimes,0.7999699198806877,17,32,136,25,87
689,Newsdata,https://theprint.in/feature/vigyapanti/coca-cola-failed-to-leverage-ai-new-christmas-ad-feels-lifeless-hollow/2380931/,"Coca-Cola failed to leverage AI. Its new Christmas ad feels lifeless, hollow",The ad rushes through its shots so quickly that viewers barely have time to process what’s unfolding on the screen.,2024-11-30 02:30:59,https://static.theprint.in/wp-content/uploads/2024/11/Feature-Image-6-1-696x392.jpg,theprint,2.229907481561627e-10,47,87,298,20,144
690,Newsdata,https://theprint.in/feature/hailee-steinfeld-engaged-to-nfl-quarterback-josh-allen/2381243/,Hailee Steinfeld engaged to NFL quarterback Josh Allen,"Washington [US], November 30 (ANI): Actor Hailee Steinfeld and Josh Allen are engaged. They shared a glimpse of their memorable moment with fans and posted a picture of the two in which Allen can be seen on one knee proposing to her, reported E! News. The picture shows Josh on one knee on the grass [...]",2024-11-30 04:02:21,https://static.theprint.in/wp-content/uploads/2024/11/ANI-20241130033751.jpg,theprint,0.9999989950676498,10,12,140,26,52
691,Newsdata,https://theprint.in/opinion/eknath-shinde-is-stronger-than-ever-he-still-wont-get-the-cm-chair/2381117/,Eknath Shinde is stronger than ever. He still won’t get the CM chair,Shinde has won the battle for the real Shiv Sena in public court and bettered the undivided Shiv Sena’s 2019 performance. But he seems to have lost the race for the CM’s chair.,2024-11-30 04:00:23,https://static.theprint.in/wp-content/uploads/2024/11/Shinde-2-696x392.jpg,theprint,0.00877859834787055,61,94,463,59,254
692,Newsdata,https://theprint.in/feature/dua-lipa-brings-levitating-x-wo-ladki-jo-mashup-to-life-shah-rukh-khan-magic-grips-mumbai-concert/2381987/,"Dua Lipa brings ‘Levitating x Wo Ladki Jo’ mashup to life, Shah Rukh Khan magic grips Mumbai concert","Mumbai (Maharashtra) [India], November 30 (ANI): Global singer Dua Lipa on Saturday performed live in Mumbai, leaving desi fans extremely happy. Several videos from the concert surfaced online. One of the best moments turned out when Dua Lipa was seen performing to the fan-made mashup of her song ‘Levitating’ and Bollywood superstar Shah Rukh Khan’s [...]",2024-11-30 18:02:02,https://static.theprint.in/wp-content/uploads/2024/11/ANI-20241130175028.jpg,theprint,0.9996026175413603,16,31,166,34,79
693,Newsdata,https://theprint.in/feature/balika-vadhu-actress-aasiya-kazi-ties-the-knot-with-gulshan-nain-in-mumbai-checkout-pics/2382291/,Balika Vadhu actress Aasiya Kazi ties the knot with Gulshan Nain in Mumbai; checkout pics,"Mumbai (Maharashtra) [India], December 1 (ANI): Television actress Aasiya Kazi, best known for her roles in popular shows like ‘Bandini’, ‘Balika Vadhu’, and ‘Tenali Rama’, has got married to her longtime boyfriend and actor Gulshan Nain. The wedding, held in Mumbai on November 29, was attended by close friends and several television industry stars, including [...]",2024-12-01 05:32:17,https://static.theprint.in/wp-content/uploads/2024/12/ANI-20241201051104.jpg,theprint,8.174406164685357e-10,6,26,138,9,40
694,Newsdata,https://www.timesnownews.com/spiritual/5-signs-you-have-the-beautiful-powerful-and-challenging-gift-of-illumination-article-115867142,"5 Signs You Have The Beautiful, Powerful, and Challenging Gift Of Illumination","This deep connection to both the light and dark sides of humanity requires balancing these aspects in yourself and others. If you have the Gift of Illumination, here are five signs that may resonate with you",2024-12-01 21:30:00,"https://static.tnn.in/thumb/msid-115867142,imgsize-735248,width-1280,height-720/115867142.jpg",timesnownews,0.9975944556875985,34,37,106,43,96
695,Newsdata,https://timesofindia.indiatimes.com/blogs/toi-editorials/killer-on-the-road/,Killer on the road,"India grabbed the global top spot on traffic deaths again. And, again, nothing will change It’s a record high, a shameful one. Yet it is little surprise that India tops the world in the number...",2024-12-01 23:30:45,https://static.toiimg.com/imagenext/toiblogs/photo/blogs/wp-content/uploads/2019/01/toiedit-logo.jpg,toi,0.00014133114567178718,20,32,110,11,50
696,Newsdata,https://timesofindia.indiatimes.com/blogs/gen-zedits/aloos-not-well-2/,Aloo’s not well...,"Imagine this: farmers in Bengal grow tons of potatoes, but instead of selling them to neighboring states like Odisha and Jharkhand, trucks full of potatoes are stopped at the border. Why? Because the Bengal government...",2024-12-01 23:30:38,https://static.toiimg.com/imagenext/toiblogs/photo/blogs/wp-content/uploads/2024/05/Gen-Z-2-1.jpeg,toi,4.3226562431832155e-05,22,29,128,14,70
697,Newsdata,https://www.dnaindia.com/india/report-weather-update-imd-issues-alert-for-kerala-predicts-heavy-rainfall-in-karnataka-due-to-cyclone-fengal-check-here-3120526,"Weather Update: IMD issues alert for Kerala, predicts heavy rainfall in Karnataka due to cyclone Fengal, check here","Meanwhile, the district administrations declared a holiday for all educational institutions including professional colleges and anganwadi in Pathanamthitta, Kottayam and Wayanad districts on Monday.",2024-12-02 00:37:28,https://cdn.dnaindia.com/sites/default/files/styles/third/public/2024/12/02/2664874-untitled-design-2024-11-29t072945.680.jpg,dnaindia,3.229307260093532e-35,11,23,87,2,36
698,Newsdata,https://www.dnaindia.com/india/report-shillong-teer-result-today-december-2-2024-monday-check-1st-2nd-round-lucky-winning-numbers-3120535,"Shillong Teer Result TODAY December 2, 2024 Monday: Check 1st, 2nd-round lucky winning numbers","The complete list of winning numbers from the various games offered by the Meghalaya Lottery Department is shown below. View the results for the following tests: Shillong Morning Teer, Khanapara Teer, Jowai Ladrymbai, Shillong Teer, and Shillong Night Teer.",2024-12-02 01:36:00,https://cdn.dnaindia.com/sites/default/files/styles/third/public/2024/12/02/2664881-shillong-lottery.jpg,dnaindia,0.0,3,12,111,1,24
699,Newsdata,https://theprint.in/feature/indore-maharajas-art-deco-palace-broke-many-royal-rules-delhi-exhibition-shows-how/2381359/,Indore Maharaja’s Art Deco palace broke many royal rules. Delhi exhibition shows how,"Manik Bagh, an avant-garde masterpiece by Yeshwant Rao Holkar II and architect Eckart Muthesius, fused Art Deco with Indian tradition. Now, a KNMA exhibition is revisiting it.",2024-12-02 02:30:49,https://static.theprint.in/wp-content/uploads/2024/11/Manik-bagh-696x392.jpg,theprint,6.01521488728067e-07,32,75,339,26,113
700,Newsdata,https://timesofindia.indiatimes.com/blogs/cultural-inputs/onos-is-welcome-how-about-indias-own-benchmarking-agency/,ONOS is welcome; how about India’s own benchmarking agency?,"‘One Nation, One Subscription’ scheme launched by the government is a welcome step towards giving a fillip to research activities in the country. It is meant to take the burden off the shoulders of higher...",2024-12-02 16:31:51,https://static.toiimg.com/imagenext/toiblogs/photo/blogs/wp-content/uploads/2021/05/Jagdish-Batra-pic.jpg,toi,2.322845105232924e-06,31,86,290,27,134
701,Newsdata,https://timesofindia.indiatimes.com/blogs/voices/is-esg-here-to-stay/,Is ESG here to stay?,"Whilst there has been progress on reporting the lack of standards continues to pose problems In the current business landscape, where the ongoing uptake on ESG (Environment, Social and Governance) reporting has grown exponentially across...",2024-12-02 17:34:47,https://static.toiimg.com/photo/115047089.cms,toi,4.302958977374649e-10,52,81,282,17,134
702,Newsdata,https://timesofindia.indiatimes.com/blogs/toi-editorials/of-birth-death/,Of birth & death,"Falling birthrates are here to stay. Healthier, older people are a solution. But, for earth, a problem Take two wildly different bits of news. RSS boss Mohan Bhagwat, worried about falling fertility rates, asked Indian...",2024-12-02 23:30:51,https://static.toiimg.com/imagenext/toiblogs/photo/blogs/wp-content/uploads/2019/01/toiedit-logo.jpg,toi,6.829522170234878e-05,35,62,162,17,92
703,Newsdata,https://timesofindia.indiatimes.com/blogs/gen-zedits/kash-it-in-the-indian-dream-in-america/,Kash it in: The Indian dream in America,"Indian immigrants in the U.S. are like a big, shining star—smart, hardworking, and super successful. But there’s a new problem that could dim their sparkle: some Indians are trying to sneak into the U.S. illegally....",2024-12-02 23:30:45,https://static.toiimg.com/imagenext/toiblogs/photo/blogs/wp-content/uploads/2024/05/Gen-Z-2-1.jpeg,toi,0.005168929649205511,31,55,172,22,88
704,Newsdata,https://timesofindia.indiatimes.com/blogs/gen-zedits/of-birth-death-a-story-of-change/,Of birth & death – a story of change,"The world is changing in big ways. Families everywhere are having fewer kids, and scientists are working hard to help people live healthier, longer lives. But these changes bring questions for us and for our...",2024-12-02 23:30:43,https://static.toiimg.com/imagenext/toiblogs/photo/blogs/wp-content/uploads/2024/05/Gen-Z-2-1.jpeg,toi,0.006057746289344052,35,76,158,23,115
705,Newsdata,https://timesofindia.indiatimes.com/blogs/toi-edit-page/history-of-the-future/,History of the future,"Nostradamuses keep getting it wrong and this is fab He, erroneously, handed the ‘Keys to the White House’ to Kamala Harris. Called Nostradamus of US presidential elections, Allan Lichtman is a historian who uses data...",2024-12-02 23:30:21,https://static.toiimg.com/photo/115047089.cms,toi,0.9916259611547872,23,37,120,31,83
706,Newsdata,https://timesofindia.indiatimes.com/blogs/startups-sapne-and-silicon-valley/rise-of-the-robots-a-framework-for-startups/,Rise of the robots? A framework for startups,Automation has been a core human principle since the dawn of civilization. Ox to plow fields quicker. Looms with spinning wheels to make more cloth. Assembly lines to mass produce cars. Arguably the biggest step...,2024-12-03 02:35:21,https://static.toiimg.com/imagenext/toiblogs/photo/blogs/wp-content/uploads/2024/12/Robotics-.jpg,toi,0.0001520101381761802,41,72,205,21,129
709,Newsdata,https://www.timesnownews.com/city/gurugram/gurugram-cab-driver-robs-female-passenger-travelling-with-son-at-gunpoint-flees-with-her-suitcase-article-115918676,"Gurugram Cab Driver Robs Female Passenger Travelling With Son At Gunpoint, Flees With Her Suitcase",Gurugram police have arrested a cab driver for allegedly robbing a female passenger and her son at gunpoint.,2024-12-03 04:38:52,"https://static.tnn.in/thumb/msid-115918676,imgsize-778987,width-1280,height-720/115918676.jpg",timesnownews,3.3829714907124025e-12,8,7,91,6,43
710,Newsdata,https://theprint.in/feature/aamir-khan-emily-blunt-to-be-honoured-at-red-sea-film-festival-ranbir-kapoor-amongst-notable-speakers/2384873/,"Aamir Khan, Emily Blunt to be honoured at Red Sea Film Festival, Ranbir Kapoor amongst notable speakers","Washington [US], December 3 (ANI): The 2024 Red Sea Film Festival, set to take place from December 5 to 14 in Jeddah, Saudi Arabia will celebrate global cinematic talent with the honouring of Bollywood icon Aamir Khan and Oscar-nominated actress Emily Blunt. Both actors will be recognized at the festival’s opening night, alongside Egyptian screen [...]",2024-12-03 05:34:01,https://static.theprint.in/wp-content/uploads/2024/12/ANI-20241203051734.jpg,theprint,1.9608864484264368e-05,13,31,149,14,55
711,Newsdata,https://timesofindia.indiatimes.com/blogs/adi-bytes/education-tourism-a-potential-economic-goldmine/,Education tourism: A potential economic goldmine!,"The global education tourism market is set to soar, with projections indicating a dramatic rise from $416.8 billion in 2024 to a staggering $1.3 trillion by 2033, propelled by a robust annual growth rate of...",2024-12-03 17:36:22,https://static.toiimg.com/imagenext/toiblogs/photo/blogs/wp-content/uploads/2022/07/Aditi.png,toi,2.2526864101464557e-13,30,136,356,11,117
712,Newsdata,https://theprint.in/feature/south-korean-actor-park-min-jae-passes-away-at-32/2386052/,South Korean actor Park Min-Jae passes away at 32,"Seoul [South Korea], December 3 (ANI): Park Min Jae, known for his roles in K-dramas like The Korea-Khitan War, Tomorrow and Little Women, has died. He was 32. South Korean portal Xports News broke the news that Park Min Jae died from sudden cardiac arrest on November 29 while travelling in China, straitstimes.com reported. His [...]",2024-12-03 17:32:30,https://static.theprint.in/wp-content/uploads/2024/12/ANI-20241203171722.jpg,theprint,0.996386873924226,7,17,83,19,47
713,Newsdata,https://www.timesnownews.com/videos/mirror-now/shows/martial-law-in-south-korea-oppn-vs-govt-row-snowballs-south-vs-north-an-excuse-global-mirror-video-115944926,Martial Law In South Korea: Oppn Vs Govt Row Snowballs; South Vs North An Excuse? | Global Mirror,"In this episode of Global Mirror, anchor Shreya Upadhyaya explores the declaration of martial law by President Yoon Suk-Yeol. The bid to ""save"" the nation has sparked a heated debate between the opposition and the government, which is quickly escalating. The presence of tanks on the streets of South Korea raises questions about the ongoing tensions between South Korea and North Korea. . Anchor Shreya is joined by a panel of experts to discuss the topic in detail. 'He's blaming pro-North Korean communists for disrupting the parliament, peace or democracy. He hasn't been very popular in the recent past...' says Geopolitical Analyst, Pathikrit Payne. Watch the full discussion to know more in detail and subscribe to Mirror Now for latest news updates.#southkorea #martiallaw #martiallawinkorea #yoonsukyeol #koreanmilitary #militaryrule #militaryrulekorea #soutkoreacrisis #crisisinsouthkorea",2024-12-03 17:31:32,"https://static.tnn.in/thumb/msid-115944926,imgsize-135151,width-1280,height-720/115944926.jpg",timesnownews,6.475483073521882e-49,6,15,60,1,17
714,Newsdata,https://timesofindia.indiatimes.com/blogs/science-nomad/net-zero-is-a-trap-consumption-ownership-indexation-is-the-only-way-we-can-save-us/,Net Zero is a trap: Consumption/Ownership indexation is the only way we can save us,"As I prefer to take my daily dose of toxicity through X, I am reading the Gen-whatever hounding Mr. Narayana Murthy for his statement about 5-day-week and work-life-balance. Though I am perfectly aware that the...",2024-12-03 17:31:02,https://static.toiimg.com/imagenext/toiblogs/photo/blogs/wp-content/uploads/2018/02/11.jpg,toi,0.9687949719099922,60,98,306,69,254
715,Newsdata,https://timesofindia.indiatimes.com/blogs/toi-edit-page/existence-cartesian-thought-vs-advait-vedanta/,Existence: Cartesian thought vs Advait Vedanta,"By Vijay Hashia The question of whether thinking alone proves existence or if existence encompasses more than thought takes us into the nature of Being, self-awareness, and life. Rene Descartes’ Cogito, ergo sum – I...",2024-12-04 02:36:31,https://static.toiimg.com/imagenext/toiblogs/photo/blogs/wp-content/uploads/2023/09/tree.jpg,toi,5.797040185154341e-07,25,61,200,15,88
716,Newsdata,https://www.india.com/viral/common-success-habits-the-daily-habits-that-link-elon-musk-jeff-bezos-and-bill-gates-7439907/,"Common success habits: The daily habits that link Elon Musk, Jeff Bezos, and Bill Gates","Despite their differing industries and business ideas, all three business legends have some shared habits which cane be adopted.",2024-12-04 03:35:03,https://static.india.com/wp-content/themes/icom/images/default-big.svg,india,0.9112635599027097,26,32,152,26,86
717,Newsdata,https://theprint.in/feature/sabrina-carpenter-barry-keoghan-break-up-after-year-long-relationship/2386352/,"Sabrina Carpenter, Barry Keoghan break up after year-long relationship","Washington [US], December 4 (ANI): Singer and songwriter Sabrina Carpenter and actor Barry Keoghan have reportedly split up after one year of dating, reported E! Online. However, as per the outlet, Sabrina and Barry have not shared any official updates on their relationship. The rumours about their relationship first started in December 2023, when they [...]",2024-12-04 03:32:02,https://static.theprint.in/wp-content/uploads/2024/12/ANI-20241204032254.jpg,theprint,0.9999986841280581,14,11,88,19,41
718,Newsdata,https://www.indiatoday.in/science/story/isro-pslv-xl-proba-3-mission-launch-today-sun-solar-corona-space-weather-2644276-2024-12-04,"Isro to launch Proba-3 on PSLV-XL today, unravel secrets of the Sun","Isro to launch Proba-3 on PSLV-XL today, unravel secrets of the Sun",2024-12-04 03:31:59,https://akm-img-a-in.tosshub.com/indiatoday/images/story/202412/pslv-xl-proba-3-mission-launch-031719331-16x9_1.jpg?VersionId=p1RKI0073q8uTMcAEtap8obZKZd.A9_6,indiatoday,1.2815240585080891e-08,9,61,181,12,75
719,Newsdata,https://www.dnaindia.com/india/report-our-demeanour-is-causing-a-serious-dilution-of-the-institution-rs-chairman-tells-opposition-members-3120912,'Our demeanour is causing a serious dilution of the institution': RS Chairman tells opposition members,"Rajya Sabha Chairman and Vice President Jagdeep Dhankar on Wednesday expressed his dismay over the conduct of opposition members as they insisted, despite his ruling, on clarifications over External Affairs Minister S Jaishankar's statement on recent developments in the India-China border areas.",2024-12-04 15:34:00,https://cdn.dnaindia.com/sites/default/files/styles/third/public/2024/12/04/2665278-ani-20241204135217-1.jpg,dnaindia,0.9996818140159064,11,23,122,27,52
720,Newsdata,https://theprint.in/feature/my-voice-just-isnt-there-zayn-malik-on-cancelling-concert-minutes-before-showtime/2387812/,“My voice just isn’t there”: Zayn Malik on cancelling concert minutes before showtime,"Los Angeles [US], December 4 (ANI): Former ‘One Direction’ singer Zayn Malik cancelled a solo gig in Newcastle, England, minutes before showtime on Tuesday night. Zayn later took to Instagram and apologised to his fans for the cancellation of his concert. He revealed it was because of vocal issues, as per eonline.com. “I am so [...]",2024-12-04 18:33:00,https://static.theprint.in/wp-content/uploads/2024/12/ANI-20241204181541.jpg,theprint,0.9726438888111759,10,17,75,14,30
721,Newsdata,https://theprint.in/feature/abhijeet-bhattacharya-opens-up-on-viral-mashup-performed-at-dua-lipas-mumbai-concert/2387806/,Abhijeet Bhattacharya opens up on viral mashup performed at Dua Lipa’s Mumbai concert,"Mumbai (Maharashtra) [India], December 4 (ANI): Singer Abhijeet Bhattacharya has reacted strongly to the viral mashup of Dua Lipa’s Levitating with the classic Bollywood song ‘Woh Ladki Jo’, performed during her recent concert in Mumbai. Videos of the performance went viral on social media, with fans praising Shah Rukh Khan, who starred in the original [...]",2024-12-04 18:32:02,https://static.theprint.in/wp-content/uploads/2024/12/ANI-20241204182633.jpg,theprint,0.9999645209225448,38,42,216,56,120
722,Newsdata,https://theprint.in/feature/what-do-manjit-bawa-and-abanindranath-tagore-have-in-common-reinventing-miniature-art/2389152/,What do Manjit Bawa and Abanindranath Tagore have in common? Reinventing miniature art,"Art historian Geeti Sen showed how five artists— Abanindranath Tagore, Manjit Bawa, Waswo X Waswo, R Vijay, and Nilima Sheikh —expanded India’s miniature traditions at her Delhi book launch.",2024-12-06 03:34:53,https://static.theprint.in/wp-content/uploads/2024/12/Geeti-Sen-at-her-Book-Launch-696x392.jpg,theprint,0.6071891939441477,38,80,306,49,143
723,Newsdata,https://www.timesnownews.com/videos/entertainment/tv/interviews/kaise-mujhe-tum-mil-gayes-deeksha-sonalkar-talks-about-her-bond-with-pratiksha-honmukhe-twist-in-the-show-video-116051503,Kaise Mujhe Tum Mil Gaye's Deeksha Sonalkar talks about her bond with Pratiksha Honmukhe & twist in the show,"Deeksha Sonalkar, the actor known for her role in the popular show ""Kaise Mujhe Tum Mil Gaye,"" recently shared some insights in an exclusive interview with Telly Talk. In the interview, she discusses the upcoming twists in the show and also opens up about her experience while performing funny scenes. Deeksha also talks about her close bond with co-star Pratiksha Honmukhe and how they are like partners in crime on set. Additionally, she reveals how she likes to spend her free time when she has a day off. To learn more, watch the video!#kaisemujhetummilgaye #deekshasonalkar #pratikshahonmukhe #exclusive #tvnews",2024-12-06 15:38:46,"https://static.tnn.in/thumb/msid-116051503,imgsize-132757,width-1280,height-720/116051503.jpg",timesnownews,0.002494307638224738,7,12,37,7,12
724,Newsdata,https://www.dnaindia.com/india/report-neither-he-was-arrested-nor-bihar-police-refute-claims-of-khan-sir-s-arrest-3121245,"'Neither he was arrested, nor...': Bihar police refute claims of Khan sir's arrest","Faisal Khan aka Khan sir has been taken into custody by Bihar police amid protests against the anticipated normalisation process in the BPSC. However, the Bihar police have refuted the claims.",2024-12-06 15:36:00,https://cdn.dnaindia.com/sites/default/files/styles/third/public/2024/12/06/2665624-293c4e29-2c1a-499a-98f7-8d4ac2a9883e-1.jpg,dnaindia,1.4025842651709054e-20,14,14,124,8,76
725,Newsdata,https://timesofindia.indiatimes.com/blogs/toi-edit-page/science-and-spirit-are-paths-to-infinite-exploration/,Science and spirit are paths to infinite exploration,"By Arup Mitra Our understanding, perception, and knowledge base originate from a small domain and remain confined within its limits. Even what we call scientific research cannot go beyond it. This is the context in...",2024-12-07 01:36:50,https://static.toiimg.com/imagenext/toiblogs/photo/blogs/wp-content/uploads/2024/09/SPEAKINGTREE.jpeg,toi,0.7345336350291389,32,57,149,38,107
726,Newsdata,https://www.dnaindia.com/india/report-shillong-teer-result-today-december-7-2024-saturday-check-1st-2nd-round-lucky-winning-numbers-3121273,"Shillong Teer Result TODAY December 7, 2024 Saturday: Check 1st, 2nd-round lucky winning numbers","Shillong Teer Lottery December 7, 2024: The complete list of winning numbers from the various games offered by the Meghalaya Lottery Department is shown below. View the results for the following tests: Shillong Morning Teer, Khanapara Teer, Jowai Ladrymbai, Shillong Teer, and Shillong Night Teer.",2024-12-07 03:06:00,https://cdn.dnaindia.com/sites/default/files/styles/third/public/2024/12/07/2665655-shillong-lottery.jpg,dnaindia,7.91216012253645e-308,3,13,113,1,23
727,Newsdata,https://theprint.in/feature/americas-got-talent-comedian-kabir-singh-dies-at-39/2392310/,‘America’s Got Talent’ comedian Kabir Singh dies at 39,"Washington [US], December 7 (ANI): Comedian Kabir Singh, best known for his performance on ‘America’s Got Talent Season 16’, passed away at the age of 39. Singh’s close friend and fellow comedian Jeremy Curry announced the news of Singh’s passing on Facebook. As per TMZ, authorities have not yet determined the cause of Singh’s death [...]",2024-12-07 04:02:01,https://static.theprint.in/wp-content/uploads/2024/12/ANI-20241207035406.jpg,theprint,0.9999639005330293,15,23,113,32,65
728,Newsdata,https://www.indiatoday.in/science/story/how-elon-musks-spacex-aced-heat-shield-challenge-that-nasa-is-struggling-to-fix-2646061-2024-12-07,How Elon Musk's SpaceX beat Nasa to fix heat shield issue,How Elon Musk's SpaceX beat Nasa to fix heat shield issue,2024-12-07 04:00:19,https://akm-img-a-in.tosshub.com/indiatoday/images/story/202412/starship-heat-shield-vs-orion-heat-shield-0619013-16x9_0.jpg?VersionId=WiopBFdkvUjBBrs7FP3fiw6UA8e07dLs,indiatoday,2.3594449721376174e-12,3,34,137,8,60
729,Newsdata,https://timesofindia.indiatimes.com/blogs/mrsfunnybones/not-rummy-mummies-but-mahjong-mates-joys-of-midlife-dosti/,Not rummy mummies but mahjong mates: Joys of midlife dosti,"An old friend stayed with me last month. When it was time for her to leave, we hugged each other and I said, ‘After five days, friends and fish both start to smell. You are...",2024-12-07 16:28:39,https://static.toiimg.com/imagenext/toiblogs/photo/blogs/wp-content/uploads/2024/12/MahjongMates-1-1-1-1.jpg,toi,0.998906605727133,65,89,292,104,206
740,Newsdata,https://www.timesnownews.com/city/delhi-mumbai-bengaluru-kolkata-chennai-traffic-live-updates-weather-rains-aqi-accident-latest-news-today-9th-december-2024-liveblog-116119835,Delhi News LIVE Updates: Capital Wakes Up To Gloomy Weather Amid Yellow Alert Today,"City News LIVE Updates: Stay tuned to this live blog for real-time updates from major cities across India, including Delhi, Mumbai, Bengaluru, Chennai, Ahmedabad, Hyderabad, Kochi, Chandigarh, and others. Keep yourself informed about essential events such as traffic updates, weather changes, and other significant happenings in urban centers.",2024-12-09 01:18:55,"https://static.tnn.in/thumb/msid-116119835,imgsize-1363137,width-1280,height-720/116119835.jpg",timesnownews,0.9999999998932907,4,9,62,0,15
730,Newsdata,https://www.timesnownews.com/videos/times-now/newshour/jaunpur-atala-mosque-case-congress-letter-campaign-a-bid-to-stall-justice-newshour-video-116084306,Jaunpur Atala Mosque Case: Congress' Letter Campaign A Bid To Stall Justice? | NewsHour,"In this episode of NewsHour Debate Special Edition on Times Now, hosted by Priya Bahal, the discussion focuses on the ongoing controversy surrounding the Places of Worship Act. The Jaunpur Atala Mosque has moved the High Court, challenging a suit filed against the mosque. The Allahabad High Court is set to hear the matter on December 9. Swaraj Vahini has filed a plea claiming that the mosque was built on a temple. Meanwhile, the Congress party is not waiting for the court's decision. Workers from the minority cells of the Uttar Pradesh Congress unit have launched a state-wide campaign, questioning the Chief Justice of India's silence. This campaign is set to continue until December 21.A panel of experts joins the debate to discuss the implications and controversies surrounding the issue. Watch the full debate on Times Now.#placesofworshipact #newshour #ataladevitemple #atalamosque #masjid #atalamasjid #jaunpur #timesnow #upcongress #congress #bjp",2024-12-07 17:32:47,"https://static.tnn.in/thumb/msid-116084306,imgsize-133316,width-1280,height-720/116084306.jpg",timesnownews,0.9999999990486557,3,13,69,0,28
731,Newsdata,https://www.cnbctv18.com/business/ibla-2024-quick-commerce-competition-to-drive-creativity-innovation-blinkit-albinder-dhindsa-19521005.htm,IBLA 2024 | Increased competition will act as a catalyst for innovation in quick commerce: Blinkit's Albinder Dhindsa,"Speaking to CNBC-TV18 at India Business Leader Awards Red Carpet, Dhindsa said, “A lot of the innovation happens when there is more competition. Everybody is trying to think of better things to do. So I think it will be a good innovative phase because everybody will be trying to put their best foot forward and I think a lot of innovation will happen in this space because of that.”",2024-12-07 17:31:17,https://images.cnbctv18.com/uploads/2024/10/shutterstock-2247225639-2024-10-a75e60a6802e302aee3e33fbfda2321a-scaled.jpg,cnbctv18,0.18289661858722428,18,42,135,22,88
732,Newsdata,https://www.navhindtimes.in/2024/12/08/magazines/panorama/continuing-the-1961-debate-with-shades-of-grey/,Continuing the 1961 debate... with shades of grey,"Frederick Noronha Two flags, Indian and Portuguese, are displayed atop a table and just under the title of ‘Change of Guard’. This is the second book written in quick succession by Ralph de Souza, hotelier, with family roots in mining, and a former head of the local Chambers of Commerce and Industry In his three-para [...]The post Continuing the 1961 debate... with shades of grey appeared first on The Navhind Times.",2024-12-07 19:02:00,https://www.navhindtimes.in/wp-content/uploads/2020/08/The-Navhind-Times-Featured-Default-1.png,navhindtimes,0.024429851364527435,71,110,435,58,200
733,Newsdata,https://www.navhindtimes.in/2024/12/08/magazines/panorama/2024-year-of-the-word-brain-rot/,2024 -Year of the word ‘brain rot’,"Nandkumar M. Kamat The COVID-19 pandemic caused by the coronavirus SARS-COV- 2 created a new lexicon- lockdown, social distance, brain fog, long COVID, etc. Following a public vote in which over 37,000 people had their say, Oxford University announced that the Oxford Word of the Year for 2024 is ‘brain rot’. Defined as the “supposed [...]The post 2024 -Year of the word ‘brain rot’ appeared first on The Navhind Times.",2024-12-07 19:02:00,https://www.navhindtimes.in/wp-content/uploads/2020/08/The-Navhind-Times-Featured-Default-1.png,navhindtimes,1.0625483099104245e-06,44,184,405,23,195
734,Newsdata,https://www.navhindtimes.in/2024/12/08/magazines/panorama/our-prehistoric-civil-engineers/,Our prehistoric civil engineers,"TENSING RODRIGUES What is extremely interesting is the how our ‘prehistoric (descendants of the first Out of Africa dispersals) civil engineers’, adapted natural topographical features for their needs – to build canals, ports, reservoirs, etc. One of the better known to us closer home is the Kumbharjuve Canal connecting the two rivers Mandovi and Zuari. [...]The post Our prehistoric civil engineers appeared first on The Navhind Times.",2024-12-07 19:01:00,https://www.navhindtimes.in/wp-content/uploads/2020/08/The-Navhind-Times-Featured-Default-1.png,navhindtimes,0.00396805511299834,38,89,311,40,131
735,Newsdata,https://www.timesnownews.com/city/ghaziabad/beheaded-for-black-magic-3-men-kill-friend-after-learning-occult-practices-from-youtube-in-ghaziabad-article-116084053,Beheaded for 'Black Magic': 3 Men Kill Friend After Learning 'Occult Practices' from YouTube In Ghaziabad,"A man was killed, and his skull was allegedly used for occult practices by four men in the hope of earning crores of money. Read on to know the details of the gruesome murder.",2024-12-07 19:31:47,"https://static.tnn.in/thumb/msid-116087483,thumbsize-41442,width-1280,height-720,resizemode-75/116087483.jpg",timesnownews,0.9937008218500704,18,21,128,24,78
736,Newsdata,https://www.navhindtimes.in/2024/12/08/magazines/panorama/the-resurgence-of-a-forgotten-master/,The resurgence of a forgotten master,"In the backdrop of a new exhibition ‘Fonseca: An Indic Lexicon’ at the Xavier Institute Historical Research, Porvorim, NT NETWORK examines how the late Goan artist Angelo da Fonseca is gradually finding more ground in his homeland KALYANI JHA | NT NETWORK Goa has been the birthplace of many artists, some of whom have gained [...]The post The resurgence of a forgotten master appeared first on The Navhind Times.",2024-12-07 20:04:00,https://www.navhindtimes.in/wp-content/uploads/2024/12/Untitled-3-696x405.jpg,navhindtimes,0.9960000400723716,59,112,470,105,262
737,Newsdata,https://www.navhindtimes.in/2024/12/08/magazines/panorama/dissenting-over-a-faulty-fridge/,Dissenting over a faulty fridge,"Dhananjay Jog In earlier articles, we discussed the importance of Court or Tribunal Benches being composed of an odd number of members. The reader should note that ‘odd’ refers to the number of members, not their nature. This ensures that when opinions differ, the majority verdict becomes the judgment of the Court. A majority is [...]The post Dissenting over a faulty fridge appeared first on The Navhind Times.",2024-12-07 19:58:00,https://www.navhindtimes.in/wp-content/uploads/2020/08/The-Navhind-Times-Featured-Default-1.png,navhindtimes,0.2650400530573162,40,47,270,44,172
738,Newsdata,https://www.india.com/news/india/sharad-pawar-mamata-banerjee-has-capability-to-lead-india-alliance-7449490/,Sharad Pawar: ‘Mamata Banerjee has capability to lead India alliance’,"On November 26, TMC MP Kalyan Banerjee suggested that one strong leader is needed to lead the INDIA bloc following the defeat of Congress in the Haryana and Maharashtra assembly polls. He further said that the opposition alliance should be stronger to take on the BJP.",2024-12-07 19:56:22,https://static.india.com/wp-content/themes/icom/images/default-big.svg,india,0.9996496475855575,31,32,243,47,130
739,Newsdata,https://www.timesnownews.com/spiritual/the-4-step-mirror-exercise-to-heal-twin-flame-separation-article-116076414,The 4-Step 'Mirror Exercise' To Heal Twin Flame Separation,"The Mirror Exercise is a simple yet powerful tool that helps you do just that. It’s all about self-love and understanding how your Twin Flame reflects your inner struggles. By following these four steps, you can heal emotional wounds and move closer to a harmonious connection with your Twin Flame.",2024-12-07 21:30:00,"https://static.tnn.in/thumb/msid-116076414,imgsize-885304,width-1280,height-720/116076414.jpg",timesnownews,0.9999821335018234,20,32,100,57,88
741,Newsdata,https://www.dnaindia.com/india/report-delhi-weather-update-winter-is-finally-here-imd-predicts-temperature-to-drop-to-3121483,Delhi Weather Update: Winter is finally here! IMD predicts temperature to drop to...,"A cold wave is also predicted to continue to encroach on the country's northern region, which includes Delhi, Uttar Pradesh, Punjab, and Haryana, till December 14.",2024-12-09 03:34:00,https://cdn.dnaindia.com/sites/default/files/styles/third/public/2024/12/09/2665869-image-1.jpg,dnaindia,2.31181745981145e-50,9,27,117,2,37
742,Newsdata,https://timesofindia.indiatimes.com/blogs/life-n-style/hardwork-humility-the-postmaster-with-the-golden-pen/,Hardwork & humility: The postmaster with the golden pen,"In the bustling little post office of Greater Noida, there is a postmaster whose work might not grab headlines but whose story certainly lingers in hearts. When I walked into the post office the other...",2024-12-09 03:27:47,https://static.toiimg.com/imagenext/toiblogs/photo/blogs/wp-content/uploads/2015/05/barsha-new-new2.jpg1_.jpeg,toi,0.9999084130058593,29,41,125,69,101
743,Newsdata,https://theprint.in/opinion/indians-dont-know-how-their-credit-scores-are-calculated-cibil-needs-govt-oversight/2393962/,Indians don’t know how their credit scores are calculated. CIBIL needs govt oversight,A lower CIBIL score enables banks to charge higher interest rates. This raises questions about a concerning nexus between financial institutions and credit bureaus.,2024-12-09 03:26:28,https://static.theprint.in/wp-content/uploads/2024/12/book-launch-13-696x392.jpg,theprint,2.211254634966885e-06,54,150,445,36,194
744,Newsdata,https://www.cnbctv18.com/videos/auto/porsche-macan-ev-review-overdrive-19521750.htm,Is the Macan EV a true Porsche or an Audi in disguise? Here’s an in-depth review,"Does it have the quintessential Porsche DNA, or is it just an Audi Q6 e-tron wrapped in Stuttgart styling? Read on.",2024-12-09 16:40:40,https://images.cnbctv18.com/uploads/2024/12/macan-ev-09dec-2024-12-a208a988f94d2d2bd42beba78ba94b20.jpg,cnbctv18,0.001194322860072581,22,57,144,17,66
745,Newsdata,https://www.navhindtimes.in/2024/12/10/magazines/buzz/khandola-college-takes-a-step-into-digital-learning-with-idr/,Khandola College takes a step into digital learning with IDR,"NT BUZZ The Government College of Arts, Science, and Commerce, Khandola, recently enhanced its digital infrastructure with the launch of its Institutional Digital Repository (IDR). The chief guest for the event was assistant director of Higher Education, Keshav Dhuri. Also present were principal professor Purnakala Samant, vice-principal and IQAC director Dilecta D’Costa, library advisory chairman [...]The post Khandola College takes a step into digital learning with IDR appeared first on The Navhind Times.",2024-12-09 18:40:00,https://www.navhindtimes.in/wp-content/uploads/2024/12/Photo.jpg,navhindtimes,5.311254787428805e-13,3,32,113,5,31
746,Newsdata,https://www.navhindtimes.in/2024/12/10/magazines/buzz/faith-and-music-unite/,Faith and music unite,"NT BUZZ Maltese-Australian priest Fr. Rob Galea captivated over 5,000 fans last weekend with his soul-stirring gospel music during two concerts at the Dr. Shyama Prasad Mukherjee Indoor Stadium, Taleigao. Organised by CCR TV, Fr. Rob performed selections from his acclaimed albums alongside popular gospel tracks like Something About You. The event also showcased performances [...]The post Faith and music unite appeared first on The Navhind Times.",2024-12-09 19:38:00,https://www.navhindtimes.in/wp-content/uploads/2024/12/Image-1-696x464.jpg,navhindtimes,0.00013376472229099237,6,12,90,8,25
747,Newsdata,https://www.navhindtimes.in/2024/12/10/magazines/buzz/the-butter-way-to-beautiful/,The ‘butter’ way to beautiful,"Raia-based The Butter Works by Chhaya Puri, is committed to providing an affordable range of organic beauty products. NT BUZZ learns more from the lady behind it KALYANI JHA | NT BUZZ Having previously worked as a teaching facilitator in Pune, Chhaya Puri decided to shift gears during the COVID-19 pandemic to pursue her passion [...]The post The ‘butter’ way to beautiful appeared first on The Navhind Times.",2024-12-09 19:43:00,https://www.navhindtimes.in/wp-content/uploads/2024/12/1000291842-696x805.jpg,navhindtimes,0.99783582920472,21,32,152,33,80
748,Newsdata,https://www.timesnownews.com/spiritual/what-is-dark-feminine-energy-and-how-is-it-different-from-light-feminine-energy-article-116139740,"What Is Dark Feminine Energy, And How Is It Different From Light Feminine Energy?","Understanding the dark and light feminine energies can help in creating balance and embracing the full spectrum of one’s femininity. In this article, we will discuss what dark feminine energy is and how it is different from light feminine energy.",2024-12-09 21:30:00,"https://static.tnn.in/thumb/msid-116139912,thumbsize-647059,width-1280,height-720,resizemode-75/116139912.jpg",timesnownews,0.426184179089857,19,57,123,32,83
749,Newsdata,https://www.dnaindia.com/india/report-mumbai-4-killed-over-20-injured-as-bus-rams-into-vehicles-in-kurla-west-3121649,"Mumbai: 4 killed, over 20 injured as bus rams into vehicles in Kurla West","The bus collided with 30-40 vehicles over a 100-meter stretch before crashing into the RCC column of the Solomon Building, breaking its compound wall",2024-12-10 01:34:00,https://cdn.dnaindia.com/sites/default/files/styles/third/public/2024/12/10/2666040-image-2024-12-10t070825.340.jpg,dnaindia,1.0073235180180412e-17,6,22,122,8,68
750,Newsdata,https://theprint.in/opinion/after-assads-fall-palestine-is-sidelined-again-trump-might-bring-it-back-for-himself/2395141/,"After Assad’s fall, Palestine is sidelined again. Trump might bring it back — for himself","Despite the clear, causal link between Gaza and Damascus, the resolution of the Israel-Palestine conflict has emerged as a casualty of Syria’s collapse. But Trump’s narcissistic tendencies might change that.",2024-12-10 02:30:32,https://static.theprint.in/wp-content/uploads/2024/12/Trump-Israel-Palestine-696x392.jpg,theprint,2.719167678881602e-08,66,138,466,33,204
751,Newsdata,https://theprint.in/opinion/top-10-business-moments-of-2024-quick-commerce-ai-hype-and-tata-transitions/2395421/,"Top 10 business moments of 2024—quick commerce, AI hype, and Tata transitions",Many other key events in the top 10 list could play out decisively in the weeks and months to come as competition takes on the level-playing field head on.,2024-12-10 03:36:01,https://static.theprint.in/wp-content/uploads/2024/04/ai-copy-696x392.jpg,theprint,6.277424071503175e-11,36,99,315,17,128
752,Newsdata,https://www.dnaindia.com/india/report-delhi-ncr-braces-for-colder-days-this-week-as-minimum-temperatures-expected-to-drop-to-3-degree-cold-wave-winter-3121658,Delhi-NCR braces for colder days this week as minimum temperatures expected to drop to...,"The weather forecast suggests that from December 9 to 11, light to moderate rainfall and snowfall are likely over the western Himalayan region, with possible light rain or drizzle in Delhi as well.",2024-12-10 03:35:00,https://cdn.dnaindia.com/sites/default/files/styles/third/public/2024/12/10/2666050-delhi-winter.jpg,dnaindia,0.9996564731334975,9,24,71,0,36
753,Newsdata,https://www.dnaindia.com/india/report-shillong-teer-result-today-december-10-2024-tuesday-check-1st-2nd-round-lucky-winning-numbers-3121662,"Shillong Teer Result TODAY December 10, 2024 Tuesday: Check 1st, 2nd-round lucky winning numbers",Participants place bets on numbers ranging from 00 to 99 before the rounds begin. The objective is to predict the last two digits of the total number of arrows that successfully hit the target.,2024-12-10 04:36:00,https://cdn.dnaindia.com/sites/default/files/styles/third/public/2024/12/10/2666054-rupee.jpg,dnaindia,7.300236276484424e-94,8,23,115,3,40
754,Newsdata,https://theprint.in/opinion/standard-deviation/budget-2025-three-reasons-your-income-tax-isnt-going-down/2395567/,Budget 2025—three reasons your income tax isn’t going down,"Income tax is such a steady and reliable revenue stream, and an increasingly vital one, that the government simply cannot afford to do anything that would curtail it.",2024-12-10 04:31:40,https://static.theprint.in/wp-content/uploads/2024/11/it-696x375.jpg,theprint,1.990542164374126e-05,71,100,333,33,176
755,Newsdata,https://theprint.in/feature/renowned-poet-nikki-giovanni-passes-away-at-81/2397228/,Renowned poet Nikki Giovanni passes away at 81,"Los Angeles [US], December 11 (ANI): Renowned poet, activist, author and professor Nikki Giovanni has passed away. She was 81. She died peacefully on December 9, 2024, said an announcement from friend and fellow writer Renee Watson, CNN reported. “The acclaimed poet, Black Arts Movement icon whose poems of wit, wonder, and wisdom were celebrated [...]",2024-12-10 20:17:02,https://static.theprint.in/wp-content/uploads/2024/12/ANI-20241210200851.jpg,theprint,0.11197065002024922,8,14,120,11,34
756,Newsdata,https://www.india.com/news/india/delhi-lg-directs-special-drive-to-identify-take-strict-action-against-illegal-bangladeshi-immigrants-7456513/,"Delhi LG directs special drive to identify, take ‘strict action’ against ‘illegal Bangladeshi immigrants’","Notably, the Ulemas, in their representation to the LG, had demanded ""stringent actions"" against illegal Bangladeshi infiltrators in the country, barring them from employment and other benefits, and a drive for them to be sent back to Bangladesh.",2024-12-10 21:36:11,https://static.india.com/wp-content/themes/icom/images/default-big.svg,india,0.0007700324235908301,30,55,228,26,134
757,Newsdata,https://timesofindia.indiatimes.com/blogs/gen-zedits/the-luigi-solution-2/,The Luigi “Solution”,"Imagine if someone hurt someone else to fix a problem. That’s what happened in America last week when Luigi Mangione, a young computer scientist, was accused of killing Brian Thompson, the boss of a big...",2024-12-10 23:30:47,https://static.toiimg.com/imagenext/toiblogs/photo/blogs/wp-content/uploads/2024/05/Gen-Z-2-1.jpeg,toi,0.0011055782453104205,21,22,107,13,67
758,Newsdata,https://timesofindia.indiatimes.com/blogs/toi-edit-page/navigating-turbulent-times-with-bhagwad-gita/,Navigating turbulent times with Bhagwad Gita,"By Sri Sri Ravi Shankar It was on the battlefield that Krishn started teaching Arjun. He didn’t teach him when everything was all right, because Arjun was not ready to listen; he thought Krishn was...",2024-12-11 02:31:22,https://static.toiimg.com/imagenext/toiblogs/photo/blogs/wp-content/uploads/2017/08/TREE.png,toi,0.9999988374551699,41,28,146,55,137
759,Newsdata,https://www.timesnownews.com/city/showers-lash-parts-of-puducherry-amid-heavy-rain-warning-due-to-formation-of-new-low-pressure-area-in-the-bay-of-bengal-imd-weather-forecast-article-116196279,Showers Lash Parts Of Puducherry Amid Heavy Rain Warning Due To Formation Of New Low-Pressure Area,"Puducherry is experiencing heavy rains due to a low-pressure area in the Bay of Bengal, with yellow alerts issued for December 11 and 12, and again on December 14 for thunderstorms and lightning.",2024-12-11 04:36:01,"https://static.tnn.in/thumb/msid-116196856,thumbsize-1204627,width-1280,height-720,resizemode-75/116196856.jpg",timesnownews,0.21965227077079846,9,37,112,0,35
760,Newsdata,https://theprint.in/pageturner/excerpt/does-old-international-order-get-new-india-dhruva-jaishankar/2395137/,Does the old international order get the brave new India? What Dhruva Jaishankar says,"In 'Vishwa Shastra', Dhruva Jaishankar offers his perspective on how India could define the emerging world order.",2024-12-11 04:35:34,https://static.theprint.in/wp-content/uploads/2024/12/indias-g20-presidency-696x387.jpg,theprint,5.2680079428387494e-11,48,105,344,20,154
761,Newsdata,https://www.cnbctv18.com/business/startup/cardekho-profit-growth-ipo-amit-jain-19522904.htm,"CarDekho eyes 50% growth in FY25, IPO plans in motion: Founder Amit Jain","CarDekho is poised for another stellar year, with the company expecting to grow by 50% as a group in FY25. This projection follows a 54% jump in profits in FY24.",2024-12-11 17:36:15,https://images.cnbctv18.com/uploads/2020/08/CarDekho-showroom-in-Jaipur.jpg,cnbctv18,0.9959691211328059,11,12,49,14,49
762,Newsdata,https://www.cnbctv18.com/business/startup/bigbasket-optimistic-about-future-of-quick-commerce-19522885.htm,"Quick commerce set to grow 50-70% this year, says Bigbasket Co-Founder Vipul Parekh","Bigbasket, which launched its quick commerce service two and a half years ago, has now fully transitioned to this model. While the company continues to offer slotted delivery options as a feature, quick commerce is the primary delivery method.",2024-12-11 17:32:53,https://images.cnbctv18.com/uploads/2024/06/big-basket-2024-06-787e505d099f8524ddef8260503b326b.jpg,cnbctv18,3.9322229962968006e-06,22,45,118,12,78
763,Newsdata,https://me.mashable.com/tech-industry/49909/the-truth-about-dyslexics-in-tech,The truth about dyslexics in tech,"The challenges that come with the learning disability can become advantages, writes this CEO.When I was growing up, I didn’t realize I had dyslexia. I just knew I wasn’t keeping up with other kids. I’d struggle with reading and math, but didn’t think much of it until my mom told me I’d be switching schools to get extra help. At ...",2024-12-11 20:19:22,https://sm.mashable.com/mashable_me/opinion/t/the-truth-/the-truth-about-dyslexics-in-tech_cq5c.jpg,mashable_me,0.9999911221526933,34,49,210,68,168
764,Newsdata,https://theprint.in/feature/eugenio-derbez-issues-apology-to-selena-gomez-for-her-spanish-accent-criticism-in-emilia-perez/2398692/,Eugenio Derbez issues apology to Selena Gomez for her Spanish accent criticism in Emilia Perez,"Washington [USA], December 12 (ANI): Mexican actor and comedian Eugenio Derbez issued an apology to Selena Gomez for criticising her performance in ‘Emilia Perez’. After the actress and singer, Selena Gomez clapped back at Eugenio Derbez for his comment, the comedian took to his own Tiktok account to ‘truly apologize’ for his ‘thoughtless remarks’ on [...]",2024-12-11 20:02:27,https://static.theprint.in/wp-content/uploads/2024/12/ANI-20241211195234.jpg,theprint,0.9999345218515934,15,32,167,38,96
765,Newsdata,https://www.timesnownews.com/spiritual/5-signs-you-are-holding-on-to-someone-elses-energy-article-116210000,5 Signs You Are Holding On To Someone Else’s Energy,"If you’re experiencing emotions that don’t quite feel like your own, you might be unknowingly picking up on the energy of others. Read on to know more in detail.",2024-12-11 21:30:00,"https://static.tnn.in/thumb/msid-116210065,thumbsize-1142192,width-1280,height-720,resizemode-75/116210065.jpg",timesnownews,0.9835009165769599,34,32,82,38,96
766,Newsdata,https://www.india.com/news/india/bengaluru-techies-suicide-we-want-justice-at-any-cost-says-his-brother-7459283/,"Bengaluru techie’s suicide: ‘We want justice at any cost’, says his brother","The tragic case of Atul Subhash has reignited a broader debate over the misuse of dowry laws in India. The Supreme Court has previously raised concerns about the growing trend of misusing Section 498A of the Indian Penal Code (IPC), which addresses cruelty by husbands and their relatives against married women",2024-12-11 21:13:17,https://static.india.com/wp-content/themes/icom/images/default-big.svg,india,0.995589820063079,8,27,159,27,84
767,Newsdata,https://theprint.in/feature/srk-wishes-rajinikanth-on-his-74th-birthday-calls-him-an-inspiration/2400312/,SRK wishes Rajinikanth on his 74th birthday; calls him an inspiration,"Mumbai (Maharashtra) [India], December 13 (ANI): Megastar Rajinikanth celebrated his 74th birthday on December 12 with fans and celebrities flocking to social media to extend their heartfelt wishes.The King of Bollywood, Shah Rukh Khan also wished the superstar by calling him an inspiration. Taking to Instagram, SRK shared a throwback picture with Rajinikanth in which [...]",2024-12-12 20:17:02,https://static.theprint.in/wp-content/uploads/2024/12/ANI-20241212201541.jpg,theprint,0.07745779529427234,11,35,171,22,56
768,Newsdata,https://www.navhindtimes.in/2024/12/13/magazines/kuriocity/the-playful-path-to-learning/,The playful path to learning,"‘Building the Base: Preschool Curriculum for Teachers and Parents’ by Celsa Pinto presents a play-based approach to early education, focusing on natural development rather than formal academics RAMANDEEP KAURNT KURIOCITY A historian, scholar and former director of education, Celsa Pinto, is the author of several books on Indo-Portuguese history. Her first education book released recently [...]The post The playful path to learning appeared first on The Navhind Times.",2024-12-12 20:00:00,https://www.navhindtimes.in/wp-content/uploads/2024/12/Celsa-Pinto-Hemant-696x476.jpg,navhindtimes,0.6260849459227663,30,88,246,51,161
769,Newsdata,https://theprint.in/feature/sarah-jessica-parker-teases-major-changes-in-season-3-of-and-just-like-that/2400323/,Sarah Jessica Parker teases major changes in season 3 of ‘And Just Like That...’,"Washington [US], December 13 (ANI): Actor and TV producer Sarah Jessica Parker talked about season 3 of the comedy-drama TV series ‘And Just Like That...’, which is a revival and a sequel to the HBO TV series ‘Sex and the City’. Parker shared that the upcoming season will have “growth with new faces,” as reported [...]",2024-12-12 20:32:02,https://static.theprint.in/wp-content/uploads/2024/12/ANI-20241212182250.jpg,theprint,1.760864078518646e-07,8,24,128,11,46
